"name","status","canonical","replacement","since","notes"
"add_provenance","core","add_provenance",,"0.9.0.9000","Curated module-level core classification; source: 002-class.R. Lifecycle status does not establish construct validity."
"add_responses","core","add_responses",,"0.9.0.9000","Curated module-level core classification; source: 008-trials-aoi.R. Lifecycle status does not establish construct validity."
"addm_glam_proxy_features","advanced",,,"0.9.0.9000","Curated module-level advanced classification; source: 066-process-decision-features-0-8.R. Lifecycle status does not establish construct validity."
"adjust_pupil_confounds","advanced",,,"0.9.0.9000","Curated module-level advanced classification; source: 061-pupil-advanced-representations-0-8.R. Lifecycle status does not establish construct validity."
"advanced_model_evidence_spec","workflow","advanced_model_evidence_spec",,"0.9.0.9000","Curated module-level workflow classification; source: 021-validation-program.R. Lifecycle status does not establish construct validity."
"advanced_validation_grid","advanced",,,"0.9.0.9000","Curated module-level advanced classification; source: 022-advanced-models-v2.R. Lifecycle status does not establish construct validity."
"algorithm_facet_effects","advanced",,,"0.9.0.9000","Curated module-level advanced classification; source: 055-requested-api-completion-0-7.R. Lifecycle status does not establish construct validity."
"align_clock","core","align_clock",,"0.9.0.9000","Curated module-level core classification; source: 007-coordinates-time.R. Lifecycle status does not establish construct validity."
"align_response_matrices","advanced",,,"0.9.0.9000","Curated module-level advanced classification; source: 013-models.R. Lifecycle status does not establish construct validity."
"analysis_decision_entropy","workflow","analysis_decision_entropy",,"0.9.0.9000","Curated module-level workflow classification; source: 073-decision-manifests-0-9.R. Lifecycle status does not establish construct validity."
"analysis_environment_snapshot","workflow","analysis_environment_snapshot",,"0.9.0.9000","Curated module-level workflow classification; source: 078-reproducibility-provenance-0-9.R. Lifecycle status does not establish construct validity."
"analysis_readiness","core","analysis_readiness",,"0.9.0.9000","Curated module-level core classification; source: 011-quality-governance.R. Lifecycle status does not establish construct validity."
"analysis_resolution_guard","advanced",,,"0.9.0.9000","Curated module-level advanced classification; source: 081-validation-extras-0-9.R. Lifecycle status does not establish construct validity."
"anonymize_eye_dataset","core","anonymize_eye_dataset",,"0.9.0.9000","Curated module-level core classification; source: 017-format-validation.R. Lifecycle status does not establish construct validity."
"aoi_balance_coordinates","advanced",,,"0.9.0.9000","Curated module-level advanced classification; source: 032-compositional-aoi.R. Lifecycle status does not establish construct validity."
"aoi_membership_probability","advanced",,,"0.9.0.9000","Curated module-level advanced classification; source: 076-calibration-quality-uncertainty-0-9.R. Lifecycle status does not establish construct validity."
"aoi_trajectory_features","advanced",,,"0.9.0.9000","Curated module-level advanced classification; source: 060-process-window-representations-0-8.R. Lifecycle status does not establish construct validity."
"api_family_map","workflow","api_family_map",,"0.9.0.9000","Curated module-level workflow classification; source: 071-api-lifecycle-0-9.R. Lifecycle status does not establish construct validity."
"api_lifecycle_diff","workflow","api_lifecycle_diff",,"0.9.0.9000","Curated module-level workflow classification; source: 071-api-lifecycle-0-9.R. Lifecycle status does not establish construct validity."
"api_surface_summary","workflow","api_surface_summary",,"0.9.0.9000","Curated module-level workflow classification; source: 071-api-lifecycle-0-9.R. Lifecycle status does not establish construct validity."
"append_eye_table","core","append_eye_table",,"0.9.0.9000","Curated module-level core classification; source: 002-class.R. Lifecycle status does not establish construct validity."
"apply_clock_transform","core","apply_clock_transform",,"0.9.0.9000","Curated module-level core classification; source: 007-coordinates-time.R. Lifecycle status does not establish construct validity."
"apply_device_linking","advanced",,,"0.9.0.9000","Curated module-level advanced classification; source: 036-device-linking.R. Lifecycle status does not establish construct validity."
"apply_offline_recalibration","advanced",,,"0.9.0.9000","Curated module-level advanced classification; source: 034-calibration-recalibration.R. Lifecycle status does not establish construct validity."
"apply_preflight_decision","workflow","apply_preflight_decision",,"0.9.0.9000","Curated module-level workflow classification; source: 058-process-preflight-governance-0-8.R. Lifecycle status does not establish construct validity."
"apply_synthetic_corruption","advanced",,,"0.9.0.9000","Curated module-level advanced classification; source: 075-benchmark-stress-0-9.R. Lifecycle status does not establish construct validity."
"as_eye_biometrics","workflow","as_eye_biometrics",,"0.9.0.9000","Curated module-level workflow classification; source: 015-export-report-bridges.R. Lifecycle status does not establish construct validity."
"as_eye_dataset","core","as_eye_dataset",,"0.9.0.9000","Curated module-level core classification; source: 002-class.R. Lifecycle status does not establish construct validity."
"as_eyeprocess_eyeris","workflow","as_eyeprocess_eyeris",,"0.9.0.9000","Curated module-level workflow classification; source: 020-interoperability-storage.R. Lifecycle status does not establish construct validity."
"as_eyeprocess_eyetools","workflow","as_eyeprocess_eyetools",,"0.9.0.9000","Curated module-level workflow classification; source: 020-interoperability-storage.R. Lifecycle status does not establish construct validity."
"as_eyeprocess_eyetrackingr","workflow","as_eyeprocess_eyetrackingr",,"0.9.0.9000","Curated module-level workflow classification; source: 020-interoperability-storage.R. Lifecycle status does not establish construct validity."
"as_eyeprocess_gazer","workflow","as_eyeprocess_gazer",,"0.9.0.9000","Curated module-level workflow classification; source: 020-interoperability-storage.R. Lifecycle status does not establish construct validity."
"as_eyeprocess_pupillometryr","workflow","as_eyeprocess_pupillometryr",,"0.9.0.9000","Curated module-level workflow classification; source: 020-interoperability-storage.R. Lifecycle status does not establish construct validity."
"as_irt_recovery_results","advanced",,,"0.9.0.9000","Curated module-level advanced classification; source: 052-irt-validation-0-7.R. Lifecycle status does not establish construct validity."
"as_procdata_sequence","workflow","as_procdata_sequence",,"0.9.0.9000","Curated module-level workflow classification; source: 020-interoperability-storage.R. Lifecycle status does not establish construct validity."
"as_seqhmm_data","workflow","as_seqhmm_data",,"0.9.0.9000","Curated module-level workflow classification; source: 020-interoperability-storage.R. Lifecycle status does not establish construct validity."
"as_traminer_sequence","workflow","as_traminer_sequence",,"0.9.0.9000","Curated module-level workflow classification; source: 020-interoperability-storage.R. Lifecycle status does not establish construct validity."
"assign_aois","core","assign_aois",,"0.9.0.9000","Curated module-level core classification; source: 008-trials-aoi.R. Lifecycle status does not establish construct validity."
"assign_aois_probabilistic","advanced",,,"0.9.0.9000","Curated module-level advanced classification; source: 031-probabilistic-aoi.R. Lifecycle status does not establish construct validity."
"assign_process_feature_family","advanced",,,"0.9.0.9000","Curated module-level advanced classification; source: 066-process-decision-features-0-8.R. Lifecycle status does not establish construct validity."
"assign_trials","core","assign_trials",,"0.9.0.9000","Curated module-level core classification; source: 008-trials-aoi.R. Lifecycle status does not establish construct validity."
"audit_3pl_process_signatures","advanced",,,"0.9.0.9000","Curated module-level advanced classification; source: 068-bayesian-3pl-process-diagnostics-0-8.R. Lifecycle status does not establish construct validity."
"audit_advanced_model_evidence","workflow","audit_advanced_model_evidence",,"0.9.0.9000","Curated module-level workflow classification; source: 021-validation-program.R. Lifecycle status does not establish construct validity."
"audit_aoi_separation","advanced",,,"0.9.0.9000","Curated module-level advanced classification; source: 031-probabilistic-aoi.R. Lifecycle status does not establish construct validity."
"audit_aois","core","audit_aois",,"0.9.0.9000","Curated module-level core classification; source: 011-quality-governance.R. Lifecycle status does not establish construct validity."
"audit_bank_decision_stability","advanced",,,"0.9.0.9000","Curated module-level advanced classification; source: 043-item-bank-optimization.R. Lifecycle status does not establish construct validity."
"audit_benchmark_release","workflow","audit_benchmark_release",,"0.9.0.9000","Curated module-level workflow classification; source: 029-benchmark-reproducibility.R. Lifecycle status does not establish construct validity."
"audit_bias","advanced",,,"0.9.0.9000","Curated module-level advanced classification; source: 052-irt-validation-0-7.R. Lifecycle status does not establish construct validity."
"audit_biometric_imputation","advanced",,,"0.9.0.9000","Curated module-level advanced classification; source: 067-advanced-sensitivity-diagnostics-0-8.R. Lifecycle status does not establish construct validity."
"audit_biometric_preflight","workflow","audit_biometric_preflight",,"0.9.0.9000","Curated module-level workflow classification; source: 058-process-preflight-governance-0-8.R. Lifecycle status does not establish construct validity."
"audit_candidate_item_bank","advanced",,,"0.9.0.9000","Curated module-level advanced classification; source: 062-context-process-structure-0-8.R. Lifecycle status does not establish construct validity."
"audit_channel_incremental_information","advanced",,,"0.9.0.9000","Curated module-level advanced classification; source: 052-irt-validation-0-7.R. Lifecycle status does not establish construct validity."
"audit_clock_sync","core","audit_clock_sync",,"0.9.0.9000","Curated module-level core classification; source: 007-coordinates-time.R. Lifecycle status does not establish construct validity."
"audit_convergence","advanced",,,"0.9.0.9000","Curated module-level advanced classification; source: 052-irt-validation-0-7.R. Lifecycle status does not establish construct validity."
"audit_coordinate_spaces","core","audit_coordinate_spaces",,"0.9.0.9000","Curated module-level core classification; source: 007-coordinates-time.R. Lifecycle status does not establish construct validity."
"audit_coverage","advanced",,,"0.9.0.9000","Curated module-level advanced classification; source: 052-irt-validation-0-7.R. Lifecycle status does not establish construct validity."
"audit_decision_provenance","workflow","audit_decision_provenance",,"0.9.0.9000","Curated module-level workflow classification; source: 073-decision-manifests-0-9.R. Lifecycle status does not establish construct validity."
"audit_device_equivalence","advanced",,,"0.9.0.9000","Curated module-level advanced classification; source: 036-device-linking.R. Lifecycle status does not establish construct validity."
"audit_distractor_attention","experimental",,,"0.9.0.9000","Curated module-level experimental classification; source: 050-process-irt-models-0-7.R. Lifecycle status does not establish construct validity."
"audit_episodes","core","audit_episodes",,"0.9.0.9000","Curated module-level core classification; source: 011-quality-governance.R. Lifecycle status does not establish construct validity."
"audit_event_order","core","audit_event_order",,"0.9.0.9000","Curated module-level core classification; source: 011-quality-governance.R. Lifecycle status does not establish construct validity."
"audit_evidence_dependencies","workflow","audit_evidence_dependencies",,"0.9.0.9000","Curated module-level workflow classification; source: 046-evidence-provenance-graph.R. Lifecycle status does not establish construct validity."
"audit_eye_api","workflow","audit_eye_api",,"0.9.0.9000","Curated module-level workflow classification; source: 071-api-lifecycle-0-9.R. Lifecycle status does not establish construct validity."
"audit_eye_pipeline","workflow","audit_eye_pipeline",,"0.9.0.9000","Curated module-level workflow classification; source: 070-governed-pipelines-0-9.R. Lifecycle status does not establish construct validity."
"audit_fairness_transportability","advanced",,,"0.9.0.9000","Curated module-level advanced classification; source: 044-process-dif-fairness.R. Lifecycle status does not establish construct validity."
"audit_frontier_model_contract","gated",,,"0.9.0.9000","Curated module-level gated classification; source: 065-frontier-gates-0-8.R. Lifecycle status does not establish construct validity."
"audit_identifiability","advanced",,,"0.9.0.9000","Curated module-level advanced classification; source: 052-irt-validation-0-7.R. Lifecycle status does not establish construct validity."
"audit_interval_width","advanced",,,"0.9.0.9000","Curated module-level advanced classification; source: 052-irt-validation-0-7.R. Lifecycle status does not establish construct validity."
"audit_irf_shape","experimental",,,"0.9.0.9000","Curated module-level experimental classification; source: 051-advanced-process-irt-0-7.R. Lifecycle status does not establish construct validity."
"audit_item_reduction_sensitivity","advanced",,,"0.9.0.9000","Curated module-level advanced classification; source: 067-advanced-sensitivity-diagnostics-0-8.R. Lifecycle status does not establish construct validity."
"audit_latent_distribution","advanced",,,"0.9.0.9000","Curated module-level advanced classification; source: 055-requested-api-completion-0-7.R. Lifecycle status does not establish construct validity."
"audit_measurement_transportability","advanced",,,"0.9.0.9000","Curated module-level advanced classification; source: 052-irt-validation-0-7.R. Lifecycle status does not establish construct validity."
"audit_missingness","core","audit_missingness",,"0.9.0.9000","Curated module-level core classification; source: 011-quality-governance.R. Lifecycle status does not establish construct validity."
"audit_model_promotion","workflow","audit_model_promotion",,"0.9.0.9000","Curated module-level workflow classification; source: 023-validation-orchestration.R. Lifecycle status does not establish construct validity."
"audit_multivariate_process_quality","workflow","audit_multivariate_process_quality",,"0.9.0.9000","Curated module-level workflow classification; source: 058-process-preflight-governance-0-8.R. Lifecycle status does not establish construct validity."
"audit_nonparametric_rasch","advanced",,,"0.9.0.9000","Curated module-level advanced classification; source: 067-advanced-sensitivity-diagnostics-0-8.R. Lifecycle status does not establish construct validity."
"audit_norm_transportability","advanced",,,"0.9.0.9000","Curated module-level advanced classification; source: 045-process-norms.R. Lifecycle status does not establish construct validity."
"audit_presentation_accessibility","workflow","audit_presentation_accessibility",,"0.9.0.9000","Curated module-level workflow classification; source: 058-process-preflight-governance-0-8.R. Lifecycle status does not establish construct validity."
"audit_process_adjusted_dif","experimental",,,"0.9.0.9000","Curated module-level experimental classification; source: 051-advanced-process-irt-0-7.R. Lifecycle status does not establish construct validity."
"audit_process_anomalies","workflow","audit_process_anomalies",,"0.9.0.9000","Curated module-level workflow classification; source: 058-process-preflight-governance-0-8.R. Lifecycle status does not establish construct validity."
"audit_process_drift","advanced",,,"0.9.0.9000","Curated module-level advanced classification; source: 059-deployment-drift-0-8.R. Lifecycle status does not establish construct validity."
"audit_process_external_validity","advanced",,,"0.9.0.9000","Curated module-level advanced classification; source: 062-context-process-structure-0-8.R. Lifecycle status does not establish construct validity."
"audit_process_local_dependence","experimental",,,"0.9.0.9000","Curated module-level experimental classification; source: 057-emerging-process-irt-0-7.R. Lifecycle status does not establish construct validity."
"audit_process_measurement_invariance","experimental",,,"0.9.0.9000","Curated module-level experimental classification; source: 050-process-irt-models-0-7.R. Lifecycle status does not establish construct validity."
"audit_process_reliability","advanced",,,"0.9.0.9000","Curated module-level advanced classification; source: 035-process-reliability.R. Lifecycle status does not establish construct validity."
"audit_process_window_sensitivity","advanced",,,"0.9.0.9000","Curated module-level advanced classification; source: 060-process-window-representations-0-8.R. Lifecycle status does not establish construct validity."
"audit_pupil_fatigue_drift","advanced",,,"0.9.0.9000","Curated module-level advanced classification; source: 061-pupil-advanced-representations-0-8.R. Lifecycle status does not establish construct validity."
"audit_pupil_frequency_stability","advanced",,,"0.9.0.9000","Curated module-level advanced classification; source: 061-pupil-advanced-representations-0-8.R. Lifecycle status does not establish construct validity."
"audit_pupil_preprocessing_order","advanced",,,"0.9.0.9000","Curated module-level advanced classification; source: 081-validation-extras-0-9.R. Lifecycle status does not establish construct validity."
"audit_pupil_quality","core","audit_pupil_quality",,"0.9.0.9000","Curated module-level core classification; source: 011-quality-governance.R. Lifecycle status does not establish construct validity."
"audit_pupil_registration","advanced",,,"0.9.0.9000","Curated module-level advanced classification; source: 037-pupil-registration.R. Lifecycle status does not establish construct validity."
"audit_recalibration","advanced",,,"0.9.0.9000","Curated module-level advanced classification; source: 034-calibration-recalibration.R. Lifecycle status does not establish construct validity."
"audit_rmse","advanced",,,"0.9.0.9000","Curated module-level advanced classification; source: 052-irt-validation-0-7.R. Lifecycle status does not establish construct validity."
"audit_roundtrip_loss","workflow","audit_roundtrip_loss",,"0.9.0.9000","Curated module-level workflow classification; source: 025-vendor-corpus.R. Lifecycle status does not establish construct validity."
"audit_sampling_irregularity","advanced",,,"0.9.0.9000","Curated module-level advanced classification; source: 076-calibration-quality-uncertainty-0-9.R. Lifecycle status does not establish construct validity."
"audit_sampling_rate","core","audit_sampling_rate",,"0.9.0.9000","Curated module-level core classification; source: 011-quality-governance.R. Lifecycle status does not establish construct validity."
"audit_sbc","advanced",,,"0.9.0.9000","Curated module-level advanced classification; source: 052-irt-validation-0-7.R. Lifecycle status does not establish construct validity."
"audit_signal_filter","advanced",,,"0.9.0.9000","Curated module-level advanced classification; source: 061-pupil-advanced-representations-0-8.R. Lifecycle status does not establish construct validity."
"audit_signal_quality","core","audit_signal_quality",,"0.9.0.9000","Curated module-level core classification; source: 011-quality-governance.R. Lifecycle status does not establish construct validity."
"audit_temporal_leakage","advanced",,,"0.9.0.9000","Curated module-level advanced classification; source: 077-negative-controls-leakage-0-9.R. Lifecycle status does not establish construct validity."
"audit_timebase","core","audit_timebase",,"0.9.0.9000","Curated module-level core classification; source: 007-coordinates-time.R. Lifecycle status does not establish construct validity."
"audit_trial_coverage","core","audit_trial_coverage",,"0.9.0.9000","Curated module-level core classification; source: 011-quality-governance.R. Lifecycle status does not establish construct validity."
"audit_validation_completion","workflow","audit_validation_completion",,"0.9.0.9000","Curated module-level workflow classification; source: 023-validation-orchestration.R. Lifecycle status does not establish construct validity."
"audit_vendor_field_coverage","workflow","audit_vendor_field_coverage",,"0.9.0.9000","Curated module-level workflow classification; source: 025-vendor-corpus.R. Lifecycle status does not establish construct validity."
"audit_vendor_validation","workflow","audit_vendor_validation",,"0.9.0.9000","Curated module-level workflow classification; source: 021-validation-program.R. Lifecycle status does not establish construct validity."
"audit_visual_context_dependence","advanced",,,"0.9.0.9000","Curated module-level advanced classification; source: 062-context-process-structure-0-8.R. Lifecycle status does not establish construct validity."
"autoplot_eyeprocess","advanced",,,"0.9.0.9000","Curated module-level advanced classification; source: 030-measurement-intelligence-utils.R. Lifecycle status does not establish construct validity."
"baseline_pupil","core","baseline_pupil",,"0.9.0.9000","Curated module-level core classification; source: 009-preprocessing.R. Lifecycle status does not establish construct validity."
"bayesian_process_diagnostic_flags","advanced",,,"0.9.0.9000","Curated module-level advanced classification; source: 068-bayesian-3pl-process-diagnostics-0-8.R. Lifecycle status does not establish construct validity."
"bayesian_process_diagnostics_dashboard","advanced",,,"0.9.0.9000","Curated module-level advanced classification; source: 068-bayesian-3pl-process-diagnostics-0-8.R. Lifecycle status does not establish construct validity."
"benchmark_expected_outputs","workflow","benchmark_expected_outputs",,"0.9.0.9000","Curated module-level workflow classification; source: 029-benchmark-reproducibility.R. Lifecycle status does not establish construct validity."
"benchmark_eye_storage","workflow","benchmark_eye_storage",,"0.9.0.9000","Curated module-level workflow classification; source: 028-api-storage-adapters.R. Lifecycle status does not establish construct validity."
"benchmark_eyeprocess","workflow","benchmark_eyeprocess",,"0.9.0.9000","Curated module-level workflow classification; source: 021-validation-program.R. Lifecycle status does not establish construct validity."
"benchmark_memory_estimate","advanced",,,"0.9.0.9000","Curated module-level advanced classification; source: 075-benchmark-stress-0-9.R. Lifecycle status does not establish construct validity."
"benchmark_scaling_curve","advanced",,,"0.9.0.9000","Curated module-level advanced classification; source: 075-benchmark-stress-0-9.R. Lifecycle status does not establish construct validity."
"bind_process_windows","advanced",,,"0.9.0.9000","Curated module-level advanced classification; source: 060-process-window-representations-0-8.R. Lifecycle status does not establish construct validity."
"biometric_imputation_sensitivity","advanced",,,"0.9.0.9000","Curated module-level advanced classification; source: 067-advanced-sensitivity-diagnostics-0-8.R. Lifecycle status does not establish construct validity."
"bootstrap_process_reliability","advanced",,,"0.9.0.9000","Curated module-level advanced classification; source: 074-process-registry-reliability-0-9.R. Lifecycle status does not establish construct validity."
"bootstrap_representative_scanpath","advanced",,,"0.9.0.9000","Curated module-level advanced classification; source: 041-representative-scanpaths.R. Lifecycle status does not establish construct validity."
"build_aoi_visits","core","build_aoi_visits",,"0.9.0.9000","Curated module-level core classification; source: 008-trials-aoi.R. Lifecycle status does not establish construct validity."
"build_compatibility_matrix","workflow","build_compatibility_matrix",,"0.9.0.9000","Curated module-level workflow classification; source: 025-vendor-corpus.R. Lifecycle status does not establish construct validity."
"build_evidence_graph","workflow","build_evidence_graph",,"0.9.0.9000","Curated module-level workflow classification; source: 046-evidence-provenance-graph.R. Lifecycle status does not establish construct validity."
"build_gazepoint_media_trials","workflow","build_gazepoint_media_trials",,"0.9.0.9000","Curated module-level workflow classification; source: 019-gazepoint-downstream-workflow.R. Lifecycle status does not establish construct validity."
"build_item_responses","core","build_item_responses",,"0.9.0.9000","Curated module-level core classification; source: 008-trials-aoi.R. Lifecycle status does not establish construct validity."
"build_stimulus_intervals","core","build_stimulus_intervals",,"0.9.0.9000","Curated module-level core classification; source: 008-trials-aoi.R. Lifecycle status does not establish construct validity."
"build_trials","core","build_trials",,"0.9.0.9000","Curated module-level core classification; source: 008-trials-aoi.R. Lifecycle status does not establish construct validity."
"calibration_drift_profile","advanced",,,"0.9.0.9000","Curated module-level advanced classification; source: 076-calibration-quality-uncertainty-0-9.R. Lifecycle status does not establish construct validity."
"calibration_error_model","advanced",,,"0.9.0.9000","Curated module-level advanced classification; source: 076-calibration-quality-uncertainty-0-9.R. Lifecycle status does not establish construct validity."
"calibration_sensitivity_grid","advanced",,,"0.9.0.9000","Curated module-level advanced classification; source: 076-calibration-quality-uncertainty-0-9.R. Lifecycle status does not establish construct validity."
"calibration_transfer_audit","advanced",,,"0.9.0.9000","Curated module-level advanced classification; source: 052-irt-validation-0-7.R. Lifecycle status does not establish construct validity."
"canonical_eye_api","workflow","canonical_eye_api",,"0.9.0.9000","Curated module-level workflow classification; source: 071-api-lifecycle-0-9.R. Lifecycle status does not establish construct validity."
"canonical_table_names","core","canonical_table_names",,"0.9.0.9000","Curated module-level core classification; source: 001-schema.R. Lifecycle status does not establish construct validity."
"check_feature_level","core","check_feature_level",,"0.9.0.9000","Curated module-level core classification; source: 011-quality-governance.R. Lifecycle status does not establish construct validity."
"check_local_dependence","advanced",,,"0.9.0.9000","Curated module-level advanced classification; source: 013-models.R. Lifecycle status does not establish construct validity."
"check_process_leakage","core","check_process_leakage",,"0.9.0.9000","Curated module-level core classification; source: 011-quality-governance.R. Lifecycle status does not establish construct validity."
"classify_item_missingness","experimental",,,"0.9.0.9000","Curated module-level experimental classification; source: 050-process-irt-models-0-7.R. Lifecycle status does not establish construct validity."
"collect_eye_storage","workflow","collect_eye_storage",,"0.9.0.9000","Curated module-level workflow classification; source: 020-interoperability-storage.R. Lifecycle status does not establish construct validity."
"collect_validation_evidence","workflow","collect_validation_evidence",,"0.9.0.9000","Curated module-level workflow classification; source: 063-operational-validation-0-8.R. Lifecycle status does not establish construct validity."
"collect_validation_jobs","workflow","collect_validation_jobs",,"0.9.0.9000","Curated module-level workflow classification; source: 023-validation-orchestration.R. Lifecycle status does not establish construct validity."
"combine_eye_datasets","core","combine_eye_datasets",,"0.9.0.9000","Curated module-level core classification; source: 003-mapping-adapters.R. Lifecycle status does not establish construct validity."
"compact_eye_dataset","core","compact_eye_dataset",,"0.9.0.9000","Curated module-level core classification; source: 002-class.R. Lifecycle status does not establish construct validity."
"compare_aoi_compositions","advanced",,,"0.9.0.9000","Curated module-level advanced classification; source: 032-compositional-aoi.R. Lifecycle status does not establish construct validity."
"compare_aoi_definitions","core","compare_aoi_definitions",,"0.9.0.9000","Curated module-level core classification; source: 011-quality-governance.R. Lifecycle status does not establish construct validity."
"compare_aoi_methods","advanced",,,"0.9.0.9000","Curated module-level advanced classification; source: 072-sensitivity-multiverse-0-9.R. Lifecycle status does not establish construct validity."
"compare_aoi_trajectories","advanced",,,"0.9.0.9000","Curated module-level advanced classification; source: 060-process-window-representations-0-8.R. Lifecycle status does not establish construct validity."
"compare_bayesian_process_models","advanced",,,"0.9.0.9000","Curated module-level advanced classification; source: 067-advanced-sensitivity-diagnostics-0-8.R. Lifecycle status does not establish construct validity."
"compare_decision_manifests","workflow","compare_decision_manifests",,"0.9.0.9000","Curated module-level workflow classification; source: 073-decision-manifests-0-9.R. Lifecycle status does not establish construct validity."
"compare_decision_provenance","workflow","compare_decision_provenance",,"0.9.0.9000","Curated module-level workflow classification; source: 046-evidence-provenance-graph.R. Lifecycle status does not establish construct validity."
"compare_deployment_batches","advanced",,,"0.9.0.9000","Curated module-level advanced classification; source: 059-deployment-drift-0-8.R. Lifecycle status does not establish construct validity."
"compare_diffusion_accuracy_rt","advanced",,,"0.9.0.9000","Curated module-level advanced classification; source: 027-strategy-diffusion-engines.R. Lifecycle status does not establish construct validity."
"compare_dynamic_transition_models","advanced",,,"0.9.0.9000","Curated module-level advanced classification; source: 024-dynamic-irtree-engine.R. Lifecycle status does not establish construct validity."
"compare_engine_adapters","workflow","compare_engine_adapters",,"0.9.0.9000","Curated module-level workflow classification; source: 028-api-storage-adapters.R. Lifecycle status does not establish construct validity."
"compare_episode_structure","advanced",,,"0.9.0.9000","Curated module-level advanced classification; source: 042-process-episodes.R. Lifecycle status does not establish construct validity."
"compare_eye_datasets","core","compare_eye_datasets",,"0.9.0.9000","Curated module-level core classification; source: 017-format-validation.R. Lifecycle status does not establish construct validity."
"compare_fixation_methods","advanced",,,"0.9.0.9000","Curated module-level advanced classification; source: 072-sensitivity-multiverse-0-9.R. Lifecycle status does not establish construct validity."
"compare_functional_scalar_models","advanced",,,"0.9.0.9000","Curated module-level advanced classification; source: 026-functional-pupil-engine.R. Lifecycle status does not establish construct validity."
"compare_hard_probabilistic_aoi","advanced",,,"0.9.0.9000","Curated module-level advanced classification; source: 076-calibration-quality-uncertainty-0-9.R. Lifecycle status does not establish construct validity."
"compare_irt_models","experimental",,,"0.9.0.9000","Curated module-level experimental classification; source: 049-multimodal-irt-registry.R. Lifecycle status does not establish construct validity."
"compare_latent_distribution_models","advanced",,,"0.9.0.9000","Curated module-level advanced classification; source: 055-requested-api-completion-0-7.R. Lifecycle status does not establish construct validity."
"compare_model_engines","workflow","compare_model_engines",,"0.9.0.9000","Curated module-level workflow classification; source: 021-validation-program.R. Lifecycle status does not establish construct validity."
"compare_parametric_nonparametric_irf","experimental",,,"0.9.0.9000","Curated module-level experimental classification; source: 051-advanced-process-irt-0-7.R. Lifecycle status does not establish construct validity."
"compare_preprocessing","core","compare_preprocessing",,"0.9.0.9000","Curated module-level core classification; source: 011-quality-governance.R. Lifecycle status does not establish construct validity."
"compare_presentation_fairness","workflow","compare_presentation_fairness",,"0.9.0.9000","Curated module-level workflow classification; source: 058-process-preflight-governance-0-8.R. Lifecycle status does not establish construct validity."
"compare_process_criterion_models","advanced",,,"0.9.0.9000","Curated module-level advanced classification; source: 062-context-process-structure-0-8.R. Lifecycle status does not establish construct validity."
"compare_process_models","advanced",,,"0.9.0.9000","Curated module-level advanced classification; source: 072-sensitivity-multiverse-0-9.R. Lifecycle status does not establish construct validity."
"compare_process_profile_solutions","advanced",,,"0.9.0.9000","Curated module-level advanced classification; source: 062-context-process-structure-0-8.R. Lifecycle status does not establish construct validity."
"compare_pupil_kernels","advanced",,,"0.9.0.9000","Curated module-level advanced classification; source: 061-pupil-advanced-representations-0-8.R. Lifecycle status does not establish construct validity."
"compare_pupil_preprocessing","advanced",,,"0.9.0.9000","Curated module-level advanced classification; source: 072-sensitivity-multiverse-0-9.R. Lifecycle status does not establish construct validity."
"compare_raw_adjusted_pupil","advanced",,,"0.9.0.9000","Curated module-level advanced classification; source: 061-pupil-advanced-representations-0-8.R. Lifecycle status does not establish construct validity."
"compare_reproducibility_fingerprints","workflow","compare_reproducibility_fingerprints",,"0.9.0.9000","Curated module-level workflow classification; source: 078-reproducibility-provenance-0-9.R. Lifecycle status does not establish construct validity."
"compare_scanpath_distributions","advanced",,,"0.9.0.9000","Curated module-level advanced classification; source: 041-representative-scanpaths.R. Lifecycle status does not establish construct validity."
"compare_signal_filters","advanced",,,"0.9.0.9000","Curated module-level advanced classification; source: 061-pupil-advanced-representations-0-8.R. Lifecycle status does not establish construct validity."
"compare_strategy_heterogeneity","advanced",,,"0.9.0.9000","Curated module-level advanced classification; source: 027-strategy-diffusion-engines.R. Lifecycle status does not establish construct validity."
"compare_uncertainty_budgets","advanced",,,"0.9.0.9000","Curated module-level advanced classification; source: 033-process-uncertainty.R. Lifecycle status does not establish construct validity."
"compare_validation_engines","advanced",,,"0.9.0.9000","Curated module-level advanced classification; source: 052-irt-validation-0-7.R. Lifecycle status does not establish construct validity."
"compare_vendor_semantics","workflow","compare_vendor_semantics",,"0.9.0.9000","Curated module-level workflow classification; source: 025-vendor-corpus.R. Lifecycle status does not establish construct validity."
"compare_visual_context_irt","advanced",,,"0.9.0.9000","Curated module-level advanced classification; source: 062-context-process-structure-0-8.R. Lifecycle status does not establish construct validity."
"compatibility_evidence_matrix","advanced",,,"0.9.0.9000","Curated module-level advanced classification; source: 048-semantic-validation-0-7.R. Lifecycle status does not establish construct validity."
"context_factor_effects","advanced",,,"0.9.0.9000","Curated module-level advanced classification; source: 062-context-process-structure-0-8.R. Lifecycle status does not establish construct validity."
"convert_coordinates","core","convert_coordinates",,"0.9.0.9000","Curated module-level core classification; source: 007-coordinates-time.R. Lifecycle status does not establish construct validity."
"convert_xy","core","convert_xy",,"0.9.0.9000","Curated module-level core classification; source: 007-coordinates-time.R. Lifecycle status does not establish construct validity."
"coordinate_fidelity_audit","advanced",,,"0.9.0.9000","Curated module-level advanced classification; source: 048-semantic-validation-0-7.R. Lifecycle status does not establish construct validity."
"coordinate_space","core","coordinate_space",,"0.9.0.9000","Curated module-level core classification; source: 007-coordinates-time.R. Lifecycle status does not establish construct validity."
"coverage_calibration_curve","advanced",,,"0.9.0.9000","Curated module-level advanced classification; source: 081-validation-extras-0-9.R. Lifecycle status does not establish construct validity."
"create_public_benchmark","workflow","create_public_benchmark",,"0.9.0.9000","Curated module-level workflow classification; source: 021-validation-program.R. Lifecycle status does not establish construct validity."
"create_validation_bundle","core","create_validation_bundle",,"0.9.0.9000","Curated module-level core classification; source: 017-format-validation.R. Lifecycle status does not establish construct validity."
"cross_device_process_equating_audit","experimental",,,"0.9.0.9000","Curated module-level experimental classification; source: 054-additional-process-measurement-0-7.R. Lifecycle status does not establish construct validity."
"cross_recurrence","advanced",,,"0.9.0.9000","Curated module-level advanced classification; source: 039-recurrence-analysis.R. Lifecycle status does not establish construct validity."
"cross_version_adapter_regression","advanced",,,"0.9.0.9000","Curated module-level advanced classification; source: 055-requested-api-completion-0-7.R. Lifecycle status does not establish construct validity."
"crossed_grouped_cv","workflow","crossed_grouped_cv",,"0.9.0.9000","Curated module-level workflow classification; source: 021-validation-program.R. Lifecycle status does not establish construct validity."
"crossed_grouped_folds","workflow","crossed_grouped_folds",,"0.9.0.9000","Curated module-level workflow classification; source: 021-validation-program.R. Lifecycle status does not establish construct validity."
"crossmodal_recurrence_model","workflow","crossmodal_recurrence_model",,"0.9.0.9000","Curated module-level workflow classification; source: 047-measurement-intelligence-adapters.R. Lifecycle status does not establish construct validity."
"data_quality_reporting_table","advanced",,,"0.9.0.9000","Curated module-level advanced classification; source: 076-calibration-quality-uncertainty-0-9.R. Lifecycle status does not establish construct validity."
"decision_manifest_diff","workflow","decision_manifest_diff",,"0.9.0.9000","Curated module-level workflow classification; source: 073-decision-manifests-0-9.R. Lifecycle status does not establish construct validity."
"decision_manifest_hash","workflow","decision_manifest_hash",,"0.9.0.9000","Curated module-level workflow classification; source: 073-decision-manifests-0-9.R. Lifecycle status does not establish construct validity."
"decision_manifest_table","workflow","decision_manifest_table",,"0.9.0.9000","Curated module-level workflow classification; source: 073-decision-manifests-0-9.R. Lifecycle status does not establish construct validity."
"decision_space_coverage","workflow","decision_space_coverage",,"0.9.0.9000","Curated module-level workflow classification; source: 073-decision-manifests-0-9.R. Lifecycle status does not establish construct validity."
"decision_stability","advanced",,,"0.9.0.9000","Curated module-level advanced classification; source: 072-sensitivity-multiverse-0-9.R. Lifecycle status does not establish construct validity."
"decode_dynamic_states","advanced",,,"0.9.0.9000","Curated module-level advanced classification; source: 024-dynamic-irtree-engine.R. Lifecycle status does not establish construct validity."
"decompose_dif_evidence","advanced",,,"0.9.0.9000","Curated module-level advanced classification; source: 044-process-dif-fairness.R. Lifecycle status does not establish construct validity."
"decompose_pupil_phase_amplitude","advanced",,,"0.9.0.9000","Curated module-level advanced classification; source: 037-pupil-registration.R. Lifecycle status does not establish construct validity."
"derive_all_features","core","derive_all_features",,"0.9.0.9000","Curated module-level core classification; source: 010-features.R. Lifecycle status does not establish construct validity."
"derive_aoi_composition","advanced",,,"0.9.0.9000","Curated module-level advanced classification; source: 032-compositional-aoi.R. Lifecycle status does not establish construct validity."
"derive_biometric_features","core","derive_biometric_features",,"0.9.0.9000","Curated module-level core classification; source: 010-features.R. Lifecycle status does not establish construct validity."
"derive_gaze_features","core","derive_gaze_features",,"0.9.0.9000","Curated module-level core classification; source: 010-features.R. Lifecycle status does not establish construct validity."
"derive_gazepoint_workflow_features","workflow","derive_gazepoint_workflow_features",,"0.9.0.9000","Curated module-level workflow classification; source: 019-gazepoint-downstream-workflow.R. Lifecycle status does not establish construct validity."
"derive_pupil_features","core","derive_pupil_features",,"0.9.0.9000","Curated module-level core classification; source: 010-features.R. Lifecycle status does not establish construct validity."
"derive_rt_features","core","derive_rt_features",,"0.9.0.9000","Curated module-level core classification; source: 010-features.R. Lifecycle status does not establish construct validity."
"design_process_dstudy","advanced",,,"0.9.0.9000","Curated module-level advanced classification; source: 035-process-reliability.R. Lifecycle status does not establish construct validity."
"detect_blinks","core","detect_blinks",,"0.9.0.9000","Curated module-level core classification; source: 009-preprocessing.R. Lifecycle status does not establish construct validity."
"detect_calibration_drift","advanced",,,"0.9.0.9000","Curated module-level advanced classification; source: 034-calibration-recalibration.R. Lifecycle status does not establish construct validity."
"detect_corrupt_partitions","workflow","detect_corrupt_partitions",,"0.9.0.9000","Curated module-level workflow classification; source: 028-api-storage-adapters.R. Lifecycle status does not establish construct validity."
"detect_eye_format","core","detect_eye_format",,"0.9.0.9000","Curated module-level core classification; source: 003-mapping-adapters.R. Lifecycle status does not establish construct validity."
"detect_fixations_idt","core","detect_fixations_idt",,"0.9.0.9000","Curated module-level core classification; source: 009-preprocessing.R. Lifecycle status does not establish construct validity."
"detect_fixations_ivt","core","detect_fixations_ivt",,"0.9.0.9000","Curated module-level core classification; source: 009-preprocessing.R. Lifecycle status does not establish construct validity."
"detect_irt_changepoints","experimental",,,"0.9.0.9000","Curated module-level experimental classification; source: 050-process-irt-models-0-7.R. Lifecycle status does not establish construct validity."
"detect_process_changepoint","advanced",,,"0.9.0.9000","Curated module-level advanced classification; source: 055-requested-api-completion-0-7.R. Lifecycle status does not establish construct validity."
"detect_process_changepoints","advanced",,,"0.9.0.9000","Curated module-level advanced classification; source: 042-process-episodes.R. Lifecycle status does not establish construct validity."
"detect_saccades","core","detect_saccades",,"0.9.0.9000","Curated module-level core classification; source: 009-preprocessing.R. Lifecycle status does not establish construct validity."
"device_facet_effects","advanced",,,"0.9.0.9000","Curated module-level advanced classification; source: 055-requested-api-completion-0-7.R. Lifecycle status does not establish construct validity."
"diagnose_gaze_point_process","advanced",,,"0.9.0.9000","Curated module-level advanced classification; source: 040-fixation-point-process.R. Lifecycle status does not establish construct validity."
"diffusion_identification_study","advanced",,,"0.9.0.9000","Curated module-level advanced classification; source: 027-strategy-diffusion-engines.R. Lifecycle status does not establish construct validity."
"diffusion_parameter_diagnostics","advanced",,,"0.9.0.9000","Curated module-level advanced classification; source: 027-strategy-diffusion-engines.R. Lifecycle status does not establish construct validity."
"diffusion_posterior_predictive","advanced",,,"0.9.0.9000","Curated module-level advanced classification; source: 027-strategy-diffusion-engines.R. Lifecycle status does not establish construct validity."
"discover_validation_cases","core","discover_validation_cases",,"0.9.0.9000","Curated module-level core classification; source: 017-format-validation.R. Lifecycle status does not establish construct validity."
"distractor_process_map","experimental",,,"0.9.0.9000","Curated module-level experimental classification; source: 050-process-irt-models-0-7.R. Lifecycle status does not establish construct validity."
"drift_by_device","advanced",,,"0.9.0.9000","Curated module-level advanced classification; source: 059-deployment-drift-0-8.R. Lifecycle status does not establish construct validity."
"drift_by_site","advanced",,,"0.9.0.9000","Curated module-level advanced classification; source: 059-deployment-drift-0-8.R. Lifecycle status does not establish construct validity."
"drift_by_stimulus_version","advanced",,,"0.9.0.9000","Curated module-level advanced classification; source: 059-deployment-drift-0-8.R. Lifecycle status does not establish construct validity."
"drift_by_vendor","advanced",,,"0.9.0.9000","Curated module-level advanced classification; source: 059-deployment-drift-0-8.R. Lifecycle status does not establish construct validity."
"dynamic_irtree_recovery","advanced",,,"0.9.0.9000","Curated module-level advanced classification; source: 024-dynamic-irtree-engine.R. Lifecycle status does not establish construct validity."
"dynamic_irtree_spec","advanced",,,"0.9.0.9000","Curated module-level advanced classification; source: 024-dynamic-irtree-engine.R. Lifecycle status does not establish construct validity."
"dynamic_posterior_predictive_check","advanced",,,"0.9.0.9000","Curated module-level advanced classification; source: 024-dynamic-irtree-engine.R. Lifecycle status does not establish construct validity."
"dynamic_transition_design","advanced",,,"0.9.0.9000","Curated module-level advanced classification; source: 024-dynamic-irtree-engine.R. Lifecycle status does not establish construct validity."
"effective_sampling_frequency","advanced",,,"0.9.0.9000","Curated module-level advanced classification; source: 076-calibration-quality-uncertainty-0-9.R. Lifecycle status does not establish construct validity."
"empty_eye_table","core","empty_eye_table",,"0.9.0.9000","Curated module-level core classification; source: 001-schema.R. Lifecycle status does not establish construct validity."
"encode_response_combinations","experimental",,,"0.9.0.9000","Curated module-level experimental classification; source: 057-emerging-process-irt-0-7.R. Lifecycle status does not establish construct validity."
"engine_adapter_status","workflow","engine_adapter_status",,"0.9.0.9000","Curated module-level workflow classification; source: 028-api-storage-adapters.R. Lifecycle status does not establish construct validity."
"equate_irt_scales","experimental",,,"0.9.0.9000","Curated module-level experimental classification; source: 051-advanced-process-irt-0-7.R. Lifecycle status does not establish construct validity."
"estimate_calibration_error","advanced",,,"0.9.0.9000","Curated module-level advanced classification; source: 076-calibration-quality-uncertainty-0-9.R. Lifecycle status does not establish construct validity."
"estimate_clock_transform","core","estimate_clock_transform",,"0.9.0.9000","Curated module-level core classification; source: 007-coordinates-time.R. Lifecycle status does not establish construct validity."
"estimate_device_specific_error","advanced",,,"0.9.0.9000","Curated module-level advanced classification; source: 036-device-linking.R. Lifecycle status does not establish construct validity."
"estimate_ez_diffusion","experimental",,,"0.9.0.9000","Curated module-level experimental classification; source: 016-advanced-experimental.R. Lifecycle status does not establish construct validity."
"estimate_process_uncertainty","advanced",,,"0.9.0.9000","Curated module-level advanced classification; source: 033-process-uncertainty.R. Lifecycle status does not establish construct validity."
"estimate_sampling_rate","core","estimate_sampling_rate",,"0.9.0.9000","Curated module-level core classification; source: 007-coordinates-time.R. Lifecycle status does not establish construct validity."
"estimate_visual_exposure_probability","experimental",,,"0.9.0.9000","Curated module-level experimental classification; source: 050-process-irt-models-0-7.R. Lifecycle status does not establish construct validity."
"evaluate_validation_acceptance","workflow","evaluate_validation_acceptance",,"0.9.0.9000","Curated module-level workflow classification; source: 082-validation-evidence-programs-0-9.R. Lifecycle status does not establish construct validity."
"event_roundtrip_audit","advanced",,,"0.9.0.9000","Curated module-level advanced classification; source: 055-requested-api-completion-0-7.R. Lifecycle status does not establish construct validity."
"event_semantics_audit","advanced",,,"0.9.0.9000","Curated module-level advanced classification; source: 048-semantic-validation-0-7.R. Lifecycle status does not establish construct validity."
"expand_eyeprocess_stress_evidence_plan","workflow","expand_eyeprocess_stress_evidence_plan",,"0.9.0.9000","Curated module-level workflow classification; source: 091-validation-stress-freeze-0-9.R. Lifecycle status does not establish construct validity."
"expand_eyeprocess_validation_plan","workflow","expand_eyeprocess_validation_plan",,"0.9.0.9000","Curated module-level workflow classification; source: 082-validation-evidence-programs-0-9.R. Lifecycle status does not establish construct validity."
"expand_process_validation_design","workflow","expand_process_validation_design",,"0.9.0.9000","Curated module-level workflow classification; source: 069-validation-program-0-9.R. Lifecycle status does not establish construct validity."
"expected_process_information","experimental",,,"0.9.0.9000","Curated module-level experimental classification; source: 051-advanced-process-irt-0-7.R. Lifecycle status does not establish construct validity."
"explain_latent_interaction","advanced",,,"0.9.0.9000","Curated module-level advanced classification; source: 055-requested-api-completion-0-7.R. Lifecycle status does not establish construct validity."
"export_canonical","workflow","export_canonical",,"0.9.0.9000","Curated module-level workflow classification; source: 015-export-report-bridges.R. Lifecycle status does not establish construct validity."
"export_eye_bids","workflow","export_eye_bids",,"0.9.0.9000","Curated module-level workflow classification; source: 020-interoperability-storage.R. Lifecycle status does not establish construct validity."
"export_eye_pipeline","workflow","export_eye_pipeline",,"0.9.0.9000","Curated module-level workflow classification; source: 070-governed-pipelines-0-9.R. Lifecycle status does not establish construct validity."
"export_prov_json","workflow","export_prov_json",,"0.9.0.9000","Curated module-level workflow classification; source: 078-reproducibility-provenance-0-9.R. Lifecycle status does not establish construct validity."
"export_ro_crate_metadata","workflow","export_ro_crate_metadata",,"0.9.0.9000","Curated module-level workflow classification; source: 078-reproducibility-provenance-0-9.R. Lifecycle status does not establish construct validity."
"export_validation_bundle","workflow","export_validation_bundle",,"0.9.0.9000","Curated module-level workflow classification; source: 063-operational-validation-0-8.R. Lifecycle status does not establish construct validity."
"external_model_engines","workflow","external_model_engines",,"0.9.0.9000","Curated module-level workflow classification; source: 028-api-storage-adapters.R. Lifecycle status does not establish construct validity."
"external_validate_irt","advanced",,,"0.9.0.9000","Curated module-level advanced classification; source: 052-irt-validation-0-7.R. Lifecycle status does not establish construct validity."
"extract_diffusion_parameters","advanced",,,"0.9.0.9000","Curated module-level advanced classification; source: 027-strategy-diffusion-engines.R. Lifecycle status does not establish construct validity."
"extract_functional_pupil_parameters","advanced",,,"0.9.0.9000","Curated module-level advanced classification; source: 026-functional-pupil-engine.R. Lifecycle status does not establish construct validity."
"extract_parameter_truth","advanced",,,"0.9.0.9000","Curated module-level advanced classification; source: 055-requested-api-completion-0-7.R. Lifecycle status does not establish construct validity."
"extract_process_windows","advanced",,,"0.9.0.9000","Curated module-level advanced classification; source: 060-process-window-representations-0-8.R. Lifecycle status does not establish construct validity."
"eye_analysis_pipeline","workflow","eye_analysis_pipeline",,"0.9.0.9000","Curated module-level workflow classification; source: 070-governed-pipelines-0-9.R. Lifecycle status does not establish construct validity."
"eye_analysis_spec","workflow","eye_analysis_spec",,"0.9.0.9000","Curated module-level workflow classification; source: 070-governed-pipelines-0-9.R. Lifecycle status does not establish construct validity."
"eye_api_inventory","workflow","eye_api_inventory",,"0.9.0.9000","Curated module-level workflow classification; source: 071-api-lifecycle-0-9.R. Lifecycle status does not establish construct validity."
"eye_api_lifecycle","workflow","eye_api_lifecycle",,"0.9.0.9000","Curated module-level workflow classification; source: 071-api-lifecycle-0-9.R. Lifecycle status does not establish construct validity."
"eye_api_recommendation","workflow","eye_api_recommendation",,"0.9.0.9000","Curated module-level workflow classification; source: 071-api-lifecycle-0-9.R. Lifecycle status does not establish construct validity."
"eye_api_status","workflow","eye_api_status",,"0.9.0.9000","Curated module-level workflow classification; source: 071-api-lifecycle-0-9.R. Lifecycle status does not establish construct validity."
"eye_api_superseded","workflow","eye_api_superseded",,"0.9.0.9000","Curated module-level workflow classification; source: 071-api-lifecycle-0-9.R. Lifecycle status does not establish construct validity."
"eye_benchmark_design","advanced",,,"0.9.0.9000","Curated module-level advanced classification; source: 075-benchmark-stress-0-9.R. Lifecycle status does not establish construct validity."
"eye_decision_manifest","workflow","eye_decision_manifest",,"0.9.0.9000","Curated module-level workflow classification; source: 073-decision-manifests-0-9.R. Lifecycle status does not establish construct validity."
"eye_format_profiles","core","eye_format_profiles",,"0.9.0.9000","Curated module-level core classification; source: 017-format-validation.R. Lifecycle status does not establish construct validity."
"eye_mapping","core","eye_mapping",,"0.9.0.9000","Curated module-level core classification; source: 003-mapping-adapters.R. Lifecycle status does not establish construct validity."
"eye_pipeline_dot","workflow","eye_pipeline_dot",,"0.9.0.9000","Curated module-level workflow classification; source: 070-governed-pipelines-0-9.R. Lifecycle status does not establish construct validity."
"eye_pipeline_graph","workflow","eye_pipeline_graph",,"0.9.0.9000","Curated module-level workflow classification; source: 070-governed-pipelines-0-9.R. Lifecycle status does not establish construct validity."
"eye_pipeline_manifest","workflow","eye_pipeline_manifest",,"0.9.0.9000","Curated module-level workflow classification; source: 070-governed-pipelines-0-9.R. Lifecycle status does not establish construct validity."
"eye_pipeline_mermaid","workflow","eye_pipeline_mermaid",,"0.9.0.9000","Curated module-level workflow classification; source: 070-governed-pipelines-0-9.R. Lifecycle status does not establish construct validity."
"eye_pipeline_step","workflow","eye_pipeline_step",,"0.9.0.9000","Curated module-level workflow classification; source: 070-governed-pipelines-0-9.R. Lifecycle status does not establish construct validity."
"eye_plot_spec","advanced",,,"0.9.0.9000","Curated module-level advanced classification; source: 030-measurement-intelligence-utils.R. Lifecycle status does not establish construct validity."
"eye_prov_graph","workflow","eye_prov_graph",,"0.9.0.9000","Curated module-level workflow classification; source: 078-reproducibility-provenance-0-9.R. Lifecycle status does not establish construct validity."
"eye_reproducibility_fingerprint","workflow","eye_reproducibility_fingerprint",,"0.9.0.9000","Curated module-level workflow classification; source: 078-reproducibility-provenance-0-9.R. Lifecycle status does not establish construct validity."
"eye_schema","core","eye_schema",,"0.9.0.9000","Curated module-level core classification; source: 001-schema.R. Lifecycle status does not establish construct validity."
"eye_session_manifest","workflow","eye_session_manifest",,"0.9.0.9000","Curated module-level workflow classification; source: 078-reproducibility-provenance-0-9.R. Lifecycle status does not establish construct validity."
"eye_storage_spec","workflow","eye_storage_spec",,"0.9.0.9000","Curated module-level workflow classification; source: 020-interoperability-storage.R. Lifecycle status does not establish construct validity."
"eye_stream_fidelity_audit","advanced",,,"0.9.0.9000","Curated module-level advanced classification; source: 048-semantic-validation-0-7.R. Lifecycle status does not establish construct validity."
"eye_targets_manifest","workflow","eye_targets_manifest",,"0.9.0.9000","Curated module-level workflow classification; source: 070-governed-pipelines-0-9.R. Lifecycle status does not establish construct validity."
"eyeprocess_api_version","workflow","eyeprocess_api_version",,"0.9.0.9000","Curated module-level workflow classification; source: 028-api-storage-adapters.R. Lifecycle status does not establish construct validity."
"eyeprocess_benchmark_study","workflow","eyeprocess_benchmark_study",,"0.9.0.9000","Curated module-level workflow classification; source: 029-benchmark-reproducibility.R. Lifecycle status does not establish construct validity."
"eyeprocess_cdm_attribute_profiles","advanced",,,"0.9.0.9000","Curated module-level advanced classification; source: 090-irt-multidimensional-cdm-0-9.R. Lifecycle status does not establish construct validity."
"eyeprocess_cdm_classification_uncertainty","advanced",,,"0.9.0.9000","Curated module-level advanced classification; source: 090-irt-multidimensional-cdm-0-9.R. Lifecycle status does not establish construct validity."
"eyeprocess_cdm_dina_ideal_response","advanced",,,"0.9.0.9000","Curated module-level advanced classification; source: 090-irt-multidimensional-cdm-0-9.R. Lifecycle status does not establish construct validity."
"eyeprocess_cdm_dina_probability","advanced",,,"0.9.0.9000","Curated module-level advanced classification; source: 090-irt-multidimensional-cdm-0-9.R. Lifecycle status does not establish construct validity."
"eyeprocess_cdm_qmatrix_audit","advanced",,,"0.9.0.9000","Curated module-level advanced classification; source: 090-irt-multidimensional-cdm-0-9.R. Lifecycle status does not establish construct validity."
"eyeprocess_deprecation","workflow","eyeprocess_deprecation",,"0.9.0.9000","Curated module-level workflow classification; source: 028-api-storage-adapters.R. Lifecycle status does not establish construct validity."
"eyeprocess_irt_2pl_probability","advanced",,,"0.9.0.9000","Curated module-level advanced classification; source: 083-irt-foundations-information-0-9.R. Lifecycle status does not establish construct validity."
"eyeprocess_irt_3pl_probability","advanced",,,"0.9.0.9000","Curated module-level advanced classification; source: 083-irt-foundations-information-0-9.R. Lifecycle status does not establish construct validity."
"eyeprocess_irt_4pl_probability","advanced",,,"0.9.0.9000","Curated module-level advanced classification; source: 083-irt-foundations-information-0-9.R. Lifecycle status does not establish construct validity."
"eyeprocess_irt_adaptive_trace","advanced",,,"0.9.0.9000","Curated module-level advanced classification; source: 085-irt-scoring-adaptive-0-9.R. Lifecycle status does not establish construct validity."
"eyeprocess_irt_anchor_audit","advanced",,,"0.9.0.9000","Curated module-level advanced classification; source: 086-irt-linking-invariance-0-9.R. Lifecycle status does not establish construct validity."
"eyeprocess_irt_anchor_purification","advanced",,,"0.9.0.9000","Curated module-level advanced classification; source: 086-irt-linking-invariance-0-9.R. Lifecycle status does not establish construct validity."
"eyeprocess_irt_apply_link","advanced",,,"0.9.0.9000","Curated module-level advanced classification; source: 086-irt-linking-invariance-0-9.R. Lifecycle status does not establish construct validity."
"eyeprocess_irt_bank_coverage","advanced",,,"0.9.0.9000","Curated module-level advanced classification; source: 093-irt-advanced-diagnostics-governance-0-9.R. Lifecycle status does not establish construct validity."
"eyeprocess_irt_category_function_audit","advanced",,,"0.9.0.9000","Curated module-level advanced classification; source: 084-irt-diagnostics-0-9.R. Lifecycle status does not establish construct validity."
"eyeprocess_irt_classification_precision","advanced",,,"0.9.0.9000","Curated module-level advanced classification; source: 093-irt-advanced-diagnostics-governance-0-9.R. Lifecycle status does not establish construct validity."
"eyeprocess_irt_conditional_sem","advanced",,,"0.9.0.9000","Curated module-level advanced classification; source: 083-irt-foundations-information-0-9.R. Lifecycle status does not establish construct validity."
"eyeprocess_irt_content_balance_audit","advanced",,,"0.9.0.9000","Curated module-level advanced classification; source: 085-irt-scoring-adaptive-0-9.R. Lifecycle status does not establish construct validity."
"eyeprocess_irt_device_drift","advanced",,,"0.9.0.9000","Curated module-level advanced classification; source: 086-irt-linking-invariance-0-9.R. Lifecycle status does not establish construct validity."
"eyeprocess_irt_dif_effect_curve","advanced",,,"0.9.0.9000","Curated module-level advanced classification; source: 086-irt-linking-invariance-0-9.R. Lifecycle status does not establish construct validity."
"eyeprocess_irt_dtf_curve","advanced",,,"0.9.0.9000","Curated module-level advanced classification; source: 086-irt-linking-invariance-0-9.R. Lifecycle status does not establish construct validity."
"eyeprocess_irt_eap_score","advanced",,,"0.9.0.9000","Curated module-level advanced classification; source: 085-irt-scoring-adaptive-0-9.R. Lifecycle status does not establish construct validity."
"eyeprocess_irt_engine_evidence_table","workflow","eyeprocess_irt_engine_evidence_table",,"0.9.0.9000","Curated module-level workflow classification; source: 094-validation-paper-tables-atlas-0-9.R. Lifecycle status does not establish construct validity."
"eyeprocess_irt_engine_registry","gated",,,"0.9.0.9000","Curated module-level gated classification; source: 088-irt-engine-adapters-0-9.R. Lifecycle status does not establish construct validity."
"eyeprocess_irt_engine_status","gated",,,"0.9.0.9000","Curated module-level gated classification; source: 088-irt-engine-adapters-0-9.R. Lifecycle status does not establish construct validity."
"eyeprocess_irt_expected_score","advanced",,,"0.9.0.9000","Curated module-level advanced classification; source: 083-irt-foundations-information-0-9.R. Lifecycle status does not establish construct validity."
"eyeprocess_irt_exposure_summary","advanced",,,"0.9.0.9000","Curated module-level advanced classification; source: 085-irt-scoring-adaptive-0-9.R. Lifecycle status does not establish construct validity."
"eyeprocess_irt_extreme_score_audit","advanced",,,"0.9.0.9000","Curated module-level advanced classification; source: 084-irt-diagnostics-0-9.R. Lifecycle status does not establish construct validity."
"eyeprocess_irt_fit_dashboard","advanced",,,"0.9.0.9000","Curated module-level advanced classification; source: 084-irt-diagnostics-0-9.R. Lifecycle status does not establish construct validity."
"eyeprocess_irt_functioning_effect_summary","advanced",,,"0.9.0.9000","Curated module-level advanced classification; source: 086-irt-linking-invariance-0-9.R. Lifecycle status does not establish construct validity."
"eyeprocess_irt_gpcm_probability","advanced",,,"0.9.0.9000","Curated module-level advanced classification; source: 083-irt-foundations-information-0-9.R. Lifecycle status does not establish construct validity."
"eyeprocess_irt_grm_probability","advanced",,,"0.9.0.9000","Curated module-level advanced classification; source: 083-irt-foundations-information-0-9.R. Lifecycle status does not establish construct validity."
"eyeprocess_irt_haebara_link","advanced",,,"0.9.0.9000","Curated module-level advanced classification; source: 086-irt-linking-invariance-0-9.R. Lifecycle status does not establish construct validity."
"eyeprocess_irt_identification_audit","advanced",,,"0.9.0.9000","Curated module-level advanced classification; source: 083-irt-foundations-information-0-9.R. Lifecycle status does not establish construct validity."
"eyeprocess_irt_infit_outfit","advanced",,,"0.9.0.9000","Curated module-level advanced classification; source: 093-irt-advanced-diagnostics-governance-0-9.R. Lifecycle status does not establish construct validity."
"eyeprocess_irt_information_area","advanced",,,"0.9.0.9000","Curated module-level advanced classification; source: 083-irt-foundations-information-0-9.R. Lifecycle status does not establish construct validity."
"eyeprocess_irt_information_gain","advanced",,,"0.9.0.9000","Curated module-level advanced classification; source: 085-irt-scoring-adaptive-0-9.R. Lifecycle status does not establish construct validity."
"eyeprocess_irt_information_targeting","advanced",,,"0.9.0.9000","Curated module-level advanced classification; source: 085-irt-scoring-adaptive-0-9.R. Lifecycle status does not establish construct validity."
"eyeprocess_irt_invariance_evidence","advanced",,,"0.9.0.9000","Curated module-level advanced classification; source: 086-irt-linking-invariance-0-9.R. Lifecycle status does not establish construct validity."
"eyeprocess_irt_item_bank","advanced",,,"0.9.0.9000","Curated module-level advanced classification; source: 085-irt-scoring-adaptive-0-9.R. Lifecycle status does not establish construct validity."
"eyeprocess_irt_item_fit_residuals","advanced",,,"0.9.0.9000","Curated module-level advanced classification; source: 084-irt-diagnostics-0-9.R. Lifecycle status does not establish construct validity."
"eyeprocess_irt_item_information","advanced",,,"0.9.0.9000","Curated module-level advanced classification; source: 083-irt-foundations-information-0-9.R. Lifecycle status does not establish construct validity."
"eyeprocess_irt_item_selection","advanced",,,"0.9.0.9000","Curated module-level advanced classification; source: 085-irt-scoring-adaptive-0-9.R. Lifecycle status does not establish construct validity."
"eyeprocess_irt_latent_regression_design","advanced",,,"0.9.0.9000","Curated module-level advanced classification; source: 090-irt-multidimensional-cdm-0-9.R. Lifecycle status does not establish construct validity."
"eyeprocess_irt_link_stability","advanced",,,"0.9.0.9000","Curated module-level advanced classification; source: 086-irt-linking-invariance-0-9.R. Lifecycle status does not establish construct validity."
"eyeprocess_irt_local_dependence_pairs","advanced",,,"0.9.0.9000","Curated module-level advanced classification; source: 084-irt-diagnostics-0-9.R. Lifecycle status does not establish construct validity."
"eyeprocess_irt_map_score","advanced",,,"0.9.0.9000","Curated module-level advanced classification; source: 085-irt-scoring-adaptive-0-9.R. Lifecycle status does not establish construct validity."
"eyeprocess_irt_marginal_reliability","advanced",,,"0.9.0.9000","Curated module-level advanced classification; source: 085-irt-scoring-adaptive-0-9.R. Lifecycle status does not establish construct validity."
"eyeprocess_irt_mean_mean_link","advanced",,,"0.9.0.9000","Curated module-level advanced classification; source: 086-irt-linking-invariance-0-9.R. Lifecycle status does not establish construct validity."
"eyeprocess_irt_mean_sigma_link","advanced",,,"0.9.0.9000","Curated module-level advanced classification; source: 086-irt-linking-invariance-0-9.R. Lifecycle status does not establish construct validity."
"eyeprocess_irt_measurement_precision_profile","advanced",,,"0.9.0.9000","Curated module-level advanced classification; source: 083-irt-foundations-information-0-9.R. Lifecycle status does not establish construct validity."
"eyeprocess_irt_missing_by_design_audit","advanced",,,"0.9.0.9000","Curated module-level advanced classification; source: 093-irt-advanced-diagnostics-governance-0-9.R. Lifecycle status does not establish construct validity."
"eyeprocess_irt_misspecification_metrics","advanced",,,"0.9.0.9000","Curated module-level advanced classification; source: 089-irt-validation-evidence-0-9.R. Lifecycle status does not establish construct validity."
"eyeprocess_irt_misspecification_suite","advanced",,,"0.9.0.9000","Curated module-level advanced classification; source: 089-irt-validation-evidence-0-9.R. Lifecycle status does not establish construct validity."
"eyeprocess_irt_mle_score","advanced",,,"0.9.0.9000","Curated module-level advanced classification; source: 085-irt-scoring-adaptive-0-9.R. Lifecycle status does not establish construct validity."
"eyeprocess_irt_model_card","advanced",,,"0.9.0.9000","Curated module-level advanced classification; source: 093-irt-advanced-diagnostics-governance-0-9.R. Lifecycle status does not establish construct validity."
"eyeprocess_irt_model_card_audit","advanced",,,"0.9.0.9000","Curated module-level advanced classification; source: 093-irt-advanced-diagnostics-governance-0-9.R. Lifecycle status does not establish construct validity."
"eyeprocess_irt_model_spec","advanced",,,"0.9.0.9000","Curated module-level advanced classification; source: 083-irt-foundations-information-0-9.R. Lifecycle status does not establish construct validity."
"eyeprocess_irt_monotonicity_audit","advanced",,,"0.9.0.9000","Curated module-level advanced classification; source: 084-irt-diagnostics-0-9.R. Lifecycle status does not establish construct validity."
"eyeprocess_irt_nominal_probability","advanced",,,"0.9.0.9000","Curated module-level advanced classification; source: 083-irt-foundations-information-0-9.R. Lifecycle status does not establish construct validity."
"eyeprocess_irt_parameter_plausibility_audit","advanced",,,"0.9.0.9000","Curated module-level advanced classification; source: 084-irt-diagnostics-0-9.R. Lifecycle status does not establish construct validity."
"eyeprocess_irt_person_fit_lz","advanced",,,"0.9.0.9000","Curated module-level advanced classification; source: 093-irt-advanced-diagnostics-governance-0-9.R. Lifecycle status does not establish construct validity."
"eyeprocess_irt_person_fit_residuals","advanced",,,"0.9.0.9000","Curated module-level advanced classification; source: 084-irt-diagnostics-0-9.R. Lifecycle status does not establish construct validity."
"eyeprocess_irt_plausible_values","advanced",,,"0.9.0.9000","Curated module-level advanced classification; source: 085-irt-scoring-adaptive-0-9.R. Lifecycle status does not establish construct validity."
"eyeprocess_irt_ppc_discrepancy","advanced",,,"0.9.0.9000","Curated module-level advanced classification; source: 084-irt-diagnostics-0-9.R. Lifecycle status does not establish construct validity."
"eyeprocess_irt_precision_evidence_table","workflow","eyeprocess_irt_precision_evidence_table",,"0.9.0.9000","Curated module-level workflow classification; source: 094-validation-paper-tables-atlas-0-9.R. Lifecycle status does not establish construct validity."
"eyeprocess_irt_prior_sensitivity_grid","advanced",,,"0.9.0.9000","Curated module-level advanced classification; source: 093-irt-advanced-diagnostics-governance-0-9.R. Lifecycle status does not establish construct validity."
"eyeprocess_irt_prior_sensitivity_summary","advanced",,,"0.9.0.9000","Curated module-level advanced classification; source: 093-irt-advanced-diagnostics-governance-0-9.R. Lifecycle status does not establish construct validity."
"eyeprocess_irt_prior_spec","advanced",,,"0.9.0.9000","Curated module-level advanced classification; source: 093-irt-advanced-diagnostics-governance-0-9.R. Lifecycle status does not establish construct validity."
"eyeprocess_irt_process_alignment","advanced",,,"0.9.0.9000","Curated module-level advanced classification; source: 087-irt-process-joint-0-9.R. Lifecycle status does not establish construct validity."
"eyeprocess_irt_process_aware_selection_penalty","advanced",,,"0.9.0.9000","Curated module-level advanced classification; source: 085-irt-scoring-adaptive-0-9.R. Lifecycle status does not establish construct validity."
"eyeprocess_irt_process_dif_concordance","advanced",,,"0.9.0.9000","Curated module-level advanced classification; source: 086-irt-linking-invariance-0-9.R. Lifecycle status does not establish construct validity."
"eyeprocess_irt_q3","advanced",,,"0.9.0.9000","Curated module-level advanced classification; source: 084-irt-diagnostics-0-9.R. Lifecycle status does not establish construct validity."
"eyeprocess_irt_recovery_design","advanced",,,"0.9.0.9000","Curated module-level advanced classification; source: 089-irt-validation-evidence-0-9.R. Lifecycle status does not establish construct validity."
"eyeprocess_irt_recovery_failures","advanced",,,"0.9.0.9000","Curated module-level advanced classification; source: 089-irt-validation-evidence-0-9.R. Lifecycle status does not establish construct validity."
"eyeprocess_irt_recovery_summary","advanced",,,"0.9.0.9000","Curated module-level advanced classification; source: 089-irt-validation-evidence-0-9.R. Lifecycle status does not establish construct validity."
"eyeprocess_irt_sbc_ranks","advanced",,,"0.9.0.9000","Curated module-level advanced classification; source: 089-irt-validation-evidence-0-9.R. Lifecycle status does not establish construct validity."
"eyeprocess_irt_sbc_summary","advanced",,,"0.9.0.9000","Curated module-level advanced classification; source: 089-irt-validation-evidence-0-9.R. Lifecycle status does not establish construct validity."
"eyeprocess_irt_score_table","advanced",,,"0.9.0.9000","Curated module-level advanced classification; source: 085-irt-scoring-adaptive-0-9.R. Lifecycle status does not establish construct validity."
"eyeprocess_irt_score_uncertainty","advanced",,,"0.9.0.9000","Curated module-level advanced classification; source: 085-irt-scoring-adaptive-0-9.R. Lifecycle status does not establish construct validity."
"eyeprocess_irt_session_drift","advanced",,,"0.9.0.9000","Curated module-level advanced classification; source: 086-irt-linking-invariance-0-9.R. Lifecycle status does not establish construct validity."
"eyeprocess_irt_sparse_design_audit","advanced",,,"0.9.0.9000","Curated module-level advanced classification; source: 083-irt-foundations-information-0-9.R. Lifecycle status does not establish construct validity."
"eyeprocess_irt_stocking_lord_link","advanced",,,"0.9.0.9000","Curated module-level advanced classification; source: 086-irt-linking-invariance-0-9.R. Lifecycle status does not establish construct validity."
"eyeprocess_irt_stopping_rule","advanced",,,"0.9.0.9000","Curated module-level advanced classification; source: 085-irt-scoring-adaptive-0-9.R. Lifecycle status does not establish construct validity."
"eyeprocess_irt_targeting_gap","advanced",,,"0.9.0.9000","Curated module-level advanced classification; source: 093-irt-advanced-diagnostics-governance-0-9.R. Lifecycle status does not establish construct validity."
"eyeprocess_irt_test_characteristic_curve","advanced",,,"0.9.0.9000","Curated module-level advanced classification; source: 083-irt-foundations-information-0-9.R. Lifecycle status does not establish construct validity."
"eyeprocess_irt_test_information","advanced",,,"0.9.0.9000","Curated module-level advanced classification; source: 083-irt-foundations-information-0-9.R. Lifecycle status does not establish construct validity."
"eyeprocess_irt_testlet_audit","advanced",,,"0.9.0.9000","Curated module-level advanced classification; source: 090-irt-multidimensional-cdm-0-9.R. Lifecycle status does not establish construct validity."
"eyeprocess_irt_testlet_spec","advanced",,,"0.9.0.9000","Curated module-level advanced classification; source: 090-irt-multidimensional-cdm-0-9.R. Lifecycle status does not establish construct validity."
"eyeprocess_irt_threshold_order_audit","advanced",,,"0.9.0.9000","Curated module-level advanced classification; source: 084-irt-diagnostics-0-9.R. Lifecycle status does not establish construct validity."
"eyeprocess_joint_process_irt_spec","advanced",,,"0.9.0.9000","Curated module-level advanced classification; source: 087-irt-process-joint-0-9.R. Lifecycle status does not establish construct validity."
"eyeprocess_mirt_directional_information","advanced",,,"0.9.0.9000","Curated module-level advanced classification; source: 090-irt-multidimensional-cdm-0-9.R. Lifecycle status does not establish construct validity."
"eyeprocess_mirt_information_matrix","advanced",,,"0.9.0.9000","Curated module-level advanced classification; source: 090-irt-multidimensional-cdm-0-9.R. Lifecycle status does not establish construct validity."
"eyeprocess_mirt_loading_audit","advanced",,,"0.9.0.9000","Curated module-level advanced classification; source: 090-irt-multidimensional-cdm-0-9.R. Lifecycle status does not establish construct validity."
"eyeprocess_mirt_loading_spec","advanced",,,"0.9.0.9000","Curated module-level advanced classification; source: 090-irt-multidimensional-cdm-0-9.R. Lifecycle status does not establish construct validity."
"eyeprocess_multichannel_measurement_map","advanced",,,"0.9.0.9000","Curated module-level advanced classification; source: 087-irt-process-joint-0-9.R. Lifecycle status does not establish construct validity."
"eyeprocess_negative_control_evidence_plan","workflow","eyeprocess_negative_control_evidence_plan",,"0.9.0.9000","Curated module-level workflow classification; source: 091-validation-stress-freeze-0-9.R. Lifecycle status does not establish construct validity."
"eyeprocess_negative_control_evidence_table","workflow","eyeprocess_negative_control_evidence_table",,"0.9.0.9000","Curated module-level workflow classification; source: 094-validation-paper-tables-atlas-0-9.R. Lifecycle status does not establish construct validity."
"eyeprocess_process_irt_data_bundle","advanced",,,"0.9.0.9000","Curated module-level advanced classification; source: 087-irt-process-joint-0-9.R. Lifecycle status does not establish construct validity."
"eyeprocess_process_item_profile","advanced",,,"0.9.0.9000","Curated module-level advanced classification; source: 087-irt-process-joint-0-9.R. Lifecycle status does not establish construct validity."
"eyeprocess_process_missingness_pattern","advanced",,,"0.9.0.9000","Curated module-level advanced classification; source: 087-irt-process-joint-0-9.R. Lifecycle status does not establish construct validity."
"eyeprocess_process_person_profile","advanced",,,"0.9.0.9000","Curated module-level advanced classification; source: 087-irt-process-joint-0-9.R. Lifecycle status does not establish construct validity."
"eyeprocess_recovery_evidence_table","workflow","eyeprocess_recovery_evidence_table",,"0.9.0.9000","Curated module-level workflow classification; source: 094-validation-paper-tables-atlas-0-9.R. Lifecycle status does not establish construct validity."
"eyeprocess_reliability_evidence_plan","workflow","eyeprocess_reliability_evidence_plan",,"0.9.0.9000","Curated module-level workflow classification; source: 091-validation-stress-freeze-0-9.R. Lifecycle status does not establish construct validity."
"eyeprocess_reliability_evidence_table","workflow","eyeprocess_reliability_evidence_table",,"0.9.0.9000","Curated module-level workflow classification; source: 094-validation-paper-tables-atlas-0-9.R. Lifecycle status does not establish construct validity."
"eyeprocess_response_time_profile","advanced",,,"0.9.0.9000","Curated module-level advanced classification; source: 087-irt-process-joint-0-9.R. Lifecycle status does not establish construct validity."
"eyeprocess_sbc_evidence_table","workflow","eyeprocess_sbc_evidence_table",,"0.9.0.9000","Curated module-level workflow classification; source: 094-validation-paper-tables-atlas-0-9.R. Lifecycle status does not establish construct validity."
"eyeprocess_speed_accuracy_profile","advanced",,,"0.9.0.9000","Curated module-level advanced classification; source: 087-irt-process-joint-0-9.R. Lifecycle status does not establish construct validity."
"eyeprocess_stress_evidence_plan","workflow","eyeprocess_stress_evidence_plan",,"0.9.0.9000","Curated module-level workflow classification; source: 091-validation-stress-freeze-0-9.R. Lifecycle status does not establish construct validity."
"eyeprocess_stress_evidence_table","workflow","eyeprocess_stress_evidence_table",,"0.9.0.9000","Curated module-level workflow classification; source: 094-validation-paper-tables-atlas-0-9.R. Lifecycle status does not establish construct validity."
"eyeprocess_validation_atlas_gaps","workflow","eyeprocess_validation_atlas_gaps",,"0.9.0.9000","Curated module-level workflow classification; source: 094-validation-paper-tables-atlas-0-9.R. Lifecycle status does not establish construct validity."
"eyeprocess_validation_claim_matrix","workflow","eyeprocess_validation_claim_matrix",,"0.9.0.9000","Curated module-level workflow classification; source: 091-validation-stress-freeze-0-9.R. Lifecycle status does not establish construct validity."
"eyeprocess_validation_evidence_atlas","workflow","eyeprocess_validation_evidence_atlas",,"0.9.0.9000","Curated module-level workflow classification; source: 094-validation-paper-tables-atlas-0-9.R. Lifecycle status does not establish construct validity."
"eyeprocess_validation_evidence_grade","workflow","eyeprocess_validation_evidence_grade",,"0.9.0.9000","Curated module-level workflow classification; source: 082-validation-evidence-programs-0-9.R. Lifecycle status does not establish construct validity."
"eyeprocess_validation_evidence_index","workflow","eyeprocess_validation_evidence_index",,"0.9.0.9000","Curated module-level workflow classification; source: 094-validation-paper-tables-atlas-0-9.R. Lifecycle status does not establish construct validity."
"eyeprocess_validation_evidence_manifest","workflow","eyeprocess_validation_evidence_manifest",,"0.9.0.9000","Curated module-level workflow classification; source: 091-validation-stress-freeze-0-9.R. Lifecycle status does not establish construct validity."
"eyeprocess_validation_plan","workflow","eyeprocess_validation_plan",,"0.9.0.9000","Curated module-level workflow classification; source: 082-validation-evidence-programs-0-9.R. Lifecycle status does not establish construct validity."
"eyeprocess_validation_readiness","workflow","eyeprocess_validation_readiness",,"0.9.0.9000","Curated module-level workflow classification; source: 091-validation-stress-freeze-0-9.R. Lifecycle status does not establish construct validity."
"eyeprocess_validation_release_gate","workflow","eyeprocess_validation_release_gate",,"0.9.0.9000","Curated module-level workflow classification; source: 091-validation-stress-freeze-0-9.R. Lifecycle status does not establish construct validity."
"eyeprocess_validation_seed","workflow","eyeprocess_validation_seed",,"0.9.0.9000","Curated module-level workflow classification; source: 082-validation-evidence-programs-0-9.R. Lifecycle status does not establish construct validity."
"facet_effects","experimental",,,"0.9.0.9000","Curated module-level experimental classification; source: 050-process-irt-models-0-7.R. Lifecycle status does not establish construct validity."
"feature_dictionary","core","feature_dictionary",,"0.9.0.9000","Curated module-level core classification; source: 010-features.R. Lifecycle status does not establish construct validity."
"feature_spec","core","feature_spec",,"0.9.0.9000","Curated module-level core classification; source: 010-features.R. Lifecycle status does not establish construct validity."
"features_wide","core","features_wide",,"0.9.0.9000","Curated module-level core classification; source: 010-features.R. Lifecycle status does not establish construct validity."
"field_fidelity_report","advanced",,,"0.9.0.9000","Curated module-level advanced classification; source: 048-semantic-validation-0-7.R. Lifecycle status does not establish construct validity."
"file_hash_manifest","workflow","file_hash_manifest",,"0.9.0.9000","Curated module-level workflow classification; source: 078-reproducibility-provenance-0-9.R. Lifecycle status does not establish construct validity."
"filter_eye_signal","advanced",,,"0.9.0.9000","Curated module-level advanced classification; source: 061-pupil-advanced-representations-0-8.R. Lifecycle status does not establish construct validity."
"filter_gaze","core","filter_gaze",,"0.9.0.9000","Curated module-level core classification; source: 009-preprocessing.R. Lifecycle status does not establish construct validity."
"filter_pupil","core","filter_pupil",,"0.9.0.9000","Curated module-level core classification; source: 009-preprocessing.R. Lifecycle status does not establish construct validity."
"filter_pupil_signal","advanced",,,"0.9.0.9000","Curated module-level advanced classification; source: 061-pupil-advanced-representations-0-8.R. Lifecycle status does not establish construct validity."
"find_process_measures","advanced",,,"0.9.0.9000","Curated module-level advanced classification; source: 074-process-registry-reliability-0-9.R. Lifecycle status does not establish construct validity."
"fingerprint_eye_dataset","core","fingerprint_eye_dataset",,"0.9.0.9000","Curated module-level core classification; source: 017-format-validation.R. Lifecycle status does not establish construct validity."
"fingerprint_validation_case","workflow","fingerprint_validation_case",,"0.9.0.9000","Curated module-level workflow classification; source: 025-vendor-corpus.R. Lifecycle status does not establish construct validity."
"fit_accuracy_rt","advanced",,,"0.9.0.9000","Curated module-level advanced classification; source: 013-models.R. Lifecycle status does not establish construct validity."
"fit_aoi_compositional_model","advanced",,,"0.9.0.9000","Curated module-level advanced classification; source: 032-compositional-aoi.R. Lifecycle status does not establish construct validity."
"fit_aoi_growth_curve","advanced",,,"0.9.0.9000","Curated module-level advanced classification; source: 060-process-window-representations-0-8.R. Lifecycle status does not establish construct validity."
"fit_brms_adapter","workflow","fit_brms_adapter",,"0.9.0.9000","Curated module-level workflow classification; source: 028-api-storage-adapters.R. Lifecycle status does not establish construct validity."
"fit_censored_normal_process_irt","experimental",,,"0.9.0.9000","Curated module-level experimental classification; source: 054-additional-process-measurement-0-7.R. Lifecycle status does not establish construct validity."
"fit_changepoint_multimodal_irt","experimental",,,"0.9.0.9000","Curated module-level experimental classification; source: 050-process-irt-models-0-7.R. Lifecycle status does not establish construct validity."
"fit_changepoint_rt_irt","experimental",,,"0.9.0.9000","Curated module-level experimental classification; source: 050-process-irt-models-0-7.R. Lifecycle status does not establish construct validity."
"fit_cognitive_diagnosis_process","experimental",,,"0.9.0.9000","Curated module-level experimental classification; source: 051-advanced-process-irt-0-7.R. Lifecycle status does not establish construct validity."
"fit_continuous_time_irt","experimental",,,"0.9.0.9000","Curated module-level experimental classification; source: 051-advanced-process-irt-0-7.R. Lifecycle status does not establish construct validity."
"fit_crossclassified_process_irt","experimental",,,"0.9.0.9000","Curated module-level experimental classification; source: 051-advanced-process-irt-0-7.R. Lifecycle status does not establish construct validity."
"fit_crossclassified_process_irt_mhrm","gated",,,"0.9.0.9000","Curated module-level gated classification; source: 065-frontier-gates-0-8.R. Lifecycle status does not establish construct validity."
"fit_device_linking","advanced",,,"0.9.0.9000","Curated module-level advanced classification; source: 036-device-linking.R. Lifecycle status does not establish construct validity."
"fit_dif","advanced",,,"0.9.0.9000","Curated module-level advanced classification; source: 013-models.R. Lifecycle status does not establish construct validity."
"fit_diffirt_adapter","experimental",,,"0.9.0.9000","Function-level explicit experimental contract overrides module policy; source: 020-interoperability-storage.R. Lifecycle status does not establish construct validity."
"fit_diffirt_engine_adapter","workflow","fit_diffirt_engine_adapter",,"0.9.0.9000","Curated module-level workflow classification; source: 028-api-storage-adapters.R. Lifecycle status does not establish construct validity."
"fit_dynamic_aoi_model","experimental",,,"0.9.0.9000","Function-level explicit experimental contract overrides module policy; source: 013-models.R. Lifecycle status does not establish construct validity."
"fit_dynamic_gpirt","experimental",,,"0.9.0.9000","Curated module-level experimental classification; source: 051-advanced-process-irt-0-7.R. Lifecycle status does not establish construct validity."
"fit_dynamic_irtree","advanced",,,"0.9.0.9000","Curated module-level advanced classification; source: 024-dynamic-irtree-engine.R. Lifecycle status does not establish construct validity."
"fit_dynamic_irtree_stan","advanced",,,"0.9.0.9000","Curated module-level advanced classification; source: 024-dynamic-irtree-engine.R. Lifecycle status does not establish construct validity."
"fit_event_time_irt","advanced",,,"0.9.0.9000","Curated module-level advanced classification; source: 055-requested-api-completion-0-7.R. Lifecycle status does not establish construct validity."
"fit_explanatory_irt","advanced",,,"0.9.0.9000","Curated module-level advanced classification; source: 013-models.R. Lifecycle status does not establish construct validity."
"fit_external_engine","workflow","fit_external_engine",,"0.9.0.9000","Curated module-level workflow classification; source: 028-api-storage-adapters.R. Lifecycle status does not establish construct validity."
"fit_eyeprocess_erm","gated",,,"0.9.0.9000","Curated module-level gated classification; source: 088-irt-engine-adapters-0-9.R. Lifecycle status does not establish construct validity."
"fit_eyeprocess_gdina","gated",,,"0.9.0.9000","Curated module-level gated classification; source: 088-irt-engine-adapters-0-9.R. Lifecycle status does not establish construct validity."
"fit_eyeprocess_lnirt","gated",,,"0.9.0.9000","Curated module-level gated classification; source: 088-irt-engine-adapters-0-9.R. Lifecycle status does not establish construct validity."
"fit_eyeprocess_mirt","gated",,,"0.9.0.9000","Curated module-level gated classification; source: 088-irt-engine-adapters-0-9.R. Lifecycle status does not establish construct validity."
"fit_eyeprocess_tam","gated",,,"0.9.0.9000","Curated module-level gated classification; source: 088-irt-engine-adapters-0-9.R. Lifecycle status does not establish construct validity."
"fit_eyetrackingr_adapter","workflow","fit_eyetrackingr_adapter",,"0.9.0.9000","Curated module-level workflow classification; source: 028-api-storage-adapters.R. Lifecycle status does not establish construct validity."
"fit_fixation_point_process","advanced",,,"0.9.0.9000","Curated module-level advanced classification; source: 040-fixation-point-process.R. Lifecycle status does not establish construct validity."
"fit_flow_mirt","gated",,,"0.9.0.9000","Function-level explicit gated contract overrides module policy; source: 051-advanced-process-irt-0-7.R. Lifecycle status does not establish construct validity."
"fit_functional_pupil_stan","advanced",,,"0.9.0.9000","Curated module-level advanced classification; source: 026-functional-pupil-engine.R. Lifecycle status does not establish construct validity."
"fit_gaze_anchored_3pl_audit","advanced",,,"0.9.0.9000","Curated module-level advanced classification; source: 068-bayesian-3pl-process-diagnostics-0-8.R. Lifecycle status does not establish construct validity."
"fit_gaze_diffusion_irt","advanced",,,"0.9.0.9000","Curated module-level advanced classification; source: 027-strategy-diffusion-engines.R. Lifecycle status does not establish construct validity."
"fit_gaze_diffusion_stan","advanced",,,"0.9.0.9000","Curated module-level advanced classification; source: 027-strategy-diffusion-engines.R. Lifecycle status does not establish construct validity."
"fit_gaze_informed_irt","experimental",,,"0.9.0.9000","Curated module-level experimental classification; source: 016-advanced-experimental.R. Lifecycle status does not establish construct validity."
"fit_gaze_informed_missingness_irt","advanced",,,"0.9.0.9000","Curated module-level advanced classification; source: 055-requested-api-completion-0-7.R. Lifecycle status does not establish construct validity."
"fit_gaze_weighted_choice","experimental",,,"0.9.0.9000","Curated module-level experimental classification; source: 016-advanced-experimental.R. Lifecycle status does not establish construct validity."
"fit_gdina_adapter","experimental",,,"0.9.0.9000","Function-level explicit experimental contract overrides module policy; source: 028-api-storage-adapters.R. Lifecycle status does not establish construct validity."
"fit_gpirt","gated",,,"0.9.0.9000","Function-level explicit gated contract overrides module policy; source: 051-advanced-process-irt-0-7.R. Lifecycle status does not establish construct validity."
"fit_irt","advanced",,,"0.9.0.9000","Curated module-level advanced classification; source: 013-models.R. Lifecycle status does not establish construct validity."
"fit_irt_model","experimental",,,"0.9.0.9000","Curated module-level experimental classification; source: 049-multimodal-irt-registry.R. Lifecycle status does not establish construct validity."
"fit_item_parameter_seed_model","advanced",,,"0.9.0.9000","Curated module-level advanced classification; source: 062-context-process-structure-0-8.R. Lifecycle status does not establish construct validity."
"fit_joint_functional_pupil_irt","advanced",,,"0.9.0.9000","Curated module-level advanced classification; source: 026-functional-pupil-engine.R. Lifecycle status does not establish construct validity."
"fit_joint_gaze_rt_irt","advanced",,,"0.9.0.9000","Model-registry `reference` status conservatively mapped to lifecycle `advanced`; source: 050-process-irt-models-0-7.R. Lifecycle status describes software-interface maturity and does not establish construct validity."
"fit_joint_graded_rt_process_irt","experimental",,,"0.9.0.9000","Curated module-level experimental classification; source: 050-process-irt-models-0-7.R. Lifecycle status does not establish construct validity."
"fit_joint_process_model","experimental",,,"0.9.0.9000","Function-level explicit experimental contract overrides module policy; source: 013-models.R. Lifecycle status does not establish construct validity."
"fit_joint_signal_missingness","advanced",,,"0.9.0.9000","Curated module-level advanced classification; source: 038-informative-missingness.R. Lifecycle status does not establish construct validity."
"fit_kde_latent_distribution_irt","gated",,,"0.9.0.9000","Curated module-level gated classification; source: 065-frontier-gates-0-8.R. Lifecycle status does not establish construct validity."
"fit_latent_class_process_irt","experimental",,,"0.9.0.9000","Curated module-level experimental classification; source: 051-advanced-process-irt-0-7.R. Lifecycle status does not establish construct validity."
"fit_latent_space_irt","experimental",,,"0.9.0.9000","Curated module-level experimental classification; source: 051-advanced-process-irt-0-7.R. Lifecycle status does not establish construct validity."
"fit_lnirt_adapter","workflow","fit_lnirt_adapter",,"0.9.0.9000","Curated module-level workflow classification; source: 028-api-storage-adapters.R. Lifecycle status does not establish construct validity."
"fit_manyfacet_process_irt","advanced",,,"0.9.0.9000","Model-registry `reference` status conservatively mapped to lifecycle `advanced`; source: 050-process-irt-models-0-7.R. Lifecycle status describes software-interface maturity and does not establish construct validity."
"fit_marked_gaze_process","advanced",,,"0.9.0.9000","Curated module-level advanced classification; source: 040-fixation-point-process.R. Lifecycle status does not establish construct validity."
"fit_mirt_adapter","workflow","fit_mirt_adapter",,"0.9.0.9000","Curated module-level workflow classification; source: 028-api-storage-adapters.R. Lifecycle status does not establish construct validity."
"fit_mixture_irt_process_classes","advanced",,,"0.9.0.9000","Curated module-level advanced classification; source: 067-advanced-sensitivity-diagnostics-0-8.R. Lifecycle status does not establish construct validity."
"fit_multiblock_process_map","advanced",,,"0.9.0.9000","Curated module-level advanced classification; source: 062-context-process-structure-0-8.R. Lifecycle status does not establish construct validity."
"fit_multimodal_irt","experimental",,,"0.9.0.9000","Curated module-level experimental classification; source: 016-advanced-experimental.R. Lifecycle status does not establish construct validity."
"fit_multimodal_trait_irt","experimental",,,"0.9.0.9000","Curated module-level experimental classification; source: 054-additional-process-measurement-0-7.R. Lifecycle status does not establish construct validity."
"fit_multinomial_transition","advanced",,,"0.9.0.9000","Curated module-level advanced classification; source: 024-dynamic-irtree-engine.R. Lifecycle status does not establish construct validity."
"fit_multiple_response_process_irt","experimental",,,"0.9.0.9000","Curated module-level experimental classification; source: 057-emerging-process-irt-0-7.R. Lifecycle status does not establish construct validity."
"fit_nominal_gaze_irt","experimental",,,"0.9.0.9000","Curated module-level experimental classification; source: 050-process-irt-models-0-7.R. Lifecycle status does not establish construct validity."
"fit_nonignorable_missing_irt","gated",,,"0.9.0.9000","Curated module-level gated classification; source: 065-frontier-gates-0-8.R. Lifecycle status does not establish construct validity."
"fit_offline_recalibration","advanced",,,"0.9.0.9000","Curated module-level advanced classification; source: 034-calibration-recalibration.R. Lifecycle status does not establish construct validity."
"fit_omission_survival_irt","experimental",,,"0.9.0.9000","Curated module-level experimental classification; source: 050-process-irt-models-0-7.R. Lifecycle status does not establish construct validity."
"fit_openmx_adapter","workflow","fit_openmx_adapter",,"0.9.0.9000","Curated module-level workflow classification; source: 028-api-storage-adapters.R. Lifecycle status does not establish construct validity."
"fit_openmx_process_model","experimental",,,"0.9.0.9000","Function-level explicit experimental contract overrides module policy; source: 020-interoperability-storage.R. Lifecycle status does not establish construct validity."
"fit_persistence_gaze_diffusion_irt","gated",,,"0.9.0.9000","Curated module-level gated classification; source: 065-frontier-gates-0-8.R. Lifecycle status does not establish construct validity."
"fit_phase_amplitude_irt","advanced",,,"0.9.0.9000","Curated module-level advanced classification; source: 037-pupil-registration.R. Lifecycle status does not establish construct validity."
"fit_process_dif","advanced",,,"0.9.0.9000","Curated module-level advanced classification; source: 044-process-dif-fairness.R. Lifecycle status does not establish construct validity."
"fit_process_gstudy","advanced",,,"0.9.0.9000","Curated module-level advanced classification; source: 035-process-reliability.R. Lifecycle status does not establish construct validity."
"fit_process_hmm_irt","experimental",,,"0.9.0.9000","Curated module-level experimental classification; source: 051-advanced-process-irt-0-7.R. Lifecycle status does not establish construct validity."
"fit_process_irt","experimental",,,"0.9.0.9000","Curated module-level experimental classification; source: 016-advanced-experimental.R. Lifecycle status does not establish construct validity."
"fit_process_missingness_model","workflow","fit_process_missingness_model",,"0.9.0.9000","Curated module-level workflow classification; source: 047-measurement-intelligence-adapters.R. Lifecycle status does not establish construct validity."
"fit_process_norms","advanced",,,"0.9.0.9000","Curated module-level advanced classification; source: 045-process-norms.R. Lifecycle status does not establish construct validity."
"fit_process_observation_model","advanced",,,"0.9.0.9000","Curated module-level advanced classification; source: 038-informative-missingness.R. Lifecycle status does not establish construct validity."
"fit_process_profile_mixture","advanced",,,"0.9.0.9000","Curated module-level advanced classification; source: 062-context-process-structure-0-8.R. Lifecycle status does not establish construct validity."
"fit_process_rasch_tree","advanced",,,"0.9.0.9000","Curated module-level advanced classification; source: 067-advanced-sensitivity-diagnostics-0-8.R. Lifecycle status does not establish construct validity."
"fit_pupil_confound_model","advanced",,,"0.9.0.9000","Curated module-level advanced classification; source: 061-pupil-advanced-representations-0-8.R. Lifecycle status does not establish construct validity."
"fit_pupil_event_deconvolution","advanced",,,"0.9.0.9000","Curated module-level advanced classification; source: 061-pupil-advanced-representations-0-8.R. Lifecycle status does not establish construct validity."
"fit_pupil_informed_irt","experimental",,,"0.9.0.9000","Curated module-level experimental classification; source: 016-advanced-experimental.R. Lifecycle status does not establish construct validity."
"fit_pupillometryr_adapter","workflow","fit_pupillometryr_adapter",,"0.9.0.9000","Curated module-level workflow classification; source: 028-api-storage-adapters.R. Lifecycle status does not establish construct validity."
"fit_response_process_embedding_irt","experimental",,,"0.9.0.9000","Curated module-level experimental classification; source: 051-advanced-process-irt-0-7.R. Lifecycle status does not establish construct validity."
"fit_revisit_process_cdm","experimental",,,"0.9.0.9000","Curated module-level experimental classification; source: 057-emerging-process-irt-0-7.R. Lifecycle status does not establish construct validity."
"fit_seqhmm_adapter","workflow","fit_seqhmm_adapter",,"0.9.0.9000","Curated module-level workflow classification; source: 028-api-storage-adapters.R. Lifecycle status does not establish construct validity."
"fit_shared_process_factor","advanced",,,"0.9.0.9000","Curated module-level advanced classification; source: 013-models.R. Lifecycle status does not establish construct validity."
"fit_speed_accuracy_engagement_irt","experimental",,,"0.9.0.9000","Curated module-level experimental classification; source: 050-process-irt-models-0-7.R. Lifecycle status does not establish construct validity."
"fit_strategy_mixture","experimental",,,"0.9.0.9000","Curated module-level experimental classification; source: 016-advanced-experimental.R. Lifecycle status does not establish construct validity."
"fit_strategy_mixture_em","advanced",,,"0.9.0.9000","Curated module-level advanced classification; source: 027-strategy-diffusion-engines.R. Lifecycle status does not establish construct validity."
"fit_strategy_mixture_stan","advanced",,,"0.9.0.9000","Curated module-level advanced classification; source: 027-strategy-diffusion-engines.R. Lifecycle status does not establish construct validity."
"fit_tam_adapter","workflow","fit_tam_adapter",,"0.9.0.9000","Curated module-level workflow classification; source: 028-api-storage-adapters.R. Lifecycle status does not establish construct validity."
"fit_theory_strategy_irt","advanced",,,"0.9.0.9000","Curated module-level advanced classification; source: 027-strategy-diffusion-engines.R. Lifecycle status does not establish construct validity."
"fit_traminer_adapter","workflow","fit_traminer_adapter",,"0.9.0.9000","Curated module-level workflow classification; source: 028-api-storage-adapters.R. Lifecycle status does not establish construct validity."
"fit_validation_replicate","advanced",,,"0.9.0.9000","Curated module-level advanced classification; source: 055-requested-api-completion-0-7.R. Lifecycle status does not establish construct validity."
"fit_variational_irt","experimental",,,"0.9.0.9000","Curated module-level experimental classification; source: 051-advanced-process-irt-0-7.R. Lifecycle status does not establish construct validity."
"fit_visual_context_irt","advanced",,,"0.9.0.9000","Curated module-level advanced classification; source: 062-context-process-structure-0-8.R. Lifecycle status does not establish construct validity."
"fixation_boundary_uncertainty","advanced",,,"0.9.0.9000","Curated module-level advanced classification; source: 076-calibration-quality-uncertainty-0-9.R. Lifecycle status does not establish construct validity."
"flag_gaze_outliers","core","flag_gaze_outliers",,"0.9.0.9000","Curated module-level core classification; source: 009-preprocessing.R. Lifecycle status does not establish construct validity."
"format_compatibility_matrix","core","format_compatibility_matrix",,"0.9.0.9000","Curated module-level core classification; source: 017-format-validation.R. Lifecycle status does not establish construct validity."
"format_validation_spec","core","format_validation_spec",,"0.9.0.9000","Curated module-level core classification; source: 017-format-validation.R. Lifecycle status does not establish construct validity."
"freeze_eyeprocess_irt_reference","advanced",,,"0.9.0.9000","Curated module-level advanced classification; source: 089-irt-validation-evidence-0-9.R. Lifecycle status does not establish construct validity."
"freeze_eyeprocess_validation_atlas","workflow","freeze_eyeprocess_validation_atlas",,"0.9.0.9000","Curated module-level workflow classification; source: 094-validation-paper-tables-atlas-0-9.R. Lifecycle status does not establish construct validity."
"freeze_eyeprocess_validation_evidence","workflow","freeze_eyeprocess_validation_evidence",,"0.9.0.9000","Curated module-level workflow classification; source: 091-validation-stress-freeze-0-9.R. Lifecycle status does not establish construct validity."
"freeze_software_paper_evidence","workflow","freeze_software_paper_evidence",,"0.9.0.9000","Curated module-level workflow classification; source: 079-software-paper-evidence-0-9.R. Lifecycle status does not establish construct validity."
"freeze_validation_reference","workflow","freeze_validation_reference",,"0.9.0.9000","Curated module-level workflow classification; source: 069-validation-program-0-9.R. Lifecycle status does not establish construct validity."
"functional_pupil_basis","advanced",,,"0.9.0.9000","Curated module-level advanced classification; source: 026-functional-pupil-engine.R. Lifecycle status does not establish construct validity."
"functional_pupil_diagnostics","advanced",,,"0.9.0.9000","Curated module-level advanced classification; source: 026-functional-pupil-engine.R. Lifecycle status does not establish construct validity."
"functional_pupil_features","experimental",,,"0.9.0.9000","Curated module-level experimental classification; source: 016-advanced-experimental.R. Lifecycle status does not establish construct validity."
"functional_pupil_irt_spec","advanced",,,"0.9.0.9000","Curated module-level advanced classification; source: 026-functional-pupil-engine.R. Lifecycle status does not establish construct validity."
"gaze_anchored_3pl_alignment","advanced",,,"0.9.0.9000","Curated module-level advanced classification; source: 068-bayesian-3pl-process-diagnostics-0-8.R. Lifecycle status does not establish construct validity."
"gaze_data_quality_profile","advanced",,,"0.9.0.9000","Curated module-level advanced classification; source: 076-calibration-quality-uncertainty-0-9.R. Lifecycle status does not establish construct validity."
"gaze_diffusion_spec","advanced",,,"0.9.0.9000","Curated module-level advanced classification; source: 027-strategy-diffusion-engines.R. Lifecycle status does not establish construct validity."
"gaze_entropy","core","gaze_entropy",,"0.9.0.9000","Curated module-level core classification; source: 010-features.R. Lifecycle status does not establish construct validity."
"gaze_precision_rms_s2s","advanced",,,"0.9.0.9000","Curated module-level advanced classification; source: 076-calibration-quality-uncertainty-0-9.R. Lifecycle status does not establish construct validity."
"gaze_recurrence","advanced",,,"0.9.0.9000","Curated module-level advanced classification; source: 039-recurrence-analysis.R. Lifecycle status does not establish construct validity."
"gaze_uncertainty_ellipse","advanced",,,"0.9.0.9000","Curated module-level advanced classification; source: 076-calibration-quality-uncertainty-0-9.R. Lifecycle status does not establish construct validity."
"gaze_velocity","core","gaze_velocity",,"0.9.0.9000","Curated module-level core classification; source: 009-preprocessing.R. Lifecycle status does not establish construct validity."
"gazepoint_analysis_tables","workflow","gazepoint_analysis_tables",,"0.9.0.9000","Curated module-level workflow classification; source: 019-gazepoint-downstream-workflow.R. Lifecycle status does not establish construct validity."
"gazepoint_irt_tables","workflow","gazepoint_irt_tables",,"0.9.0.9000","Curated module-level workflow classification; source: 019-gazepoint-downstream-workflow.R. Lifecycle status does not establish construct validity."
"gazepoint_workflow_spec","workflow","gazepoint_workflow_spec",,"0.9.0.9000","Curated module-level workflow classification; source: 019-gazepoint-downstream-workflow.R. Lifecycle status does not establish construct validity."
"generalizability_process_study","experimental",,,"0.9.0.9000","Curated module-level experimental classification; source: 054-additional-process-measurement-0-7.R. Lifecycle status does not establish construct validity."
"get_eye_table","core","get_eye_table",,"0.9.0.9000","Curated module-level core classification; source: 002-class.R. Lifecycle status does not establish construct validity."
"get_irt_model","experimental",,,"0.9.0.9000","Curated module-level experimental classification; source: 049-multimodal-irt-registry.R. Lifecycle status does not establish construct validity."
"gp_align_media_ids","core","gp_align_media_ids",,"0.9.0.9000","Curated module-level core classification; source: 005-import-gazepoint.R. Lifecycle status does not establish construct validity."
"gp_audit_file_pairs","core","gp_audit_file_pairs",,"0.9.0.9000","Curated module-level core classification; source: 018-gazepoint-real-exports.R. Lifecycle status does not establish construct validity."
"gp_check_biometrics_sync","core","gp_check_biometrics_sync",,"0.9.0.9000","Curated module-level core classification; source: 005-import-gazepoint.R. Lifecycle status does not establish construct validity."
"gp_check_fixation_ids","core","gp_check_fixation_ids",,"0.9.0.9000","Curated module-level core classification; source: 005-import-gazepoint.R. Lifecycle status does not establish construct validity."
"gp_check_media_timing","core","gp_check_media_timing",,"0.9.0.9000","Curated module-level core classification; source: 005-import-gazepoint.R. Lifecycle status does not establish construct validity."
"gp_check_pupil_channels","core","gp_check_pupil_channels",,"0.9.0.9000","Curated module-level core classification; source: 005-import-gazepoint.R. Lifecycle status does not establish construct validity."
"gp_check_sampling_rate","core","gp_check_sampling_rate",,"0.9.0.9000","Curated module-level core classification; source: 005-import-gazepoint.R. Lifecycle status does not establish construct validity."
"gp_check_validity_fields","core","gp_check_validity_fields",,"0.9.0.9000","Curated module-level core classification; source: 005-import-gazepoint.R. Lifecycle status does not establish construct validity."
"gp_identify_export_type","core","gp_identify_export_type",,"0.9.0.9000","Curated module-level core classification; source: 018-gazepoint-real-exports.R. Lifecycle status does not establish construct validity."
"gp_list_export_fields","core","gp_list_export_fields",,"0.9.0.9000","Curated module-level core classification; source: 005-import-gazepoint.R. Lifecycle status does not establish construct validity."
"gp_match_biometrics","core","gp_match_biometrics",,"0.9.0.9000","Curated module-level core classification; source: 005-import-gazepoint.R. Lifecycle status does not establish construct validity."
"gp_match_recordings","core","gp_match_recordings",,"0.9.0.9000","Curated module-level core classification; source: 005-import-gazepoint.R. Lifecycle status does not establish construct validity."
"gp_pair_exports","core","gp_pair_exports",,"0.9.0.9000","Curated module-level core classification; source: 018-gazepoint-real-exports.R. Lifecycle status does not establish construct validity."
"gp_parse_markers","core","gp_parse_markers",,"0.9.0.9000","Curated module-level core classification; source: 005-import-gazepoint.R. Lifecycle status does not establish construct validity."
"gp_parse_media_events","core","gp_parse_media_events",,"0.9.0.9000","Curated module-level core classification; source: 005-import-gazepoint.R. Lifecycle status does not establish construct validity."
"gp_parse_user_events","core","gp_parse_user_events",,"0.9.0.9000","Curated module-level core classification; source: 005-import-gazepoint.R. Lifecycle status does not establish construct validity."
"gp_profile_export","core","gp_profile_export",,"0.9.0.9000","Curated module-level core classification; source: 005-import-gazepoint.R. Lifecycle status does not establish construct validity."
"gp_reconstruct_stimuli","core","gp_reconstruct_stimuli",,"0.9.0.9000","Curated module-level core classification; source: 005-import-gazepoint.R. Lifecycle status does not establish construct validity."
"gp_reconstruct_trials","core","gp_reconstruct_trials",,"0.9.0.9000","Curated module-level core classification; source: 005-import-gazepoint.R. Lifecycle status does not establish construct validity."
"gp_validate_export","core","gp_validate_export",,"0.9.0.9000","Curated module-level core classification; source: 005-import-gazepoint.R. Lifecycle status does not establish construct validity."
"grade_model_evidence","advanced",,,"0.9.0.9000","Curated module-level advanced classification; source: 052-irt-validation-0-7.R. Lifecycle status does not establish construct validity."
"grouped_cv","workflow","grouped_cv",,"0.9.0.9000","Curated module-level workflow classification; source: 021-validation-program.R. Lifecycle status does not establish construct validity."
"grouped_folds","workflow","grouped_folds",,"0.9.0.9000","Curated module-level workflow classification; source: 021-validation-program.R. Lifecycle status does not establish construct validity."
"import_benchmark_study","workflow","import_benchmark_study",,"0.9.0.9000","Curated module-level workflow classification; source: 029-benchmark-reproducibility.R. Lifecycle status does not establish construct validity."
"import_canonical","workflow","import_canonical",,"0.9.0.9000","Curated module-level workflow classification; source: 015-export-report-bridges.R. Lifecycle status does not establish construct validity."
"import_eye_bids","workflow","import_eye_bids",,"0.9.0.9000","Curated module-level workflow classification; source: 020-interoperability-storage.R. Lifecycle status does not establish construct validity."
"incremental_process_validity","advanced",,,"0.9.0.9000","Curated module-level advanced classification; source: 062-context-process-structure-0-8.R. Lifecycle status does not establish construct validity."
"infer_eye_mapping","core","infer_eye_mapping",,"0.9.0.9000","Curated module-level core classification; source: 003-mapping-adapters.R. Lifecycle status does not establish construct validity."
"init_validation_corpus","core","init_validation_corpus",,"0.9.0.9000","Curated module-level core classification; source: 017-format-validation.R. Lifecycle status does not establish construct validity."
"init_vendor_corpus","workflow","init_vendor_corpus",,"0.9.0.9000","Curated module-level workflow classification; source: 025-vendor-corpus.R. Lifecycle status does not establish construct validity."
"inject_aoi_label_noise","advanced",,,"0.9.0.9000","Curated module-level advanced classification; source: 075-benchmark-stress-0-9.R. Lifecycle status does not establish construct validity."
"inject_calibration_offset","advanced",,,"0.9.0.9000","Curated module-level advanced classification; source: 075-benchmark-stress-0-9.R. Lifecycle status does not establish construct validity."
"inject_device_shift","advanced",,,"0.9.0.9000","Curated module-level advanced classification; source: 075-benchmark-stress-0-9.R. Lifecycle status does not establish construct validity."
"inject_eye_missingness","advanced",,,"0.9.0.9000","Curated module-level advanced classification; source: 075-benchmark-stress-0-9.R. Lifecycle status does not establish construct validity."
"inject_pupil_dropout","advanced",,,"0.9.0.9000","Curated module-level advanced classification; source: 075-benchmark-stress-0-9.R. Lifecycle status does not establish construct validity."
"inject_sampling_jitter","advanced",,,"0.9.0.9000","Curated module-level advanced classification; source: 075-benchmark-stress-0-9.R. Lifecycle status does not establish construct validity."
"inject_trial_imbalance","advanced",,,"0.9.0.9000","Curated module-level advanced classification; source: 075-benchmark-stress-0-9.R. Lifecycle status does not establish construct validity."
"inspect_eye_source","core","inspect_eye_source",,"0.9.0.9000","Curated module-level core classification; source: 017-format-validation.R. Lifecycle status does not establish construct validity."
"interpolate_pupil","core","interpolate_pupil",,"0.9.0.9000","Curated module-level core classification; source: 009-preprocessing.R. Lifecycle status does not establish construct validity."
"interpretive_warnings","core","interpretive_warnings",,"0.9.0.9000","Curated module-level core classification; source: 011-quality-governance.R. Lifecycle status does not establish construct validity."
"irt_compositional_channel","experimental",,,"0.9.0.9000","Curated module-level experimental classification; source: 049-multimodal-irt-registry.R. Lifecycle status does not establish construct validity."
"irt_continuous_channel","experimental",,,"0.9.0.9000","Curated module-level experimental classification; source: 054-additional-process-measurement-0-7.R. Lifecycle status does not establish construct validity."
"irt_count_channel","experimental",,,"0.9.0.9000","Curated module-level experimental classification; source: 049-multimodal-irt-registry.R. Lifecycle status does not establish construct validity."
"irt_functional_channel","experimental",,,"0.9.0.9000","Curated module-level experimental classification; source: 049-multimodal-irt-registry.R. Lifecycle status does not establish construct validity."
"irt_model_spec","experimental",,,"0.9.0.9000","Curated module-level experimental classification; source: 049-multimodal-irt-registry.R. Lifecycle status does not establish construct validity."
"irt_nominal_channel","experimental",,,"0.9.0.9000","Curated module-level experimental classification; source: 049-multimodal-irt-registry.R. Lifecycle status does not establish construct validity."
"irt_response_channel","experimental",,,"0.9.0.9000","Curated module-level experimental classification; source: 049-multimodal-irt-registry.R. Lifecycle status does not establish construct validity."
"irt_rt_channel","experimental",,,"0.9.0.9000","Curated module-level experimental classification; source: 049-multimodal-irt-registry.R. Lifecycle status does not establish construct validity."
"irt_sequence_channel","experimental",,,"0.9.0.9000","Curated module-level experimental classification; source: 049-multimodal-irt-registry.R. Lifecycle status does not establish construct validity."
"irt_survival_channel","experimental",,,"0.9.0.9000","Curated module-level experimental classification; source: 049-multimodal-irt-registry.R. Lifecycle status does not establish construct validity."
"irt_validation_spec","advanced",,,"0.9.0.9000","Curated module-level advanced classification; source: 052-irt-validation-0-7.R. Lifecycle status does not establish construct validity."
"is_eye_dataset","core","is_eye_dataset",,"0.9.0.9000","Curated module-level core classification; source: 002-class.R. Lifecycle status does not establish construct validity."
"is_eyelink_export","core","is_eyelink_export",,"0.9.0.9000","Curated module-level core classification; source: 006-import-other-vendors.R. Lifecycle status does not establish construct validity."
"is_gazepoint_export","core","is_gazepoint_export",,"0.9.0.9000","Curated module-level core classification; source: 018-gazepoint-real-exports.R. Lifecycle status does not establish construct validity."
"is_pupil_labs_export","core","is_pupil_labs_export",,"0.9.0.9000","Curated module-level core classification; source: 006-import-other-vendors.R. Lifecycle status does not establish construct validity."
"is_smi_export","core","is_smi_export",,"0.9.0.9000","Curated module-level core classification; source: 006-import-other-vendors.R. Lifecycle status does not establish construct validity."
"is_tobii_export","core","is_tobii_export",,"0.9.0.9000","Curated module-level core classification; source: 006-import-other-vendors.R. Lifecycle status does not establish construct validity."
"item_objective_spec","advanced",,,"0.9.0.9000","Curated module-level advanced classification; source: 043-item-bank-optimization.R. Lifecycle status does not establish construct validity."
"item_parameters","advanced",,,"0.9.0.9000","Curated module-level advanced classification; source: 013-models.R. Lifecycle status does not establish construct validity."
"item_pareto_front","advanced",,,"0.9.0.9000","Curated module-level advanced classification; source: 043-item-bank-optimization.R. Lifecycle status does not establish construct validity."
"label_process_episodes","advanced",,,"0.9.0.9000","Curated module-level advanced classification; source: 042-process-episodes.R. Lifecycle status does not establish construct validity."
"latent_distribution_stress_test","advanced",,,"0.9.0.9000","Curated module-level advanced classification; source: 055-requested-api-completion-0-7.R. Lifecycle status does not establish construct validity."
"latent_trait_trajectory","experimental",,,"0.9.0.9000","Curated module-level experimental classification; source: 051-advanced-process-irt-0-7.R. Lifecycle status does not establish construct validity."
"leave_device_out_validation","advanced",,,"0.9.0.9000","Curated module-level advanced classification; source: 052-irt-validation-0-7.R. Lifecycle status does not establish construct validity."
"leave_item_out_validation","advanced",,,"0.9.0.9000","Curated module-level advanced classification; source: 052-irt-validation-0-7.R. Lifecycle status does not establish construct validity."
"leave_session_out_validation","advanced",,,"0.9.0.9000","Curated module-level advanced classification; source: 052-irt-validation-0-7.R. Lifecycle status does not establish construct validity."
"leave_site_out_validation","advanced",,,"0.9.0.9000","Curated module-level advanced classification; source: 052-irt-validation-0-7.R. Lifecycle status does not establish construct validity."
"list_irt_models","experimental",,,"0.9.0.9000","Curated module-level experimental classification; source: 049-multimodal-irt-registry.R. Lifecycle status does not establish construct validity."
"lock_decision_manifest","workflow","lock_decision_manifest",,"0.9.0.9000","Curated module-level workflow classification; source: 073-decision-manifests-0-9.R. Lifecycle status does not establish construct validity."
"map_latent_classes_to_process_profiles","advanced",,,"0.9.0.9000","Curated module-level advanced classification; source: 067-advanced-sensitivity-diagnostics-0-8.R. Lifecycle status does not establish construct validity."
"measurement_error_budget","advanced",,,"0.9.0.9000","Curated module-level advanced classification; source: 081-validation-extras-0-9.R. Lifecycle status does not establish construct validity."
"migrate_eye_storage_schema","workflow","migrate_eye_storage_schema",,"0.9.0.9000","Curated module-level workflow classification; source: 028-api-storage-adapters.R. Lifecycle status does not establish construct validity."
"model_data","advanced",,,"0.9.0.9000","Curated module-level advanced classification; source: 013-models.R. Lifecycle status does not establish construct validity."
"model_fit_statistics","advanced",,,"0.9.0.9000","Curated module-level advanced classification; source: 013-models.R. Lifecycle status does not establish construct validity."
"model_missing_process","experimental",,,"0.9.0.9000","Curated module-level experimental classification; source: 016-advanced-experimental.R. Lifecycle status does not establish construct validity."
"model_promotion_spec","workflow","model_promotion_spec",,"0.9.0.9000","Curated module-level workflow classification; source: 023-validation-orchestration.R. Lifecycle status does not establish construct validity."
"model_validation_spec","workflow","model_validation_spec",,"0.9.0.9000","Curated module-level workflow classification; source: 021-validation-program.R. Lifecycle status does not establish construct validity."
"model_validation_summary","workflow","model_validation_summary",,"0.9.0.9000","Curated module-level workflow classification; source: 021-validation-program.R. Lifecycle status does not establish construct validity."
"monitor_dif_drift","advanced",,,"0.9.0.9000","Curated module-level advanced classification; source: 044-process-dif-fairness.R. Lifecycle status does not establish construct validity."
"multiblock_contributions","advanced",,,"0.9.0.9000","Curated module-level advanced classification; source: 062-context-process-structure-0-8.R. Lifecycle status does not establish construct validity."
"multiblock_person_coordinates","advanced",,,"0.9.0.9000","Curated module-level advanced classification; source: 062-context-process-structure-0-8.R. Lifecycle status does not establish construct validity."
"multiblock_variable_coordinates","advanced",,,"0.9.0.9000","Curated module-level advanced classification; source: 062-context-process-structure-0-8.R. Lifecycle status does not establish construct validity."
"negative_control_concordance","advanced",,,"0.9.0.9000","Curated module-level advanced classification; source: 077-negative-controls-leakage-0-9.R. Lifecycle status does not establish construct validity."
"negative_control_process_test","advanced",,,"0.9.0.9000","Curated module-level advanced classification; source: 052-irt-validation-0-7.R. Lifecycle status does not establish construct validity."
"new_aoi","core","new_aoi",,"0.9.0.9000","Curated module-level core classification; source: 008-trials-aoi.R. Lifecycle status does not establish construct validity."
"new_coordinate_space","core","new_coordinate_space",,"0.9.0.9000","Curated module-level core classification; source: 001-schema.R. Lifecycle status does not establish construct validity."
"new_eye_dataset","core","new_eye_dataset",,"0.9.0.9000","Curated module-level core classification; source: 002-class.R. Lifecycle status does not establish construct validity."
"normalize_timebase","core","normalize_timebase",,"0.9.0.9000","Curated module-level core classification; source: 007-coordinates-time.R. Lifecycle status does not establish construct validity."
"object_hash","workflow","object_hash",,"0.9.0.9000","Curated module-level workflow classification; source: 078-reproducibility-provenance-0-9.R. Lifecycle status does not establish construct validity."
"object_schema","workflow","object_schema",,"0.9.0.9000","Curated module-level workflow classification; source: 028-api-storage-adapters.R. Lifecycle status does not establish construct validity."
"open_eye_storage","workflow","open_eye_storage",,"0.9.0.9000","Curated module-level workflow classification; source: 020-interoperability-storage.R. Lifecycle status does not establish construct validity."
"open_partitioned_eye_storage","workflow","open_partitioned_eye_storage",,"0.9.0.9000","Curated module-level workflow classification; source: 028-api-storage-adapters.R. Lifecycle status does not establish construct validity."
"optimize_item_bank","advanced",,,"0.9.0.9000","Curated module-level advanced classification; source: 043-item-bank-optimization.R. Lifecycle status does not establish construct validity."
"option_process_information","experimental",,,"0.9.0.9000","Curated module-level experimental classification; source: 050-process-irt-models-0-7.R. Lifecycle status does not establish construct validity."
"outcome_blind_feature_audit","advanced",,,"0.9.0.9000","Curated module-level advanced classification; source: 077-negative-controls-leakage-0-9.R. Lifecycle status does not establish construct validity."
"outcome_blind_snapshot","workflow","outcome_blind_snapshot",,"0.9.0.9000","Curated module-level workflow classification; source: 073-decision-manifests-0-9.R. Lifecycle status does not establish construct validity."
"package_reproducibility_manifest","workflow","package_reproducibility_manifest",,"0.9.0.9000","Curated module-level workflow classification; source: 029-benchmark-reproducibility.R. Lifecycle status does not establish construct validity."
"paper_reproducibility_manifest","workflow","paper_reproducibility_manifest",,"0.9.0.9000","Curated module-level workflow classification; source: 079-software-paper-evidence-0-9.R. Lifecycle status does not establish construct validity."
"parameter_recovery","advanced",,,"0.9.0.9000","Curated module-level advanced classification; source: 014-simulation.R. Lifecycle status does not establish construct validity."
"partition_eye_storage","workflow","partition_eye_storage",,"0.9.0.9000","Curated module-level workflow classification; source: 028-api-storage-adapters.R. Lifecycle status does not establish construct validity."
"person_scores","advanced",,,"0.9.0.9000","Curated module-level advanced classification; source: 013-models.R. Lifecycle status does not establish construct validity."
"pipeline_failures","workflow","pipeline_failures",,"0.9.0.9000","Curated module-level workflow classification; source: 070-governed-pipelines-0-9.R. Lifecycle status does not establish construct validity."
"pipeline_result","workflow","pipeline_result",,"0.9.0.9000","Curated module-level workflow classification; source: 070-governed-pipelines-0-9.R. Lifecycle status does not establish construct validity."
"pipeline_step_status","workflow","pipeline_step_status",,"0.9.0.9000","Curated module-level workflow classification; source: 070-governed-pipelines-0-9.R. Lifecycle status does not establish construct validity."
"placebo_window_audit","advanced",,,"0.9.0.9000","Curated module-level advanced classification; source: 077-negative-controls-leakage-0-9.R. Lifecycle status does not establish construct validity."
"plot_aoi_balance_biplot","advanced",,,"0.9.0.9000","Curated module-level advanced classification; source: 032-compositional-aoi.R. Lifecycle status does not establish construct validity."
"plot_aoi_boundary_risk","advanced",,,"0.9.0.9000","Curated module-level advanced classification; source: 031-probabilistic-aoi.R. Lifecycle status does not establish construct validity."
"plot_aoi_composition_trajectory","advanced",,,"0.9.0.9000","Curated module-level advanced classification; source: 032-compositional-aoi.R. Lifecycle status does not establish construct validity."
"plot_aoi_dwell","core","plot_aoi_dwell",,"0.9.0.9000","Curated module-level core classification; source: 012-plots.R. Lifecycle status does not establish construct validity."
"plot_aoi_metric_uncertainty","advanced",,,"0.9.0.9000","Curated module-level advanced classification; source: 031-probabilistic-aoi.R. Lifecycle status does not establish construct validity."
"plot_aoi_probability_map","advanced",,,"0.9.0.9000","Curated module-level advanced classification; source: 031-probabilistic-aoi.R. Lifecycle status does not establish construct validity."
"plot_aoi_ternary","advanced",,,"0.9.0.9000","Curated module-level advanced classification; source: 032-compositional-aoi.R. Lifecycle status does not establish construct validity."
"plot_aoi_transition_matrix","advanced",,,"0.9.0.9000","Curated module-level advanced classification; source: 064-next-generation-plots-0-8.R. Lifecycle status does not establish construct validity."
"plot_aoi_transition_rank","advanced",,,"0.9.0.9000","Curated module-level advanced classification; source: 064-next-generation-plots-0-8.R. Lifecycle status does not establish construct validity."
"plot_aoi_variation_matrix","advanced",,,"0.9.0.9000","Curated module-level advanced classification; source: 032-compositional-aoi.R. Lifecycle status does not establish construct validity."
"plot_bank_information_coverage","advanced",,,"0.9.0.9000","Curated module-level advanced classification; source: 043-item-bank-optimization.R. Lifecycle status does not establish construct validity."
"plot_biometrics","core","plot_biometrics",,"0.9.0.9000","Curated module-level core classification; source: 012-plots.R. Lifecycle status does not establish construct validity."
"plot_calibration_error_ellipses","advanced",,,"0.9.0.9000","Curated module-level advanced classification; source: 034-calibration-recalibration.R. Lifecycle status does not establish construct validity."
"plot_calibration_vector_field","advanced",,,"0.9.0.9000","Curated module-level advanced classification; source: 034-calibration-recalibration.R. Lifecycle status does not establish construct validity."
"plot_changepoint_ribbons","advanced",,,"0.9.0.9000","Curated module-level advanced classification; source: 042-process-episodes.R. Lifecycle status does not establish construct validity."
"plot_clock_alignment","core","plot_clock_alignment",,"0.9.0.9000","Curated module-level core classification; source: 012-plots.R. Lifecycle status does not establish construct validity."
"plot_complete_case_sensitivity","advanced",,,"0.9.0.9000","Curated module-level advanced classification; source: 038-informative-missingness.R. Lifecycle status does not establish construct validity."
"plot_compositional_group_difference","advanced",,,"0.9.0.9000","Curated module-level advanced classification; source: 032-compositional-aoi.R. Lifecycle status does not establish construct validity."
"plot_coordinate_spaces","core","plot_coordinate_spaces",,"0.9.0.9000","Curated module-level core classification; source: 012-plots.R. Lifecycle status does not establish construct validity."
"plot_covariate_effect_surface","advanced",,,"0.9.0.9000","Curated module-level advanced classification; source: 040-fixation-point-process.R. Lifecycle status does not establish construct validity."
"plot_cross_vendor_metric_matrix","advanced",,,"0.9.0.9000","Curated module-level advanced classification; source: 036-device-linking.R. Lifecycle status does not establish construct validity."
"plot_crossmodal_recurrence","advanced",,,"0.9.0.9000","Curated module-level advanced classification; source: 039-recurrence-analysis.R. Lifecycle status does not establish construct validity."
"plot_decision_stability","advanced",,,"0.9.0.9000","Curated module-level advanced classification; source: 043-item-bank-optimization.R. Lifecycle status does not establish construct validity."
"plot_dependability_surface","advanced",,,"0.9.0.9000","Curated module-level advanced classification; source: 035-process-reliability.R. Lifecycle status does not establish construct validity."
"plot_device_agreement","advanced",,,"0.9.0.9000","Curated module-level advanced classification; source: 036-device-linking.R. Lifecycle status does not establish construct validity."
"plot_device_bias_by_magnitude","advanced",,,"0.9.0.9000","Curated module-level advanced classification; source: 036-device-linking.R. Lifecycle status does not establish construct validity."
"plot_device_equivalence_intervals","advanced",,,"0.9.0.9000","Curated module-level advanced classification; source: 036-device-linking.R. Lifecycle status does not establish construct validity."
"plot_device_transfer_curve","advanced",,,"0.9.0.9000","Curated module-level advanced classification; source: 036-device-linking.R. Lifecycle status does not establish construct validity."
"plot_diagnostics","advanced",,,"0.9.0.9000","Curated module-level advanced classification; source: 030-measurement-intelligence-utils.R. Lifecycle status does not establish construct validity."
"plot_diagonal_recurrence_profile","advanced",,,"0.9.0.9000","Curated module-level advanced classification; source: 039-recurrence-analysis.R. Lifecycle status does not establish construct validity."
"plot_dif_drift_heatmap","advanced",,,"0.9.0.9000","Curated module-level advanced classification; source: 044-process-dif-fairness.R. Lifecycle status does not establish construct validity."
"plot_distractor_information","advanced",,,"0.9.0.9000","Curated module-level advanced classification; source: 055-requested-api-completion-0-7.R. Lifecycle status does not establish construct validity."
"plot_drift_over_time","advanced",,,"0.9.0.9000","Curated module-level advanced classification; source: 034-calibration-recalibration.R. Lifecycle status does not establish construct validity."
"plot_episode_duration_distribution","advanced",,,"0.9.0.9000","Curated module-level advanced classification; source: 042-process-episodes.R. Lifecycle status does not establish construct validity."
"plot_episode_transition_graph","advanced",,,"0.9.0.9000","Curated module-level advanced classification; source: 042-process-episodes.R. Lifecycle status does not establish construct validity."
"plot_episode_waterfall","advanced",,,"0.9.0.9000","Curated module-level advanced classification; source: 042-process-episodes.R. Lifecycle status does not establish construct validity."
"plot_evidence","advanced",,,"0.9.0.9000","Curated module-level advanced classification; source: 030-measurement-intelligence-utils.R. Lifecycle status does not establish construct validity."
"plot_evidence_graph","workflow","plot_evidence_graph",,"0.9.0.9000","Curated module-level workflow classification; source: 046-evidence-provenance-graph.R. Lifecycle status does not establish construct validity."
"plot_eye_overview","core","plot_eye_overview",,"0.9.0.9000","Curated module-level core classification; source: 012-plots.R. Lifecycle status does not establish construct validity."
"plot_eye_trace","core","plot_eye_trace",,"0.9.0.9000","Curated module-level core classification; source: 012-plots.R. Lifecycle status does not establish construct validity."
"plot_fairness_transport_matrix","advanced",,,"0.9.0.9000","Curated module-level advanced classification; source: 044-process-dif-fairness.R. Lifecycle status does not establish construct validity."
"plot_feature_correlation","core","plot_feature_correlation",,"0.9.0.9000","Curated module-level core classification; source: 012-plots.R. Lifecycle status does not establish construct validity."
"plot_feature_distribution","core","plot_feature_distribution",,"0.9.0.9000","Curated module-level core classification; source: 012-plots.R. Lifecycle status does not establish construct validity."
"plot_fixation_intensity","advanced",,,"0.9.0.9000","Curated module-level advanced classification; source: 040-fixation-point-process.R. Lifecycle status does not establish construct validity."
"plot_fixations","core","plot_fixations",,"0.9.0.9000","Curated module-level core classification; source: 012-plots.R. Lifecycle status does not establish construct validity."
"plot_fuzzy_transition_matrix","advanced",,,"0.9.0.9000","Curated module-level advanced classification; source: 031-probabilistic-aoi.R. Lifecycle status does not establish construct validity."
"plot_gaze_heatmap","core","plot_gaze_heatmap",,"0.9.0.9000","Curated module-level core classification; source: 012-plots.R. Lifecycle status does not establish construct validity."
"plot_gazepoint_workflow","workflow","plot_gazepoint_workflow",,"0.9.0.9000","Curated module-level workflow classification; source: 019-gazepoint-downstream-workflow.R. Lifecycle status does not establish construct validity."
"plot_group_icc_process_overlay","advanced",,,"0.9.0.9000","Curated module-level advanced classification; source: 044-process-dif-fairness.R. Lifecycle status does not establish construct validity."
"plot_group_scanpath_transport","advanced",,,"0.9.0.9000","Curated module-level advanced classification; source: 041-representative-scanpaths.R. Lifecycle status does not establish construct validity."
"plot_interval_coverage","workflow","plot_interval_coverage",,"0.9.0.9000","Curated module-level workflow classification; source: 023-validation-orchestration.R. Lifecycle status does not establish construct validity."
"plot_irf_uncertainty","advanced",,,"0.9.0.9000","Curated module-level advanced classification; source: 055-requested-api-completion-0-7.R. Lifecycle status does not establish construct validity."
"plot_item_decision_path","workflow","plot_item_decision_path",,"0.9.0.9000","Curated module-level workflow classification; source: 046-evidence-provenance-graph.R. Lifecycle status does not establish construct validity."
"plot_item_difficulty","core","plot_item_difficulty",,"0.9.0.9000","Curated module-level core classification; source: 012-plots.R. Lifecycle status does not establish construct validity."
"plot_item_group_process_curves","advanced",,,"0.9.0.9000","Curated module-level advanced classification; source: 044-process-dif-fairness.R. Lifecycle status does not establish construct validity."
"plot_item_normative_deviation","advanced",,,"0.9.0.9000","Curated module-level advanced classification; source: 045-process-norms.R. Lifecycle status does not establish construct validity."
"plot_item_pareto","advanced",,,"0.9.0.9000","Curated module-level advanced classification; source: 043-item-bank-optimization.R. Lifecycle status does not establish construct validity."
"plot_item_phase_delay","advanced",,,"0.9.0.9000","Curated module-level advanced classification; source: 037-pupil-registration.R. Lifecycle status does not establish construct validity."
"plot_item_sampling_reliability","advanced",,,"0.9.0.9000","Curated module-level advanced classification; source: 035-process-reliability.R. Lifecycle status does not establish construct validity."
"plot_metric_dependency_graph","workflow","plot_metric_dependency_graph",,"0.9.0.9000","Curated module-level workflow classification; source: 046-evidence-provenance-graph.R. Lifecycle status does not establish construct validity."
"plot_missingness","core","plot_missingness",,"0.9.0.9000","Curated module-level core classification; source: 012-plots.R. Lifecycle status does not establish construct validity."
"plot_missingness_by_aoi","advanced",,,"0.9.0.9000","Curated module-level advanced classification; source: 038-informative-missingness.R. Lifecycle status does not establish construct validity."
"plot_missingness_by_time","advanced",,,"0.9.0.9000","Curated module-level advanced classification; source: 038-informative-missingness.R. Lifecycle status does not establish construct validity."
"plot_mnar_tipping_point","advanced",,,"0.9.0.9000","Curated module-level advanced classification; source: 038-informative-missingness.R. Lifecycle status does not establish construct validity."
"plot_model_decision_impact","workflow","plot_model_decision_impact",,"0.9.0.9000","Curated module-level workflow classification; source: 046-evidence-provenance-graph.R. Lifecycle status does not establish construct validity."
"plot_model_diagnostics","core","plot_model_diagnostics",,"0.9.0.9000","Curated module-level core classification; source: 012-plots.R. Lifecycle status does not establish construct validity."
"plot_normative_fan","advanced",,,"0.9.0.9000","Curated module-level advanced classification; source: 045-process-norms.R. Lifecycle status does not establish construct validity."
"plot_objective_tradeoffs","advanced",,,"0.9.0.9000","Curated module-level advanced classification; source: 043-item-bank-optimization.R. Lifecycle status does not establish construct validity."
"plot_observation_probability","advanced",,,"0.9.0.9000","Curated module-level advanced classification; source: 038-informative-missingness.R. Lifecycle status does not establish construct validity."
"plot_observed_expected_fixations","advanced",,,"0.9.0.9000","Curated module-level advanced classification; source: 040-fixation-point-process.R. Lifecycle status does not establish construct validity."
"plot_parameter_recovery","workflow","plot_parameter_recovery",,"0.9.0.9000","Curated module-level workflow classification; source: 023-validation-orchestration.R. Lifecycle status does not establish construct validity."
"plot_person_item_space","advanced",,,"0.9.0.9000","Curated module-level advanced classification; source: 055-requested-api-completion-0-7.R. Lifecycle status does not establish construct validity."
"plot_person_normative_profile","advanced",,,"0.9.0.9000","Curated module-level advanced classification; source: 045-process-norms.R. Lifecycle status does not establish construct validity."
"plot_phase_amplitude_scores","advanced",,,"0.9.0.9000","Curated module-level advanced classification; source: 037-pupil-registration.R. Lifecycle status does not establish construct validity."
"plot_probabilistic_scanpath","advanced",,,"0.9.0.9000","Curated module-level advanced classification; source: 031-probabilistic-aoi.R. Lifecycle status does not establish construct validity."
"plot_process_centiles","advanced",,,"0.9.0.9000","Curated module-level advanced classification; source: 045-process-norms.R. Lifecycle status does not establish construct validity."
"plot_process_changepoint","advanced",,,"0.9.0.9000","Curated module-level advanced classification; source: 055-requested-api-completion-0-7.R. Lifecycle status does not establish construct validity."
"plot_process_channel_ablation_delta","advanced",,,"0.9.0.9000","Curated module-level advanced classification; source: 064-next-generation-plots-0-8.R. Lifecycle status does not establish construct validity."
"plot_process_dif_forest","advanced",,,"0.9.0.9000","Curated module-level advanced classification; source: 044-process-dif-fairness.R. Lifecycle status does not establish construct validity."
"plot_process_episodes","advanced",,,"0.9.0.9000","Curated module-level advanced classification; source: 042-process-episodes.R. Lifecycle status does not establish construct validity."
"plot_process_feature_stability","advanced",,,"0.9.0.9000","Curated module-level advanced classification; source: 064-next-generation-plots-0-8.R. Lifecycle status does not establish construct validity."
"plot_process_window_sensitivity","advanced",,,"0.9.0.9000","Curated module-level advanced classification; source: 064-next-generation-plots-0-8.R. Lifecycle status does not establish construct validity."
"plot_pupil_activity_sensitivity","advanced",,,"0.9.0.9000","Curated module-level advanced classification; source: 064-next-generation-plots-0-8.R. Lifecycle status does not establish construct validity."
"plot_pupil_activity_windows","advanced",,,"0.9.0.9000","Curated module-level advanced classification; source: 064-next-generation-plots-0-8.R. Lifecycle status does not establish construct validity."
"plot_pupil_band_power","advanced",,,"0.9.0.9000","Curated module-level advanced classification; source: 064-next-generation-plots-0-8.R. Lifecycle status does not establish construct validity."
"plot_pupil_components","advanced",,,"0.9.0.9000","Curated module-level advanced classification; source: 064-next-generation-plots-0-8.R. Lifecycle status does not establish construct validity."
"plot_pupil_preprocessing_audit","advanced",,,"0.9.0.9000","Curated module-level advanced classification; source: 064-next-generation-plots-0-8.R. Lifecycle status does not establish construct validity."
"plot_pupil_registration","advanced",,,"0.9.0.9000","Curated module-level advanced classification; source: 037-pupil-registration.R. Lifecycle status does not establish construct validity."
"plot_pupil_spectrum","advanced",,,"0.9.0.9000","Curated module-level advanced classification; source: 064-next-generation-plots-0-8.R. Lifecycle status does not establish construct validity."
"plot_pupil_timeseries","core","plot_pupil_timeseries",,"0.9.0.9000","Curated module-level core classification; source: 012-plots.R. Lifecycle status does not establish construct validity."
"plot_recalibration_before_after","advanced",,,"0.9.0.9000","Curated module-level advanced classification; source: 034-calibration-recalibration.R. Lifecycle status does not establish construct validity."
"plot_recurrence_matrix","advanced",,,"0.9.0.9000","Curated module-level advanced classification; source: 039-recurrence-analysis.R. Lifecycle status does not establish construct validity."
"plot_recurrence_network","advanced",,,"0.9.0.9000","Curated module-level advanced classification; source: 039-recurrence-analysis.R. Lifecycle status does not establish construct validity."
"plot_registered_pupil_effects","advanced",,,"0.9.0.9000","Curated module-level advanced classification; source: 037-pupil-registration.R. Lifecycle status does not establish construct validity."
"plot_reliability_by_metric","advanced",,,"0.9.0.9000","Curated module-level advanced classification; source: 035-process-reliability.R. Lifecycle status does not establish construct validity."
"plot_representative_scanpath","advanced",,,"0.9.0.9000","Curated module-level advanced classification; source: 041-representative-scanpaths.R. Lifecycle status does not establish construct validity."
"plot_sampling_rate","core","plot_sampling_rate",,"0.9.0.9000","Curated module-level core classification; source: 012-plots.R. Lifecycle status does not establish construct validity."
"plot_sbc_rank","workflow","plot_sbc_rank",,"0.9.0.9000","Curated module-level workflow classification; source: 023-validation-orchestration.R. Lifecycle status does not establish construct validity."
"plot_scanpath","core","plot_scanpath",,"0.9.0.9000","Curated module-level core classification; source: 012-plots.R. Lifecycle status does not establish construct validity."
"plot_scanpath_atlas","advanced",,,"0.9.0.9000","Curated module-level advanced classification; source: 041-representative-scanpaths.R. Lifecycle status does not establish construct validity."
"plot_scanpath_dispersion","advanced",,,"0.9.0.9000","Curated module-level advanced classification; source: 041-representative-scanpaths.R. Lifecycle status does not establish construct validity."
"plot_scanpath_similarity_matrix","advanced",,,"0.9.0.9000","Curated module-level advanced classification; source: 041-representative-scanpaths.R. Lifecycle status does not establish construct validity."
"plot_screen_coverage","advanced",,,"0.9.0.9000","Curated module-level advanced classification; source: 034-calibration-recalibration.R. Lifecycle status does not establish construct validity."
"plot_selected_bank_profile","advanced",,,"0.9.0.9000","Curated module-level advanced classification; source: 043-item-bank-optimization.R. Lifecycle status does not establish construct validity."
"plot_sensitivity","advanced",,,"0.9.0.9000","Curated module-level advanced classification; source: 030-measurement-intelligence-utils.R. Lifecycle status does not establish construct validity."
"plot_session_stability","advanced",,,"0.9.0.9000","Curated module-level advanced classification; source: 035-process-reliability.R. Lifecycle status does not establish construct validity."
"plot_signal_quality","core","plot_signal_quality",,"0.9.0.9000","Curated module-level core classification; source: 012-plots.R. Lifecycle status does not establish construct validity."
"plot_spatial_residuals","advanced",,,"0.9.0.9000","Curated module-level advanced classification; source: 040-fixation-point-process.R. Lifecycle status does not establish construct validity."
"plot_temporal_excitation_kernel","advanced",,,"0.9.0.9000","Curated module-level advanced classification; source: 040-fixation-point-process.R. Lifecycle status does not establish construct validity."
"plot_transition_matrix","core","plot_transition_matrix",,"0.9.0.9000","Curated module-level core classification; source: 012-plots.R. Lifecycle status does not establish construct validity."
"plot_trial_timeline","core","plot_trial_timeline",,"0.9.0.9000","Curated module-level core classification; source: 012-plots.R. Lifecycle status does not establish construct validity."
"plot_uncertainty_by_item","advanced",,,"0.9.0.9000","Curated module-level advanced classification; source: 033-process-uncertainty.R. Lifecycle status does not establish construct validity."
"plot_uncertainty_by_stage","advanced",,,"0.9.0.9000","Curated module-level advanced classification; source: 033-process-uncertainty.R. Lifecycle status does not establish construct validity."
"plot_uncertainty_tornado","advanced",,,"0.9.0.9000","Curated module-level advanced classification; source: 033-process-uncertainty.R. Lifecycle status does not establish construct validity."
"plot_uncertainty_waterfall","advanced",,,"0.9.0.9000","Curated module-level advanced classification; source: 033-process-uncertainty.R. Lifecycle status does not establish construct validity."
"plot_validation_failures","workflow","plot_validation_failures",,"0.9.0.9000","Curated module-level workflow classification; source: 023-validation-orchestration.R. Lifecycle status does not establish construct validity."
"plot_validation_runtime","workflow","plot_validation_runtime",,"0.9.0.9000","Curated module-level workflow classification; source: 023-validation-orchestration.R. Lifecycle status does not establish construct validity."
"plot_variance_components","advanced",,,"0.9.0.9000","Curated module-level advanced classification; source: 035-process-reliability.R. Lifecycle status does not establish construct validity."
"plot_warping_functions","advanced",,,"0.9.0.9000","Curated module-level advanced classification; source: 037-pupil-registration.R. Lifecycle status does not establish construct validity."
"plot_windowed_recurrence","advanced",,,"0.9.0.9000","Curated module-level advanced classification; source: 039-recurrence-analysis.R. Lifecycle status does not establish construct validity."
"posterior_predictive_discrepancies","advanced",,,"0.9.0.9000","Curated module-level advanced classification; source: 052-irt-validation-0-7.R. Lifecycle status does not establish construct validity."
"posterior_sbc_contract","advanced",,,"0.9.0.9000","Curated module-level advanced classification; source: 052-irt-validation-0-7.R. Lifecycle status does not establish construct validity."
"power_process_simulation","advanced",,,"0.9.0.9000","Curated module-level advanced classification; source: 014-simulation.R. Lifecycle status does not establish construct validity."
"preaction_process_features","advanced",,,"0.9.0.9000","Curated module-level advanced classification; source: 066-process-decision-features-0-8.R. Lifecycle status does not establish construct validity."
"predict_aoi_trajectory","advanced",,,"0.9.0.9000","Curated module-level advanced classification; source: 060-process-window-representations-0-8.R. Lifecycle status does not establish construct validity."
"predict_fixation_intensity","advanced",,,"0.9.0.9000","Curated module-level advanced classification; source: 040-fixation-point-process.R. Lifecycle status does not establish construct validity."
"predict_item_parameter_priors","advanced",,,"0.9.0.9000","Curated module-level advanced classification; source: 062-context-process-structure-0-8.R. Lifecycle status does not establish construct validity."
"predict_process_centiles","advanced",,,"0.9.0.9000","Curated module-level advanced classification; source: 045-process-norms.R. Lifecycle status does not establish construct validity."
"predict_theta_at_time","experimental",,,"0.9.0.9000","Curated module-level experimental classification; source: 051-advanced-process-irt-0-7.R. Lifecycle status does not establish construct validity."
"preflight_decisions","workflow","preflight_decisions",,"0.9.0.9000","Curated module-level workflow classification; source: 058-process-preflight-governance-0-8.R. Lifecycle status does not establish construct validity."
"preflight_exclusion_manifest","workflow","preflight_exclusion_manifest",,"0.9.0.9000","Curated module-level workflow classification; source: 058-process-preflight-governance-0-8.R. Lifecycle status does not establish construct validity."
"preflight_failures","workflow","preflight_failures",,"0.9.0.9000","Curated module-level workflow classification; source: 058-process-preflight-governance-0-8.R. Lifecycle status does not establish construct validity."
"preflight_passed","workflow","preflight_passed",,"0.9.0.9000","Curated module-level workflow classification; source: 058-process-preflight-governance-0-8.R. Lifecycle status does not establish construct validity."
"prepare_dynamic_irtree_data","advanced",,,"0.9.0.9000","Curated module-level advanced classification; source: 024-dynamic-irtree-engine.R. Lifecycle status does not establish construct validity."
"prepare_functional_pupil_data","advanced",,,"0.9.0.9000","Curated module-level advanced classification; source: 026-functional-pupil-engine.R. Lifecycle status does not establish construct validity."
"prepare_gaze_diffusion_data","advanced",,,"0.9.0.9000","Curated module-level advanced classification; source: 027-strategy-diffusion-engines.R. Lifecycle status does not establish construct validity."
"prepare_strategy_mixture_data","advanced",,,"0.9.0.9000","Curated module-level advanced classification; source: 027-strategy-diffusion-engines.R. Lifecycle status does not establish construct validity."
"prepare_structured_unstructured_process_features","gated",,,"0.9.0.9000","Curated module-level gated classification; source: 065-frontier-gates-0-8.R. Lifecycle status does not establish construct validity."
"preprocess_eye","core","preprocess_eye",,"0.9.0.9000","Curated module-level core classification; source: 009-preprocessing.R. Lifecycle status does not establish construct validity."
"preprocess_spec","core","preprocess_spec",,"0.9.0.9000","Curated module-level core classification; source: 009-preprocessing.R. Lifecycle status does not establish construct validity."
"preprocessing_multiverse","workflow","preprocessing_multiverse",,"0.9.0.9000","Curated module-level workflow classification; source: 021-validation-program.R. Lifecycle status does not establish construct validity."
"probabilistic_aoi_assignment","advanced",,,"0.9.0.9000","Curated module-level advanced classification; source: 076-calibration-quality-uncertainty-0-9.R. Lifecycle status does not establish construct validity."
"process_anomaly_distance","workflow","process_anomaly_distance",,"0.9.0.9000","Curated module-level workflow classification; source: 058-process-preflight-governance-0-8.R. Lifecycle status does not establish construct validity."
"process_bland_altman","advanced",,,"0.9.0.9000","Curated module-level advanced classification; source: 074-process-registry-reliability-0-9.R. Lifecycle status does not establish construct validity."
"process_channel_ablation","experimental",,,"0.9.0.9000","Curated module-level experimental classification; source: 054-additional-process-measurement-0-7.R. Lifecycle status does not establish construct validity."
"process_criterion_associations","advanced",,,"0.9.0.9000","Curated module-level advanced classification; source: 062-context-process-structure-0-8.R. Lifecycle status does not establish construct validity."
"process_dependent_discrimination_audit","experimental",,,"0.9.0.9000","Curated module-level experimental classification; source: 054-additional-process-measurement-0-7.R. Lifecycle status does not establish construct validity."
"process_dif_nuisance_surrogate","experimental",,,"0.9.0.9000","Curated module-level experimental classification; source: 051-advanced-process-irt-0-7.R. Lifecycle status does not establish construct validity."
"process_drift_alerts","advanced",,,"0.9.0.9000","Curated module-level advanced classification; source: 059-deployment-drift-0-8.R. Lifecycle status does not establish construct validity."
"process_drift_spec","advanced",,,"0.9.0.9000","Curated module-level advanced classification; source: 059-deployment-drift-0-8.R. Lifecycle status does not establish construct validity."
"process_feature_blocks","advanced",,,"0.9.0.9000","Curated module-level advanced classification; source: 062-context-process-structure-0-8.R. Lifecycle status does not establish construct validity."
"process_feature_family_registry","advanced",,,"0.9.0.9000","Curated module-level advanced classification; source: 066-process-decision-features-0-8.R. Lifecycle status does not establish construct validity."
"process_feature_stability","advanced",,,"0.9.0.9000","Curated module-level advanced classification; source: 066-process-decision-features-0-8.R. Lifecycle status does not establish construct validity."
"process_feature_time_provenance","advanced",,,"0.9.0.9000","Curated module-level advanced classification; source: 077-negative-controls-leakage-0-9.R. Lifecycle status does not establish construct validity."
"process_icc","advanced",,,"0.9.0.9000","Curated module-level advanced classification; source: 074-process-registry-reliability-0-9.R. Lifecycle status does not establish construct validity."
"process_irt_diagnostics","experimental",,,"0.9.0.9000","Curated module-level experimental classification; source: 016-advanced-experimental.R. Lifecycle status does not establish construct validity."
"process_irt_spec","experimental",,,"0.9.0.9000","Curated module-level experimental classification; source: 016-advanced-experimental.R. Lifecycle status does not establish construct validity."
"process_item_information","experimental",,,"0.9.0.9000","Curated module-level experimental classification; source: 051-advanced-process-irt-0-7.R. Lifecycle status does not establish construct validity."
"process_measure_card","advanced",,,"0.9.0.9000","Curated module-level advanced classification; source: 074-process-registry-reliability-0-9.R. Lifecycle status does not establish construct validity."
"process_measure_coverage","advanced",,,"0.9.0.9000","Curated module-level advanced classification; source: 074-process-registry-reliability-0-9.R. Lifecycle status does not establish construct validity."
"process_measure_guardrails","advanced",,,"0.9.0.9000","Curated module-level advanced classification; source: 074-process-registry-reliability-0-9.R. Lifecycle status does not establish construct validity."
"process_measure_lineage","advanced",,,"0.9.0.9000","Curated module-level advanced classification; source: 074-process-registry-reliability-0-9.R. Lifecycle status does not establish construct validity."
"process_measure_registry","advanced",,,"0.9.0.9000","Curated module-level advanced classification; source: 074-process-registry-reliability-0-9.R. Lifecycle status does not establish construct validity."
"process_measure_units","advanced",,,"0.9.0.9000","Curated module-level advanced classification; source: 074-process-registry-reliability-0-9.R. Lifecycle status does not establish construct validity."
"process_negative_control_permute","advanced",,,"0.9.0.9000","Curated module-level advanced classification; source: 077-negative-controls-leakage-0-9.R. Lifecycle status does not establish construct validity."
"process_negative_control_shift","advanced",,,"0.9.0.9000","Curated module-level advanced classification; source: 077-negative-controls-leakage-0-9.R. Lifecycle status does not establish construct validity."
"process_ngram_features","experimental",,,"0.9.0.9000","Curated module-level experimental classification; source: 051-advanced-process-irt-0-7.R. Lifecycle status does not establish construct validity."
"process_null_benchmark","advanced",,,"0.9.0.9000","Curated module-level advanced classification; source: 077-negative-controls-leakage-0-9.R. Lifecycle status does not establish construct validity."
"process_pattern_mixture","advanced",,,"0.9.0.9000","Curated module-level advanced classification; source: 038-informative-missingness.R. Lifecycle status does not establish construct validity."
"process_person_fit","experimental",,,"0.9.0.9000","Curated module-level experimental classification; source: 051-advanced-process-irt-0-7.R. Lifecycle status does not establish construct validity."
"process_preflight_spec","workflow","process_preflight_spec",,"0.9.0.9000","Curated module-level workflow classification; source: 058-process-preflight-governance-0-8.R. Lifecycle status does not establish construct validity."
"process_profile_probabilities","advanced",,,"0.9.0.9000","Curated module-level advanced classification; source: 062-context-process-structure-0-8.R. Lifecycle status does not establish construct validity."
"process_profile_summary","advanced",,,"0.9.0.9000","Curated module-level advanced classification; source: 062-context-process-structure-0-8.R. Lifecycle status does not establish construct validity."
"process_reliability_profile","advanced",,,"0.9.0.9000","Curated module-level advanced classification; source: 074-process-registry-reliability-0-9.R. Lifecycle status does not establish construct validity."
"process_residual_map","experimental",,,"0.9.0.9000","Curated module-level experimental classification; source: 051-advanced-process-irt-0-7.R. Lifecycle status does not establish construct validity."
"process_sensitivity_grid","advanced",,,"0.9.0.9000","Curated module-level advanced classification; source: 072-sensitivity-multiverse-0-9.R. Lifecycle status does not establish construct validity."
"process_sequence_embedding","experimental",,,"0.9.0.9000","Curated module-level experimental classification; source: 051-advanced-process-irt-0-7.R. Lifecycle status does not establish construct validity."
"process_state_occupancy","experimental",,,"0.9.0.9000","Curated module-level experimental classification; source: 051-advanced-process-irt-0-7.R. Lifecycle status does not establish construct validity."
"process_state_transition_summary","experimental",,,"0.9.0.9000","Curated module-level experimental classification; source: 051-advanced-process-irt-0-7.R. Lifecycle status does not establish construct validity."
"process_temporal_stability","advanced",,,"0.9.0.9000","Curated module-level advanced classification; source: 074-process-registry-reliability-0-9.R. Lifecycle status does not establish construct validity."
"process_uncertainty_spec","advanced",,,"0.9.0.9000","Curated module-level advanced classification; source: 033-process-uncertainty.R. Lifecycle status does not establish construct validity."
"process_validation_design","workflow","process_validation_design",,"0.9.0.9000","Curated module-level workflow classification; source: 069-validation-program-0-9.R. Lifecycle status does not establish construct validity."
"process_variance_components","advanced",,,"0.9.0.9000","Curated module-level advanced classification; source: 035-process-reliability.R. Lifecycle status does not establish construct validity."
"process_window_spec","advanced",,,"0.9.0.9000","Curated module-level advanced classification; source: 060-process-window-representations-0-8.R. Lifecycle status does not establish construct validity."
"promote_irt_model","experimental",,,"0.9.0.9000","Curated module-level experimental classification; source: 049-multimodal-irt-registry.R. Lifecycle status does not establish construct validity."
"promote_vendor_support","workflow","promote_vendor_support",,"0.9.0.9000","Curated module-level workflow classification; source: 025-vendor-corpus.R. Lifecycle status does not establish construct validity."
"propagate_aoi_uncertainty","advanced",,,"0.9.0.9000","Curated module-level advanced classification; source: 031-probabilistic-aoi.R. Lifecycle status does not establish construct validity."
"propagate_calibration_uncertainty","advanced",,,"0.9.0.9000","Curated module-level advanced classification; source: 076-calibration-quality-uncertainty-0-9.R. Lifecycle status does not establish construct validity."
"propagate_process_uncertainty","advanced",,,"0.9.0.9000","Curated module-level advanced classification; source: 033-process-uncertainty.R. Lifecycle status does not establish construct validity."
"provenance_edge_table","workflow","provenance_edge_table",,"0.9.0.9000","Curated module-level workflow classification; source: 078-reproducibility-provenance-0-9.R. Lifecycle status does not establish construct validity."
"provenance_lineage_table","workflow","provenance_lineage_table",,"0.9.0.9000","Curated module-level workflow classification; source: 078-reproducibility-provenance-0-9.R. Lifecycle status does not establish construct validity."
"provenance_manifest","core","provenance_manifest",,"0.9.0.9000","Curated module-level core classification; source: 002-class.R. Lifecycle status does not establish construct validity."
"prune_validation_checkpoints","workflow","prune_validation_checkpoints",,"0.9.0.9000","Curated module-level workflow classification; source: 023-validation-orchestration.R. Lifecycle status does not establish construct validity."
"public_validation_corpus","advanced",,,"0.9.0.9000","Curated module-level advanced classification; source: 048-semantic-validation-0-7.R. Lifecycle status does not establish construct validity."
"pupil_activity_index","advanced",,,"0.9.0.9000","Curated module-level advanced classification; source: 061-pupil-advanced-representations-0-8.R. Lifecycle status does not establish construct validity."
"pupil_band_power","advanced",,,"0.9.0.9000","Curated module-level advanced classification; source: 061-pupil-advanced-representations-0-8.R. Lifecycle status does not establish construct validity."
"pupil_baseline_sensitivity","advanced",,,"0.9.0.9000","Curated module-level advanced classification; source: 081-validation-extras-0-9.R. Lifecycle status does not establish construct validity."
"pupil_confound_effects","advanced",,,"0.9.0.9000","Curated module-level advanced classification; source: 061-pupil-advanced-representations-0-8.R. Lifecycle status does not establish construct validity."
"pupil_deconvolve","core","pupil_deconvolve",,"0.9.0.9000","Curated module-level core classification; source: 009-preprocessing.R. Lifecycle status does not establish construct validity."
"pupil_event_effects","advanced",,,"0.9.0.9000","Curated module-level advanced classification; source: 061-pupil-advanced-representations-0-8.R. Lifecycle status does not establish construct validity."
"pupil_event_regressor","advanced",,,"0.9.0.9000","Curated module-level advanced classification; source: 061-pupil-advanced-representations-0-8.R. Lifecycle status does not establish construct validity."
"pupil_frequency_features","advanced",,,"0.9.0.9000","Curated module-level advanced classification; source: 061-pupil-advanced-representations-0-8.R. Lifecycle status does not establish construct validity."
"pupil_labs_format","core","pupil_labs_format",,"0.9.0.9000","Curated module-level core classification; source: 006-import-other-vendors.R. Lifecycle status does not establish construct validity."
"pupil_preprocessing_grid","advanced",,,"0.9.0.9000","Curated module-level advanced classification; source: 026-functional-pupil-engine.R. Lifecycle status does not establish construct validity."
"pupil_preprocessing_sensitivity","advanced",,,"0.9.0.9000","Curated module-level advanced classification; source: 026-functional-pupil-engine.R. Lifecycle status does not establish construct validity."
"pupil_response_kernel","advanced",,,"0.9.0.9000","Curated module-level advanced classification; source: 061-pupil-advanced-representations-0-8.R. Lifecycle status does not establish construct validity."
"pupil_unit_fidelity_audit","advanced",,,"0.9.0.9000","Curated module-level advanced classification; source: 048-semantic-validation-0-7.R. Lifecycle status does not establish construct validity."
"pupil_velocity_activity","advanced",,,"0.9.0.9000","Curated module-level advanced classification; source: 061-pupil-advanced-representations-0-8.R. Lifecycle status does not establish construct validity."
"quantify_process_leakage","workflow","quantify_process_leakage",,"0.9.0.9000","Curated module-level workflow classification; source: 021-validation-program.R. Lifecycle status does not establish construct validity."
"query_eye_storage","workflow","query_eye_storage",,"0.9.0.9000","Curated module-level workflow classification; source: 028-api-storage-adapters.R. Lifecycle status does not establish construct validity."
"raven_reproduction_spec","workflow","raven_reproduction_spec",,"0.9.0.9000","Curated module-level workflow classification; source: 021-validation-program.R. Lifecycle status does not establish construct validity."
"read_api_lifecycle_registry","workflow","read_api_lifecycle_registry",,"0.9.0.9000","Curated module-level workflow classification; source: 071-api-lifecycle-0-9.R. Lifecycle status does not establish construct validity."
"read_benchmark_table","workflow","read_benchmark_table",,"0.9.0.9000","Curated module-level workflow classification; source: 029-benchmark-reproducibility.R. Lifecycle status does not establish construct validity."
"read_decision_manifest","workflow","read_decision_manifest",,"0.9.0.9000","Curated module-level workflow classification; source: 073-decision-manifests-0-9.R. Lifecycle status does not establish construct validity."
"read_eye_dataset","workflow","read_eye_dataset",,"0.9.0.9000","Curated module-level workflow classification; source: 015-export-report-bridges.R. Lifecycle status does not establish construct validity."
"read_eye_export","core","read_eye_export",,"0.9.0.9000","Curated module-level core classification; source: 003-mapping-adapters.R. Lifecycle status does not establish construct validity."
"read_eye_folder","core","read_eye_folder",,"0.9.0.9000","Curated module-level core classification; source: 003-mapping-adapters.R. Lifecycle status does not establish construct validity."
"read_eye_generic","core","read_eye_generic",,"0.9.0.9000","Curated module-level core classification; source: 004-import-generic.R. Lifecycle status does not establish construct validity."
"read_eyelink_asc","core","read_eyelink_asc",,"0.9.0.9000","Curated module-level core classification; source: 006-import-other-vendors.R. Lifecycle status does not establish construct validity."
"read_eyelink_edf","core","read_eyelink_edf",,"0.9.0.9000","Curated module-level core classification; source: 006-import-other-vendors.R. Lifecycle status does not establish construct validity."
"read_eyelink_report","core","read_eyelink_report",,"0.9.0.9000","Curated module-level core classification; source: 006-import-other-vendors.R. Lifecycle status does not establish construct validity."
"read_eyeprocess_validation_evidence","workflow","read_eyeprocess_validation_evidence",,"0.9.0.9000","Curated module-level workflow classification; source: 091-validation-stress-freeze-0-9.R. Lifecycle status does not establish construct validity."
"read_gazepoint","core","read_gazepoint",,"0.9.0.9000","Curated module-level core classification; source: 018-gazepoint-real-exports.R. Lifecycle status does not establish construct validity."
"read_gazepoint_aoi_statistics","core","read_gazepoint_aoi_statistics",,"0.9.0.9000","Curated module-level core classification; source: 018-gazepoint-real-exports.R. Lifecycle status does not establish construct validity."
"read_gazepoint_biometrics","core","read_gazepoint_biometrics",,"0.9.0.9000","Curated module-level core classification; source: 018-gazepoint-real-exports.R. Lifecycle status does not establish construct validity."
"read_gazepoint_combined","core","read_gazepoint_combined",,"0.9.0.9000","Curated module-level core classification; source: 018-gazepoint-real-exports.R. Lifecycle status does not establish construct validity."
"read_gazepoint_events","core","read_gazepoint_events",,"0.9.0.9000","Curated module-level core classification; source: 005-import-gazepoint.R. Lifecycle status does not establish construct validity."
"read_gazepoint_fixations","core","read_gazepoint_fixations",,"0.9.0.9000","Curated module-level core classification; source: 018-gazepoint-real-exports.R. Lifecycle status does not establish construct validity."
"read_gazepoint_folder","core","read_gazepoint_folder",,"0.9.0.9000","Curated module-level core classification; source: 018-gazepoint-real-exports.R. Lifecycle status does not establish construct validity."
"read_gazepoint_gaze","core","read_gazepoint_gaze",,"0.9.0.9000","Curated module-level core classification; source: 005-import-gazepoint.R. Lifecycle status does not establish construct validity."
"read_gazepoint_summary","core","read_gazepoint_summary",,"0.9.0.9000","Curated module-level core classification; source: 018-gazepoint-real-exports.R. Lifecycle status does not establish construct validity."
"read_pupil_core","core","read_pupil_core",,"0.9.0.9000","Curated module-level core classification; source: 006-import-other-vendors.R. Lifecycle status does not establish construct validity."
"read_pupil_neon","core","read_pupil_neon",,"0.9.0.9000","Curated module-level core classification; source: 006-import-other-vendors.R. Lifecycle status does not establish construct validity."
"read_pupillabs","core","read_pupillabs",,"0.9.0.9000","Curated module-level core classification; source: 006-import-other-vendors.R. Lifecycle status does not establish construct validity."
"read_reproducibility_fingerprint","workflow","read_reproducibility_fingerprint",,"0.9.0.9000","Curated module-level workflow classification; source: 078-reproducibility-provenance-0-9.R. Lifecycle status does not establish construct validity."
"read_smi","core","read_smi",,"0.9.0.9000","Curated module-level core classification; source: 006-import-other-vendors.R. Lifecycle status does not establish construct validity."
"read_smi_aoi_export","core","read_smi_aoi_export",,"0.9.0.9000","Curated module-level core classification; source: 006-import-other-vendors.R. Lifecycle status does not establish construct validity."
"read_smi_event_export","core","read_smi_event_export",,"0.9.0.9000","Curated module-level core classification; source: 006-import-other-vendors.R. Lifecycle status does not establish construct validity."
"read_smi_raw_export","core","read_smi_raw_export",,"0.9.0.9000","Curated module-level core classification; source: 006-import-other-vendors.R. Lifecycle status does not establish construct validity."
"read_tobii","core","read_tobii",,"0.9.0.9000","Curated module-level core classification; source: 006-import-other-vendors.R. Lifecycle status does not establish construct validity."
"read_validation_job_manifest","workflow","read_validation_job_manifest",,"0.9.0.9000","Curated module-level workflow classification; source: 023-validation-orchestration.R. Lifecycle status does not establish construct validity."
"read_validation_manifest","core","read_validation_manifest",,"0.9.0.9000","Curated module-level core classification; source: 017-format-validation.R. Lifecycle status does not establish construct validity."
"read_validation_scenario_manifest","workflow","read_validation_scenario_manifest",,"0.9.0.9000","Curated module-level workflow classification; source: 082-validation-evidence-programs-0-9.R. Lifecycle status does not establish construct validity."
"read_vendor_registry","workflow","read_vendor_registry",,"0.9.0.9000","Curated module-level workflow classification; source: 025-vendor-corpus.R. Lifecycle status does not establish construct validity."
"recalibrate_after_changepoint","experimental",,,"0.9.0.9000","Curated module-level experimental classification; source: 050-process-irt-models-0-7.R. Lifecycle status does not establish construct validity."
"recommended_validation_replications","advanced",,,"0.9.0.9000","Curated module-level advanced classification; source: 052-irt-validation-0-7.R. Lifecycle status does not establish construct validity."
"recurrence_features","advanced",,,"0.9.0.9000","Curated module-level advanced classification; source: 039-recurrence-analysis.R. Lifecycle status does not establish construct validity."
"redact_validation_case","workflow","redact_validation_case",,"0.9.0.9000","Curated module-level workflow classification; source: 025-vendor-corpus.R. Lifecycle status does not establish construct validity."
"register_aois","core","register_aois",,"0.9.0.9000","Curated module-level core classification; source: 008-trials-aoi.R. Lifecycle status does not establish construct validity."
"register_coordinate_space","core","register_coordinate_space",,"0.9.0.9000","Curated module-level core classification; source: 007-coordinates-time.R. Lifecycle status does not establish construct validity."
"register_eye_adapter","core","register_eye_adapter",,"0.9.0.9000","Curated module-level core classification; source: 003-mapping-adapters.R. Lifecycle status does not establish construct validity."
"register_eye_api_status","workflow","register_eye_api_status",,"0.9.0.9000","Curated module-level workflow classification; source: 071-api-lifecycle-0-9.R. Lifecycle status does not establish construct validity."
"register_irt_model","experimental",,,"0.9.0.9000","Curated module-level experimental classification; source: 049-multimodal-irt-registry.R. Lifecycle status does not establish construct validity."
"register_process_measure","advanced",,,"0.9.0.9000","Curated module-level advanced classification; source: 074-process-registry-reliability-0-9.R. Lifecycle status does not establish construct validity."
"register_pupil_curves","advanced",,,"0.9.0.9000","Curated module-level advanced classification; source: 037-pupil-registration.R. Lifecycle status does not establish construct validity."
"register_validation_case","workflow","register_validation_case",,"0.9.0.9000","Curated module-level workflow classification; source: 025-vendor-corpus.R. Lifecycle status does not establish construct validity."
"register_vendor_semantics","workflow","register_vendor_semantics",,"0.9.0.9000","Curated module-level workflow classification; source: 025-vendor-corpus.R. Lifecycle status does not establish construct validity."
"remap_recording_ids","core","remap_recording_ids",,"0.9.0.9000","Curated module-level core classification; source: 003-mapping-adapters.R. Lifecycle status does not establish construct validity."
"report_eye_dataset","workflow","report_eye_dataset",,"0.9.0.9000","Curated module-level workflow classification; source: 015-export-report-bridges.R. Lifecycle status does not establish construct validity."
"report_processirt","workflow","report_processirt",,"0.9.0.9000","Curated module-level workflow classification; source: 015-export-report-bridges.R. Lifecycle status does not establish construct validity."
"reporting_guideline_audit","workflow","reporting_guideline_audit",,"0.9.0.9000","Curated module-level workflow classification; source: 021-validation-program.R. Lifecycle status does not establish construct validity."
"representative_scanpath","advanced",,,"0.9.0.9000","Curated module-level advanced classification; source: 041-representative-scanpaths.R. Lifecycle status does not establish construct validity."
"response_matrix","advanced",,,"0.9.0.9000","Curated module-level advanced classification; source: 013-models.R. Lifecycle status does not establish construct validity."
"response_time_matrix","advanced",,,"0.9.0.9000","Curated module-level advanced classification; source: 013-models.R. Lifecycle status does not establish construct validity."
"resume_eye_pipeline","workflow","resume_eye_pipeline",,"0.9.0.9000","Curated module-level workflow classification; source: 070-governed-pipelines-0-9.R. Lifecycle status does not establish construct validity."
"resume_validation_jobs","workflow","resume_validation_jobs",,"0.9.0.9000","Curated module-level workflow classification; source: 023-validation-orchestration.R. Lifecycle status does not establish construct validity."
"rolling_apply","core","rolling_apply",,"0.9.0.9000","Curated module-level core classification; source: 009-preprocessing.R. Lifecycle status does not establish construct validity."
"roundtrip_eye_bids","advanced",,,"0.9.0.9000","Curated module-level advanced classification; source: 055-requested-api-completion-0-7.R. Lifecycle status does not establish construct validity."
"roundtrip_eye_dataset","core","roundtrip_eye_dataset",,"0.9.0.9000","Curated module-level core classification; source: 017-format-validation.R. Lifecycle status does not establish construct validity."
"run_benchmark_reproduction","workflow","run_benchmark_reproduction",,"0.9.0.9000","Curated module-level workflow classification; source: 029-benchmark-reproducibility.R. Lifecycle status does not establish construct validity."
"run_eye_benchmark","advanced",,,"0.9.0.9000","Curated module-level advanced classification; source: 075-benchmark-stress-0-9.R. Lifecycle status does not establish construct validity."
"run_eye_pipeline","workflow","run_eye_pipeline",,"0.9.0.9000","Curated module-level workflow classification; source: 070-governed-pipelines-0-9.R. Lifecycle status does not establish construct validity."
"run_eyeprocess_equateirt","gated",,,"0.9.0.9000","Curated module-level gated classification; source: 088-irt-engine-adapters-0-9.R. Lifecycle status does not establish construct validity."
"run_eyeprocess_irt_ability_sbc","advanced",,,"0.9.0.9000","Curated module-level advanced classification; source: 089-irt-validation-evidence-0-9.R. Lifecycle status does not establish construct validity."
"run_eyeprocess_irt_recovery","advanced",,,"0.9.0.9000","Curated module-level advanced classification; source: 089-irt-validation-evidence-0-9.R. Lifecycle status does not establish construct validity."
"run_eyeprocess_mirtcat","gated",,,"0.9.0.9000","Curated module-level gated classification; source: 088-irt-engine-adapters-0-9.R. Lifecycle status does not establish construct validity."
"run_eyeprocess_stress_evidence","workflow","run_eyeprocess_stress_evidence",,"0.9.0.9000","Curated module-level workflow classification; source: 091-validation-stress-freeze-0-9.R. Lifecycle status does not establish construct validity."
"run_eyeprocess_validation_program","workflow","run_eyeprocess_validation_program",,"0.9.0.9000","Curated module-level workflow classification; source: 021-validation-program.R. Lifecycle status does not establish construct validity."
"run_gazepoint_workflow","workflow","run_gazepoint_workflow",,"0.9.0.9000","Curated module-level workflow classification; source: 019-gazepoint-downstream-workflow.R. Lifecycle status does not establish construct validity."
"run_model_validation","workflow","run_model_validation",,"0.9.0.9000","Curated module-level workflow classification; source: 021-validation-program.R. Lifecycle status does not establish construct validity."
"run_posterior_sbc","advanced",,,"0.9.0.9000","Curated module-level advanced classification; source: 052-irt-validation-0-7.R. Lifecycle status does not establish construct validity."
"run_process_negative_controls","advanced",,,"0.9.0.9000","Curated module-level advanced classification; source: 077-negative-controls-leakage-0-9.R. Lifecycle status does not establish construct validity."
"run_process_sensitivity","advanced",,,"0.9.0.9000","Curated module-level advanced classification; source: 072-sensitivity-multiverse-0-9.R. Lifecycle status does not establish construct validity."
"run_process_validation","workflow","run_process_validation",,"0.9.0.9000","Curated module-level workflow classification; source: 069-validation-program-0-9.R. Lifecycle status does not establish construct validity."
"run_raven_reproduction","workflow","run_raven_reproduction",,"0.9.0.9000","Curated module-level workflow classification; source: 021-validation-program.R. Lifecycle status does not establish construct validity."
"run_sbc","advanced",,,"0.9.0.9000","Curated module-level advanced classification; source: 052-irt-validation-0-7.R. Lifecycle status does not establish construct validity."
"run_validation_jobs","workflow","run_validation_jobs",,"0.9.0.9000","Curated module-level workflow classification; source: 023-validation-orchestration.R. Lifecycle status does not establish construct validity."
"sbc_ecdf_deviation","advanced",,,"0.9.0.9000","Curated module-level advanced classification; source: 081-validation-extras-0-9.R. Lifecycle status does not establish construct validity."
"sbc_rank_diagnostics","advanced",,,"0.9.0.9000","Curated module-level advanced classification; source: 081-validation-extras-0-9.R. Lifecycle status does not establish construct validity."
"sbc_summary","workflow","sbc_summary",,"0.9.0.9000","Curated module-level workflow classification; source: 021-validation-program.R. Lifecycle status does not establish construct validity."
"scanpath_dispersion","advanced",,,"0.9.0.9000","Curated module-level advanced classification; source: 041-representative-scanpaths.R. Lifecycle status does not establish construct validity."
"scanpath_sequence","core","scanpath_sequence",,"0.9.0.9000","Curated module-level core classification; source: 010-features.R. Lifecycle status does not establish construct validity."
"schema_coverage","core","schema_coverage",,"0.9.0.9000","Curated module-level core classification; source: 017-format-validation.R. Lifecycle status does not establish construct validity."
"schema_coverage_summary","core","schema_coverage_summary",,"0.9.0.9000","Curated module-level core classification; source: 017-format-validation.R. Lifecycle status does not establish construct validity."
"schema_table","core","schema_table",,"0.9.0.9000","Curated module-level core classification; source: 001-schema.R. Lifecycle status does not establish construct validity."
"score_partial_response_pattern","workflow","score_partial_response_pattern",,"0.9.0.9000","Curated module-level workflow classification; source: 063-operational-validation-0-8.R. Lifecycle status does not establish construct validity."
"score_process_deviation","advanced",,,"0.9.0.9000","Curated module-level advanced classification; source: 045-process-norms.R. Lifecycle status does not establish construct validity."
"score_response_stream","workflow","score_response_stream",,"0.9.0.9000","Curated module-level workflow classification; source: 063-operational-validation-0-8.R. Lifecycle status does not establish construct validity."
"segment_process_episodes","advanced",,,"0.9.0.9000","Curated module-level advanced classification; source: 042-process-episodes.R. Lifecycle status does not establish construct validity."
"select_next_item_process","experimental",,,"0.9.0.9000","Curated module-level experimental classification; source: 051-advanced-process-irt-0-7.R. Lifecycle status does not establish construct validity."
"semantic_fidelity_spec","advanced",,,"0.9.0.9000","Curated module-level advanced classification; source: 048-semantic-validation-0-7.R. Lifecycle status does not establish construct validity."
"semantic_loss_map","advanced",,,"0.9.0.9000","Curated module-level advanced classification; source: 048-semantic-validation-0-7.R. Lifecycle status does not establish construct validity."
"semantic_roundtrip_audit","advanced",,,"0.9.0.9000","Curated module-level advanced classification; source: 048-semantic-validation-0-7.R. Lifecycle status does not establish construct validity."
"sensitivity_branch_fingerprint","advanced",,,"0.9.0.9000","Curated module-level advanced classification; source: 072-sensitivity-multiverse-0-9.R. Lifecycle status does not establish construct validity."
"sensitivity_decision_leverage","advanced",,,"0.9.0.9000","Curated module-level advanced classification; source: 072-sensitivity-multiverse-0-9.R. Lifecycle status does not establish construct validity."
"sensitivity_fragility_index","advanced",,,"0.9.0.9000","Curated module-level advanced classification; source: 072-sensitivity-multiverse-0-9.R. Lifecycle status does not establish construct validity."
"sensitivity_missing_process","experimental",,,"0.9.0.9000","Curated module-level experimental classification; source: 016-advanced-experimental.R. Lifecycle status does not establish construct validity."
"sensitivity_mnar_process","advanced",,,"0.9.0.9000","Curated module-level advanced classification; source: 038-informative-missingness.R. Lifecycle status does not establish construct validity."
"sensitivity_multiverse_manifest","advanced",,,"0.9.0.9000","Curated module-level advanced classification; source: 072-sensitivity-multiverse-0-9.R. Lifecycle status does not establish construct validity."
"sensitivity_process","core","sensitivity_process",,"0.9.0.9000","Curated module-level core classification; source: 011-quality-governance.R. Lifecycle status does not establish construct validity."
"sensitivity_rank_stability","advanced",,,"0.9.0.9000","Curated module-level advanced classification; source: 072-sensitivity-multiverse-0-9.R. Lifecycle status does not establish construct validity."
"sensitivity_sign_stability","advanced",,,"0.9.0.9000","Curated module-level advanced classification; source: 072-sensitivity-multiverse-0-9.R. Lifecycle status does not establish construct validity."
"sensitivity_significance_stability","advanced",,,"0.9.0.9000","Curated module-level advanced classification; source: 072-sensitivity-multiverse-0-9.R. Lifecycle status does not establish construct validity."
"sensitivity_threshold_stability","advanced",,,"0.9.0.9000","Curated module-level advanced classification; source: 072-sensitivity-multiverse-0-9.R. Lifecycle status does not establish construct validity."
"session_facet_effects","advanced",,,"0.9.0.9000","Curated module-level advanced classification; source: 055-requested-api-completion-0-7.R. Lifecycle status does not establish construct validity."
"set_eye_table","core","set_eye_table",,"0.9.0.9000","Curated module-level core classification; source: 002-class.R. Lifecycle status does not establish construct validity."
"simulate_advanced_process_data","advanced",,,"0.9.0.9000","Curated module-level advanced classification; source: 022-advanced-models-v2.R. Lifecycle status does not establish construct validity."
"simulate_dynamic_irtree_data","advanced",,,"0.9.0.9000","Curated module-level advanced classification; source: 024-dynamic-irtree-engine.R. Lifecycle status does not establish construct validity."
"simulate_eye_dataset","advanced",,,"0.9.0.9000","Curated module-level advanced classification; source: 014-simulation.R. Lifecycle status does not establish construct validity."
"simulate_eyeprocess_catr","gated",,,"0.9.0.9000","Curated module-level gated classification; source: 088-irt-engine-adapters-0-9.R. Lifecycle status does not establish construct validity."
"simulate_eyeprocess_irt_binary","advanced",,,"0.9.0.9000","Curated module-level advanced classification; source: 089-irt-validation-evidence-0-9.R. Lifecycle status does not establish construct validity."
"simulate_from_model","advanced",,,"0.9.0.9000","Curated module-level advanced classification; source: 055-requested-api-completion-0-7.R. Lifecycle status does not establish construct validity."
"simulate_gaze_diffusion_data","advanced",,,"0.9.0.9000","Curated module-level advanced classification; source: 027-strategy-diffusion-engines.R. Lifecycle status does not establish construct validity."
"simulate_irt_model","experimental",,,"0.9.0.9000","Curated module-level experimental classification; source: 049-multimodal-irt-registry.R. Lifecycle status does not establish construct validity."
"simulate_presentation_variants","workflow","simulate_presentation_variants",,"0.9.0.9000","Curated module-level workflow classification; source: 058-process-preflight-governance-0-8.R. Lifecycle status does not establish construct validity."
"simulate_process_cat","experimental",,,"0.9.0.9000","Curated module-level experimental classification; source: 051-advanced-process-irt-0-7.R. Lifecycle status does not establish construct validity."
"simulate_process_irt","advanced",,,"0.9.0.9000","Curated module-level advanced classification; source: 014-simulation.R. Lifecycle status does not establish construct validity."
"simulate_process_validation_data","workflow","simulate_process_validation_data",,"0.9.0.9000","Curated module-level workflow classification; source: 069-validation-program-0-9.R. Lifecycle status does not establish construct validity."
"simulate_strategy_mixture_data","advanced",,,"0.9.0.9000","Curated module-level advanced classification; source: 027-strategy-diffusion-engines.R. Lifecycle status does not establish construct validity."
"simulation_based_calibration","workflow","simulation_based_calibration",,"0.9.0.9000","Curated module-level workflow classification; source: 021-validation-program.R. Lifecycle status does not establish construct validity."
"simulation_rank_statistic","advanced",,,"0.9.0.9000","Curated module-level advanced classification; source: 081-validation-extras-0-9.R. Lifecycle status does not establish construct validity."
"software_paper_claim_matrix","workflow","software_paper_claim_matrix",,"0.9.0.9000","Curated module-level workflow classification; source: 079-software-paper-evidence-0-9.R. Lifecycle status does not establish construct validity."
"software_paper_coverage","workflow","software_paper_coverage",,"0.9.0.9000","Curated module-level workflow classification; source: 079-software-paper-evidence-0-9.R. Lifecycle status does not establish construct validity."
"software_paper_evidence_bundle","workflow","software_paper_evidence_bundle",,"0.9.0.9000","Curated module-level workflow classification; source: 079-software-paper-evidence-0-9.R. Lifecycle status does not establish construct validity."
"software_paper_gap_analysis","workflow","software_paper_gap_analysis",,"0.9.0.9000","Curated module-level workflow classification; source: 079-software-paper-evidence-0-9.R. Lifecycle status does not establish construct validity."
"software_paper_readiness","workflow","software_paper_readiness",,"0.9.0.9000","Curated module-level workflow classification; source: 079-software-paper-evidence-0-9.R. Lifecycle status does not establish construct validity."
"software_paper_validation_table","workflow","software_paper_validation_table",,"0.9.0.9000","Curated module-level workflow classification; source: 079-software-paper-evidence-0-9.R. Lifecycle status does not establish construct validity."
"source_preservation_audit","core","source_preservation_audit",,"0.9.0.9000","Curated module-level core classification; source: 017-format-validation.R. Lifecycle status does not establish construct validity."
"specification_coverage","advanced",,,"0.9.0.9000","Curated module-level advanced classification; source: 072-sensitivity-multiverse-0-9.R. Lifecycle status does not establish construct validity."
"specification_curve_data","advanced",,,"0.9.0.9000","Curated module-level advanced classification; source: 072-sensitivity-multiverse-0-9.R. Lifecycle status does not establish construct validity."
"split_half_process_reliability","advanced",,,"0.9.0.9000","Curated module-level advanced classification; source: 074-process-registry-reliability-0-9.R. Lifecycle status does not establish construct validity."
"split_validation_plan","workflow","split_validation_plan",,"0.9.0.9000","Curated module-level workflow classification; source: 023-validation-orchestration.R. Lifecycle status does not establish construct validity."
"standardize_eye_table","core","standardize_eye_table",,"0.9.0.9000","Curated module-level core classification; source: 001-schema.R. Lifecycle status does not establish construct validity."
"storage_transaction_manifest","workflow","storage_transaction_manifest",,"0.9.0.9000","Curated module-level workflow classification; source: 028-api-storage-adapters.R. Lifecycle status does not establish construct validity."
"store_quality","core","store_quality",,"0.9.0.9000","Curated module-level core classification; source: 011-quality-governance.R. Lifecycle status does not establish construct validity."
"strategy_aoi_sensitivity","advanced",,,"0.9.0.9000","Curated module-level advanced classification; source: 027-strategy-diffusion-engines.R. Lifecycle status does not establish construct validity."
"strategy_classification_uncertainty","advanced",,,"0.9.0.9000","Curated module-level advanced classification; source: 027-strategy-diffusion-engines.R. Lifecycle status does not establish construct validity."
"strategy_label_switching_diagnostics","advanced",,,"0.9.0.9000","Curated module-level advanced classification; source: 027-strategy-diffusion-engines.R. Lifecycle status does not establish construct validity."
"strategy_posterior_probabilities","advanced",,,"0.9.0.9000","Curated module-level advanced classification; source: 027-strategy-diffusion-engines.R. Lifecycle status does not establish construct validity."
"streaming_score_history","workflow","streaming_score_history",,"0.9.0.9000","Curated module-level workflow classification; source: 063-operational-validation-0-8.R. Lifecycle status does not establish construct validity."
"stress_test_latent_distribution","advanced",,,"0.9.0.9000","Curated module-level advanced classification; source: 052-irt-validation-0-7.R. Lifecycle status does not establish construct validity."
"stress_test_local_dependence","advanced",,,"0.9.0.9000","Curated module-level advanced classification; source: 052-irt-validation-0-7.R. Lifecycle status does not establish construct validity."
"stress_test_missingness","advanced",,,"0.9.0.9000","Curated module-level advanced classification; source: 052-irt-validation-0-7.R. Lifecycle status does not establish construct validity."
"stress_test_misspecification","advanced",,,"0.9.0.9000","Curated module-level advanced classification; source: 052-irt-validation-0-7.R. Lifecycle status does not establish construct validity."
"stress_test_preprocessing","advanced",,,"0.9.0.9000","Curated module-level advanced classification; source: 052-irt-validation-0-7.R. Lifecycle status does not establish construct validity."
"stress_test_process_pipeline","advanced",,,"0.9.0.9000","Curated module-level advanced classification; source: 075-benchmark-stress-0-9.R. Lifecycle status does not establish construct validity."
"stress_test_speededness","advanced",,,"0.9.0.9000","Curated module-level advanced classification; source: 052-irt-validation-0-7.R. Lifecycle status does not establish construct validity."
"stress_test_summary","advanced",,,"0.9.0.9000","Curated module-level advanced classification; source: 075-benchmark-stress-0-9.R. Lifecycle status does not establish construct validity."
"stress_tolerance_frontier","advanced",,,"0.9.0.9000","Curated module-level advanced classification; source: 075-benchmark-stress-0-9.R. Lifecycle status does not establish construct validity."
"structural_transition_mask","advanced",,,"0.9.0.9000","Curated module-level advanced classification; source: 024-dynamic-irtree-engine.R. Lifecycle status does not establish construct validity."
"summarise_aoi_membership","advanced",,,"0.9.0.9000","Curated module-level advanced classification; source: 031-probabilistic-aoi.R. Lifecycle status does not establish construct validity."
"summarise_eye_benchmark","advanced",,,"0.9.0.9000","Curated module-level advanced classification; source: 075-benchmark-stress-0-9.R. Lifecycle status does not establish construct validity."
"summarise_eyeprocess_stress_evidence","workflow","summarise_eyeprocess_stress_evidence",,"0.9.0.9000","Curated module-level workflow classification; source: 091-validation-stress-freeze-0-9.R. Lifecycle status does not establish construct validity."
"summarise_process_negative_controls","advanced",,,"0.9.0.9000","Curated module-level advanced classification; source: 077-negative-controls-leakage-0-9.R. Lifecycle status does not establish construct validity."
"summarise_process_sensitivity","advanced",,,"0.9.0.9000","Curated module-level advanced classification; source: 072-sensitivity-multiverse-0-9.R. Lifecycle status does not establish construct validity."
"summarise_process_validation","workflow","summarise_process_validation",,"0.9.0.9000","Curated module-level workflow classification; source: 069-validation-program-0-9.R. Lifecycle status does not establish construct validity."
"summarise_validation_acceptance","workflow","summarise_validation_acceptance",,"0.9.0.9000","Curated module-level workflow classification; source: 082-validation-evidence-programs-0-9.R. Lifecycle status does not establish construct validity."
"summarize_fixations","core","summarize_fixations",,"0.9.0.9000","Curated module-level core classification; source: 010-features.R. Lifecycle status does not establish construct validity."
"summarize_parameter_recovery","advanced",,,"0.9.0.9000","Curated module-level advanced classification; source: 052-irt-validation-0-7.R. Lifecycle status does not establish construct validity."
"summarize_process_windows","advanced",,,"0.9.0.9000","Curated module-level advanced classification; source: 060-process-window-representations-0-8.R. Lifecycle status does not establish construct validity."
"supported_eye_formats","core","supported_eye_formats",,"0.9.0.9000","Curated module-level core classification; source: 003-mapping-adapters.R. Lifecycle status does not establish construct validity."
"synchronize_eye_biometrics","core","synchronize_eye_biometrics",,"0.9.0.9000","Curated module-level core classification; source: 007-coordinates-time.R. Lifecycle status does not establish construct validity."
"synthetic_corruption_plan","advanced",,,"0.9.0.9000","Curated module-level advanced classification; source: 075-benchmark-stress-0-9.R. Lifecycle status does not establish construct validity."
"theory_strategy_spec","advanced",,,"0.9.0.9000","Curated module-level advanced classification; source: 027-strategy-diffusion-engines.R. Lifecycle status does not establish construct validity."
"timestamp_fidelity_audit","advanced",,,"0.9.0.9000","Curated module-level advanced classification; source: 048-semantic-validation-0-7.R. Lifecycle status does not establish construct validity."
"trace_item_decision","workflow","trace_item_decision",,"0.9.0.9000","Curated module-level workflow classification; source: 046-evidence-provenance-graph.R. Lifecycle status does not establish construct validity."
"transform_aoi_composition","advanced",,,"0.9.0.9000","Curated module-level advanced classification; source: 032-compositional-aoi.R. Lifecycle status does not establish construct validity."
"transition_entropy","core","transition_entropy",,"0.9.0.9000","Curated module-level core classification; source: 010-features.R. Lifecycle status does not establish construct validity."
"transition_matrix","core","transition_matrix",,"0.9.0.9000","Curated module-level core classification; source: 010-features.R. Lifecycle status does not establish construct validity."
"transition_residual_diagnostics","advanced",,,"0.9.0.9000","Curated module-level advanced classification; source: 024-dynamic-irtree-engine.R. Lifecycle status does not establish construct validity."
"trial_table","core","trial_table",,"0.9.0.9000","Curated module-level core classification; source: 010-features.R. Lifecycle status does not establish construct validity."
"uncertainty_budget","advanced",,,"0.9.0.9000","Curated module-level advanced classification; source: 033-process-uncertainty.R. Lifecycle status does not establish construct validity."
"unregister_eye_adapter","core","unregister_eye_adapter",,"0.9.0.9000","Curated module-level core classification; source: 003-mapping-adapters.R. Lifecycle status does not establish construct validity."
"update_person_score","workflow","update_person_score",,"0.9.0.9000","Curated module-level workflow classification; source: 063-operational-validation-0-8.R. Lifecycle status does not establish construct validity."
"upgrade_eye_dataset","workflow","upgrade_eye_dataset",,"0.9.0.9000","Curated module-level workflow classification; source: 028-api-storage-adapters.R. Lifecycle status does not establish construct validity."
"upgrade_eyeprocess_model","workflow","upgrade_eyeprocess_model",,"0.9.0.9000","Curated module-level workflow classification; source: 028-api-storage-adapters.R. Lifecycle status does not establish construct validity."
"validate_against_reference","workflow","validate_against_reference",,"0.9.0.9000","Curated module-level workflow classification; source: 069-validation-program-0-9.R. Lifecycle status does not establish construct validity."
"validate_benchmark_study","workflow","validate_benchmark_study",,"0.9.0.9000","Curated module-level workflow classification; source: 029-benchmark-reproducibility.R. Lifecycle status does not establish construct validity."
"validate_bids_eye_semantics","advanced",,,"0.9.0.9000","Curated module-level advanced classification; source: 048-semantic-validation-0-7.R. Lifecycle status does not establish construct validity."
"validate_decision_manifest","workflow","validate_decision_manifest",,"0.9.0.9000","Curated module-level workflow classification; source: 073-decision-manifests-0-9.R. Lifecycle status does not establish construct validity."
"validate_engine_adapter","workflow","validate_engine_adapter",,"0.9.0.9000","Curated module-level workflow classification; source: 028-api-storage-adapters.R. Lifecycle status does not establish construct validity."
"validate_eye_corpus","core","validate_eye_corpus",,"0.9.0.9000","Curated module-level core classification; source: 017-format-validation.R. Lifecycle status does not establish construct validity."
"validate_eye_dataset","core","validate_eye_dataset",,"0.9.0.9000","Curated module-level core classification; source: 002-class.R. Lifecycle status does not establish construct validity."
"validate_eye_mapping","core","validate_eye_mapping",,"0.9.0.9000","Curated module-level core classification; source: 003-mapping-adapters.R. Lifecycle status does not establish construct validity."
"validate_eye_pipeline","workflow","validate_eye_pipeline",,"0.9.0.9000","Curated module-level workflow classification; source: 070-governed-pipelines-0-9.R. Lifecycle status does not establish construct validity."
"validate_eye_prov_graph","workflow","validate_eye_prov_graph",,"0.9.0.9000","Curated module-level workflow classification; source: 078-reproducibility-provenance-0-9.R. Lifecycle status does not establish construct validity."
"validate_eye_source","core","validate_eye_source",,"0.9.0.9000","Curated module-level core classification; source: 017-format-validation.R. Lifecycle status does not establish construct validity."
"validate_eye_storage_metadata","workflow","validate_eye_storage_metadata",,"0.9.0.9000","Curated module-level workflow classification; source: 028-api-storage-adapters.R. Lifecycle status does not establish construct validity."
"validate_eye_table","core","validate_eye_table",,"0.9.0.9000","Curated module-level core classification; source: 001-schema.R. Lifecycle status does not establish construct validity."
"validate_eyelink_export","core","validate_eyelink_export",,"0.9.0.9000","Curated module-level core classification; source: 017-format-validation.R. Lifecycle status does not establish construct validity."
"validate_eyeprocess_external_irt_fit","gated",,,"0.9.0.9000","Curated module-level gated classification; source: 088-irt-engine-adapters-0-9.R. Lifecycle status does not establish construct validity."
"validate_eyeprocess_irt_item_bank","advanced",,,"0.9.0.9000","Curated module-level advanced classification; source: 085-irt-scoring-adaptive-0-9.R. Lifecycle status does not establish construct validity."
"validate_eyeprocess_irt_model_spec","advanced",,,"0.9.0.9000","Curated module-level advanced classification; source: 083-irt-foundations-information-0-9.R. Lifecycle status does not establish construct validity."
"validate_eyeprocess_joint_process_irt_spec","advanced",,,"0.9.0.9000","Curated module-level advanced classification; source: 087-irt-process-joint-0-9.R. Lifecycle status does not establish construct validity."
"validate_eyeprocess_validation_plan","workflow","validate_eyeprocess_validation_plan",,"0.9.0.9000","Curated module-level workflow classification; source: 082-validation-evidence-programs-0-9.R. Lifecycle status does not establish construct validity."
"validate_feature_availability","advanced",,,"0.9.0.9000","Curated module-level advanced classification; source: 077-negative-controls-leakage-0-9.R. Lifecycle status does not establish construct validity."
"validate_gazepoint_workflow","workflow","validate_gazepoint_workflow",,"0.9.0.9000","Curated module-level workflow classification; source: 019-gazepoint-downstream-workflow.R. Lifecycle status does not establish construct validity."
"validate_generic_export","core","validate_generic_export",,"0.9.0.9000","Curated module-level core classification; source: 017-format-validation.R. Lifecycle status does not establish construct validity."
"validate_hed_event_semantics","advanced",,,"0.9.0.9000","Curated module-level advanced classification; source: 048-semantic-validation-0-7.R. Lifecycle status does not establish construct validity."
"validate_irt_model","experimental",,,"0.9.0.9000","Curated module-level experimental classification; source: 049-multimodal-irt-registry.R. Lifecycle status does not establish construct validity."
"validate_latent_space_process_similarity","experimental",,,"0.9.0.9000","Curated module-level experimental classification; source: 051-advanced-process-irt-0-7.R. Lifecycle status does not establish construct validity."
"validate_model_object","workflow","validate_model_object",,"0.9.0.9000","Curated module-level workflow classification; source: 028-api-storage-adapters.R. Lifecycle status does not establish construct validity."
"validate_process_measure_registry","advanced",,,"0.9.0.9000","Curated module-level advanced classification; source: 074-process-registry-reliability-0-9.R. Lifecycle status does not establish construct validity."
"validate_process_validation_design","workflow","validate_process_validation_design",,"0.9.0.9000","Curated module-level workflow classification; source: 069-validation-program-0-9.R. Lifecycle status does not establish construct validity."
"validate_process_windows","advanced",,,"0.9.0.9000","Curated module-level advanced classification; source: 060-process-window-representations-0-8.R. Lifecycle status does not establish construct validity."
"validate_pupillabs_export","core","validate_pupillabs_export",,"0.9.0.9000","Curated module-level core classification; source: 017-format-validation.R. Lifecycle status does not establish construct validity."
"validate_smi_export","core","validate_smi_export",,"0.9.0.9000","Curated module-level core classification; source: 017-format-validation.R. Lifecycle status does not establish construct validity."
"validate_strategy_manipulation","advanced",,,"0.9.0.9000","Curated module-level advanced classification; source: 027-strategy-diffusion-engines.R. Lifecycle status does not establish construct validity."
"validate_tobii_export","core","validate_tobii_export",,"0.9.0.9000","Curated module-level core classification; source: 017-format-validation.R. Lifecycle status does not establish construct validity."
"validate_vendor_semantics","advanced",,,"0.9.0.9000","Curated module-level advanced classification; source: 055-requested-api-completion-0-7.R. Lifecycle status does not establish construct validity."
"validate_vendor_timestamp_semantics","advanced",,,"0.9.0.9000","Curated module-level advanced classification; source: 048-semantic-validation-0-7.R. Lifecycle status does not establish construct validity."
"validation_acceptance_matrix","workflow","validation_acceptance_matrix",,"0.9.0.9000","Curated module-level workflow classification; source: 082-validation-evidence-programs-0-9.R. Lifecycle status does not establish construct validity."
"validation_acceptance_rule","workflow","validation_acceptance_rule",,"0.9.0.9000","Curated module-level workflow classification; source: 082-validation-evidence-programs-0-9.R. Lifecycle status does not establish construct validity."
"validation_bundle_manifest","workflow","validation_bundle_manifest",,"0.9.0.9000","Curated module-level workflow classification; source: 063-operational-validation-0-8.R. Lifecycle status does not establish construct validity."
"validation_calibration_summary","workflow","validation_calibration_summary",,"0.9.0.9000","Curated module-level workflow classification; source: 023-validation-orchestration.R. Lifecycle status does not establish construct validity."
"validation_condition_id","workflow","validation_condition_id",,"0.9.0.9000","Curated module-level workflow classification; source: 069-validation-program-0-9.R. Lifecycle status does not establish construct validity."
"validation_condition_ranking","workflow","validation_condition_ranking",,"0.9.0.9000","Curated module-level workflow classification; source: 069-validation-program-0-9.R. Lifecycle status does not establish construct validity."
"validation_coverage_table","workflow","validation_coverage_table",,"0.9.0.9000","Curated module-level workflow classification; source: 069-validation-program-0-9.R. Lifecycle status does not establish construct validity."
"validation_evidence_levels","advanced",,,"0.9.0.9000","Curated module-level advanced classification; source: 048-semantic-validation-0-7.R. Lifecycle status does not establish construct validity."
"validation_evidence_matrix","workflow","validation_evidence_matrix",,"0.9.0.9000","Curated module-level workflow classification; source: 069-validation-program-0-9.R. Lifecycle status does not establish construct validity."
"validation_failure_profile","workflow","validation_failure_profile",,"0.9.0.9000","Curated module-level workflow classification; source: 069-validation-program-0-9.R. Lifecycle status does not establish construct validity."
"validation_failure_summary","workflow","validation_failure_summary",,"0.9.0.9000","Curated module-level workflow classification; source: 023-validation-orchestration.R. Lifecycle status does not establish construct validity."
"validation_failure_taxonomy","advanced",,,"0.9.0.9000","Curated module-level advanced classification; source: 052-irt-validation-0-7.R. Lifecycle status does not establish construct validity."
"validation_job_plan","workflow","validation_job_plan",,"0.9.0.9000","Curated module-level workflow classification; source: 023-validation-orchestration.R. Lifecycle status does not establish construct validity."
"validation_manifest","core","validation_manifest",,"0.9.0.9000","Curated module-level core classification; source: 017-format-validation.R. Lifecycle status does not establish construct validity."
"validation_mcse","advanced",,,"0.9.0.9000","Curated module-level advanced classification; source: 052-irt-validation-0-7.R. Lifecycle status does not establish construct validity."
"validation_mcse_profile","workflow","validation_mcse_profile",,"0.9.0.9000","Curated module-level workflow classification; source: 082-validation-evidence-programs-0-9.R. Lifecycle status does not establish construct validity."
"validation_recovery_summary","workflow","validation_recovery_summary",,"0.9.0.9000","Curated module-level workflow classification; source: 023-validation-orchestration.R. Lifecycle status does not establish construct validity."
"validation_recovery_table","workflow","validation_recovery_table",,"0.9.0.9000","Curated module-level workflow classification; source: 069-validation-program-0-9.R. Lifecycle status does not establish construct validity."
"validation_replication_budget","workflow","validation_replication_budget",,"0.9.0.9000","Curated module-level workflow classification; source: 082-validation-evidence-programs-0-9.R. Lifecycle status does not establish construct validity."
"validation_report","workflow","validation_report",,"0.9.0.9000","Curated module-level workflow classification; source: 063-operational-validation-0-8.R. Lifecycle status does not establish construct validity."
"validation_robustness_score","workflow","validation_robustness_score",,"0.9.0.9000","Curated module-level workflow classification; source: 069-validation-program-0-9.R. Lifecycle status does not establish construct validity."
"validation_runtime_summary","workflow","validation_runtime_summary",,"0.9.0.9000","Curated module-level workflow classification; source: 023-validation-orchestration.R. Lifecycle status does not establish construct validity."
"validation_sbc_summary","workflow","validation_sbc_summary",,"0.9.0.9000","Curated module-level workflow classification; source: 023-validation-orchestration.R. Lifecycle status does not establish construct validity."
"validation_scenario_manifest","workflow","validation_scenario_manifest",,"0.9.0.9000","Curated module-level workflow classification; source: 082-validation-evidence-programs-0-9.R. Lifecycle status does not establish construct validity."
"validation_seed","workflow","validation_seed",,"0.9.0.9000","Curated module-level workflow classification; source: 023-validation-orchestration.R. Lifecycle status does not establish construct validity."
"validation_summary_mcse","workflow","validation_summary_mcse",,"0.9.0.9000","Curated module-level workflow classification; source: 069-validation-program-0-9.R. Lifecycle status does not establish construct validity."
"validation_thresholds","workflow","validation_thresholds",,"0.9.0.9000","Curated module-level workflow classification; source: 023-validation-orchestration.R. Lifecycle status does not establish construct validity."
"vendor_schema_contract","advanced",,,"0.9.0.9000","Curated module-level advanced classification; source: 055-requested-api-completion-0-7.R. Lifecycle status does not establish construct validity."
"vendor_validation_spec","workflow","vendor_validation_spec",,"0.9.0.9000","Curated module-level workflow classification; source: 021-validation-program.R. Lifecycle status does not establish construct validity."
"verify_decision_manifest_lock","workflow","verify_decision_manifest_lock",,"0.9.0.9000","Curated module-level workflow classification; source: 073-decision-manifests-0-9.R. Lifecycle status does not establish construct validity."
"verify_eyeprocess_validation_atlas","workflow","verify_eyeprocess_validation_atlas",,"0.9.0.9000","Curated module-level workflow classification; source: 094-validation-paper-tables-atlas-0-9.R. Lifecycle status does not establish construct validity."
"verify_eyeprocess_validation_evidence","workflow","verify_eyeprocess_validation_evidence",,"0.9.0.9000","Curated module-level workflow classification; source: 091-validation-stress-freeze-0-9.R. Lifecycle status does not establish construct validity."
"verify_outcome_blind_snapshot","workflow","verify_outcome_blind_snapshot",,"0.9.0.9000","Curated module-level workflow classification; source: 073-decision-manifests-0-9.R. Lifecycle status does not establish construct validity."
"verify_reproducibility_fingerprint","workflow","verify_reproducibility_fingerprint",,"0.9.0.9000","Curated module-level workflow classification; source: 078-reproducibility-provenance-0-9.R. Lifecycle status does not establish construct validity."
"verify_reproducibility_manifest","workflow","verify_reproducibility_manifest",,"0.9.0.9000","Curated module-level workflow classification; source: 029-benchmark-reproducibility.R. Lifecycle status does not establish construct validity."
"visual_context_registry","advanced",,,"0.9.0.9000","Curated module-level advanced classification; source: 062-context-process-structure-0-8.R. Lifecycle status does not establish construct validity."
"windowed_recurrence","advanced",,,"0.9.0.9000","Curated module-level advanced classification; source: 039-recurrence-analysis.R. Lifecycle status does not establish construct validity."
"write_advanced_model_evidence_report","workflow","write_advanced_model_evidence_report",,"0.9.0.9000","Curated module-level workflow classification; source: 021-validation-program.R. Lifecycle status does not establish construct validity."
"write_api_lifecycle_registry","workflow","write_api_lifecycle_registry",,"0.9.0.9000","Curated module-level workflow classification; source: 071-api-lifecycle-0-9.R. Lifecycle status does not establish construct validity."
"write_benchmark_data_dictionary","workflow","write_benchmark_data_dictionary",,"0.9.0.9000","Curated module-level workflow classification; source: 029-benchmark-reproducibility.R. Lifecycle status does not establish construct validity."
"write_decision_manifest","workflow","write_decision_manifest",,"0.9.0.9000","Curated module-level workflow classification; source: 073-decision-manifests-0-9.R. Lifecycle status does not establish construct validity."
"write_eye_dataset","workflow","write_eye_dataset",,"0.9.0.9000","Curated module-level workflow classification; source: 015-export-report-bridges.R. Lifecycle status does not establish construct validity."
"write_eye_pipeline_report","workflow","write_eye_pipeline_report",,"0.9.0.9000","Curated module-level workflow classification; source: 070-governed-pipelines-0-9.R. Lifecycle status does not establish construct validity."
"write_eye_storage","workflow","write_eye_storage",,"0.9.0.9000","Curated module-level workflow classification; source: 020-interoperability-storage.R. Lifecycle status does not establish construct validity."
"write_eye_targets_template","workflow","write_eye_targets_template",,"0.9.0.9000","Curated module-level workflow classification; source: 070-governed-pipelines-0-9.R. Lifecycle status does not establish construct validity."
"write_eyeprocess_validation_evidence","workflow","write_eyeprocess_validation_evidence",,"0.9.0.9000","Curated module-level workflow classification; source: 091-validation-stress-freeze-0-9.R. Lifecycle status does not establish construct validity."
"write_eyeprocess_validation_report","workflow","write_eyeprocess_validation_report",,"0.9.0.9000","Curated module-level workflow classification; source: 094-validation-paper-tables-atlas-0-9.R. Lifecycle status does not establish construct validity."
"write_format_validation_report","core","write_format_validation_report",,"0.9.0.9000","Curated module-level core classification; source: 017-format-validation.R. Lifecycle status does not establish construct validity."
"write_gazepoint_workflow_report","workflow","write_gazepoint_workflow_report",,"0.9.0.9000","Curated module-level workflow classification; source: 019-gazepoint-downstream-workflow.R. Lifecycle status does not establish construct validity."
"write_model_promotion_report","workflow","write_model_promotion_report",,"0.9.0.9000","Curated module-level workflow classification; source: 023-validation-orchestration.R. Lifecycle status does not establish construct validity."
"write_partitioned_eye_storage","workflow","write_partitioned_eye_storage",,"0.9.0.9000","Curated module-level workflow classification; source: 028-api-storage-adapters.R. Lifecycle status does not establish construct validity."
"write_prov_dot","workflow","write_prov_dot",,"0.9.0.9000","Curated module-level workflow classification; source: 078-reproducibility-provenance-0-9.R. Lifecycle status does not establish construct validity."
"write_provenance","workflow","write_provenance",,"0.9.0.9000","Curated module-level workflow classification; source: 015-export-report-bridges.R. Lifecycle status does not establish construct validity."
"write_reporting_guideline_report","workflow","write_reporting_guideline_report",,"0.9.0.9000","Curated module-level workflow classification; source: 021-validation-program.R. Lifecycle status does not establish construct validity."
"write_reproducibility_fingerprint","workflow","write_reproducibility_fingerprint",,"0.9.0.9000","Curated module-level workflow classification; source: 078-reproducibility-provenance-0-9.R. Lifecycle status does not establish construct validity."
"write_software_paper_evidence","workflow","write_software_paper_evidence",,"0.9.0.9000","Curated module-level workflow classification; source: 079-software-paper-evidence-0-9.R. Lifecycle status does not establish construct validity."
"write_software_paper_reproduction","workflow","write_software_paper_reproduction",,"0.9.0.9000","Curated module-level workflow classification; source: 029-benchmark-reproducibility.R. Lifecycle status does not establish construct validity."
"write_software_paper_scaffold","workflow","write_software_paper_scaffold",,"0.9.0.9000","Curated module-level workflow classification; source: 021-validation-program.R. Lifecycle status does not establish construct validity."
"write_validation_job_manifest","workflow","write_validation_job_manifest",,"0.9.0.9000","Curated module-level workflow classification; source: 023-validation-orchestration.R. Lifecycle status does not establish construct validity."
"write_validation_manifest","core","write_validation_manifest",,"0.9.0.9000","Curated module-level core classification; source: 017-format-validation.R. Lifecycle status does not establish construct validity."
"write_validation_release_report","workflow","write_validation_release_report",,"0.9.0.9000","Curated module-level workflow classification; source: 023-validation-orchestration.R. Lifecycle status does not establish construct validity."
"write_validation_report","workflow","write_validation_report",,"0.9.0.9000","Curated module-level workflow classification; source: 063-operational-validation-0-8.R. Lifecycle status does not establish construct validity."
"write_validation_scenario_manifest","workflow","write_validation_scenario_manifest",,"0.9.0.9000","Curated module-level workflow classification; source: 082-validation-evidence-programs-0-9.R. Lifecycle status does not establish construct validity."
"write_vendor_case_report","workflow","write_vendor_case_report",,"0.9.0.9000","Curated module-level workflow classification; source: 025-vendor-corpus.R. Lifecycle status does not establish construct validity."
"write_vendor_registry","workflow","write_vendor_registry",,"0.9.0.9000","Curated module-level workflow classification; source: 025-vendor-corpus.R. Lifecycle status does not establish construct validity."
"write_vendor_validation_report","workflow","write_vendor_validation_report",,"0.9.0.9000","Curated module-level workflow classification; source: 021-validation-program.R. Lifecycle status does not establish construct validity."
"ablate_multimodal_channels","advanced",,,"0.10.0.9000","Classified at eyeprocess 0.10 multimodal-development milestone."
"audit_multimodal_identifiability","advanced",,,"0.10.0.9000","Classified at eyeprocess 0.10 multimodal-development milestone."
"audit_multimodal_measurement","advanced",,,"0.10.0.9000","Classified at eyeprocess 0.10 multimodal-development milestone."
"multimodal_backend_status","workflow","multimodal_backend_status",,"0.10.0.9000","Classified at eyeprocess 0.10 multimodal-development milestone."
"multimodal_irt_spec","experimental",,,"0.10.0.9000","Classified at eyeprocess 0.10 multimodal-development milestone."
"multimodal_ppc","experimental",,,"0.10.0.9000","Classified at eyeprocess 0.10 multimodal-development milestone."
"prepare_multimodal_irt_data","workflow","prepare_multimodal_irt_data",,"0.10.0.9000","Classified at eyeprocess 0.10 multimodal-development milestone."
"process_information","advanced",,,"0.10.0.9000","Classified at eyeprocess 0.10 multimodal-development milestone."
"simulate_multimodal_irt","advanced",,,"0.10.0.9000","Classified at eyeprocess 0.10 multimodal-development milestone."
"validate_multimodal_irt","advanced",,,"0.10.0.9000","Classified at eyeprocess 0.10 multimodal-development milestone."
"audit_multimodal_m2_identifiability","advanced",,,"0.10.0.9000","Classified at eyeprocess 0.10 M2 three-way evidence milestone; likelihood/reference status remains evidence-gated."
"fit_multimodal_m2","gated",,,"0.10.0.9000","Classified at eyeprocess 0.10 M2 three-way evidence milestone; likelihood/reference status remains evidence-gated."
"multimodal_m2_ablation","experimental",,,"0.10.0.9000","Classified at eyeprocess 0.10 M2 three-way evidence milestone; likelihood/reference status remains evidence-gated."
"multimodal_m2_negative_controls","advanced",,,"0.10.0.9000","Classified at eyeprocess 0.10 M2 three-way evidence milestone; likelihood/reference status remains evidence-gated."
"multimodal_m2_ppc","advanced",,,"0.10.0.9000","Classified at eyeprocess 0.10 M2 three-way evidence milestone; likelihood/reference status remains evidence-gated."
"multimodal_m2_process_information","experimental",,,"0.10.0.9000","Classified at eyeprocess 0.10 M2 three-way evidence milestone; likelihood/reference status remains evidence-gated."
"multimodal_m2_recovery","advanced",,,"0.10.0.9000","Classified at eyeprocess 0.10 M2 three-way evidence milestone; likelihood/reference status remains evidence-gated."
"multimodal_m2_spec","experimental",,,"0.10.0.9000","Classified at eyeprocess 0.10 M2 three-way evidence milestone; likelihood/reference status remains evidence-gated."
"simulate_multimodal_m2","advanced",,,"0.10.0.9000","Classified at eyeprocess 0.10 M2 three-way evidence milestone; likelihood/reference status remains evidence-gated."
"validate_multimodal_m2","advanced",,,"0.10.0.9000","Classified at eyeprocess 0.10 M2 three-way evidence milestone; likelihood/reference status remains evidence-gated."
"audit_multimodal_m3_identifiability","advanced",,,"0.10.0.9000","Classified at eyeprocess 0.10 M3 pupil-evidence milestone; pupil remains a neutral observed process channel and scientific promotion remains conditional on recovery, diagnostics, confound, missingness, and transport evidence."
"fit_multimodal_m3","gated",,,"0.10.0.9000","Classified at eyeprocess 0.10 M3 pupil-evidence milestone; pupil remains a neutral observed process channel and scientific promotion remains conditional on recovery, diagnostics, confound, missingness, and transport evidence."
"multimodal_m3_ablation","experimental",,,"0.10.0.9000","Classified at eyeprocess 0.10 M3 pupil-evidence milestone; pupil remains a neutral observed process channel and scientific promotion remains conditional on recovery, diagnostics, confound, missingness, and transport evidence."
"multimodal_m3_functional_bridge","experimental",,,"0.10.0.9000","Classified at eyeprocess 0.10 M3 pupil-evidence milestone; pupil remains a neutral observed process channel and scientific promotion remains conditional on recovery, diagnostics, confound, missingness, and transport evidence."
"multimodal_m3_negative_controls","advanced",,,"0.10.0.9000","Classified at eyeprocess 0.10 M3 pupil-evidence milestone; pupil remains a neutral observed process channel and scientific promotion remains conditional on recovery, diagnostics, confound, missingness, and transport evidence."
"multimodal_m3_ppc","advanced",,,"0.10.0.9000","Classified at eyeprocess 0.10 M3 pupil-evidence milestone; pupil remains a neutral observed process channel and scientific promotion remains conditional on recovery, diagnostics, confound, missingness, and transport evidence."
"multimodal_m3_process_information","experimental",,,"0.10.0.9000","Classified at eyeprocess 0.10 M3 pupil-evidence milestone; pupil remains a neutral observed process channel and scientific promotion remains conditional on recovery, diagnostics, confound, missingness, and transport evidence."
"multimodal_m3_recovery","advanced",,,"0.10.0.9000","Classified at eyeprocess 0.10 M3 pupil-evidence milestone; pupil remains a neutral observed process channel and scientific promotion remains conditional on recovery, diagnostics, confound, missingness, and transport evidence."
"multimodal_m3_spec","experimental",,,"0.10.0.9000","Classified at eyeprocess 0.10 M3 pupil-evidence milestone; pupil remains a neutral observed process channel and scientific promotion remains conditional on recovery, diagnostics, confound, missingness, and transport evidence."
"simulate_multimodal_m3","advanced",,,"0.10.0.9000","Classified at eyeprocess 0.10 M3 pupil-evidence milestone; pupil remains a neutral observed process channel and scientific promotion remains conditional on recovery, diagnostics, confound, missingness, and transport evidence."
"validate_multimodal_m3","advanced",,,"0.10.0.9000","Classified at eyeprocess 0.10 M3 pupil-evidence milestone; pupil remains a neutral observed process channel and scientific promotion remains conditional on recovery, diagnostics, confound, missingness, and transport evidence."
"audit_multimodal_m4_identifiability","advanced",,,"0.11.0.9000","eyeprocess 0.11 M4 latent response-process state milestone; states are neutral statistical process states, uncertainty is mandatory, and substantive psychological interpretation requires external validation."
"fit_multimodal_m4","gated",,,"0.11.0.9000","eyeprocess 0.11 M4 latent response-process state milestone; states are neutral statistical process states, uncertainty is mandatory, and substantive psychological interpretation requires external validation."
"multimodal_m4_ablation","experimental",,,"0.11.0.9000","eyeprocess 0.11 M4 latent response-process state milestone; states are neutral statistical process states, uncertainty is mandatory, and substantive psychological interpretation requires external validation."
"multimodal_m4_negative_controls","advanced",,,"0.11.0.9000","eyeprocess 0.11 M4 latent response-process state milestone; states are neutral statistical process states, uncertainty is mandatory, and substantive psychological interpretation requires external validation."
"multimodal_m4_ppc","advanced",,,"0.11.0.9000","eyeprocess 0.11 M4 latent response-process state milestone; states are neutral statistical process states, uncertainty is mandatory, and substantive psychological interpretation requires external validation."
"multimodal_m4_process_information","experimental",,,"0.11.0.9000","eyeprocess 0.11 M4 latent response-process state milestone; states are neutral statistical process states, uncertainty is mandatory, and substantive psychological interpretation requires external validation."
"multimodal_m4_recovery","advanced",,,"0.11.0.9000","eyeprocess 0.11 M4 latent response-process state milestone; states are neutral statistical process states, uncertainty is mandatory, and substantive psychological interpretation requires external validation."
"multimodal_m4_sensitivity","experimental",,,"0.11.0.9000","eyeprocess 0.11 M4 latent response-process state milestone; states are neutral statistical process states, uncertainty is mandatory, and substantive psychological interpretation requires external validation."
"multimodal_m4_spec","experimental",,,"0.11.0.9000","eyeprocess 0.11 M4 latent response-process state milestone; states are neutral statistical process states, uncertainty is mandatory, and substantive psychological interpretation requires external validation."
"multimodal_m4_state_diagnostics","advanced",,,"0.11.0.9000","eyeprocess 0.11 M4 latent response-process state milestone; states are neutral statistical process states, uncertainty is mandatory, and substantive psychological interpretation requires external validation."
"simulate_multimodal_m4","advanced",,,"0.11.0.9000","eyeprocess 0.11 M4 latent response-process state milestone; states are neutral statistical process states, uncertainty is mandatory, and substantive psychological interpretation requires external validation."
"validate_multimodal_m4","advanced",,,"0.11.0.9000","eyeprocess 0.11 M4 latent response-process state milestone; states are neutral statistical process states, uncertainty is mandatory, and substantive psychological interpretation requires external validation."
