file,name,aliases,title
man/030-measurement-intelligence-utils.Rd,eye_plot_spec,eye_plot_spec|print.eye_plot_spec|print.eye_mi_result|plot_diagnostics|plot_diagnostics.default|plot_diagnostics.eye_mi_result|plot_evidence|plot_evidence.default|plot_evidence.eye_mi_result|plot_sensitivity|plot_sensitivity.default|plot_sensitivity.eye_mi_result|autoplot_eyeprocess,Measurement-intelligence plotting and result infrastructure
man/031-probabilistic-aoi.Rd,assign_aois_probabilistic,assign_aois_probabilistic|audit_aoi_separation|summarise_aoi_membership|propagate_aoi_uncertainty|plot.eye_probabilistic_aoi|plot.eye_aoi_separation_audit|plot.eye_aoi_uncertainty|plot_aoi_probability_map|plot_aoi_boundary_risk|plot_probabilistic_scanpath|plot_fuzzy_transition_matrix|plot_aoi_metric_uncertainty,Probabilistic AOI assignment and uncertainty propagation
man/032-compositional-aoi.Rd,derive_aoi_composition,derive_aoi_composition|transform_aoi_composition|fit_aoi_compositional_model|compare_aoi_compositions|aoi_balance_coordinates|plot.eye_aoi_composition|plot.eye_aoi_composition_comparison|plot.eye_aoi_composition_model|plot_aoi_ternary|plot_aoi_balance_biplot|plot_aoi_variation_matrix|plot_compositional_group_difference|plot_aoi_composition_trajectory,Compositional analysis of AOI attention
man/033-process-uncertainty.Rd,process_uncertainty_spec,process_uncertainty_spec|print.eye_process_uncertainty_spec|estimate_process_uncertainty|propagate_process_uncertainty|uncertainty_budget|compare_uncertainty_budgets|plot.eye_process_uncertainty|plot.eye_process_uncertainty_propagation|plot.eye_uncertainty_budget_comparison|plot_uncertainty_waterfall|plot_uncertainty_tornado|plot_uncertainty_by_item|plot_uncertainty_by_stage,Process measurement-uncertainty budgets
man/034-calibration-recalibration.Rd,detect_calibration_drift,detect_calibration_drift|fit_offline_recalibration|apply_offline_recalibration|audit_recalibration|plot.eye_calibration_drift|plot.eye_recalibration_audit|plot_calibration_vector_field|plot_calibration_error_ellipses|plot_drift_over_time|plot_recalibration_before_after|plot_screen_coverage,Calibration drift and offline recalibration
man/035-process-reliability.Rd,fit_process_gstudy,fit_process_gstudy|process_variance_components|design_process_dstudy|audit_process_reliability|plot.eye_process_gstudy|plot.eye_process_dstudy|plot.eye_process_reliability_audit|plot_variance_components|plot_dependability_surface|plot_reliability_by_metric|plot_session_stability|plot_item_sampling_reliability,Process reliability and Generalizability Theory
man/036-device-linking.Rd,fit_device_linking,fit_device_linking|apply_device_linking|audit_device_equivalence|estimate_device_specific_error|plot.eye_device_linking|plot.eye_device_equivalence|plot_device_agreement|plot_device_bias_by_magnitude|plot_device_transfer_curve|plot_device_equivalence_intervals|plot_cross_vendor_metric_matrix,Cross-device and cross-vendor metric linking
man/037-pupil-registration.Rd,register_pupil_curves,register_pupil_curves|decompose_pupil_phase_amplitude|fit_phase_amplitude_irt|audit_pupil_registration|plot.eye_pupil_registration|plot.eye_pupil_phase_amplitude|plot.eye_phase_amplitude_irt|plot_pupil_registration|plot_warping_functions|plot_phase_amplitude_scores|plot_item_phase_delay|plot_registered_pupil_effects,Pupil phase-amplitude registration
man/038-informative-missingness.Rd,fit_process_observation_model,fit_process_observation_model|fit_joint_signal_missingness|process_pattern_mixture|sensitivity_mnar_process|plot.eye_process_observation_model|plot.eye_mnar_sensitivity|plot.eye_mnar_tipping_point|plot_observation_probability|plot_missingness_by_time|plot_missingness_by_aoi|plot_mnar_tipping_point|plot_complete_case_sensitivity,Informative missingness and MNAR sensitivity
man/039-recurrence-analysis.Rd,gaze_recurrence,gaze_recurrence|cross_recurrence|windowed_recurrence|recurrence_features|plot.eye_recurrence|plot.eye_cross_recurrence|plot.eye_windowed_recurrence|plot_recurrence_matrix|plot_windowed_recurrence|plot_diagonal_recurrence_profile|plot_crossmodal_recurrence|plot_recurrence_network,Recurrence and cross-recurrence analysis
man/040-fixation-point-process.Rd,fit_fixation_point_process,fit_fixation_point_process|fit_marked_gaze_process|predict_fixation_intensity|diagnose_gaze_point_process|plot.eye_fixation_point_process|plot.eye_gaze_point_process_diagnostics|plot_fixation_intensity|plot_spatial_residuals|plot_temporal_excitation_kernel|plot_covariate_effect_surface|plot_observed_expected_fixations,Spatio-temporal fixation point-process models
man/041-representative-scanpaths.Rd,representative_scanpath,representative_scanpath|scanpath_dispersion|compare_scanpath_distributions|bootstrap_representative_scanpath|plot.eye_scanpath_representative|plot.eye_scanpath_comparison|plot.eye_scanpath_bootstrap|plot_scanpath_atlas|plot_representative_scanpath|plot_scanpath_dispersion|plot_group_scanpath_transport|plot_scanpath_similarity_matrix,Representative scanpaths and scanpath distributions
man/042-process-episodes.Rd,detect_process_changepoints,detect_process_changepoints|segment_process_episodes|label_process_episodes|compare_episode_structure|plot.eye_process_changepoints|plot.eye_process_episodes|plot.eye_episode_comparison|plot_process_episodes|plot_changepoint_ribbons|plot_episode_waterfall|plot_episode_transition_graph|plot_episode_duration_distribution,Cognitive-episode change-point detection
man/043-item-bank-optimization.Rd,item_objective_spec,item_objective_spec|item_pareto_front|optimize_item_bank|audit_bank_decision_stability|plot.eye_item_pareto|plot.eye_item_bank_optimization|plot.eye_bank_decision_stability|plot_item_pareto|plot_objective_tradeoffs|plot_bank_information_coverage|plot_decision_stability|plot_selected_bank_profile,Multi-objective item-bank optimization
man/044-process-dif-fairness.Rd,fit_process_dif,fit_process_dif|monitor_dif_drift|decompose_dif_evidence|audit_fairness_transportability|plot.eye_process_dif|plot.eye_dif_drift|plot.eye_fairness_transportability|plot_group_icc_process_overlay|plot_process_dif_forest|plot_dif_drift_heatmap|plot_fairness_transport_matrix|plot_item_group_process_curves,Dynamic process-DIF and fairness drift
man/045-process-norms.Rd,fit_process_norms,fit_process_norms|predict_process_centiles|score_process_deviation|audit_norm_transportability|plot.eye_process_norms|plot.eye_norm_transportability|plot_process_centiles|plot_normative_fan|plot_person_normative_profile|plot_item_normative_deviation,Conditional process reference centiles
man/046-evidence-provenance-graph.Rd,build_evidence_graph,build_evidence_graph|trace_item_decision|compare_decision_provenance|audit_evidence_dependencies|plot.eye_evidence_graph|plot.eye_decision_trace|plot.eye_provenance_comparison|plot_evidence_graph|plot_item_decision_path|plot_metric_dependency_graph|plot_model_decision_impact,Evidence and decision provenance graphs
man/047-measurement-intelligence-adapters.Rd,fit_process_missingness_model,fit_process_missingness_model|crossmodal_recurrence_model|plot.eye_crossmodal_recurrence_model,Measurement-intelligence compatibility adapters
man/ablate_multimodal_channels.Rd,ablate_multimodal_channels,ablate_multimodal_channels,Create formal channel-ablation datasets
man/addm_glam_proxy_features.Rd,addm_glam_proxy_features,addm_glam_proxy_features,Compute aDDM/GLAM-inspired gaze-evidence proxy features
man/adjust_pupil_confounds.Rd,adjust_pupil_confounds,adjust_pupil_confounds,Extract confound-adjusted pupil values
man/advanced_model_evidence_spec.Rd,advanced_model_evidence_spec,advanced_model_evidence_spec,Specify evidence required to promote advanced model interfaces
man/advanced_validation_grid.Rd,advanced_validation_grid,advanced_validation_grid,Construct the advanced-model validation grid
man/algorithm_facet_effects.Rd,algorithm_facet_effects,algorithm_facet_effects,Extract algorithm facet effects
man/analysis_decision_entropy.Rd,analysis_decision_entropy,analysis_decision_entropy,Entropy of an explicitly enumerated analysis-decision space
man/analysis_environment_snapshot.Rd,analysis_environment_snapshot,analysis_environment_snapshot,Snapshot an eyeprocess analysis environment
man/analysis_resolution_guard.Rd,analysis_resolution_guard,analysis_resolution_guard,Audit compatibility between measurement resolution and an analysis target
man/aoi_membership_probability.Rd,aoi_membership_probability,aoi_membership_probability,AOI membership probabilities from uncertainty draws
man/aoi_trajectory_features.Rd,aoi_trajectory_features,aoi_trajectory_features,Extract AOI growth-curve/trajectory features
man/api_family_map.Rd,api_family_map,api_family_map,Map exported APIs to conceptual families
man/api_lifecycle_diff.Rd,api_lifecycle_diff,api_lifecycle_diff,Compare two API lifecycle registries
man/api_surface_summary.Rd,api_surface_summary,api_surface_summary,Summarise API surface by family and lifecycle status
man/apply_preflight_decision.Rd,apply_preflight_decision,apply_preflight_decision,Apply a pre-flight decision to data explicitly
man/apply_synthetic_corruption.Rd,apply_synthetic_corruption,apply_synthetic_corruption,Apply a synthetic corruption plan
man/as_irt_recovery_results.Rd,as_irt_recovery_results,as_irt_recovery_results,Canonicalise parameter-recovery results
man/assign_process_feature_family.Rd,assign_process_feature_family,assign_process_feature_family,Assign features to conservative process-feature families
man/audit_3pl_process_signatures.Rd,audit_3pl_process_signatures,audit_3pl_process_signatures,Identify items for descriptive 3PL/process review
man/audit_advanced_model_evidence.Rd,audit_advanced_model_evidence,audit_advanced_model_evidence,Audit advanced-model scientific evidence
man/audit_benchmark_release.Rd,audit_benchmark_release,audit_benchmark_release,Audit whether benchmark assets are ready for public release
man/audit_bias.Rd,audit_bias,audit_bias,Audit bias
man/audit_biometric_imputation.Rd,audit_biometric_imputation,audit_biometric_imputation,Alias emphasizing sensitivity rather than automatic replacement
man/audit_biometric_preflight.Rd,audit_biometric_preflight,audit_biometric_preflight,Audit incoming biometric/process data before modelling
man/audit_candidate_item_bank.Rd,audit_candidate_item_bank,audit_candidate_item_bank,Audit a candidate item bank against a seed model
man/audit_channel_incremental_information.Rd,audit_channel_incremental_information,audit_channel_incremental_information,Audit out-of-sample incremental information from a process channel
man/audit_convergence.Rd,audit_convergence,audit_convergence,Audit convergence and classified failures
man/audit_coverage.Rd,audit_coverage,audit_coverage,Audit coverage
man/audit_decision_provenance.Rd,audit_decision_provenance,audit_decision_provenance,Audit decision provenance and completeness
man/audit_distractor_attention.Rd,audit_distractor_attention,audit_distractor_attention,Audit distractor attention patterns
man/audit_eye_api.Rd,audit_eye_api,audit_eye_api,Audit API lifecycle completeness and replacement contracts
man/audit_eye_pipeline.Rd,audit_eye_pipeline,audit_eye_pipeline,Audit a pipeline definition or completed run
man/audit_frontier_model_contract.Rd,audit_frontier_model_contract,audit_frontier_model_contract,Audit whether a gated frontier model has a minimum evidence contract
man/audit_identifiability.Rd,audit_identifiability,audit_identifiability,Audit empirical identifiability from replicate estimates
man/audit_interval_width.Rd,audit_interval_width,audit_interval_width,Audit interval width
man/audit_irf_shape.Rd,audit_irf_shape,audit_irf_shape,Audit item response-function shape departures
man/audit_item_reduction_sensitivity.Rd,audit_item_reduction_sensitivity,audit_item_reduction_sensitivity,Run stepwise Rasch item-reduction as a sensitivity analysis
man/audit_latent_distribution.Rd,audit_latent_distribution,audit_latent_distribution,Audit the empirical latent-trait distribution
man/audit_measurement_transportability.Rd,audit_measurement_transportability,audit_measurement_transportability,Summarise measurement transportability across held-out groups
man/audit_model_promotion.Rd,audit_model_promotion,audit_model_promotion,Audit promotion readiness for advanced model families
man/audit_multimodal_identifiability.Rd,audit_multimodal_identifiability,audit_multimodal_identifiability,Audit basic multimodal design identifiability
man/audit_multimodal_m2_identifiability.Rd,audit_multimodal_m2_identifiability,audit_multimodal_m2_identifiability,Audit structural and data identifiability for M0-M2
man/audit_multimodal_m3_identifiability.Rd,audit_multimodal_m3_identifiability,audit_multimodal_m3_identifiability,Audit structural and measurement support for M3
man/audit_multimodal_m4_identifiability.Rd,audit_multimodal_m4_identifiability,audit_multimodal_m4_identifiability,Audit M4 structural and posterior identifiability
man/audit_multimodal_measurement.Rd,audit_multimodal_measurement,audit_multimodal_measurement,Audit a multimodal measurement object
man/audit_multivariate_process_quality.Rd,audit_multivariate_process_quality,audit_multivariate_process_quality,Alias emphasizing data-quality interpretation of process anomaly auditing
man/audit_nonparametric_rasch.Rd,audit_nonparametric_rasch,audit_nonparametric_rasch,Run nonparametric Rasch diagnostics with eRm
man/audit_presentation_accessibility.Rd,audit_presentation_accessibility,audit_presentation_accessibility,Audit presentation/accessibility sensitivity without clinical inference
man/audit_process_adjusted_dif.Rd,audit_process_adjusted_dif,audit_process_adjusted_dif,Audit DIF before and after process-data adjustment
man/audit_process_anomalies.Rd,audit_process_anomalies,audit_process_anomalies,Audit multivariate process/data-quality anomalies
man/audit_process_drift.Rd,audit_process_drift,audit_process_drift,Audit post-deployment psychometric and biometric drift
man/audit_process_external_validity.Rd,audit_process_external_validity,audit_process_external_validity,Audit external/structural validity of process traits
man/audit_process_local_dependence.Rd,audit_process_local_dependence,audit_process_local_dependence,Audit inter-option/process local dependence
man/audit_process_measurement_invariance.Rd,audit_process_measurement_invariance,audit_process_measurement_invariance,Audit process measurement invariance across facets
man/audit_process_window_sensitivity.Rd,audit_process_window_sensitivity,audit_process_window_sensitivity,Audit sensitivity of process summaries to temporal window choices
man/audit_pupil_fatigue_drift.Rd,audit_pupil_fatigue_drift,audit_pupil_fatigue_drift,Audit within-person pupil fatigue/trial-order drift
man/audit_pupil_frequency_stability.Rd,audit_pupil_frequency_stability,audit_pupil_frequency_stability,Audit stability of pupil frequency features across window lengths
man/audit_pupil_preprocessing_order.Rd,audit_pupil_preprocessing_order,audit_pupil_preprocessing_order,Audit declared order of pupil preprocessing steps
man/audit_rmse.Rd,audit_rmse,audit_rmse,Audit rmse
man/audit_roundtrip_loss.Rd,audit_roundtrip_loss,audit_roundtrip_loss,Audit semantic and numerical loss after a round trip
man/audit_sampling_irregularity.Rd,audit_sampling_irregularity,audit_sampling_irregularity,Audit sampling irregularity
man/audit_sbc.Rd,audit_sbc,audit_sbc,Audit SBC rank uniformity
man/audit_signal_filter.Rd,audit_signal_filter,audit_signal_filter,Summarize a signal-filter audit
man/audit_temporal_leakage.Rd,audit_temporal_leakage,audit_temporal_leakage,Audit temporal leakage in a feature provenance table
man/audit_validation_completion.Rd,audit_validation_completion,audit_validation_completion,Audit whether a validation programme is complete
man/audit_vendor_field_coverage.Rd,audit_vendor_field_coverage,audit_vendor_field_coverage,Audit vendor field coverage against canonical semantics
man/audit_vendor_validation.Rd,audit_vendor_validation,audit_vendor_validation,Audit a multi-vendor validation corpus
man/audit_visual_context_dependence.Rd,audit_visual_context_dependence,audit_visual_context_dependence,Audit visual-context dependence
man/bayesian_process_diagnostic_flags.Rd,bayesian_process_diagnostic_flags,bayesian_process_diagnostic_flags,Extract compact Bayesian process-model diagnostic flags
man/bayesian_process_diagnostics_dashboard.Rd,bayesian_process_diagnostics_dashboard,bayesian_process_diagnostics_dashboard,Summarize Bayesian process-model diagnostics
man/benchmark_expected_outputs.Rd,benchmark_expected_outputs,benchmark_expected_outputs,Return expected benchmark outputs
man/benchmark_eye_storage.Rd,benchmark_eye_storage,benchmark_eye_storage,Benchmark storage formats and query operations
man/benchmark_eyeprocess.Rd,benchmark_eyeprocess,benchmark_eyeprocess,Benchmark an eyeprocess operation
man/benchmark_memory_estimate.Rd,benchmark_memory_estimate,benchmark_memory_estimate,Memory estimate for an R object or generated problem size
man/benchmark_scaling_curve.Rd,benchmark_scaling_curve,benchmark_scaling_curve,Estimate scaling exponent from benchmark results
man/bind_process_windows.Rd,bind_process_windows,bind_process_windows,Bind compatible process-window objects
man/biometric_imputation_sensitivity.Rd,biometric_imputation_sensitivity,biometric_imputation_sensitivity,Run biometric-feature imputation as a sensitivity analysis
man/bootstrap_process_reliability.Rd,bootstrap_process_reliability,bootstrap_process_reliability,Bootstrap ICC reliability by resampling participants
man/build_compatibility_matrix.Rd,build_compatibility_matrix,build_compatibility_matrix,Build the declared/fixture/empirical compatibility matrix
man/build_gazepoint_media_trials.Rd,build_gazepoint_media_trials,build_gazepoint_media_trials,Reconstruct media presentations as analysis trials
man/calibration_drift_profile.Rd,calibration_drift_profile,calibration_drift_profile,Calibration drift profile across sessions/batches
man/calibration_error_model.Rd,calibration_error_model,calibration_error_model,Build an empirical bivariate calibration-error model
man/calibration_sensitivity_grid.Rd,calibration_sensitivity_grid,calibration_sensitivity_grid,Sensitivity grid for deterministic calibration offsets
man/calibration_transfer_audit.Rd,calibration_transfer_audit,calibration_transfer_audit,Audit transfer of calibration across devices/sessions/sites
man/canonical_eye_api.Rd,canonical_eye_api,canonical_eye_api,Canonical API mapping
man/classify_item_missingness.Rd,classify_item_missingness,classify_item_missingness,Classify item missingness using exposure and response evidence
man/collect_eye_storage.Rd,collect_eye_storage,collect_eye_storage,Collect a disk-backed eye dataset
man/collect_validation_evidence.Rd,collect_validation_evidence,collect_validation_evidence,Collect validation evidence into a common bundle
man/collect_validation_jobs.Rd,collect_validation_jobs,collect_validation_jobs,Collect validation checkpoints from one or more directories
man/compare_aoi_methods.Rd,compare_aoi_methods,compare_aoi_methods,Compare explicit AOI assignment methods
man/compare_aoi_trajectories.Rd,compare_aoi_trajectories,compare_aoi_trajectories,Compare AOI trajectory feature objects
man/compare_bayesian_process_models.Rd,compare_bayesian_process_models,compare_bayesian_process_models,Compare Bayesian process models by LOO or Bayes factor
man/compare_decision_manifests.Rd,compare_decision_manifests,compare_decision_manifests,Compare two research decision manifests
man/compare_deployment_batches.Rd,compare_deployment_batches,compare_deployment_batches,Compare two deployment batches descriptively
man/compare_diffusion_accuracy_rt.Rd,compare_diffusion_accuracy_rt,compare_diffusion_accuracy_rt,Compare diffusion and conventional accuracy-RT models
man/compare_dynamic_transition_models.Rd,compare_dynamic_transition_models,compare_dynamic_transition_models,Compare dynamic transition models
man/compare_engine_adapters.Rd,compare_engine_adapters,compare_engine_adapters,Compare multiple external-engine adapter results
man/compare_fixation_methods.Rd,compare_fixation_methods,compare_fixation_methods,Compare explicit fixation-detection methods
man/compare_functional_scalar_models.Rd,compare_functional_scalar_models,compare_functional_scalar_models,Compare functional and scalar pupil summaries
man/compare_hard_probabilistic_aoi.Rd,compare_hard_probabilistic_aoi,compare_hard_probabilistic_aoi,Compare hard and probabilistic AOI assignments
man/compare_irt_models.Rd,compare_irt_models,compare_irt_models,Compare multimodal IRT model objects
man/compare_latent_distribution_models.Rd,compare_latent_distribution_models,compare_latent_distribution_models,Compare simple latent-distribution reference models
man/compare_model_engines.Rd,compare_model_engines,compare_model_engines,Compare equivalent model engines
man/compare_parametric_nonparametric_irf.Rd,compare_parametric_nonparametric_irf,compare_parametric_nonparametric_irf,Compare conventional logistic and flexible IRF shapes
man/compare_presentation_fairness.Rd,compare_presentation_fairness,compare_presentation_fairness,Compare outcomes across presentation variants
man/compare_process_criterion_models.Rd,compare_process_criterion_models,compare_process_criterion_models,Compare process external-validity models
man/compare_process_models.Rd,compare_process_models,compare_process_models,Compare explicit process-model specifications
man/compare_process_profile_solutions.Rd,compare_process_profile_solutions,compare_process_profile_solutions,Compare candidate process-profile solutions
man/compare_pupil_kernels.Rd,compare_pupil_kernels,compare_pupil_kernels,Compare pupil deconvolution kernels
man/compare_pupil_preprocessing.Rd,compare_pupil_preprocessing,compare_pupil_preprocessing,Compare explicit pupil-preprocessing methods
man/compare_raw_adjusted_pupil.Rd,compare_raw_adjusted_pupil,compare_raw_adjusted_pupil,Compare raw and confound-adjusted pupil values
man/compare_reproducibility_fingerprints.Rd,compare_reproducibility_fingerprints,compare_reproducibility_fingerprints,Compare two reproducibility fingerprints
man/compare_signal_filters.Rd,compare_signal_filters,compare_signal_filters,Compare multiple signal filters
man/compare_strategy_heterogeneity.Rd,compare_strategy_heterogeneity,compare_strategy_heterogeneity,Compare mixture and continuous heterogeneity descriptions
man/compare_validation_engines.Rd,compare_validation_engines,compare_validation_engines,Compare validation engines on common recovery output
man/compare_vendor_semantics.Rd,compare_vendor_semantics,compare_vendor_semantics,Compare semantic mappings between vendors
man/compare_visual_context_irt.Rd,compare_visual_context_irt,compare_visual_context_irt,Compare base and visual-context IRT models
man/compatibility_evidence_matrix.Rd,compatibility_evidence_matrix,compatibility_evidence_matrix,Build a detailed compatibility evidence matrix
man/context_factor_effects.Rd,context_factor_effects,context_factor_effects,Extract visual-context factor effects/loadings
man/coordinate_fidelity_audit.Rd,coordinate_fidelity_audit,coordinate_fidelity_audit,Coordinate semantic-fidelity audit
man/coverage_calibration_curve.Rd,coverage_calibration_curve,coverage_calibration_curve,Interval coverage calibration curve
man/create_public_benchmark.Rd,create_public_benchmark,create_public_benchmark,"Create a public, de-identified benchmark bundle"
man/cross_device_process_equating_audit.Rd,cross_device_process_equating_audit,cross_device_process_equating_audit,Cross-device process-scale equating audit
man/cross_version_adapter_regression.Rd,cross_version_adapter_regression,cross_version_adapter_regression,Compare adapter output across software/format versions
man/crossed_grouped_cv.Rd,crossed_grouped_cv,crossed_grouped_cv,Cross-classified grouped cross-validation
man/crossed_grouped_folds.Rd,crossed_grouped_folds,crossed_grouped_folds,Create cross-classified grouped folds
man/data_quality_reporting_table.Rd,data_quality_reporting_table,data_quality_reporting_table,Compact reporting table for eye-tracking data quality
man/decision_manifest_diff.Rd,decision_manifest_diff,decision_manifest_diff,Alias for manifest comparison emphasizing changed decision paths
man/decision_manifest_hash.Rd,decision_manifest_hash,decision_manifest_hash,Stable hash of decision content
man/decision_manifest_table.Rd,decision_manifest_table,decision_manifest_table,Flatten a decision manifest to a table
man/decision_space_coverage.Rd,decision_space_coverage,decision_space_coverage,Coverage of a declared decision space by evaluated specifications
man/decision_stability.Rd,decision_stability,decision_stability,Overall decision-stability summary
man/decode_dynamic_states.Rd,decode_dynamic_states,decode_dynamic_states,Decode latent or fitted transition states
man/derive_gazepoint_workflow_features.Rd,derive_gazepoint_workflow_features,derive_gazepoint_workflow_features,Derive the complete Gazepoint workflow feature set
man/detect_corrupt_partitions.Rd,detect_corrupt_partitions,detect_corrupt_partitions,"Detect missing, truncated, or modified partitions"
man/detect_irt_changepoints.Rd,detect_irt_changepoints,detect_irt_changepoints,Detect IRT/process change points using an SIC-inspired multichannel score
man/detect_process_changepoint.Rd,detect_process_changepoint,detect_process_changepoint,Detect a response-process change point
man/device_facet_effects.Rd,device_facet_effects,device_facet_effects,Extract device facet effects
man/diffusion_identification_study.Rd,diffusion_identification_study,diffusion_identification_study,Construct a simulation-based identification study
man/diffusion_parameter_diagnostics.Rd,diffusion_parameter_diagnostics,diffusion_parameter_diagnostics,Diagnose diffusion-parameter trade-offs and sampling
man/diffusion_posterior_predictive.Rd,diffusion_posterior_predictive,diffusion_posterior_predictive,Posterior predictive summaries for accuracy and RT
man/distractor_process_map.Rd,distractor_process_map,distractor_process_map,Build a distractor process map
man/drift_by_device.Rd,drift_by_device,drift_by_device,Drift audit stratified by device
man/drift_by_site.Rd,drift_by_site,drift_by_site,Drift audit stratified by study site
man/drift_by_stimulus_version.Rd,drift_by_stimulus_version,drift_by_stimulus_version,Drift audit stratified by stimulus version
man/drift_by_vendor.Rd,drift_by_vendor,drift_by_vendor,Drift audit stratified by vendor
man/dynamic_irtree_recovery.Rd,dynamic_irtree_recovery,dynamic_irtree_recovery,Evaluate dynamic-state recovery under misclassification
man/dynamic_irtree_spec.Rd,dynamic_irtree_spec,dynamic_irtree_spec,Specify a hardened dynamic gaze-state IRTree
man/dynamic_posterior_predictive_check.Rd,dynamic_posterior_predictive_check,dynamic_posterior_predictive_check,Posterior predictive checks for dynamic state models
man/dynamic_transition_design.Rd,dynamic_transition_design,dynamic_transition_design,Build an explicit dynamic-transition design matrix
man/effective_sampling_frequency.Rd,effective_sampling_frequency,effective_sampling_frequency,Estimate effective sampling frequency from timestamps
man/encode_response_combinations.Rd,encode_response_combinations,encode_response_combinations,Encode multiple-response item response combinations
man/engine_adapter_status.Rd,engine_adapter_status,engine_adapter_status,Report an adapter's availability and contract
man/equate_irt_scales.Rd,equate_irt_scales,equate_irt_scales,Equate IRT scales using anchor item parameters
man/estimate_calibration_error.Rd,estimate_calibration_error,estimate_calibration_error,Estimate empirical calibration/validation error
man/estimate_visual_exposure_probability.Rd,estimate_visual_exposure_probability,estimate_visual_exposure_probability,Estimate visual exposure probability
man/evaluate_validation_acceptance.Rd,evaluate_validation_acceptance,evaluate_validation_acceptance,Evaluate a validation acceptance rule
man/event_roundtrip_audit.Rd,event_roundtrip_audit,event_roundtrip_audit,Audit event survival across an interchange round trip
man/event_semantics_audit.Rd,event_semantics_audit,event_semantics_audit,Audit event semantic preservation
man/expand_eyeprocess_stress_evidence_plan.Rd,expand_eyeprocess_stress_evidence_plan,expand_eyeprocess_stress_evidence_plan,Expand a stress evidence plan into one-factor-at-a-time scenarios
man/expand_eyeprocess_validation_plan.Rd,expand_eyeprocess_validation_plan,expand_eyeprocess_validation_plan,Expand a validation-evidence plan to a scenario table
man/expand_process_validation_design.Rd,expand_process_validation_design,expand_process_validation_design,Expand a process-validation design into explicit conditions
man/expected_process_information.Rd,expected_process_information,expected_process_information,Expected process-aware item utility under a theta distribution
man/explain_latent_interaction.Rd,explain_latent_interaction,explain_latent_interaction,Explain local person-item latent-space interactions
man/export_eye_bids.Rd,export_eye_bids,export_eye_bids,Export Eye-Tracking-BIDS physiological recordings
man/export_eye_pipeline.Rd,export_eye_pipeline,export_eye_pipeline,Export a pipeline manifest and optional run status
man/export_prov_json.Rd,export_prov_json,export_prov_json,Export lightweight PROV-oriented JSON
man/export_ro_crate_metadata.Rd,export_ro_crate_metadata,export_ro_crate_metadata,Export minimal RO-Crate 1.3 metadata
man/export_validation_bundle.Rd,export_validation_bundle,export_validation_bundle,Export a validation evidence bundle
man/external_eye_adapters.Rd,external_eye_adapters,external_eye_adapters|as_eyeprocess_eyetools|as_eyeprocess_eyetrackingr|as_eyeprocess_gazer|as_eyeprocess_eyeris|as_eyeprocess_pupillometryr,Convert common external eye-tracking objects
man/external_model_engines.Rd,external_model_engines,external_model_engines,List external engine adapters
man/external_validate_irt.Rd,external_validate_irt,external_validate_irt,External validation on a completely held-out dataset
man/extract_diffusion_parameters.Rd,extract_diffusion_parameters,extract_diffusion_parameters,Extract diffusion parameter summaries
man/extract_functional_pupil_parameters.Rd,extract_functional_pupil_parameters,extract_functional_pupil_parameters,Extract functional pupil parameters for validation
man/extract_parameter_truth.Rd,extract_parameter_truth,extract_parameter_truth,Extract canonical parameter truth from simulated data
man/extract_process_windows.Rd,extract_process_windows,extract_process_windows,Extract standardized sliding-window process features
man/eye_analysis_pipeline.Rd,eye_analysis_pipeline,eye_analysis_pipeline,Construct a governed analysis pipeline
man/eye_analysis_spec.Rd,eye_analysis_spec,eye_analysis_spec,Define explicit analysis decisions for an eyeprocess workflow
man/eye_api_inventory.Rd,eye_api_inventory,eye_api_inventory,Inventory the public eyeprocess API
man/eye_api_lifecycle.Rd,eye_api_lifecycle,eye_api_lifecycle,Normalize or create an API lifecycle registry
man/eye_api_recommendation.Rd,eye_api_recommendation,eye_api_recommendation,Lifecycle recommendation for API review
man/eye_api_status.Rd,eye_api_status,eye_api_status,Lookup lifecycle status for one or more APIs
man/eye_api_superseded.Rd,eye_api_superseded,eye_api_superseded,Return superseded/deprecated compatibility interfaces
man/eye_benchmark_design.Rd,eye_benchmark_design,eye_benchmark_design,Define a computational benchmark design
man/eye_decision_manifest.Rd,eye_decision_manifest,eye_decision_manifest,Create a machine-readable research decision manifest
man/eye_pipeline_dot.Rd,eye_pipeline_dot,eye_pipeline_dot,Render pipeline dependencies as Graphviz DOT
man/eye_pipeline_graph.Rd,eye_pipeline_graph,eye_pipeline_graph,Return pipeline vertices and dependency edges
man/eye_pipeline_manifest.Rd,eye_pipeline_manifest,eye_pipeline_manifest,Machine-readable pipeline manifest
man/eye_pipeline_mermaid.Rd,eye_pipeline_mermaid,eye_pipeline_mermaid,Render pipeline dependencies as Mermaid flowchart text
man/eye_pipeline_step.Rd,eye_pipeline_step,eye_pipeline_step,Define a governed pipeline step
man/eye_prov_graph.Rd,eye_prov_graph,eye_prov_graph,Construct a lightweight provenance graph
man/eye_reproducibility_fingerprint.Rd,eye_reproducibility_fingerprint,eye_reproducibility_fingerprint,Construct a reproducibility fingerprint
man/eye_session_manifest.Rd,eye_session_manifest,eye_session_manifest,Create a session-level provenance manifest
man/eye_storage_spec.Rd,eye_storage_spec,eye_storage_spec,Specify disk-backed eyeprocess storage
man/eye_stream_fidelity_audit.Rd,eye_stream_fidelity_audit,eye_stream_fidelity_audit,Audit preservation of monocular/binocular stream semantics
man/eye_targets_manifest.Rd,eye_targets_manifest,eye_targets_manifest,Create a targets-compatible dependency manifest
man/eyeprocess-adapters.Rd,eyeprocess-adapters,eye_mapping|print.eye_mapping|validate_eye_mapping|infer_eye_mapping|register_eye_adapter|unregister_eye_adapter|supported_eye_formats|detect_eye_format|print.eye_format_detection|read_eye_export|read_eye_folder|combine_eye_datasets|remap_recording_ids,Mappings and adapter registry
man/eyeprocess-class.Rd,eyeprocess-class,new_eye_dataset|is_eye_dataset|as_eye_dataset|as_eye_dataset.eye_dataset|as_eye_dataset.data.frame|as_eye_dataset.default|print.eye_dataset|summary.eye_dataset|print.summary.eye_dataset|validate_eye_dataset|print.eye_validation|get_eye_table|set_eye_table|append_eye_table|add_provenance|provenance_manifest|compact_eye_dataset,Create and manage eyeprocess datasets
man/eyeprocess-coordinates-time.Rd,eyeprocess-coordinates-time,register_coordinate_space|coordinate_space|convert_xy|convert_coordinates|audit_coordinate_spaces|estimate_sampling_rate|normalize_timebase|audit_timebase|align_clock|estimate_clock_transform|print.eye_clock_transform|apply_clock_transform|synchronize_eye_biometrics|audit_clock_sync,Coordinate and timebase management
man/eyeprocess-experimental.Rd,eyeprocess-experimental,process_irt_spec|print.process_irt_spec|fit_process_irt|fit_gaze_informed_irt|fit_pupil_informed_irt|fit_multimodal_irt|process_irt_diagnostics|functional_pupil_features|fit_strategy_mixture|print.eye_strategy_mixture|estimate_ez_diffusion|fit_gaze_weighted_choice|model_missing_process|sensitivity_missing_process|print.eye_missing_sensitivity,Experimental psychometric process models
man/eyeprocess-export-report.Rd,eyeprocess-export-report,write_eye_dataset|read_eye_dataset|export_canonical|import_canonical|write_provenance|report_eye_dataset|report_processirt|as_eye_dataset.gp3_recording|as_eye_dataset.gp3_analysis|as_eye_dataset.gp3_data|as_eye_dataset.gpbiometrics_data|as_eye_biometrics|as_eye_biometrics.eye_dataset|as_eye_biometrics.data.frame,"Export, reporting, and package bridges"
man/eyeprocess-features.Rd,eyeprocess-features,feature_spec|print.eye_feature_spec|trial_table|summarize_fixations|scanpath_sequence|transition_matrix|gaze_entropy|transition_entropy|derive_gaze_features|derive_pupil_features|derive_rt_features|derive_biometric_features|derive_all_features|features_wide|feature_dictionary,"Derive gaze, pupil, response-time, and biometric features"
man/eyeprocess-format-validation.Rd,eyeprocess-format-validation,format_validation_spec|eye_format_profiles|format_compatibility_matrix|inspect_eye_source|schema_coverage|schema_coverage_summary|source_preservation_audit|fingerprint_eye_dataset|compare_eye_datasets|roundtrip_eye_dataset|validate_eye_source|validation_manifest|write_validation_manifest|read_validation_manifest|discover_validation_cases|init_validation_corpus|validate_eye_corpus|anonymize_eye_dataset|write_format_validation_report|create_validation_bundle|validate_tobii_export|validate_pupillabs_export|validate_eyelink_export|validate_smi_export|validate_generic_export|print.eye_format_validation_spec|print.eye_roundtrip_validation|print.eye_format_validation|summary.eye_format_validation|plot.eye_format_validation|print.eye_corpus_validation|plot.eye_corpus_validation,Validate real eye-tracking exports and compatibility corpora
man/eyeprocess-import-gazepoint.Rd,eyeprocess-import-gazepoint,is_gazepoint_export|gp_identify_export_type|gp_profile_export|gp_list_export_fields|gp_validate_export|read_gazepoint|read_gazepoint_gaze|read_gazepoint_biometrics|read_gazepoint_fixations|read_gazepoint_events|read_gazepoint_combined|read_gazepoint_folder|gp_pair_exports|gp_match_recordings|gp_match_biometrics|gp_audit_file_pairs|read_gazepoint_aoi_statistics|read_gazepoint_summary|gp_parse_user_events|gp_parse_media_events|gp_reconstruct_trials|gp_reconstruct_stimuli|gp_align_media_ids|gp_parse_markers|gp_check_sampling_rate|gp_check_validity_fields|gp_check_fixation_ids|gp_check_media_timing|gp_check_pupil_channels|gp_check_biometrics_sync,Import Gazepoint and Gazepoint Biometrics exports
man/eyeprocess-import-generic.Rd,eyeprocess-import-generic,read_eye_generic,Import generic delimited eye-tracking data
man/eyeprocess-import-vendors.Rd,eyeprocess-import-vendors,is_tobii_export|read_tobii|is_pupil_labs_export|pupil_labs_format|read_pupillabs|read_pupil_neon|read_pupil_core|is_eyelink_export|read_eyelink_asc|read_eyelink_report|read_eyelink_edf|is_smi_export|read_smi|read_smi_raw_export|read_smi_event_export|read_smi_aoi_export,"Import Tobii, Pupil Labs, EyeLink, and SMI exports"
man/eyeprocess-models.Rd,eyeprocess-models,response_matrix|response_time_matrix|align_response_matrices|model_data|print.eyeprocess_model|summary.eyeprocess_model|print.summary.eyeprocess_model|fit_irt|fit_explanatory_irt|fit_accuracy_rt|print.eye_two_stage_rt|fit_dif|fit_shared_process_factor|item_parameters|person_scores|model_fit_statistics|predict.eyeprocess_model|check_local_dependence|fit_joint_process_model|fit_dynamic_aoi_model|print.eye_dynamic_aoi,Psychometric and process-data models
man/eyeprocess-package.Rd,eyeprocess-package,eyeprocess|eyeprocess-package,eyeprocess: Harmonize Eye-Tracking and Psychometric Process Data
man/eyeprocess-plots.Rd,eyeprocess-plots,plot.eye_dataset|plot_eye_overview|plot_eye_trace|plot_fixations|plot_scanpath|plot_gaze_heatmap|plot_aoi_dwell|plot_transition_matrix|plot_pupil_timeseries|plot_biometrics|plot_signal_quality|plot_sampling_rate|plot_missingness|plot_trial_timeline|plot_feature_distribution|plot_feature_correlation|plot_coordinate_spaces|plot_clock_alignment|plot_item_difficulty|plot_model_diagnostics,Visualize eye-tracking and multimodal process data
man/eyeprocess-preprocessing.Rd,eyeprocess-preprocessing,preprocess_spec|print.eye_preprocess_spec|rolling_apply|filter_gaze|flag_gaze_outliers|gaze_velocity|interpolate_pupil|filter_pupil|baseline_pupil|pupil_deconvolve|detect_blinks|detect_fixations_ivt|detect_fixations_idt|detect_saccades|preprocess_eye,Gaze and pupil preprocessing
man/eyeprocess-quality.Rd,eyeprocess-quality,store_quality|audit_sampling_rate|audit_signal_quality|audit_pupil_quality|audit_episodes|audit_event_order|audit_trial_coverage|audit_aois|audit_missingness|check_process_leakage|check_feature_level|interpretive_warnings|analysis_readiness|print.eye_readiness|compare_preprocessing|compare_aoi_definitions|sensitivity_process|print.eye_sensitivity,"Quality control, sensitivity, and governance"
man/eyeprocess-schema.Rd,eyeprocess-schema,eye_schema|schema_table|empty_eye_table|standardize_eye_table|validate_eye_table|canonical_table_names|new_coordinate_space,Canonical schemas and coordinate spaces
man/eyeprocess-simulation.Rd,eyeprocess-simulation,simulate_eye_dataset|simulate_process_irt|parameter_recovery|summary.eye_parameter_recovery|plot.eye_parameter_recovery|power_process_simulation,Simulate and validate eyeprocess workflows
man/eyeprocess-trials-aoi.Rd,eyeprocess-trials-aoi,build_trials|build_stimulus_intervals|assign_trials|add_responses|build_item_responses|new_aoi|print.eye_aoi|register_aois|assign_aois|build_aoi_visits,"Trials, responses, stimuli, and areas of interest"
man/eyeprocess_api_version.Rd,eyeprocess_api_version,eyeprocess_api_version,Return the public eyeprocess API version
man/eyeprocess_benchmark_study.Rd,eyeprocess_benchmark_study,eyeprocess_benchmark_study,Locate the bundled public benchmark study
man/eyeprocess_cdm_attribute_profiles.Rd,eyeprocess_cdm_attribute_profiles,eyeprocess_cdm_attribute_profiles,Enumerate latent attribute profiles
man/eyeprocess_cdm_classification_uncertainty.Rd,eyeprocess_cdm_classification_uncertainty,eyeprocess_cdm_classification_uncertainty,Summarise CDM classification uncertainty from profile probabilities
man/eyeprocess_cdm_dina_ideal_response.Rd,eyeprocess_cdm_dina_ideal_response,eyeprocess_cdm_dina_ideal_response,Compute deterministic DINA ideal responses from a Q-matrix
man/eyeprocess_cdm_dina_probability.Rd,eyeprocess_cdm_dina_probability,eyeprocess_cdm_dina_probability,DINA response probabilities from slip and guess parameters
man/eyeprocess_cdm_qmatrix_audit.Rd,eyeprocess_cdm_qmatrix_audit,eyeprocess_cdm_qmatrix_audit,Audit a cognitive-diagnosis Q-matrix
man/eyeprocess_deprecation.Rd,eyeprocess_deprecation,eyeprocess_deprecation,Declare a deprecation in a structured form
man/eyeprocess_irt_2pl_probability.Rd,eyeprocess_irt_2pl_probability,eyeprocess_irt_2pl_probability,2PL item-response probability
man/eyeprocess_irt_3pl_probability.Rd,eyeprocess_irt_3pl_probability,eyeprocess_irt_3pl_probability,3PL item-response probability
man/eyeprocess_irt_4pl_probability.Rd,eyeprocess_irt_4pl_probability,eyeprocess_irt_4pl_probability,4PL item-response probability
man/eyeprocess_irt_adaptive_trace.Rd,eyeprocess_irt_adaptive_trace,eyeprocess_irt_adaptive_trace,Create an auditable adaptive-testing trace
man/eyeprocess_irt_anchor_audit.Rd,eyeprocess_irt_anchor_audit,eyeprocess_irt_anchor_audit,Audit candidate anchor items using supplied DIF evidence
man/eyeprocess_irt_anchor_purification.Rd,eyeprocess_irt_anchor_purification,eyeprocess_irt_anchor_purification,Iteratively remove anchors exceeding a supplied effect threshold
man/eyeprocess_irt_apply_link.Rd,eyeprocess_irt_apply_link,eyeprocess_irt_apply_link,Apply linear IRT scale-linking coefficients
man/eyeprocess_irt_bank_coverage.Rd,eyeprocess_irt_bank_coverage,eyeprocess_irt_bank_coverage,Audit item-bank information coverage across a theta region
man/eyeprocess_irt_category_function_audit.Rd,eyeprocess_irt_category_function_audit,eyeprocess_irt_category_function_audit,Audit category probability functions
man/eyeprocess_irt_classification_precision.Rd,eyeprocess_irt_classification_precision,eyeprocess_irt_classification_precision,Summarise decision precision at one or more theta cut scores
man/eyeprocess_irt_conditional_sem.Rd,eyeprocess_irt_conditional_sem,eyeprocess_irt_conditional_sem,Conditional standard error from information
man/eyeprocess_irt_content_balance_audit.Rd,eyeprocess_irt_content_balance_audit,eyeprocess_irt_content_balance_audit,Audit content balance in an administered adaptive form
man/eyeprocess_irt_device_drift.Rd,eyeprocess_irt_device_drift,eyeprocess_irt_device_drift,Summarise parameter drift across acquisition devices
man/eyeprocess_irt_dif_effect_curve.Rd,eyeprocess_irt_dif_effect_curve,eyeprocess_irt_dif_effect_curve,Differential item functioning effect curve from two parameter sets
man/eyeprocess_irt_dtf_curve.Rd,eyeprocess_irt_dtf_curve,eyeprocess_irt_dtf_curve,Differential test functioning effect curve
man/eyeprocess_irt_eap_score.Rd,eyeprocess_irt_eap_score,eyeprocess_irt_eap_score,EAP score for dichotomous IRT item parameters
man/eyeprocess_irt_engine_evidence_table.Rd,eyeprocess_irt_engine_evidence_table,eyeprocess_irt_engine_evidence_table,Build an external-engine capability and availability table
man/eyeprocess_irt_engine_registry.Rd,eyeprocess_irt_engine_registry,eyeprocess_irt_engine_registry,Registry of specialized external IRT engines
man/eyeprocess_irt_engine_status.Rd,eyeprocess_irt_engine_status,eyeprocess_irt_engine_status,Query an external IRT engine
man/eyeprocess_irt_expected_score.Rd,eyeprocess_irt_expected_score,eyeprocess_irt_expected_score,Expected item score
man/eyeprocess_irt_exposure_summary.Rd,eyeprocess_irt_exposure_summary,eyeprocess_irt_exposure_summary,Summarise item exposure rates
man/eyeprocess_irt_extreme_score_audit.Rd,eyeprocess_irt_extreme_score_audit,eyeprocess_irt_extreme_score_audit,Audit extreme response scores without assigning behavioral labels
man/eyeprocess_irt_fit_dashboard.Rd,eyeprocess_irt_fit_dashboard,eyeprocess_irt_fit_dashboard,Build an integrated IRT diagnostic dashboard object
man/eyeprocess_irt_functioning_effect_summary.Rd,eyeprocess_irt_functioning_effect_summary,eyeprocess_irt_functioning_effect_summary,Summarise DIF/DTF curve magnitude
man/eyeprocess_irt_gpcm_probability.Rd,eyeprocess_irt_gpcm_probability,eyeprocess_irt_gpcm_probability,Generalized partial-credit category probabilities
man/eyeprocess_irt_grm_probability.Rd,eyeprocess_irt_grm_probability,eyeprocess_irt_grm_probability,Graded-response category probabilities
man/eyeprocess_irt_haebara_link.Rd,eyeprocess_irt_haebara_link,eyeprocess_irt_haebara_link,Haebara item-characteristic-curve linking
man/eyeprocess_irt_identification_audit.Rd,eyeprocess_irt_identification_audit,eyeprocess_irt_identification_audit,Audit IRT scale/location identification
man/eyeprocess_irt_infit_outfit.Rd,eyeprocess_irt_infit_outfit,eyeprocess_irt_infit_outfit,Compute residual-based Infit and Outfit summaries
man/eyeprocess_irt_information_area.Rd,eyeprocess_irt_information_area,eyeprocess_irt_information_area,Area under an information curve
man/eyeprocess_irt_information_gain.Rd,eyeprocess_irt_information_gain,eyeprocess_irt_information_gain,Information gain between two conditional standard errors
man/eyeprocess_irt_information_targeting.Rd,eyeprocess_irt_information_targeting,eyeprocess_irt_information_targeting,Audit how well item information targets a theta distribution
man/eyeprocess_irt_invariance_evidence.Rd,eyeprocess_irt_invariance_evidence,eyeprocess_irt_invariance_evidence,Combine invariance evidence without converting it to a binary validity claim
man/eyeprocess_irt_item_bank.Rd,eyeprocess_irt_item_bank,eyeprocess_irt_item_bank,Item bank object for adaptive design
man/eyeprocess_irt_item_fit_residuals.Rd,eyeprocess_irt_item_fit_residuals,eyeprocess_irt_item_fit_residuals,Compute item residual fit summaries from observed and predicted probabilities
man/eyeprocess_irt_item_information.Rd,eyeprocess_irt_item_information,eyeprocess_irt_item_information,Compute item information for transparent IRT families
man/eyeprocess_irt_item_selection.Rd,eyeprocess_irt_item_selection,eyeprocess_irt_item_selection,Select the most informative eligible item at a theta estimate
man/eyeprocess_irt_latent_regression_design.Rd,eyeprocess_irt_latent_regression_design,eyeprocess_irt_latent_regression_design,Build a latent-regression design matrix with explicit centering metadata
man/eyeprocess_irt_link_stability.Rd,eyeprocess_irt_link_stability,eyeprocess_irt_link_stability,Compare linking estimates across anchor subsets
man/eyeprocess_irt_local_dependence_pairs.Rd,eyeprocess_irt_local_dependence_pairs,eyeprocess_irt_local_dependence_pairs,Extract high residual-dependence item pairs
man/eyeprocess_irt_map_score.Rd,eyeprocess_irt_map_score,eyeprocess_irt_map_score,MAP score for dichotomous IRT item parameters
man/eyeprocess_irt_marginal_reliability.Rd,eyeprocess_irt_marginal_reliability,eyeprocess_irt_marginal_reliability,Marginal reliability from latent-score variance and conditional error variance
man/eyeprocess_irt_mean_mean_link.Rd,eyeprocess_irt_mean_mean_link,eyeprocess_irt_mean_mean_link,Mean-mean IRT linking coefficients
man/eyeprocess_irt_mean_sigma_link.Rd,eyeprocess_irt_mean_sigma_link,eyeprocess_irt_mean_sigma_link,Mean-sigma IRT linking coefficients
man/eyeprocess_irt_measurement_precision_profile.Rd,eyeprocess_irt_measurement_precision_profile,eyeprocess_irt_measurement_precision_profile,Summarise measurement precision across a theta region
man/eyeprocess_irt_missing_by_design_audit.Rd,eyeprocess_irt_missing_by_design_audit,eyeprocess_irt_missing_by_design_audit,Audit missing-by-design structure in an IRT response matrix
man/eyeprocess_irt_misspecification_metrics.Rd,eyeprocess_irt_misspecification_metrics,eyeprocess_irt_misspecification_metrics,Compare recovery under reference and misspecified scenarios
man/eyeprocess_irt_misspecification_suite.Rd,eyeprocess_irt_misspecification_suite,eyeprocess_irt_misspecification_suite,Create a model-misspecification suite
man/eyeprocess_irt_mle_score.Rd,eyeprocess_irt_mle_score,eyeprocess_irt_mle_score,Bounded ML score for dichotomous IRT item parameters
man/eyeprocess_irt_model_card.Rd,eyeprocess_irt_model_card,eyeprocess_irt_model_card,Create a governed IRT model card
man/eyeprocess_irt_model_card_audit.Rd,eyeprocess_irt_model_card_audit,eyeprocess_irt_model_card_audit,Audit completeness of an IRT model card
man/eyeprocess_irt_model_spec.Rd,eyeprocess_irt_model_spec,eyeprocess_irt_model_spec,Declare an eyeprocess IRT model specification
man/eyeprocess_irt_monotonicity_audit.Rd,eyeprocess_irt_monotonicity_audit,eyeprocess_irt_monotonicity_audit,Audit monotonicity of an item response curve
man/eyeprocess_irt_nominal_probability.Rd,eyeprocess_irt_nominal_probability,eyeprocess_irt_nominal_probability,Nominal-response category probabilities
man/eyeprocess_irt_parameter_plausibility_audit.Rd,eyeprocess_irt_parameter_plausibility_audit,eyeprocess_irt_parameter_plausibility_audit,Audit basic plausibility of dichotomous item parameters
man/eyeprocess_irt_person_fit_lz.Rd,eyeprocess_irt_person_fit_lz,eyeprocess_irt_person_fit_lz,Standardized log-likelihood person-fit diagnostic
man/eyeprocess_irt_person_fit_residuals.Rd,eyeprocess_irt_person_fit_residuals,eyeprocess_irt_person_fit_residuals,Compute person residual fit summaries
man/eyeprocess_irt_plausible_values.Rd,eyeprocess_irt_plausible_values,eyeprocess_irt_plausible_values,Draw plausible values from a discrete posterior grid
man/eyeprocess_irt_ppc_discrepancy.Rd,eyeprocess_irt_ppc_discrepancy,eyeprocess_irt_ppc_discrepancy,Compare observed and replicated IRT discrepancy statistics
man/eyeprocess_irt_precision_evidence_table.Rd,eyeprocess_irt_precision_evidence_table,eyeprocess_irt_precision_evidence_table,Build a paper-ready IRT information/precision table
man/eyeprocess_irt_prior_sensitivity_grid.Rd,eyeprocess_irt_prior_sensitivity_grid,eyeprocess_irt_prior_sensitivity_grid,Construct a prior-sensitivity grid for Bayesian IRT analyses
man/eyeprocess_irt_prior_sensitivity_summary.Rd,eyeprocess_irt_prior_sensitivity_summary,eyeprocess_irt_prior_sensitivity_summary,Summarise sensitivity of an estimand across declared prior specifications
man/eyeprocess_irt_prior_spec.Rd,eyeprocess_irt_prior_spec,eyeprocess_irt_prior_spec,Declare prior families for Bayesian IRT engine adapters
man/eyeprocess_irt_process_alignment.Rd,eyeprocess_irt_process_alignment,eyeprocess_irt_process_alignment,Align item parameters with process-channel summaries
man/eyeprocess_irt_process_aware_selection_penalty.Rd,eyeprocess_irt_process_aware_selection_penalty,eyeprocess_irt_process_aware_selection_penalty,Process-aware selection penalty without mental-state inference
man/eyeprocess_irt_process_dif_concordance.Rd,eyeprocess_irt_process_dif_concordance,eyeprocess_irt_process_dif_concordance,Compare psychometric DIF effect sizes with process-channel contrasts
man/eyeprocess_irt_q3.Rd,eyeprocess_irt_q3,eyeprocess_irt_q3,Compute Yen-style Q3 residual correlations
man/eyeprocess_irt_recovery_design.Rd,eyeprocess_irt_recovery_design,eyeprocess_irt_recovery_design,Create an IRT recovery design
man/eyeprocess_irt_recovery_failures.Rd,eyeprocess_irt_recovery_failures,eyeprocess_irt_recovery_failures,Summarise recovery failure rates
man/eyeprocess_irt_recovery_summary.Rd,eyeprocess_irt_recovery_summary,eyeprocess_irt_recovery_summary,Summarise IRT parameter recovery
man/eyeprocess_irt_sbc_ranks.Rd,eyeprocess_irt_sbc_ranks,eyeprocess_irt_sbc_ranks,Construct SBC ranks from scalar truths and posterior draws
man/eyeprocess_irt_sbc_summary.Rd,eyeprocess_irt_sbc_summary,eyeprocess_irt_sbc_summary,Summarise IRT SBC ranks with the package SBC diagnostics
man/eyeprocess_irt_score_table.Rd,eyeprocess_irt_score_table,eyeprocess_irt_score_table,"Score a response matrix with EAP, MAP, or ML"
man/eyeprocess_irt_score_uncertainty.Rd,eyeprocess_irt_score_uncertainty,eyeprocess_irt_score_uncertainty,Summarise score uncertainty
man/eyeprocess_irt_session_drift.Rd,eyeprocess_irt_session_drift,eyeprocess_irt_session_drift,Summarise item-parameter drift over sessions
man/eyeprocess_irt_sparse_design_audit.Rd,eyeprocess_irt_sparse_design_audit,eyeprocess_irt_sparse_design_audit,Audit sparse person-item response coverage
man/eyeprocess_irt_stocking_lord_link.Rd,eyeprocess_irt_stocking_lord_link,eyeprocess_irt_stocking_lord_link,Stocking-Lord characteristic-curve linking
man/eyeprocess_irt_stopping_rule.Rd,eyeprocess_irt_stopping_rule,eyeprocess_irt_stopping_rule,Evaluate a simple adaptive stopping rule
man/eyeprocess_irt_targeting_gap.Rd,eyeprocess_irt_targeting_gap,eyeprocess_irt_targeting_gap,Compare an examinee distribution with item-bank targeting
man/eyeprocess_irt_test_characteristic_curve.Rd,eyeprocess_irt_test_characteristic_curve,eyeprocess_irt_test_characteristic_curve,Test characteristic curve for dichotomous item parameters
man/eyeprocess_irt_test_information.Rd,eyeprocess_irt_test_information,eyeprocess_irt_test_information,Compute a test information curve from item parameters
man/eyeprocess_irt_testlet_audit.Rd,eyeprocess_irt_testlet_audit,eyeprocess_irt_testlet_audit,Audit testlet sizes and singleton structures
man/eyeprocess_irt_testlet_spec.Rd,eyeprocess_irt_testlet_spec,eyeprocess_irt_testlet_spec,Declare a testlet structure for bifactor/two-tier IRT engines
man/eyeprocess_irt_threshold_order_audit.Rd,eyeprocess_irt_threshold_order_audit,eyeprocess_irt_threshold_order_audit,Audit ordered category thresholds
man/eyeprocess_joint_process_irt_spec.Rd,eyeprocess_joint_process_irt_spec,eyeprocess_joint_process_irt_spec,Declare a response/process joint IRT specification
man/eyeprocess_mirt_directional_information.Rd,eyeprocess_mirt_directional_information,eyeprocess_mirt_directional_information,Directional multidimensional 2PL information
man/eyeprocess_mirt_information_matrix.Rd,eyeprocess_mirt_information_matrix,eyeprocess_mirt_information_matrix,Multidimensional 2PL item information matrix
man/eyeprocess_mirt_loading_audit.Rd,eyeprocess_mirt_loading_audit,eyeprocess_mirt_loading_audit,Audit multidimensional IRT loading coverage
man/eyeprocess_mirt_loading_spec.Rd,eyeprocess_mirt_loading_spec,eyeprocess_mirt_loading_spec,Declare a multidimensional IRT loading structure
man/eyeprocess_multichannel_measurement_map.Rd,eyeprocess_multichannel_measurement_map,eyeprocess_multichannel_measurement_map,Construct a multichannel measurement map
man/eyeprocess_negative_control_evidence_plan.Rd,eyeprocess_negative_control_evidence_plan,eyeprocess_negative_control_evidence_plan,Declare negative-control evidence targets
man/eyeprocess_negative_control_evidence_table.Rd,eyeprocess_negative_control_evidence_table,eyeprocess_negative_control_evidence_table,Build a paper-ready negative-control table
man/eyeprocess_process_irt_data_bundle.Rd,eyeprocess_process_irt_data_bundle,eyeprocess_process_irt_data_bundle,Prepare a sparse response/process bundle for external joint engines
man/eyeprocess_process_item_profile.Rd,eyeprocess_process_item_profile,eyeprocess_process_item_profile,Aggregate process channels by item
man/eyeprocess_process_missingness_pattern.Rd,eyeprocess_process_missingness_pattern,eyeprocess_process_missingness_pattern,Summarise missingness patterns across response and process channels
man/eyeprocess_process_person_profile.Rd,eyeprocess_process_person_profile,eyeprocess_process_person_profile,Aggregate process channels by person
man/eyeprocess_recovery_evidence_table.Rd,eyeprocess_recovery_evidence_table,eyeprocess_recovery_evidence_table,Build a paper-ready parameter-recovery table
man/eyeprocess_reliability_evidence_plan.Rd,eyeprocess_reliability_evidence_plan,eyeprocess_reliability_evidence_plan,Declare reliability evidence targets
man/eyeprocess_reliability_evidence_table.Rd,eyeprocess_reliability_evidence_table,eyeprocess_reliability_evidence_table,Build a paper-ready reliability table
man/eyeprocess_response_time_profile.Rd,eyeprocess_response_time_profile,eyeprocess_response_time_profile,Summarise response-time structure for joint IRT work
man/eyeprocess_sbc_evidence_table.Rd,eyeprocess_sbc_evidence_table,eyeprocess_sbc_evidence_table,Build a paper-ready SBC table
man/eyeprocess_speed_accuracy_profile.Rd,eyeprocess_speed_accuracy_profile,eyeprocess_speed_accuracy_profile,Describe speed-accuracy association without causal interpretation
man/eyeprocess_stress_evidence_plan.Rd,eyeprocess_stress_evidence_plan,eyeprocess_stress_evidence_plan,Declare the Milestone #2 measurement-quality stress evidence plan
man/eyeprocess_stress_evidence_table.Rd,eyeprocess_stress_evidence_table,eyeprocess_stress_evidence_table,Build a paper-ready stress-test table
man/eyeprocess_validation_atlas_gaps.Rd,eyeprocess_validation_atlas_gaps,eyeprocess_validation_atlas_gaps,Summarise gaps in a validation evidence atlas
man/eyeprocess_validation_claim_matrix.Rd,eyeprocess_validation_claim_matrix,eyeprocess_validation_claim_matrix,Build a machine-readable validation claim/evidence matrix
man/eyeprocess_validation_evidence_atlas.Rd,eyeprocess_validation_evidence_atlas,eyeprocess_validation_evidence_atlas,Assemble a validation evidence atlas
man/eyeprocess_validation_evidence_grade.Rd,eyeprocess_validation_evidence_grade,eyeprocess_validation_evidence_grade,Grade the completeness of validation evidence
man/eyeprocess_validation_evidence_index.Rd,eyeprocess_validation_evidence_index,eyeprocess_validation_evidence_index,Create an index over frozen validation evidence artifacts
man/eyeprocess_validation_evidence_manifest.Rd,eyeprocess_validation_evidence_manifest,eyeprocess_validation_evidence_manifest,Create an evidence manifest from files and in-memory objects
man/eyeprocess_validation_plan.Rd,eyeprocess_validation_plan,eyeprocess_validation_plan,Declare an eyeprocess validation-evidence plan
man/eyeprocess_validation_readiness.Rd,eyeprocess_validation_readiness,eyeprocess_validation_readiness,Evaluate readiness of a Milestone #2 validation evidence bundle
man/eyeprocess_validation_release_gate.Rd,eyeprocess_validation_release_gate,eyeprocess_validation_release_gate,Apply a conservative software-release evidence gate
man/eyeprocess_validation_seed.Rd,eyeprocess_validation_seed,eyeprocess_validation_seed,Derive a deterministic bounded validation seed
man/facet_effects.Rd,facet_effects,facet_effects,Extract facet effects from a many-facet process model
man/field_fidelity_report.Rd,field_fidelity_report,field_fidelity_report,Field-level semantic fidelity report
man/file_hash_manifest.Rd,file_hash_manifest,file_hash_manifest,Build a file hash manifest
man/filter_eye_signal.Rd,filter_eye_signal,filter_eye_signal,Filter a one-dimensional eye signal robustly
man/filter_pupil_signal.Rd,filter_pupil_signal,filter_pupil_signal,Filter pupil signal robustly
man/find_process_measures.Rd,find_process_measures,find_process_measures,"Find process measures by channel, level, status, or text"
man/fingerprint_validation_case.Rd,fingerprint_validation_case,fingerprint_validation_case,Fingerprint every file in a validation case
man/fit_aoi_growth_curve.Rd,fit_aoi_growth_curve,fit_aoi_growth_curve,Fit a single AOI growth curve
man/fit_brms_adapter.Rd,fit_brms_adapter,fit_brms_adapter,fit brms adapter
man/fit_censored_normal_process_irt.Rd,fit_censored_normal_process_irt,fit_censored_normal_process_irt,Conditional censored-normal calibration for bounded process measurements
man/fit_changepoint_multimodal_irt.Rd,fit_changepoint_multimodal_irt,fit_changepoint_multimodal_irt,Fit a multimodal change-point IRT workflow
man/fit_changepoint_rt_irt.Rd,fit_changepoint_rt_irt,fit_changepoint_rt_irt,Fit a change-point RT IRT workflow
man/fit_cognitive_diagnosis_process.Rd,fit_cognitive_diagnosis_process,fit_cognitive_diagnosis_process,Cognitive-diagnosis model with process indicators
man/fit_continuous_time_irt.Rd,fit_continuous_time_irt,fit_continuous_time_irt,Continuous-time IRT external-engine gate
man/fit_crossclassified_process_irt.Rd,fit_crossclassified_process_irt,fit_crossclassified_process_irt,Cross-classified process IRT reference model
man/fit_crossclassified_process_irt_mhrm.Rd,fit_crossclassified_process_irt_mhrm,fit_crossclassified_process_irt_mhrm,Create a gated scalable cross-classified MH-RM process IRT interface
man/fit_diffirt_adapter.Rd,fit_diffirt_adapter,fit_diffirt_adapter,Fit a diffusion IRT adapter
man/fit_diffirt_engine_adapter.Rd,fit_diffirt_engine_adapter,fit_diffirt_engine_adapter,fit diffirt engine adapter
man/fit_dynamic_gpirt.Rd,fit_dynamic_gpirt,fit_dynamic_gpirt,Dynamic GPIRT external-engine gate
man/fit_dynamic_irtree.Rd,fit_dynamic_irtree,fit_dynamic_irtree,Fit a dynamic gaze-state response-tree model
man/fit_dynamic_irtree_stan.Rd,fit_dynamic_irtree_stan,fit_dynamic_irtree_stan,Fit an optional CmdStan dynamic-transition model
man/fit_event_time_irt.Rd,fit_event_time_irt,fit_event_time_irt,Fit an event-time IRT reference workflow
man/fit_external_engine.Rd,fit_external_engine,fit_external_engine,Fit an external model engine through a stable adapter
man/fit_eyeprocess_erm.Rd,fit_eyeprocess_erm,fit_eyeprocess_erm,Fit an eRm Rasch-family model without fallback substitution
man/fit_eyeprocess_gdina.Rd,fit_eyeprocess_gdina,fit_eyeprocess_gdina,Fit a G-DINA cognitive-diagnosis model without fallback substitution
man/fit_eyeprocess_lnirt.Rd,fit_eyeprocess_lnirt,fit_eyeprocess_lnirt,Fit a joint response/response-time LNIRT model without fallback substitution
man/fit_eyeprocess_mirt.Rd,fit_eyeprocess_mirt,fit_eyeprocess_mirt,Fit a model with mirt without substituting another estimator
man/fit_eyeprocess_tam.Rd,fit_eyeprocess_tam,fit_eyeprocess_tam,Fit a TAM model without substituting another estimator
man/fit_eyetrackingr_adapter.Rd,fit_eyetrackingr_adapter,fit_eyetrackingr_adapter,fit eyetrackingr adapter
man/fit_flow_mirt.Rd,fit_flow_mirt,fit_flow_mirt,Flow-MIRT external-engine gate
man/fit_functional_pupil_stan.Rd,fit_functional_pupil_stan,fit_functional_pupil_stan,Fit the bundled joint functional pupil-IRT Stan model
man/fit_gaze_anchored_3pl_audit.Rd,fit_gaze_anchored_3pl_audit,fit_gaze_anchored_3pl_audit,Fit a standard 3PL and audit lower-asymptote alignment with process evidence
man/fit_gaze_diffusion_irt.Rd,fit_gaze_diffusion_irt,fit_gaze_diffusion_irt,Fit a gaze-informed diffusion model
man/fit_gaze_diffusion_stan.Rd,fit_gaze_diffusion_stan,fit_gaze_diffusion_stan,Fit the CmdStan Wiener diffusion model
man/fit_gaze_informed_missingness_irt.Rd,fit_gaze_informed_missingness_irt,fit_gaze_informed_missingness_irt,Fit a gaze-informed missingness IRT diagnostic
man/fit_gdina_adapter.Rd,fit_gdina_adapter,fit_gdina_adapter,fit gdina adapter
man/fit_gpirt.Rd,fit_gpirt,fit_gpirt,GPIRT model-criticism interface
man/fit_irt_model.Rd,fit_irt_model,fit_irt_model,Fit a registered multimodal IRT model
man/fit_item_parameter_seed_model.Rd,fit_item_parameter_seed_model,fit_item_parameter_seed_model,Fit an experimental pre-pilot item-parameter seeding model
man/fit_joint_functional_pupil_irt.Rd,fit_joint_functional_pupil_irt,fit_joint_functional_pupil_irt,Fit a functional pupil-informed IRT workflow
man/fit_joint_gaze_rt_irt.Rd,fit_joint_gaze_rt_irt,fit_joint_gaze_rt_irt,"Joint response, response-time, and gaze-process IRT"
man/fit_joint_graded_rt_process_irt.Rd,fit_joint_graded_rt_process_irt,fit_joint_graded_rt_process_irt,"Joint graded-response, RT, and process reference model"
man/fit_kde_latent_distribution_irt.Rd,fit_kde_latent_distribution_irt,fit_kde_latent_distribution_irt,Create a gated KDE latent-distribution IRT interface
man/fit_latent_class_process_irt.Rd,fit_latent_class_process_irt,fit_latent_class_process_irt,Latent process-class IRT reference model
man/fit_latent_space_irt.Rd,fit_latent_space_irt,fit_latent_space_irt,Fit a latent-space IRT model using LSMjml
man/fit_lnirt_adapter.Rd,fit_lnirt_adapter,fit_lnirt_adapter,fit lnirt adapter
man/fit_manyfacet_process_irt.Rd,fit_manyfacet_process_irt,fit_manyfacet_process_irt,Many-facet process IRT reference model
man/fit_mirt_adapter.Rd,fit_mirt_adapter,fit_mirt_adapter,fit mirt adapter
man/fit_mixture_irt_process_classes.Rd,fit_mixture_irt_process_classes,fit_mixture_irt_process_classes,Fit a true mirt mixture-IRT response model
man/fit_multiblock_process_map.Rd,fit_multiblock_process_map,fit_multiblock_process_map,Fit a multiblock psychometric/gaze/pupil/quality structure map
man/fit_multimodal_m2.Rd,fit_multimodal_m2,fit_multimodal_m2,Fit the M2 response + RT + gaze reference model
man/fit_multimodal_m3.Rd,fit_multimodal_m3,fit_multimodal_m3,Fit the M3 response + RT + gaze + pupil reference model
man/fit_multimodal_m4.Rd,fit_multimodal_m4,fit_multimodal_m4,Fit the M4 latent response-process state model
man/fit_multimodal_trait_irt.Rd,fit_multimodal_trait_irt,fit_multimodal_trait_irt,Multimodal trait-model convenience wrapper
man/fit_multinomial_transition.Rd,fit_multinomial_transition,fit_multinomial_transition,Fit a penalized multinomial transition model
man/fit_multiple_response_process_irt.Rd,fit_multiple_response_process_irt,fit_multiple_response_process_irt,Fit a multiple-response process-IRT reference model
man/fit_nominal_gaze_irt.Rd,fit_nominal_gaze_irt,fit_nominal_gaze_irt,Nominal/distractor IRT with option-level gaze
man/fit_nonignorable_missing_irt.Rd,fit_nonignorable_missing_irt,fit_nonignorable_missing_irt,Create a gated Bayesian nonignorable-missing IRT interface
man/fit_omission_survival_irt.Rd,fit_omission_survival_irt,fit_omission_survival_irt,Response/RT/omission survival IRT reference model
man/fit_openmx_adapter.Rd,fit_openmx_adapter,fit_openmx_adapter,fit openmx adapter
man/fit_openmx_process_model.Rd,fit_openmx_process_model,fit_openmx_process_model,Fit a user-defined OpenMx process model
man/fit_persistence_gaze_diffusion_irt.Rd,fit_persistence_gaze_diffusion_irt,fit_persistence_gaze_diffusion_irt,Create a gated persistence-augmented gaze-diffusion IRT interface
man/fit_process_hmm_irt.Rd,fit_process_hmm_irt,fit_process_hmm_irt,Process-state HMM with an IRT response layer
man/fit_process_profile_mixture.Rd,fit_process_profile_mixture,fit_process_profile_mixture,Fit exploratory process profiles
man/fit_process_rasch_tree.Rd,fit_process_rasch_tree,fit_process_rasch_tree,Fit a process-informed Rasch tree
man/fit_pupil_confound_model.Rd,fit_pupil_confound_model,fit_pupil_confound_model,Fit a luminance/fatigue/process confound model for pupil response
man/fit_pupil_event_deconvolution.Rd,fit_pupil_event_deconvolution,fit_pupil_event_deconvolution,Fit transparent event-related pupil deconvolution models
man/fit_pupillometryr_adapter.Rd,fit_pupillometryr_adapter,fit_pupillometryr_adapter,fit pupillometryr adapter
man/fit_response_process_embedding_irt.Rd,fit_response_process_embedding_irt,fit_response_process_embedding_irt,Fit an IRT response model augmented by sequence embeddings
man/fit_revisit_process_cdm.Rd,fit_revisit_process_cdm,fit_revisit_process_cdm,Fit a revisiting-aware cognitive-diagnosis process workflow
man/fit_seqhmm_adapter.Rd,fit_seqhmm_adapter,fit_seqhmm_adapter,fit seqhmm adapter
man/fit_speed_accuracy_engagement_irt.Rd,fit_speed_accuracy_engagement_irt,fit_speed_accuracy_engagement_irt,Speed-accuracy-engagement IRT convenience wrapper
man/fit_strategy_mixture_em.Rd,fit_strategy_mixture_em,fit_strategy_mixture_em,Fit the deterministic multi-start EM baseline
man/fit_strategy_mixture_stan.Rd,fit_strategy_mixture_stan,fit_strategy_mixture_stan,Fit the probabilistic strategy-mixture engine
man/fit_tam_adapter.Rd,fit_tam_adapter,fit_tam_adapter,fit tam adapter
man/fit_theory_strategy_irt.Rd,fit_theory_strategy_irt,fit_theory_strategy_irt,Fit a theory-constrained strategy mixture
man/fit_traminer_adapter.Rd,fit_traminer_adapter,fit_traminer_adapter,fit traminer adapter
man/fit_validation_replicate.Rd,fit_validation_replicate,fit_validation_replicate,Fit one model-validation replicate
man/fit_variational_irt.Rd,fit_variational_irt,fit_variational_irt,Variational IRT external-engine gate
man/fit_visual_context_irt.Rd,fit_visual_context_irt,fit_visual_context_irt,Fit an explicit visual-context/testlet IRT model
man/fixation_boundary_uncertainty.Rd,fixation_boundary_uncertainty,fixation_boundary_uncertainty,Distance to nearest rectangular AOI boundary
man/freeze_eyeprocess_irt_reference.Rd,freeze_eyeprocess_irt_reference,freeze_eyeprocess_irt_reference,Freeze IRT validation reference summaries
man/freeze_eyeprocess_validation_atlas.Rd,freeze_eyeprocess_validation_atlas,freeze_eyeprocess_validation_atlas,Freeze a validation atlas with a reproducibility fingerprint
man/freeze_eyeprocess_validation_evidence.Rd,freeze_eyeprocess_validation_evidence,freeze_eyeprocess_validation_evidence,Freeze a complete Milestone #2 evidence bundle
man/freeze_software_paper_evidence.Rd,freeze_software_paper_evidence,freeze_software_paper_evidence,Freeze software-paper evidence to an RDS with a hash
man/freeze_validation_reference.Rd,freeze_validation_reference,freeze_validation_reference,Freeze a compact validation reference for regression testing
man/functional_pupil_basis.Rd,functional_pupil_basis,functional_pupil_basis,Construct a functional basis for pupil trajectories
man/functional_pupil_diagnostics.Rd,functional_pupil_diagnostics,functional_pupil_diagnostics,Diagnose functional pupil model and preprocessing quality
man/functional_pupil_irt_spec.Rd,functional_pupil_irt_spec,functional_pupil_irt_spec,Specify a functional pupil-IRT model
man/gaze_anchored_3pl_alignment.Rd,gaze_anchored_3pl_alignment,gaze_anchored_3pl_alignment,Return the process-alignment table from a gaze-anchored 3PL audit
man/gaze_data_quality_profile.Rd,gaze_data_quality_profile,gaze_data_quality_profile,Empirical gaze data-quality profile
man/gaze_diffusion_spec.Rd,gaze_diffusion_spec,gaze_diffusion_spec,Define a gaze-informed diffusion model
man/gaze_precision_rms_s2s.Rd,gaze_precision_rms_s2s,gaze_precision_rms_s2s,Estimate RMS successive-sample gaze imprecision
man/gaze_uncertainty_ellipse.Rd,gaze_uncertainty_ellipse,gaze_uncertainty_ellipse,Uncertainty ellipse implied by an empirical calibration-error model
man/gazepoint_analysis_tables.Rd,gazepoint_analysis_tables,gazepoint_analysis_tables,Build person-by-item-by-trial analysis tables
man/gazepoint_irt_tables.Rd,gazepoint_irt_tables,gazepoint_irt_tables,Create IRT-ready response and process tables
man/gazepoint_workflow_spec.Rd,gazepoint_workflow_spec,gazepoint_workflow_spec,Specify an integrated Gazepoint downstream workflow
man/generalizability_process_study.Rd,generalizability_process_study,generalizability_process_study,Generalizability-style variance decomposition for a process measure
man/get_irt_model.Rd,get_irt_model,get_irt_model,Retrieve a registered multimodal IRT model
man/grade_model_evidence.Rd,grade_model_evidence,grade_model_evidence,Grade model evidence against an explicit validation contract
man/grouped_cv.Rd,grouped_cv,grouped_cv,Evaluate a model with grouped cross-validation
man/grouped_folds.Rd,grouped_folds,grouped_folds,Create grouped cross-validation folds
man/import_benchmark_study.Rd,import_benchmark_study,import_benchmark_study,Build an eye dataset from the public benchmark
man/import_eye_bids.Rd,import_eye_bids,import_eye_bids,Import Eye-Tracking-BIDS physiological recordings
man/incremental_process_validity.Rd,incremental_process_validity,incremental_process_validity,Extract incremental process validity
man/init_vendor_corpus.Rd,init_vendor_corpus,init_vendor_corpus,Create or validate a multi-vendor corpus directory
man/inject_aoi_label_noise.Rd,inject_aoi_label_noise,inject_aoi_label_noise,Inject AOI label noise
man/inject_calibration_offset.Rd,inject_calibration_offset,inject_calibration_offset,Inject additive gaze calibration offset in coordinate units
man/inject_device_shift.Rd,inject_device_shift,inject_device_shift,Inject an additive device/site shift in a numeric feature
man/inject_eye_missingness.Rd,inject_eye_missingness,inject_eye_missingness,Inject generic missingness into selected columns
man/inject_pupil_dropout.Rd,inject_pupil_dropout,inject_pupil_dropout,Inject pupil dropout
man/inject_sampling_jitter.Rd,inject_sampling_jitter,inject_sampling_jitter,Inject timestamp jitter
man/inject_trial_imbalance.Rd,inject_trial_imbalance,inject_trial_imbalance,Inject trial/row imbalance by dropping observations
man/irt_compositional_channel.Rd,irt_compositional_channel,irt_compositional_channel,Compositional AOI channel
man/irt_continuous_channel.Rd,irt_continuous_channel,irt_continuous_channel,Continuous/bounded process channel for multimodal IRT
man/irt_count_channel.Rd,irt_count_channel,irt_count_channel,Count-valued process channel for multimodal IRT
man/irt_functional_channel.Rd,irt_functional_channel,irt_functional_channel,Functional trajectory channel
man/irt_model_spec.Rd,irt_model_spec,irt_model_spec,Define a multimodal IRT model specification
man/irt_nominal_channel.Rd,irt_nominal_channel,irt_nominal_channel,Nominal response/process channel
man/irt_response_channel.Rd,irt_response_channel,irt_response_channel,Binary/ordinal response channel for multimodal IRT
man/irt_rt_channel.Rd,irt_rt_channel,irt_rt_channel,Response-time channel for multimodal IRT
man/irt_sequence_channel.Rd,irt_sequence_channel,irt_sequence_channel,Sequence/process-state channel
man/irt_survival_channel.Rd,irt_survival_channel,irt_survival_channel,Survival/event-time channel for multimodal IRT
man/irt_validation_spec.Rd,irt_validation_spec,irt_validation_spec,Specify a validation programme for a process-IRT model
man/latent_distribution_stress_test.Rd,latent_distribution_stress_test,latent_distribution_stress_test,Stress-test IRT estimators across latent distributions
man/latent_trait_trajectory.Rd,latent_trait_trajectory,latent_trait_trajectory,Estimate a descriptive continuous-time latent trajectory
man/leave_device_out_validation.Rd,leave_device_out_validation,leave_device_out_validation,Leave device out validation
man/leave_item_out_validation.Rd,leave_item_out_validation,leave_item_out_validation,Leave item out validation
man/leave_session_out_validation.Rd,leave_session_out_validation,leave_session_out_validation,Leave session out validation
man/leave_site_out_validation.Rd,leave_site_out_validation,leave_site_out_validation,Leave site out validation
man/list_irt_models.Rd,list_irt_models,list_irt_models,List registered multimodal IRT models
man/lock_decision_manifest.Rd,lock_decision_manifest,lock_decision_manifest,Lock a decision manifest by content hash
man/map_latent_classes_to_process_profiles.Rd,map_latent_classes_to_process_profiles,map_latent_classes_to_process_profiles,Map supplied latent-class memberships to process summaries
man/measurement_error_budget.Rd,measurement_error_budget,measurement_error_budget,Build a non-collapsed measurement-error budget
man/migrate_eye_storage_schema.Rd,migrate_eye_storage_schema,migrate_eye_storage_schema,Migrate a storage schema through an atomic rewrite
man/model_promotion_spec.Rd,model_promotion_spec,model_promotion_spec,Specify evidence gates for model promotion
man/model_validation_spec.Rd,model_validation_spec,model_validation_spec,Specify a model-validation programme
man/model_validation_summary.Rd,model_validation_summary,model_validation_summary,Summarize model validation
man/multiblock_contributions.Rd,multiblock_contributions,multiblock_contributions,Extract multiblock block contributions/coordinates
man/multiblock_person_coordinates.Rd,multiblock_person_coordinates,multiblock_person_coordinates,Extract multiblock person coordinates
man/multiblock_variable_coordinates.Rd,multiblock_variable_coordinates,multiblock_variable_coordinates,Extract multiblock variable coordinates
man/multimodal_backend_status.Rd,multimodal_backend_status,multimodal_backend_status,Report multimodal backend availability
man/multimodal_irt_spec.Rd,multimodal_irt_spec,multimodal_irt_spec,Consolidated multimodal IRT specification
man/multimodal_m2_ablation.Rd,multimodal_m2_ablation,multimodal_m2_ablation,"Fit M0, M1, and M2 as a response-target ablation sequence"
man/multimodal_m2_negative_controls.Rd,multimodal_m2_negative_controls,multimodal_m2_negative_controls,Generate M2 alignment negative controls
man/multimodal_m2_ppc.Rd,multimodal_m2_ppc,multimodal_m2_ppc,Posterior predictive checks for the M2 three-way model
man/multimodal_m2_process_information.Rd,multimodal_m2_process_information,multimodal_m2_process_information,Quantify response-target process information in the M0-M2 sequence
man/multimodal_m2_recovery.Rd,multimodal_m2_recovery,multimodal_m2_recovery,Run repeated M2 estimator recovery
man/multimodal_m2_spec.Rd,multimodal_m2_spec,multimodal_m2_spec,M2 response + RT + gaze reference specification
man/multimodal_m3_ablation.Rd,multimodal_m3_ablation,multimodal_m3_ablation,Fit the complete M3 response-anchored channel-ablation lattice
man/multimodal_m3_functional_bridge.Rd,multimodal_m3_functional_bridge,multimodal_m3_functional_bridge,Bridge existing functional pupil outputs into the scalar M3 reference layer
man/multimodal_m3_negative_controls.Rd,multimodal_m3_negative_controls,multimodal_m3_negative_controls,Generate M3 multimodal falsification controls
man/multimodal_m3_ppc.Rd,multimodal_m3_ppc,multimodal_m3_ppc,Posterior predictive checks for the M3 four-channel model
man/multimodal_m3_process_information.Rd,multimodal_m3_process_information,multimodal_m3_process_information,"Quantify M3 process information, pupil increment, redundancy and sensor value"
man/multimodal_m3_recovery.Rd,multimodal_m3_recovery,multimodal_m3_recovery,Run M3 parameter-recovery and stress evidence
man/multimodal_m3_spec.Rd,multimodal_m3_spec,multimodal_m3_spec,M3 response + RT + gaze + pupil specification
man/multimodal_m4_ablation.Rd,multimodal_m4_ablation,multimodal_m4_ablation,Plan or fit the focused M3-to-M4 ablation set
man/multimodal_m4_negative_controls.Rd,multimodal_m4_negative_controls,multimodal_m4_negative_controls,"Construct M4 temporal, nuisance, device, and overfitting negative controls"
man/multimodal_m4_ppc.Rd,multimodal_m4_ppc,multimodal_m4_ppc,Posterior predictive checks for M4 measurement and sequential behavior
man/multimodal_m4_process_information.Rd,multimodal_m4_process_information,multimodal_m4_process_information,Quantify incremental response-target information supplied by M4 state structure
man/multimodal_m4_recovery.Rd,multimodal_m4_recovery,multimodal_m4_recovery,Evaluate deterministic M4 parameter and state recovery
man/multimodal_m4_sensitivity.Rd,multimodal_m4_sensitivity,multimodal_m4_sensitivity,Plan or run M4 state-count and modelling sensitivity analyses
man/multimodal_m4_spec.Rd,multimodal_m4_spec,multimodal_m4_spec,Specify M4 trait-conditioned latent response-process states
man/multimodal_m4_state_diagnostics.Rd,multimodal_m4_state_diagnostics,multimodal_m4_state_diagnostics,Summarize M4 latent-state uncertainty and dynamics
man/multimodal_ppc.Rd,multimodal_ppc,multimodal_ppc,Posterior predictive checks for multimodal development fits
man/negative_control_concordance.Rd,negative_control_concordance,negative_control_concordance,Concordance of multiple negative-control families
man/negative_control_process_test.Rd,negative_control_process_test,negative_control_process_test,Negative-control test for an allegedly informative process channel
man/object_hash.Rd,object_hash,object_hash,Hash an R object reproducibly within an R serialization version
man/object_schema.Rd,object_schema,object_schema,Describe a stable object schema
man/open_eye_storage.Rd,open_eye_storage,open_eye_storage,Open an eyeprocess storage handle
man/open_partitioned_eye_storage.Rd,open_partitioned_eye_storage,open_partitioned_eye_storage,Open partitioned eye storage
man/option_process_information.Rd,option_process_information,option_process_information,Quantify option-process information from a nominal gaze model
man/outcome_blind_feature_audit.Rd,outcome_blind_feature_audit,outcome_blind_feature_audit,Audit whether candidate predictors can be constructed without an outcome column
man/outcome_blind_snapshot.Rd,outcome_blind_snapshot,outcome_blind_snapshot,Create an outcome-blind data snapshot
man/package_reproducibility_manifest.Rd,package_reproducibility_manifest,package_reproducibility_manifest,Create a reproducibility manifest for files and software
man/paper_reproducibility_manifest.Rd,paper_reproducibility_manifest,paper_reproducibility_manifest,Create a compact paper reproducibility manifest
man/partition_eye_storage.Rd,partition_eye_storage,partition_eye_storage,Create a partition specification
man/pipeline_failures.Rd,pipeline_failures,pipeline_failures,Return failed pipeline steps
man/pipeline_result.Rd,pipeline_result,pipeline_result,Extract a pipeline result by step name
man/pipeline_step_status.Rd,pipeline_step_status,pipeline_step_status,Pipeline step status table
man/placebo_window_audit.Rd,placebo_window_audit,placebo_window_audit,Audit a placebo/pre-event window
man/plot.eye_adapter_regression_audit.Rd,plot.eye_adapter_regression_audit,plot.eye_adapter_regression_audit,Plot eye adapter regression audit
man/plot.eye_aoi_growth_curve.Rd,plot.eye_aoi_growth_curve,plot.eye_aoi_growth_curve,Plot aoi growth curve diagnostics
man/plot.eye_aoi_trajectory.Rd,plot.eye_aoi_trajectory,plot.eye_aoi_trajectory,Plot aoi trajectory diagnostics
man/plot.eye_bayesian_process_dashboard.Rd,plot.eye_bayesian_process_dashboard,plot.eye_bayesian_process_dashboard,Plot bayesian process dashboard diagnostics
man/plot.eye_bids_roundtrip.Rd,plot.eye_bids_roundtrip,plot.eye_bids_roundtrip,Plot eye bids roundtrip
man/plot.eye_biometric_imputation_sensitivity.Rd,plot.eye_biometric_imputation_sensitivity,plot.eye_biometric_imputation_sensitivity,Plot biometric imputation sensitivity diagnostics
man/plot.eye_biometric_preflight.Rd,plot.eye_biometric_preflight,plot.eye_biometric_preflight,Plot biometric preflight diagnostics
man/plot.eye_candidate_item_bank_audit.Rd,plot.eye_candidate_item_bank_audit,plot.eye_candidate_item_bank_audit,Plot candidate item bank audit diagnostics
man/plot.eye_compatibility_evidence_matrix.Rd,plot.eye_compatibility_evidence_matrix,plot.eye_compatibility_evidence_matrix,Plot detailed compatibility evidence
man/plot.eye_decision_process_proxy.Rd,plot.eye_decision_process_proxy,plot.eye_decision_process_proxy,Plot decision process proxy diagnostics
man/plot.eye_dynamic_irtree.Rd,plot.eye_dynamic_irtree,plot.eye_dynamic_irtree,plot eye dynamic irtree
man/plot.eye_dynamic_ppc.Rd,plot.eye_dynamic_ppc,plot.eye_dynamic_ppc,plot eye dynamic ppc
man/plot.eye_event_roundtrip_audit.Rd,plot.eye_event_roundtrip_audit,plot.eye_event_roundtrip_audit,Plot eye event roundtrip audit
man/plot.eye_event_time_irt.Rd,plot.eye_event_time_irt,plot.eye_event_time_irt,Plot eye event time irt
man/plot.eye_functional_pupil_diagnostics.Rd,plot.eye_functional_pupil_diagnostics,plot.eye_functional_pupil_diagnostics,plot eye functional pupil diagnostics
man/plot.eye_functional_pupil_irt.Rd,plot.eye_functional_pupil_irt,plot.eye_functional_pupil_irt,plot eye functional pupil irt
man/plot.eye_functional_pupil_sensitivity.Rd,plot.eye_functional_pupil_sensitivity,plot.eye_functional_pupil_sensitivity,plot eye functional pupil sensitivity
man/plot.eye_gated_process_model.Rd,plot.eye_gated_process_model,plot.eye_gated_process_model,Plot gated process model diagnostics
man/plot.eye_gaze_anchored_3pl_audit.Rd,plot.eye_gaze_anchored_3pl_audit,plot.eye_gaze_anchored_3pl_audit,Plot gaze anchored 3pl audit diagnostics
man/plot.eye_gaze_informed_missingness_irt.Rd,plot.eye_gaze_informed_missingness_irt,plot.eye_gaze_informed_missingness_irt,Plot eye gaze informed missingness irt
man/plot.eye_gpirt.Rd,plot.eye_gpirt,plot.eye_gpirt,Plot flexible IRF shape diagnostics
man/plot.eye_incremental_information_audit.Rd,plot.eye_incremental_information_audit,plot.eye_incremental_information_audit,Plot incremental process-channel information by fold
man/plot.eye_irt_changepoints.Rd,plot.eye_irt_changepoints,plot.eye_irt_changepoints,Plot detected process changepoints
man/plot.eye_irt_equating.Rd,plot.eye_irt_equating,plot.eye_irt_equating,Plot an IRT linking/equating transformation
man/plot.eye_irt_ppc.Rd,plot.eye_irt_ppc,plot.eye_irt_ppc,Plot posterior predictive discrepancy tail probabilities
man/plot.eye_irt_recovery_summary.Rd,plot.eye_irt_recovery_summary,plot.eye_irt_recovery_summary,Plot parameter-recovery bias or RMSE
man/plot.eye_irt_sbc.Rd,plot.eye_irt_sbc,plot.eye_irt_sbc,Plot SBC rank histograms by parameter
man/plot.eye_item_parameter_seed.Rd,plot.eye_item_parameter_seed,plot.eye_item_parameter_seed,Plot item parameter seed diagnostics
man/plot.eye_item_reduction_sensitivity.Rd,plot.eye_item_reduction_sensitivity,plot.eye_item_reduction_sensitivity,Plot item reduction sensitivity diagnostics
man/plot.eye_joint_gaze_rt_irt.Rd,plot.eye_joint_gaze_rt_irt,plot.eye_joint_gaze_rt_irt,Plot a joint gaze-response-time IRT fit
man/plot.eye_joint_graded_rt_process_irt.Rd,plot.eye_joint_graded_rt_process_irt,plot.eye_joint_graded_rt_process_irt,Plot a graded response + RT/process fit
man/plot.eye_latent_distribution_comparison.Rd,plot.eye_latent_distribution_comparison,plot.eye_latent_distribution_comparison,Plot eye latent distribution comparison
man/plot.eye_latent_process_alignment.Rd,plot.eye_latent_process_alignment,plot.eye_latent_process_alignment,Plot latent process alignment diagnostics
man/plot.eye_latent_space_irt.Rd,plot.eye_latent_space_irt,plot.eye_latent_space_irt,Plot a latent-space IRT adapter fit
man/plot.eye_manyfacet_process_irt.Rd,plot.eye_manyfacet_process_irt,plot.eye_manyfacet_process_irt,Plot many-facet process IRT effects
man/plot.eye_mixture_irt_process.Rd,plot.eye_mixture_irt_process,plot.eye_mixture_irt_process,Plot mixture irt process diagnostics
man/plot.eye_model_promotion_audit.Rd,plot.eye_model_promotion_audit,plot.eye_model_promotion_audit,plot eye model promotion audit
man/plot.eye_multiblock_process_map.Rd,plot.eye_multiblock_process_map,plot.eye_multiblock_process_map,Plot multiblock process map diagnostics
man/plot.eye_nominal_gaze_irt.Rd,plot.eye_nominal_gaze_irt,plot.eye_nominal_gaze_irt,Plot nominal-response gaze results
man/plot.eye_nonparametric_rasch_audit.Rd,plot.eye_nonparametric_rasch_audit,plot.eye_nonparametric_rasch_audit,Plot nonparametric rasch audit diagnostics
man/plot.eye_omission_survival_irt.Rd,plot.eye_omission_survival_irt,plot.eye_omission_survival_irt,Plot omission/not-reached survival IRT diagnostics
man/plot.eye_preaction_process_features.Rd,plot.eye_preaction_process_features,plot.eye_preaction_process_features,Plot preaction process features diagnostics
man/plot.eye_presentation_accessibility.Rd,plot.eye_presentation_accessibility,plot.eye_presentation_accessibility,Plot presentation accessibility diagnostics
man/plot.eye_presentation_fairness_comparison.Rd,plot.eye_presentation_fairness_comparison,plot.eye_presentation_fairness_comparison,Plot presentation fairness comparison diagnostics
man/plot.eye_process_anomaly_audit.Rd,plot.eye_process_anomaly_audit,plot.eye_process_anomaly_audit,Plot process anomaly audit diagnostics
man/plot.eye_process_cat_simulation.Rd,plot.eye_process_cat_simulation,plot.eye_process_cat_simulation,Plot CAT simulation information accumulation
man/plot.eye_process_channel_ablation.Rd,plot.eye_process_channel_ablation,plot.eye_process_channel_ablation,Plot process-channel ablation
man/plot.eye_process_dependent_discrimination.Rd,plot.eye_process_dependent_discrimination,plot.eye_process_dependent_discrimination,Plot process-dependent discrimination
man/plot.eye_process_drift_audit.Rd,plot.eye_process_drift_audit,plot.eye_process_drift_audit,Plot process drift audit diagnostics
man/plot.eye_process_external_validity.Rd,plot.eye_process_external_validity,plot.eye_process_external_validity,Plot process external validity diagnostics
man/plot.eye_process_facet_effects.Rd,plot.eye_process_facet_effects,plot.eye_process_facet_effects,Plot eye process facet effects
man/plot.eye_process_feature_blocks.Rd,plot.eye_process_feature_blocks,plot.eye_process_feature_blocks,Plot process feature blocks diagnostics
man/plot.eye_process_g_study.Rd,plot.eye_process_g_study,plot.eye_process_g_study,Plot process-measure variance components
man/plot.eye_process_hmm_irt.Rd,plot.eye_process_hmm_irt,plot.eye_process_hmm_irt,Plot a process-HMM IRT fit
man/plot.eye_process_local_dependence_audit.Rd,plot.eye_process_local_dependence_audit,plot.eye_process_local_dependence_audit,Plot process/local-dependence diagnostics
man/plot.eye_process_negative_control.Rd,plot.eye_process_negative_control,plot.eye_process_negative_control,Plot a process-channel negative-control distribution
man/plot.eye_process_person_fit.Rd,plot.eye_process_person_fit,plot.eye_process_person_fit,Plot process person-fit discrepancies
man/plot.eye_process_profile_mixture.Rd,plot.eye_process_profile_mixture,plot.eye_process_profile_mixture,Plot process profile mixture diagnostics
man/plot.eye_process_rasch_tree.Rd,plot.eye_process_rasch_tree,plot.eye_process_rasch_tree,Plot process rasch tree diagnostics
man/plot.eye_process_window_sensitivity.Rd,plot.eye_process_window_sensitivity,plot.eye_process_window_sensitivity,Plot process window sensitivity diagnostics
man/plot.eye_process_windows.Rd,plot.eye_process_windows,plot.eye_process_windows,Plot process windows diagnostics
man/plot.eye_pupil_confound_model.Rd,plot.eye_pupil_confound_model,plot.eye_pupil_confound_model,Plot pupil confound model diagnostics
man/plot.eye_pupil_deconvolution.Rd,plot.eye_pupil_deconvolution,plot.eye_pupil_deconvolution,Plot pupil deconvolution diagnostics
man/plot.eye_pupil_fatigue_drift.Rd,plot.eye_pupil_fatigue_drift,plot.eye_pupil_fatigue_drift,Plot pupil fatigue drift diagnostics
man/plot.eye_pupil_frequency_features.Rd,plot.eye_pupil_frequency_features,plot.eye_pupil_frequency_features,Plot pupil frequency features diagnostics
man/plot.eye_pupil_frequency_stability.Rd,plot.eye_pupil_frequency_stability,plot.eye_pupil_frequency_stability,Plot pupil frequency stability diagnostics
man/plot.eye_roundtrip_loss_audit.Rd,plot.eye_roundtrip_loss_audit,plot.eye_roundtrip_loss_audit,plot eye roundtrip loss audit
man/plot.eye_sbc_audit.Rd,plot.eye_sbc_audit,plot.eye_sbc_audit,Plot SBC audit summaries
man/plot.eye_semantic_roundtrip.Rd,plot.eye_semantic_roundtrip,plot.eye_semantic_roundtrip,Plot semantic round-trip fidelity
man/plot.eye_signal_filter_audit.Rd,plot.eye_signal_filter_audit,plot.eye_signal_filter_audit,Plot signal filter audit diagnostics
man/plot.eye_storage_benchmark.Rd,plot.eye_storage_benchmark,plot.eye_storage_benchmark,plot eye storage benchmark
man/plot.eye_strategy_aoi_sensitivity.Rd,plot.eye_strategy_aoi_sensitivity,plot.eye_strategy_aoi_sensitivity,plot eye strategy aoi sensitivity
man/plot.eye_streaming_score.Rd,plot.eye_streaming_score,plot.eye_streaming_score,Plot streaming score diagnostics
man/plot.eye_transition_diagnostics.Rd,plot.eye_transition_diagnostics,plot.eye_transition_diagnostics,plot eye transition diagnostics
man/plot.eye_validation_bundle.Rd,plot.eye_validation_bundle,plot.eye_validation_bundle,Plot validation bundle diagnostics
man/plot.eye_vendor_compatibility_matrix.Rd,plot.eye_vendor_compatibility_matrix,plot.eye_vendor_compatibility_matrix,plot eye vendor compatibility matrix
man/plot.eye_vendor_semantic_validation.Rd,plot.eye_vendor_semantic_validation,plot.eye_vendor_semantic_validation,Plot eye vendor semantic validation
man/plot.eye_visual_context_irt.Rd,plot.eye_visual_context_irt,plot.eye_visual_context_irt,Plot visual context irt diagnostics
man/plot_aoi_transition_matrix.Rd,plot_aoi_transition_matrix,plot_aoi_transition_matrix,Plot an AOI transition matrix
man/plot_aoi_transition_rank.Rd,plot_aoi_transition_rank,plot_aoi_transition_rank,Plot top AOI transitions by probability/count
man/plot_distractor_information.Rd,plot_distractor_information,plot_distractor_information,Plot option-level distractor information
man/plot_gazepoint_workflow.Rd,plot_gazepoint_workflow,plot_gazepoint_workflow,Generate the complete Gazepoint workflow plot suite
man/plot_interval_coverage.Rd,plot_interval_coverage,plot_interval_coverage,Plot interval coverage
man/plot_irf_uncertainty.Rd,plot_irf_uncertainty,plot_irf_uncertainty,Plot uncertainty for flexible item response functions
man/plot_parameter_recovery.Rd,plot_parameter_recovery,plot_parameter_recovery,Plot parameter recovery
man/plot_person_item_space.Rd,plot_person_item_space,plot_person_item_space,Plot person/item latent-space coordinates
man/plot_process_changepoint.Rd,plot_process_changepoint,plot_process_changepoint,Plot detected process change points
man/plot_process_channel_ablation_delta.Rd,plot_process_channel_ablation_delta,plot_process_channel_ablation_delta,Plot channel-ablation delta from a full/reference model
man/plot_process_feature_stability.Rd,plot_process_feature_stability,plot_process_feature_stability,Plot process-feature stability across resamples/splits
man/plot_process_window_sensitivity.Rd,plot_process_window_sensitivity,plot_process_window_sensitivity,Explicit wrapper for process-window sensitivity plotting
man/plot_pupil_activity_sensitivity.Rd,plot_pupil_activity_sensitivity,plot_pupil_activity_sensitivity,Plot pupil activity sensitivity to window length
man/plot_pupil_activity_windows.Rd,plot_pupil_activity_windows,plot_pupil_activity_windows,Plot pupil activity features across windows/groups
man/plot_pupil_band_power.Rd,plot_pupil_band_power,plot_pupil_band_power,Plot pupil low/high-band power summaries
man/plot_pupil_components.Rd,plot_pupil_components,plot_pupil_components,Plot tonic/phasic pupil components
man/plot_pupil_preprocessing_audit.Rd,plot_pupil_preprocessing_audit,plot_pupil_preprocessing_audit,Plot raw-to-processed pupil preprocessing stages
man/plot_pupil_spectrum.Rd,plot_pupil_spectrum,plot_pupil_spectrum,Plot a pupil-signal power spectrum
man/plot_sbc_rank.Rd,plot_sbc_rank,plot_sbc_rank,Plot SBC rank histograms
man/plot_validation_failures.Rd,plot_validation_failures,plot_validation_failures,Plot validation failure rates
man/plot_validation_runtime.Rd,plot_validation_runtime,plot_validation_runtime,Plot validation runtime
man/posterior_predictive_discrepancies.Rd,posterior_predictive_discrepancies,posterior_predictive_discrepancies,Posterior predictive discrepancy table
man/posterior_sbc_contract.Rd,posterior_sbc_contract,posterior_sbc_contract,Define a posterior-SBC replication contract
man/preaction_process_features.Rd,preaction_process_features,preaction_process_features,Build pre-action process features
man/predict.eye_censored_normal_process_irt.Rd,predict.eye_censored_normal_process_irt,predict.eye_censored_normal_process_irt,Predict expected bounded response from a censored-normal process IRT fit
man/predict.eye_multinomial_transition.Rd,predict.eye_multinomial_transition,predict.eye_multinomial_transition,Predict destination-state probabilities
man/predict_aoi_trajectory.Rd,predict_aoi_trajectory,predict_aoi_trajectory,Predict from an AOI growth curve
man/predict_item_parameter_priors.Rd,predict_item_parameter_priors,predict_item_parameter_priors,Predict pre-pilot item-parameter priors
man/predict_theta_at_time.Rd,predict_theta_at_time,predict_theta_at_time,Predict a latent trait at arbitrary times
man/preflight_decisions.Rd,preflight_decisions,preflight_decisions,Extract pre-flight decisions
man/preflight_exclusion_manifest.Rd,preflight_exclusion_manifest,preflight_exclusion_manifest,Create an explicit pre-flight exclusion/review manifest
man/preflight_failures.Rd,preflight_failures,preflight_failures,Extract pre-flight failures/review cases
man/preflight_passed.Rd,preflight_passed,preflight_passed,Extract pre-flight passes
man/prepare_dynamic_irtree_data.Rd,prepare_dynamic_irtree_data,prepare_dynamic_irtree_data,Prepare ordered transition data for dynamic IRTree models
man/prepare_functional_pupil_data.Rd,prepare_functional_pupil_data,prepare_functional_pupil_data,"Prepare aligned, corrected functional pupil data"
man/prepare_gaze_diffusion_data.Rd,prepare_gaze_diffusion_data,prepare_gaze_diffusion_data,Prepare joint accuracy-response-time data
man/prepare_multimodal_irt_data.Rd,prepare_multimodal_irt_data,prepare_multimodal_irt_data,Prepare a canonical multimodal person-item-trial measurement object
man/prepare_strategy_mixture_data.Rd,prepare_strategy_mixture_data,prepare_strategy_mixture_data,Prepare data for a strategy-mixture model
man/prepare_structured_unstructured_process_features.Rd,prepare_structured_unstructured_process_features,prepare_structured_unstructured_process_features,Prepare leakage-safe structured/unstructured process representations
man/preprocessing_multiverse.Rd,preprocessing_multiverse,preprocessing_multiverse,Run a preprocessing or AOI multiverse
man/print.eye_benchmark_reproduction.Rd,print.eye_benchmark_reproduction,print.eye_benchmark_reproduction,print eye benchmark reproduction
man/print.eye_benchmark_study.Rd,print.eye_benchmark_study,print.eye_benchmark_study,print eye benchmark study
man/print.eye_benchmark_validation.Rd,print.eye_benchmark_validation,print.eye_benchmark_validation,print eye benchmark validation
man/print.eye_diffusion_diagnostics.Rd,print.eye_diffusion_diagnostics,print.eye_diffusion_diagnostics,print eye diffusion diagnostics
man/print.eye_diffusion_identification_study.Rd,print.eye_diffusion_identification_study,print.eye_diffusion_identification_study,print eye diffusion identification study
man/print.eye_dynamic_irtree.Rd,print.eye_dynamic_irtree,print.eye_dynamic_irtree,print eye dynamic irtree
man/print.eye_dynamic_ppc.Rd,print.eye_dynamic_ppc,print.eye_dynamic_ppc,print eye dynamic ppc
man/print.eye_dynamic_recovery.Rd,print.eye_dynamic_recovery,print.eye_dynamic_recovery,print eye dynamic recovery
man/print.eye_engine_adapter_result.Rd,print.eye_engine_adapter_result,print.eye_engine_adapter_result,print eye engine adapter result
man/print.eye_functional_pupil_data.Rd,print.eye_functional_pupil_data,print.eye_functional_pupil_data,print eye functional pupil data
man/print.eye_functional_pupil_diagnostics.Rd,print.eye_functional_pupil_diagnostics,print.eye_functional_pupil_diagnostics,print eye functional pupil diagnostics
man/print.eye_functional_pupil_irt.Rd,print.eye_functional_pupil_irt,print.eye_functional_pupil_irt,print eye functional pupil irt
man/print.eye_functional_pupil_sensitivity.Rd,print.eye_functional_pupil_sensitivity,print.eye_functional_pupil_sensitivity,print eye functional pupil sensitivity
man/print.eye_functional_scalar_comparison.Rd,print.eye_functional_scalar_comparison,print.eye_functional_scalar_comparison,print eye functional scalar comparison
man/print.eye_gated_process_model.Rd,print.eye_gated_process_model,print.eye_gated_process_model,Print a gated process model object
man/print.eye_gaze_diffusion_data.Rd,print.eye_gaze_diffusion_data,print.eye_gaze_diffusion_data,print eye gaze diffusion data
man/print.eye_gaze_diffusion_irt.Rd,print.eye_gaze_diffusion_irt,print.eye_gaze_diffusion_irt,print eye gaze diffusion irt
man/print.eye_gaze_diffusion_spec.Rd,print.eye_gaze_diffusion_spec,print.eye_gaze_diffusion_spec,print eye gaze diffusion spec
man/print.eye_irt_evidence_grade.Rd,print.eye_irt_evidence_grade,print.eye_irt_evidence_grade,Print eye irt evidence grade
man/print.eye_irt_model_spec.Rd,print.eye_irt_model_spec,print.eye_irt_model_spec,Print a multimodal IRT model specification
man/print.eye_irt_validation_spec.Rd,print.eye_irt_validation_spec,print.eye_irt_validation_spec,Print eye irt validation spec
man/print.eye_model_contract_validation.Rd,print.eye_model_contract_validation,print.eye_model_contract_validation,print eye model contract validation
man/print.eye_model_promotion_audit.Rd,print.eye_model_promotion_audit,print.eye_model_promotion_audit,print eye model promotion audit
man/print.eye_multinomial_transition.Rd,print.eye_multinomial_transition,print.eye_multinomial_transition,print eye multinomial transition
man/print.eye_partition_spec.Rd,print.eye_partition_spec,print.eye_partition_spec,print eye partition spec
man/print.eye_partitioned_storage.Rd,print.eye_partitioned_storage,print.eye_partitioned_storage,print eye partitioned storage
man/print.eye_process_drift_spec.Rd,print.eye_process_drift_spec,print.eye_process_drift_spec,Print a process drift spec object
man/print.eye_process_negative_control.Rd,print.eye_process_negative_control,print.eye_process_negative_control,Print eye process negative control
man/print.eye_process_preflight_spec.Rd,print.eye_process_preflight_spec,print.eye_process_preflight_spec,Print a process preflight spec object
man/print.eye_process_window_spec.Rd,print.eye_process_window_spec,print.eye_process_window_spec,Print a process window spec object
man/print.eye_redaction_result.Rd,print.eye_redaction_result,print.eye_redaction_result,print eye redaction result
man/print.eye_roundtrip_loss_audit.Rd,print.eye_roundtrip_loss_audit,print.eye_roundtrip_loss_audit,print eye roundtrip loss audit
man/print.eye_strategy_data.Rd,print.eye_strategy_data,print.eye_strategy_data,print eye strategy data
man/print.eye_strategy_manipulation_validation.Rd,print.eye_strategy_manipulation_validation,print.eye_strategy_manipulation_validation,print eye strategy manipulation validation
man/print.eye_theory_strategy_irt.Rd,print.eye_theory_strategy_irt,print.eye_theory_strategy_irt,print eye theory strategy irt
man/print.eye_theory_strategy_spec.Rd,print.eye_theory_strategy_spec,print.eye_theory_strategy_spec,print eye theory strategy spec
man/print.eye_transition_design.Rd,print.eye_transition_design,print.eye_transition_design,print eye transition design
man/print.eye_transition_diagnostics.Rd,print.eye_transition_diagnostics,print.eye_transition_diagnostics,print eye transition diagnostics
man/print.eye_validation_bundle.Rd,print.eye_validation_bundle,print.eye_validation_bundle,Print a validation bundle object
man/print.eye_validation_case_fingerprint.Rd,print.eye_validation_case_fingerprint,print.eye_validation_case_fingerprint,print eye validation case fingerprint
man/print.eye_validation_collection.Rd,print.eye_validation_collection,print.eye_validation_collection,print eye validation collection
man/print.eye_validation_completion_audit.Rd,print.eye_validation_completion_audit,print.eye_validation_completion_audit,print eye validation completion audit
man/print.eye_validation_job_plan.Rd,print.eye_validation_job_plan,print.eye_validation_job_plan,print eye validation job plan
man/print.eye_validation_run.Rd,print.eye_validation_run,print.eye_validation_run,print eye validation run
man/print.eye_vendor_case.Rd,print.eye_vendor_case,print.eye_vendor_case,print eye vendor case
man/print.eye_vendor_compatibility_matrix.Rd,print.eye_vendor_compatibility_matrix,print.eye_vendor_compatibility_matrix,print eye vendor compatibility matrix
man/print.eye_vendor_schema_contract.Rd,print.eye_vendor_schema_contract,print.eye_vendor_schema_contract,Print eye vendor schema contract
man/print.eye_vendor_semantic_comparison.Rd,print.eye_vendor_semantic_comparison,print.eye_vendor_semantic_comparison,print eye vendor semantic comparison
man/print.eye_visual_context_registry.Rd,print.eye_visual_context_registry,print.eye_visual_context_registry,Print a visual context registry object
man/probabilistic_aoi_assignment.Rd,probabilistic_aoi_assignment,probabilistic_aoi_assignment,Probabilistic AOI assignment under empirical calibration uncertainty
man/process_anomaly_distance.Rd,process_anomaly_distance,process_anomaly_distance,Extract multivariate process anomaly distances
man/process_bland_altman.Rd,process_bland_altman,process_bland_altman,Bland-Altman repeatability summary for two sessions
man/process_channel_ablation.Rd,process_channel_ablation,process_channel_ablation,Ablate process channels under a common out-of-sample evaluator
man/process_criterion_associations.Rd,process_criterion_associations,process_criterion_associations,Extract process-criterion associations
man/process_dependent_discrimination_audit.Rd,process_dependent_discrimination_audit,process_dependent_discrimination_audit,Audit process-dependent item discrimination
man/process_dif_nuisance_surrogate.Rd,process_dif_nuisance_surrogate,process_dif_nuisance_surrogate,Construct a process-data nuisance surrogate for DIF analysis
man/process_drift_alerts.Rd,process_drift_alerts,process_drift_alerts,Extract drift alerts
man/process_drift_spec.Rd,process_drift_spec,process_drift_spec,Specify a process-deployment drift audit
man/process_feature_blocks.Rd,process_feature_blocks,process_feature_blocks,Define conceptual process-feature blocks
man/process_feature_family_registry.Rd,process_feature_family_registry,process_feature_family_registry,Registry of process-feature families and interpretation guardrails
man/process_feature_stability.Rd,process_feature_stability,process_feature_stability,Summarize process-feature stability across repeated analyses
man/process_feature_time_provenance.Rd,process_feature_time_provenance,process_feature_time_provenance,Declare temporal provenance for process features
man/process_icc.Rd,process_icc,process_icc,"Absolute-agreement ICC(A,1) for repeated process measures"
man/process_information.Rd,process_information,process_information,Quantify incremental process information
man/process_item_information.Rd,process_item_information,process_item_information,2PL response item information
man/process_measure_card.Rd,process_measure_card,process_measure_card,Return a one-measure process card
man/process_measure_coverage.Rd,process_measure_coverage,process_measure_coverage,Process-measure coverage for an observed dataset
man/process_measure_guardrails.Rd,process_measure_guardrails,process_measure_guardrails,Process-measure guardrail table
man/process_measure_lineage.Rd,process_measure_lineage,process_measure_lineage,Process-measure lineage table
man/process_measure_registry.Rd,process_measure_registry,process_measure_registry,Unified process-measure registry
man/process_measure_units.Rd,process_measure_units,process_measure_units,List units used by registered process measures
man/process_negative_control_permute.Rd,process_negative_control_permute,process_negative_control_permute,Permutation negative control
man/process_negative_control_shift.Rd,process_negative_control_shift,process_negative_control_shift,Temporal-shift negative control
man/process_ngram_features.Rd,process_ngram_features,process_ngram_features,N-gram features from process sequences
man/process_null_benchmark.Rd,process_null_benchmark,process_null_benchmark,Compare an observed effect against a negative-control null distribution
man/process_person_fit.Rd,process_person_fit,process_person_fit,Joint response-process person-fit diagnostic
man/process_preflight_spec.Rd,process_preflight_spec,process_preflight_spec,Specify a biometric process pre-flight gate
man/process_profile_probabilities.Rd,process_profile_probabilities,process_profile_probabilities,Extract process-profile probabilities
man/process_profile_summary.Rd,process_profile_summary,process_profile_summary,Summarize process profiles
man/process_reliability_profile.Rd,process_reliability_profile,process_reliability_profile,Test-retest process reliability profile
man/process_residual_map.Rd,process_residual_map,process_residual_map,Return person/item latent-space coordinates
man/process_sensitivity_grid.Rd,process_sensitivity_grid,process_sensitivity_grid,Construct an explicit process-analysis sensitivity grid
man/process_sequence_embedding.Rd,process_sequence_embedding,process_sequence_embedding,Low-dimensional embedding of response-process sequences
man/process_state_occupancy.Rd,process_state_occupancy,process_state_occupancy,Summarize HMM state occupancy
man/process_state_transition_summary.Rd,process_state_transition_summary,process_state_transition_summary,Summarize HMM process-state transitions
man/process_temporal_stability.Rd,process_temporal_stability,process_temporal_stability,Pairwise temporal stability across sessions
man/process_validation_design.Rd,process_validation_design,process_validation_design,Define an empirical process-validation design
man/process_window_spec.Rd,process_window_spec,process_window_spec,Specify temporal process windows
man/promote_irt_model.Rd,promote_irt_model,promote_irt_model,Promote an IRT model after evidence gates are met
man/promote_vendor_support.Rd,promote_vendor_support,promote_vendor_support,Promote a case support level only when evidence is supplied
man/propagate_calibration_uncertainty.Rd,propagate_calibration_uncertainty,propagate_calibration_uncertainty,Propagate empirical calibration uncertainty around gaze samples
man/provenance_edge_table.Rd,provenance_edge_table,provenance_edge_table,Build a provenance edge table
man/provenance_lineage_table.Rd,provenance_lineage_table,provenance_lineage_table,Build a provenance lineage node table
man/prune_validation_checkpoints.Rd,prune_validation_checkpoints,prune_validation_checkpoints,Remove obsolete or corrupt validation checkpoints
man/public_validation_corpus.Rd,public_validation_corpus,public_validation_corpus,Public validation-corpus registry
man/pupil_activity_index.Rd,pupil_activity_index,pupil_activity_index,Compute a transparent pupil activity index
man/pupil_band_power.Rd,pupil_band_power,pupil_band_power,Compute pupil signal power in a frequency band
man/pupil_baseline_sensitivity.Rd,pupil_baseline_sensitivity,pupil_baseline_sensitivity,Evaluate pupil baseline-window sensitivity
man/pupil_confound_effects.Rd,pupil_confound_effects,pupil_confound_effects,Extract pupil confound-model effects
man/pupil_event_effects.Rd,pupil_event_effects,pupil_event_effects,Extract event effects from pupil deconvolution
man/pupil_event_regressor.Rd,pupil_event_regressor,pupil_event_regressor,Build an event-locked pupil regressor
man/pupil_frequency_features.Rd,pupil_frequency_features,pupil_frequency_features,Extract pupil frequency-domain and activity features by group
man/pupil_preprocessing_grid.Rd,pupil_preprocessing_grid,pupil_preprocessing_grid,Create a preprocessing sensitivity grid for pupil analysis
man/pupil_preprocessing_sensitivity.Rd,pupil_preprocessing_sensitivity,pupil_preprocessing_sensitivity,Run functional pupil preprocessing sensitivity analysis
man/pupil_response_kernel.Rd,pupil_response_kernel,pupil_response_kernel,Canonical gamma-shaped pupil response kernel
man/pupil_unit_fidelity_audit.Rd,pupil_unit_fidelity_audit,pupil_unit_fidelity_audit,Pupil-unit semantic-fidelity audit
man/pupil_velocity_activity.Rd,pupil_velocity_activity,pupil_velocity_activity,Derivative-based pupil activity magnitude
man/quantify_process_leakage.Rd,quantify_process_leakage,quantify_process_leakage,Quantify leakage from row-wise rather than grouped validation
man/query_eye_storage.Rd,query_eye_storage,query_eye_storage,Query partitioned eye storage lazily where possible
man/raven_reproduction_spec.Rd,raven_reproduction_spec,raven_reproduction_spec,Specify a published Raven strategy-model reproduction
man/read_api_lifecycle_registry.Rd,read_api_lifecycle_registry,read_api_lifecycle_registry,Read API lifecycle registry from CSV
man/read_benchmark_table.Rd,read_benchmark_table,read_benchmark_table,Read a benchmark table
man/read_decision_manifest.Rd,read_decision_manifest,read_decision_manifest,Read a decision manifest written by eyeprocess
man/read_eyeprocess_validation_evidence.Rd,read_eyeprocess_validation_evidence,read_eyeprocess_validation_evidence,Read and verify a frozen evidence bundle
man/read_reproducibility_fingerprint.Rd,read_reproducibility_fingerprint,read_reproducibility_fingerprint,Read a reproducibility fingerprint
man/read_validation_job_manifest.Rd,read_validation_job_manifest,read_validation_job_manifest,Read a validation manifest
man/read_validation_scenario_manifest.Rd,read_validation_scenario_manifest,read_validation_scenario_manifest,Read a validation scenario manifest
man/read_vendor_registry.Rd,read_vendor_registry,read_vendor_registry,Read the multi-vendor case registry
man/recalibrate_after_changepoint.Rd,recalibrate_after_changepoint,recalibrate_after_changepoint,"Iteratively detect, clean, and recalibrate after process change points"
man/recommended_validation_replications.Rd,recommended_validation_replications,recommended_validation_replications,Approximate simulation replications needed for a target Monte Carlo error
man/redact_validation_case.Rd,redact_validation_case,redact_validation_case,Redact a validation case without inventing replacement data
man/register_eye_api_status.Rd,register_eye_api_status,register_eye_api_status,Add or update API lifecycle metadata without global mutation
man/register_irt_model.Rd,register_irt_model,register_irt_model,Register a multimodal IRT model
man/register_process_measure.Rd,register_process_measure,register_process_measure,Add a process measure to a registry without global mutation
man/register_validation_case.Rd,register_validation_case,register_validation_case,Register an independent validation case
man/register_vendor_semantics.Rd,register_vendor_semantics,register_vendor_semantics,Register vendor-field semantics
man/reporting_guideline_audit.Rd,reporting_guideline_audit,reporting_guideline_audit,Audit reporting-guideline coverage
man/resume_eye_pipeline.Rd,resume_eye_pipeline,resume_eye_pipeline,Resume a governed pipeline from a prior run
man/resume_validation_jobs.Rd,resume_validation_jobs,resume_validation_jobs,Resume incomplete or failed validation jobs
man/roundtrip_eye_bids.Rd,roundtrip_eye_bids,roundtrip_eye_bids,Execute and audit an Eye-Tracking-BIDS round trip
man/run_benchmark_reproduction.Rd,run_benchmark_reproduction,run_benchmark_reproduction,Derive reproducible benchmark summaries
man/run_eye_benchmark.Rd,run_eye_benchmark,run_eye_benchmark,Run a computational scaling benchmark
man/run_eye_pipeline.Rd,run_eye_pipeline,run_eye_pipeline,Run a governed eyeprocess pipeline
man/run_eyeprocess_equateirt.Rd,run_eyeprocess_equateirt,run_eyeprocess_equateirt,Run a named equateIRT linking/equating function without fallback substitution
man/run_eyeprocess_irt_ability_sbc.Rd,run_eyeprocess_irt_ability_sbc,run_eyeprocess_irt_ability_sbc,Run simulation-based calibration for known-item IRT ability scoring
man/run_eyeprocess_irt_recovery.Rd,run_eyeprocess_irt_recovery,run_eyeprocess_irt_recovery,Run IRT parameter recovery with the exact mirt engine
man/run_eyeprocess_mirtcat.Rd,run_eyeprocess_mirtcat,run_eyeprocess_mirtcat,Run a mirtCAT adaptive-testing workflow without fallback substitution
man/run_eyeprocess_stress_evidence.Rd,run_eyeprocess_stress_evidence,run_eyeprocess_stress_evidence,Execute a declared measurement-stress evidence plan
man/run_eyeprocess_validation_program.Rd,run_eyeprocess_validation_program,run_eyeprocess_validation_program,Run the complete validation-release programme
man/run_gazepoint_workflow.Rd,run_gazepoint_workflow,run_gazepoint_workflow,Run the complete Gazepoint downstream workflow
man/run_model_validation.Rd,run_model_validation,run_model_validation,"Run parameter-recovery, coverage, and misspecification validation"
man/run_posterior_sbc.Rd,run_posterior_sbc,run_posterior_sbc,Run posterior simulation-based calibration from an explicit contract
man/run_process_negative_controls.Rd,run_process_negative_controls,run_process_negative_controls,Run repeated process negative controls
man/run_process_sensitivity.Rd,run_process_sensitivity,run_process_sensitivity,Run an explicit process-analysis multiverse
man/run_process_validation.Rd,run_process_validation,run_process_validation,Run an empirical process-validation programme
man/run_raven_reproduction.Rd,run_raven_reproduction,run_raven_reproduction,Execute a licensed published-model reproduction
man/run_sbc.Rd,run_sbc,run_sbc,Run generic simulation-based calibration
man/run_validation_jobs.Rd,run_validation_jobs,run_validation_jobs,Run validation jobs with checkpointing and deterministic seeds
man/sbc_ecdf_deviation.Rd,sbc_ecdf_deviation,sbc_ecdf_deviation,ECDF deviation summary for SBC ranks
man/sbc_rank_diagnostics.Rd,sbc_rank_diagnostics,sbc_rank_diagnostics,Build SBC rank diagnostics
man/sbc_summary.Rd,sbc_summary,sbc_summary,Summarize simulation-based calibration
man/score_partial_response_pattern.Rd,score_partial_response_pattern,score_partial_response_pattern,Score a partial response pattern from a calibrated mirt model
man/score_response_stream.Rd,score_response_stream,score_response_stream,Score a response stream cumulatively
man/select_next_item_process.Rd,select_next_item_process,select_next_item_process,Select the next item using response/process utility
man/semantic_fidelity_spec.Rd,semantic_fidelity_spec,semantic_fidelity_spec,Semantic fidelity specification
man/semantic_loss_map.Rd,semantic_loss_map,semantic_loss_map,Convert a semantic round-trip audit into a loss map
man/semantic_roundtrip_audit.Rd,semantic_roundtrip_audit,semantic_roundtrip_audit,Audit a complete semantic round trip
man/sensitivity_branch_fingerprint.Rd,sensitivity_branch_fingerprint,sensitivity_branch_fingerprint,Stable fingerprint of a sensitivity branch
man/sensitivity_decision_leverage.Rd,sensitivity_decision_leverage,sensitivity_decision_leverage,Decision leverage of each analytical choice
man/sensitivity_fragility_index.Rd,sensitivity_fragility_index,sensitivity_fragility_index,Fragility index across analysis specifications
man/sensitivity_multiverse_manifest.Rd,sensitivity_multiverse_manifest,sensitivity_multiverse_manifest,Machine-readable multiverse manifest
man/sensitivity_rank_stability.Rd,sensitivity_rank_stability,sensitivity_rank_stability,Rank stability across specifications
man/sensitivity_sign_stability.Rd,sensitivity_sign_stability,sensitivity_sign_stability,Effect-sign stability across specifications
man/sensitivity_significance_stability.Rd,sensitivity_significance_stability,sensitivity_significance_stability,Significance-decision stability across specifications
man/sensitivity_threshold_stability.Rd,sensitivity_threshold_stability,sensitivity_threshold_stability,Substantive-threshold stability across specifications
man/sequence_interoperability.Rd,sequence_interoperability,sequence_interoperability|as_procdata_sequence|as_traminer_sequence|as_seqhmm_data,Convert scanpaths to process/sequence package contracts
man/session_facet_effects.Rd,session_facet_effects,session_facet_effects,Extract session facet effects
man/simulate_advanced_process_data.Rd,simulate_advanced_process_data,simulate_advanced_process_data,Simulate advanced response-process data
man/simulate_dynamic_irtree_data.Rd,simulate_dynamic_irtree_data,simulate_dynamic_irtree_data,Simulate observed dynamic-state transitions
man/simulate_eyeprocess_catr.Rd,simulate_eyeprocess_catr,simulate_eyeprocess_catr,Run a catR adaptive-testing simulation without fallback substitution
man/simulate_eyeprocess_irt_binary.Rd,simulate_eyeprocess_irt_binary,simulate_eyeprocess_irt_binary,Simulate dichotomous IRT responses with optional local dependence and missingness
man/simulate_from_model.Rd,simulate_from_model,simulate_from_model,Simulate data from a model or registered model specification
man/simulate_gaze_diffusion_data.Rd,simulate_gaze_diffusion_data,simulate_gaze_diffusion_data,Simulate a hierarchical gaze-diffusion study
man/simulate_irt_model.Rd,simulate_irt_model,simulate_irt_model,Simulate from a registered multimodal IRT model
man/simulate_multimodal_irt.Rd,simulate_multimodal_irt,simulate_multimodal_irt,Simulate multimodal IRT process data
man/simulate_multimodal_m2.Rd,simulate_multimodal_m2,simulate_multimodal_m2,Simulate from the M2 response + RT + gaze generative model
man/simulate_multimodal_m3.Rd,simulate_multimodal_m3,simulate_multimodal_m3,Simulate the M3 response + RT + gaze + pupil generative model
man/simulate_multimodal_m4.Rd,simulate_multimodal_m4,simulate_multimodal_m4,Simulate M4 multimodal sequential measurement data
man/simulate_presentation_variants.Rd,simulate_presentation_variants,simulate_presentation_variants,Simulate pre-registered presentation variants for review
man/simulate_process_cat.Rd,simulate_process_cat,simulate_process_cat,Simulate a simple process-aware CAT policy
man/simulate_process_validation_data.Rd,simulate_process_validation_data,simulate_process_validation_data,Simulate a generic multimodal validation dataset with known truth
man/simulate_strategy_mixture_data.Rd,simulate_strategy_mixture_data,simulate_strategy_mixture_data,Simulate a theory-defined strategy-mixture study
man/simulation_based_calibration.Rd,simulation_based_calibration,simulation_based_calibration,Run simulation-based calibration
man/simulation_rank_statistic.Rd,simulation_rank_statistic,simulation_rank_statistic,Compute a simulation-based calibration rank statistic
man/software_paper_claim_matrix.Rd,software_paper_claim_matrix,software_paper_claim_matrix,Create or normalize a software-paper claim matrix
man/software_paper_coverage.Rd,software_paper_coverage,software_paper_coverage,Compute descriptive evidence coverage
man/software_paper_evidence_bundle.Rd,software_paper_evidence_bundle,software_paper_evidence_bundle,Construct a software-paper evidence bundle
man/software_paper_gap_analysis.Rd,software_paper_gap_analysis,software_paper_gap_analysis,Identify gaps in a software-paper evidence bundle
man/software_paper_readiness.Rd,software_paper_readiness,software_paper_readiness,Descriptive software-paper readiness audit
man/software_paper_validation_table.Rd,software_paper_validation_table,software_paper_validation_table,Summarise validation evidence for a software paper
man/specification_coverage.Rd,specification_coverage,specification_coverage,Fraction of planned specifications successfully evaluated
man/specification_curve_data.Rd,specification_curve_data,specification_curve_data,Prepare ordered specification-curve data
man/split_half_process_reliability.Rd,split_half_process_reliability,split_half_process_reliability,Split-half reliability for a trial-level process measure
man/split_validation_plan.Rd,split_validation_plan,split_validation_plan,Split a validation plan into independent chunks
man/storage_transaction_manifest.Rd,storage_transaction_manifest,storage_transaction_manifest,Return the transaction manifest
man/strategy_aoi_sensitivity.Rd,strategy_aoi_sensitivity,strategy_aoi_sensitivity,Assess sensitivity to alternative AOI feature definitions
man/strategy_classification_uncertainty.Rd,strategy_classification_uncertainty,strategy_classification_uncertainty,Quantify strategy-classification uncertainty
man/strategy_label_switching_diagnostics.Rd,strategy_label_switching_diagnostics,strategy_label_switching_diagnostics,Diagnose label stability across multiple starts
man/strategy_posterior_probabilities.Rd,strategy_posterior_probabilities,strategy_posterior_probabilities,Posterior strategy probabilities
man/streaming_score_history.Rd,streaming_score_history,streaming_score_history,Extract streaming score history
man/stress_test_latent_distribution.Rd,stress_test_latent_distribution,stress_test_latent_distribution,Stress test latent distribution
man/stress_test_local_dependence.Rd,stress_test_local_dependence,stress_test_local_dependence,Stress test local dependence
man/stress_test_missingness.Rd,stress_test_missingness,stress_test_missingness,Stress test missingness
man/stress_test_misspecification.Rd,stress_test_misspecification,stress_test_misspecification,Run a generic misspecification stress-test grid
man/stress_test_preprocessing.Rd,stress_test_preprocessing,stress_test_preprocessing,Stress test preprocessing
man/stress_test_process_pipeline.Rd,stress_test_process_pipeline,stress_test_process_pipeline,Stress-test an analysis under explicit synthetic corruptions
man/stress_test_speededness.Rd,stress_test_speededness,stress_test_speededness,Stress test speededness
man/stress_test_summary.Rd,stress_test_summary,stress_test_summary,Summarise stress-test metrics
man/stress_tolerance_frontier.Rd,stress_tolerance_frontier,stress_tolerance_frontier,Identify the empirical stress frontier for a metric
man/structural_transition_mask.Rd,structural_transition_mask,structural_transition_mask,Define structural-zero and allowed transition masks
man/summarise_eye_benchmark.Rd,summarise_eye_benchmark,summarise_eye_benchmark,Summarise benchmark timing and memory by problem size
man/summarise_eyeprocess_stress_evidence.Rd,summarise_eyeprocess_stress_evidence,summarise_eyeprocess_stress_evidence,Summarise executed measurement-stress evidence
man/summarise_process_negative_controls.Rd,summarise_process_negative_controls,summarise_process_negative_controls,Summarise process negative controls
man/summarise_process_sensitivity.Rd,summarise_process_sensitivity,summarise_process_sensitivity,Summarise process sensitivity results
man/summarise_process_validation.Rd,summarise_process_validation,summarise_process_validation,Summarise a process-validation result
man/summarise_validation_acceptance.Rd,summarise_validation_acceptance,summarise_validation_acceptance,Summarise an acceptance matrix
man/summarize_parameter_recovery.Rd,summarize_parameter_recovery,summarize_parameter_recovery,Summarise parameter recovery
man/summarize_process_windows.Rd,summarize_process_windows,summarize_process_windows,Summarize extracted process windows
man/summary.eye_validation_bundle.Rd,summary.eye_validation_bundle,summary.eye_validation_bundle,Summarize a validation bundle object
man/summary.eye_validation_job_plan.Rd,summary.eye_validation_job_plan,summary.eye_validation_job_plan,summary eye validation job plan
man/synthetic_corruption_plan.Rd,synthetic_corruption_plan,synthetic_corruption_plan,Define synthetic measurement corruptions for stress testing
man/theory_strategy_spec.Rd,theory_strategy_spec,theory_strategy_spec,Define a theory-constrained strategy-mixture model
man/timestamp_fidelity_audit.Rd,timestamp_fidelity_audit,timestamp_fidelity_audit,Timestamp semantic-fidelity audit
man/transition_residual_diagnostics.Rd,transition_residual_diagnostics,transition_residual_diagnostics,Compute transition residual diagnostics
man/update_person_score.Rd,update_person_score,update_person_score,Update a partial person score with one new response
man/upgrade_eye_dataset.Rd,upgrade_eye_dataset,upgrade_eye_dataset,Upgrade a legacy eye dataset
man/upgrade_eyeprocess_model.Rd,upgrade_eyeprocess_model,upgrade_eyeprocess_model,Upgrade a legacy eyeprocess model
man/validate_against_reference.Rd,validate_against_reference,validate_against_reference,Compare a validation result with a frozen reference
man/validate_benchmark_study.Rd,validate_benchmark_study,validate_benchmark_study,Validate benchmark integrity and relational constraints
man/validate_bids_eye_semantics.Rd,validate_bids_eye_semantics,validate_bids_eye_semantics,Validate BIDS eye-tracking semantics
man/validate_decision_manifest.Rd,validate_decision_manifest,validate_decision_manifest,Validate a research decision manifest
man/validate_engine_adapter.Rd,validate_engine_adapter,validate_engine_adapter,Validate an external-engine adapter contract
man/validate_eye_pipeline.Rd,validate_eye_pipeline,validate_eye_pipeline,Validate a governed eyeprocess pipeline
man/validate_eye_prov_graph.Rd,validate_eye_prov_graph,validate_eye_prov_graph,Validate a provenance graph
man/validate_eye_storage_metadata.Rd,validate_eye_storage_metadata,validate_eye_storage_metadata,Validate storage metadata and partition fingerprints
man/validate_eyeprocess_external_irt_fit.Rd,validate_eyeprocess_external_irt_fit,validate_eyeprocess_external_irt_fit,Validate that an external IRT fit used the requested engine
man/validate_eyeprocess_irt_item_bank.Rd,validate_eyeprocess_irt_item_bank,validate_eyeprocess_irt_item_bank,Validate an adaptive IRT item bank
man/validate_eyeprocess_irt_model_spec.Rd,validate_eyeprocess_irt_model_spec,validate_eyeprocess_irt_model_spec,Validate an eyeprocess IRT model specification
man/validate_eyeprocess_joint_process_irt_spec.Rd,validate_eyeprocess_joint_process_irt_spec,validate_eyeprocess_joint_process_irt_spec,Validate a joint process IRT specification
man/validate_eyeprocess_validation_plan.Rd,validate_eyeprocess_validation_plan,validate_eyeprocess_validation_plan,Validate a validation-evidence plan
man/validate_feature_availability.Rd,validate_feature_availability,validate_feature_availability,Validate feature availability against an analysis cutoff
man/validate_gazepoint_workflow.Rd,validate_gazepoint_workflow,validate_gazepoint_workflow,Validate an integrated Gazepoint workflow result
man/validate_hed_event_semantics.Rd,validate_hed_event_semantics,validate_hed_event_semantics,Minimal HED annotation audit for event tables
man/validate_irt_model.Rd,validate_irt_model,validate_irt_model,Validate a registered multimodal IRT model
man/validate_latent_space_process_similarity.Rd,validate_latent_space_process_similarity,validate_latent_space_process_similarity,Validate latent-space proximity against process similarity
man/validate_model_object.Rd,validate_model_object,validate_model_object,Validate a fitted model against the stable model contract
man/validate_multimodal_irt.Rd,validate_multimodal_irt,validate_multimodal_irt,Validate a multimodal IRT development object
man/validate_multimodal_m2.Rd,validate_multimodal_m2,validate_multimodal_m2,Validate an M2 fit or simulation
man/validate_multimodal_m3.Rd,validate_multimodal_m3,validate_multimodal_m3,Validate an M3 simulation or fitted four-channel model
man/validate_multimodal_m4.Rd,validate_multimodal_m4,validate_multimodal_m4,"Validate M4 data, computation, state behavior, and evidence"
man/validate_process_measure_registry.Rd,validate_process_measure_registry,validate_process_measure_registry,Validate a process-measure registry
man/validate_process_validation_design.Rd,validate_process_validation_design,validate_process_validation_design,Validate a process-validation design
man/validate_process_windows.Rd,validate_process_windows,validate_process_windows,Validate a process-window representation
man/validate_strategy_manipulation.Rd,validate_strategy_manipulation,validate_strategy_manipulation,Validate strategy posteriors against an experimental manipulation
man/validate_vendor_semantics.Rd,validate_vendor_semantics,validate_vendor_semantics,Validate imported data against a vendor semantic contract
man/validate_vendor_timestamp_semantics.Rd,validate_vendor_timestamp_semantics,validate_vendor_timestamp_semantics,Validate vendor-specific timestamp semantics
man/validation_acceptance_matrix.Rd,validation_acceptance_matrix,validation_acceptance_matrix,Evaluate a table against named validation rules
man/validation_acceptance_rule.Rd,validation_acceptance_rule,validation_acceptance_rule,Define a validation acceptance rule
man/validation_bundle_manifest.Rd,validation_bundle_manifest,validation_bundle_manifest,Create a machine-readable validation manifest
man/validation_calibration_summary.Rd,validation_calibration_summary,validation_calibration_summary,Summarize prediction calibration
man/validation_condition_id.Rd,validation_condition_id,validation_condition_id,Return stable validation condition identifiers
man/validation_condition_ranking.Rd,validation_condition_ranking,validation_condition_ranking,Rank validation conditions by a transparent robustness score
man/validation_coverage_table.Rd,validation_coverage_table,validation_coverage_table,Interval-coverage table
man/validation_evidence_levels.Rd,validation_evidence_levels,validation_evidence_levels,Detailed validation evidence levels
man/validation_evidence_matrix.Rd,validation_evidence_matrix,validation_evidence_matrix,Create a model-by-evidence validation matrix
man/validation_failure_profile.Rd,validation_failure_profile,validation_failure_profile,Failure profile for a validation programme
man/validation_failure_summary.Rd,validation_failure_summary,validation_failure_summary,Summarize convergence and execution failures
man/validation_failure_taxonomy.Rd,validation_failure_taxonomy,validation_failure_taxonomy,Classify common estimator failures without hiding the original message
man/validation_job_plan.Rd,validation_job_plan,validation_job_plan,Create a deterministic validation job plan
man/validation_mcse.Rd,validation_mcse,validation_mcse,Monte Carlo standard errors for validation metrics
man/validation_mcse_profile.Rd,validation_mcse_profile,validation_mcse_profile,Estimate Monte Carlo uncertainty for validation summaries
man/validation_recovery_summary.Rd,validation_recovery_summary,validation_recovery_summary,Summarize parameter recovery
man/validation_recovery_table.Rd,validation_recovery_table,validation_recovery_table,Parameter-recovery table
man/validation_replication_budget.Rd,validation_replication_budget,validation_replication_budget,Compute a replication budget from a target MCSE
man/validation_report.Rd,validation_report,validation_report,Render a conservative validation report
man/validation_robustness_score.Rd,validation_robustness_score,validation_robustness_score,Overall validation robustness score
man/validation_runtime_summary.Rd,validation_runtime_summary,validation_runtime_summary,Summarize validation runtime and checkpoint scale
man/validation_sbc_summary.Rd,validation_sbc_summary,validation_sbc_summary,Summarize simulation-based calibration ranks
man/validation_scenario_manifest.Rd,validation_scenario_manifest,validation_scenario_manifest,Create a scenario manifest for frozen validation work
man/validation_seed.Rd,validation_seed,validation_seed,Allocate a deterministic validation seed
man/validation_summary_mcse.Rd,validation_summary_mcse,validation_summary_mcse,Monte Carlo standard-error diagnostics for validation summaries
man/validation_thresholds.Rd,validation_thresholds,validation_thresholds,Specify completion and scientific-promotion thresholds
man/vendor_schema_contract.Rd,vendor_schema_contract,vendor_schema_contract,Declare a vendor semantic schema contract
man/vendor_validation_spec.Rd,vendor_validation_spec,vendor_validation_spec,Specify multi-vendor empirical validation requirements
man/verify_decision_manifest_lock.Rd,verify_decision_manifest_lock,verify_decision_manifest_lock,Verify that a locked manifest has not changed
man/verify_eyeprocess_validation_atlas.Rd,verify_eyeprocess_validation_atlas,verify_eyeprocess_validation_atlas,Verify a frozen validation atlas
man/verify_eyeprocess_validation_evidence.Rd,verify_eyeprocess_validation_evidence,verify_eyeprocess_validation_evidence,Verify the integrity hash of a frozen evidence bundle
man/verify_outcome_blind_snapshot.Rd,verify_outcome_blind_snapshot,verify_outcome_blind_snapshot,Verify an outcome-blind snapshot has not changed
man/verify_reproducibility_fingerprint.Rd,verify_reproducibility_fingerprint,verify_reproducibility_fingerprint,Verify an internally stored fingerprint hash
man/verify_reproducibility_manifest.Rd,verify_reproducibility_manifest,verify_reproducibility_manifest,Verify a reproducibility manifest
man/visual_context_registry.Rd,visual_context_registry,visual_context_registry,Build an item-to-visual-context registry
man/write_advanced_model_evidence_report.Rd,write_advanced_model_evidence_report,write_advanced_model_evidence_report,Write an advanced-model evidence report
man/write_api_lifecycle_registry.Rd,write_api_lifecycle_registry,write_api_lifecycle_registry,Write API lifecycle registry to CSV
man/write_benchmark_data_dictionary.Rd,write_benchmark_data_dictionary,write_benchmark_data_dictionary,Write the benchmark data dictionary
man/write_decision_manifest.Rd,write_decision_manifest,write_decision_manifest,Write a decision manifest
man/write_eye_pipeline_report.Rd,write_eye_pipeline_report,write_eye_pipeline_report,Write a conservative pipeline report
man/write_eye_storage.Rd,write_eye_storage,write_eye_storage,Write an eye dataset to RDS or Arrow/Parquet storage
man/write_eye_targets_template.Rd,write_eye_targets_template,write_eye_targets_template,Write an explicit `_targets.R` template from a governed pipeline
man/write_eyeprocess_validation_evidence.Rd,write_eyeprocess_validation_evidence,write_eyeprocess_validation_evidence,Write a frozen evidence bundle
man/write_eyeprocess_validation_report.Rd,write_eyeprocess_validation_report,write_eyeprocess_validation_report,Write a compact Markdown validation report
man/write_gazepoint_workflow_report.Rd,write_gazepoint_workflow_report,write_gazepoint_workflow_report,Write a reproducible Gazepoint workflow report
man/write_model_promotion_report.Rd,write_model_promotion_report,write_model_promotion_report,Write a model-promotion report
man/write_partitioned_eye_storage.Rd,write_partitioned_eye_storage,write_partitioned_eye_storage,Write an eye dataset as atomic partitioned storage
man/write_prov_dot.Rd,write_prov_dot,write_prov_dot,Return Graphviz DOT for a provenance graph
man/write_reporting_guideline_report.Rd,write_reporting_guideline_report,write_reporting_guideline_report,Write a reporting-guideline audit report
man/write_reproducibility_fingerprint.Rd,write_reproducibility_fingerprint,write_reproducibility_fingerprint,Write a reproducibility fingerprint
man/write_software_paper_evidence.Rd,write_software_paper_evidence,write_software_paper_evidence,Write a human-readable software-paper evidence report
man/write_software_paper_reproduction.Rd,write_software_paper_reproduction,write_software_paper_reproduction,Write a complete software-paper reproduction scaffold
man/write_software_paper_scaffold.Rd,write_software_paper_scaffold,write_software_paper_scaffold,Write a methodological software-paper scaffold
man/write_validation_job_manifest.Rd,write_validation_job_manifest,write_validation_job_manifest,Write a machine-readable validation manifest
man/write_validation_release_report.Rd,write_validation_release_report,write_validation_release_report,Write a validation release report
man/write_validation_report.Rd,write_validation_report,write_validation_report,Write a validation report to disk
man/write_validation_scenario_manifest.Rd,write_validation_scenario_manifest,write_validation_scenario_manifest,Write a validation scenario manifest
man/write_vendor_case_report.Rd,write_vendor_case_report,write_vendor_case_report,Write a vendor case evidence report
man/write_vendor_registry.Rd,write_vendor_registry,write_vendor_registry,Write the multi-vendor case registry
man/write_vendor_validation_report.Rd,write_vendor_validation_report,write_vendor_validation_report,Write a multi-vendor validation report
