sample_id,recording_id,participant_id,item_id,trial_id,time,x,y,aoi_id,valid
1,R01,P01,I01,T01_01,0.0,0.42047205590841424,0.2951813792629698,prompt,True
2,R01,P01,I01,T01_01,0.020113437798128513,0.3777277083108838,0.19909951535330947,prompt,True
3,R01,P01,I01,T01_01,0.040226875596257025,0.8242947656606483,0.2908192959739715,prompt,True
4,R01,P01,I01,T01_01,0.06034031339438554,0.43363483758549953,0.32401792058207274,prompt,True
5,R01,P01,I01,T01_01,0.08045375119251405,0.7305874414950823,0.12049414341803291,prompt,True
6,R01,P01,I01,T01_01,0.10056718899064257,0.37590195235910273,0.20087847816380688,prompt,True
7,R01,P01,I01,T01_01,0.12068062678877108,0.18654289044268535,0.3428453589750622,prompt,True
8,R01,P01,I01,T01_01,0.14079406458689958,0.3263200104628021,0.11760671641801818,prompt,True
9,R01,P01,I01,T01_01,0.1609075023850281,0.4820930256676088,0.1037853628863385,prompt,True
10,R01,P01,I01,T01_01,0.18102094018315662,0.6636413548492867,0.16632628267301364,prompt,True
11,R01,P01,I01,T01_01,0.20113437798128514,0.5246477733648638,0.2988033770683626,prompt,False
12,R01,P01,I01,T01_01,0.22124781577941363,0.43318478880991473,0.324445641559287,prompt,True
13,R01,P01,I01,T01_01,0.24136125357754215,0.43366252729882165,0.22293891199349947,prompt,True
14,R01,P01,I01,T01_01,0.26147469137567064,0.6533052433225189,0.3570320827723059,prompt,True
15,R01,P01,I01,T01_01,0.28158812917379916,0.41464404948438416,0.30869236138956946,prompt,True
16,R01,P01,I01,T01_01,0.3017015669719277,0.3126739406070586,0.733892614086884,option_left,True
17,R01,P01,I01,T01_01,0.3218150047700562,0.7534290036187121,0.7875249942423375,option_right,True
18,R01,P01,I01,T01_01,0.3419284425681847,0.30883229305990983,0.6533084438245162,option_left,True
19,R01,P01,I01,T01_01,0.36204188036631324,0.6545327348204129,0.8314379298033201,option_right,True
20,R01,P01,I01,T01_01,0.38215531816444176,0.3340105659426849,0.7907829657261245,option_left,True
21,R01,P01,I01,T01_01,0.4022687559625703,0.1033842502444576,0.7334412709587997,option_left,False
22,R01,P01,I01,T01_01,0.42238219376069874,0.29305327269468073,0.8971864112568426,option_left,True
23,R01,P01,I01,T01_01,0.44249563155882726,0.21882000794612552,0.6331873940999426,option_left,True
24,R01,P01,I01,T01_01,0.4626090693569558,0.2562333343631924,0.7756194154502472,option_left,True
25,R01,P01,I01,T01_01,0.4827225071550843,0.25590928687651965,0.7280783959478553,option_left,True
26,R01,P01,I01,T01_01,0.5028359449532128,0.13784988287507902,0.7527726978139169,option_left,True
27,R01,P01,I01,T01_01,0.5229493827513413,0.13351521038797426,0.8007619431628854,option_left,True
28,R01,P01,I01,T01_01,0.5430628205494699,0.2049065921571026,0.646806441366298,option_left,True
29,R01,P01,I01,T01_01,0.5631762583475983,0.09322929454373916,0.7541253141532492,option_left,True
30,R01,P01,I01,T01_01,0.5832896961457269,0.1922909637245306,0.7378407274548486,option_left,True
31,R01,P01,I01,T01_01,0.6034031339438554,0.24131367774976745,0.7279521694823365,option_left,True
32,R01,P01,I01,T01_01,0.6235165717419839,0.10124914231857668,0.688340663986941,option_left,True
33,R01,P01,I01,T01_01,0.6436300095401124,0.7283348937163087,0.6610187895585447,option_right,True
34,R01,P01,I01,T01_01,0.6637434473382409,0.7027254404108466,0.8573745154777233,option_right,True
35,R01,P01,I01,T01_01,0.6838568851363694,0.3104369430620601,0.7548120051255576,option_left,True
36,R01,P01,I01,T01_01,0.7039703229344979,0.24715820420698306,0.8022503888583175,option_left,True
37,R01,P01,I01,T01_01,0.7240837607326265,0.2176190538539473,0.6406091288129104,option_left,True
38,R01,P01,I01,T01_01,0.7441971985307549,0.1619786506604463,0.6896612473608235,option_left,True
39,R01,P01,I01,T01_01,0.7643106363288835,0.8290852529387791,0.7937126778021107,option_right,True
40,R01,P01,I01,T01_01,0.784424074127012,0.6489852029702841,0.9647198034926431,option_right,True
41,R01,P01,I01,T01_01,0.8045375119251406,0.8123753862547766,0.7675857784178044,option_right,False
42,R01,P01,I01,T01_01,0.824650949723269,0.7351745748280408,0.5772342852745381,option_right,True
43,R01,P01,I01,T01_01,0.8447643875213975,0.9285685051983998,0.8251671461447548,option_right,True
44,R01,P01,I01,T01_01,0.8648778253195261,0.895579613046068,0.659458358625405,option_right,True
45,R01,P01,I01,T01_01,0.8849912631176545,0.8599529822914148,0.7228497578871786,option_right,True
46,R01,P01,I01,T01_01,0.9051047009157831,0.7144687325517045,0.6246742907761429,option_right,False
47,R01,P01,I01,T01_01,0.9252181387139116,0.2165236019191632,0.7514225370885754,option_left,True
48,R01,P01,I01,T01_01,0.9453315765120401,0.27171808453007895,0.8371726476631811,option_left,True
49,R01,P01,I01,T01_01,0.9654450143101686,0.25197966733503663,0.7474818978058102,option_left,True
50,R01,P01,I01,T01_01,0.9855584521082971,0.7349697763707368,0.6882300102637392,option_right,True
51,R01,P01,I02,T01_02,0.0,0.32535458082599433,0.294871130521461,prompt,True
52,R01,P01,I02,T01_02,0.023711215159864022,0.32012253870044727,0.24954612788666763,prompt,True
53,R01,P01,I02,T01_02,0.047422430319728044,0.4672035103124448,0.33558461555527586,prompt,True
54,R01,P01,I02,T01_02,0.07113364547959207,0.42005857488543624,0.23790449987031106,prompt,True
55,R01,P01,I02,T01_02,0.09484486063945609,0.43578278826513345,0.13397420739557508,prompt,True
56,R01,P01,I02,T01_02,0.11855607579932011,0.7061473535353245,0.1644597214213726,prompt,True
57,R01,P01,I02,T01_02,0.14226729095918414,0.617607506620506,0.35396963259503533,prompt,True
58,R01,P01,I02,T01_02,0.16597850611904816,0.5820790756636948,0.36716973204029546,prompt,True
59,R01,P01,I02,T01_02,0.18968972127891218,0.7506252091129728,0.3038253988674608,prompt,True
60,R01,P01,I02,T01_02,0.2134009364387762,0.7388864495799933,0.2795426695812111,prompt,True
61,R01,P01,I02,T01_02,0.23711215159864021,0.5693660036031525,0.2623869283837214,prompt,True
62,R01,P01,I02,T01_02,0.26082336675850426,0.5069468042137086,0.38017724346945475,prompt,True
63,R01,P01,I02,T01_02,0.2845345819183683,0.45607130644340593,0.17725120155742816,prompt,True
64,R01,P01,I02,T01_02,0.3082457970782323,0.5154456546526194,0.3232046891456036,prompt,True
65,R01,P01,I02,T01_02,0.3319570122380963,0.4078717917761944,0.33391281424184194,prompt,True
66,R01,P01,I02,T01_02,0.35566822739796033,0.682648466881165,0.7912140714306213,option_right,True
67,R01,P01,I02,T01_02,0.37937944255782435,0.752241909211246,0.6807694005630989,option_right,True
68,R01,P01,I02,T01_02,0.40309065771768837,0.7569355998152177,0.8955682297868552,option_right,True
69,R01,P01,I02,T01_02,0.4268018728775524,0.73168684285238,0.6942012263458889,option_right,True
70,R01,P01,I02,T01_02,0.4505130880374164,0.7673735448772475,0.8920686647051239,option_right,True
71,R01,P01,I02,T01_02,0.47422430319728043,0.8965339473804159,0.8184369511069709,option_right,True
72,R01,P01,I02,T01_02,0.49793551835714445,0.7794519951766714,0.7807141330534827,option_right,True
73,R01,P01,I02,T01_02,0.5216467335170085,0.7014342561175112,0.6555026421040416,option_right,False
74,R01,P01,I02,T01_02,0.5453579486768725,0.754773957382831,0.7417084346181139,option_right,True
75,R01,P01,I02,T01_02,0.5690691638367366,0.7712797222315175,0.7597859152357257,option_right,True
76,R01,P01,I02,T01_02,0.5927803789966005,0.8784499956315269,0.7946383644566561,option_right,True
77,R01,P01,I02,T01_02,0.6164915941564646,0.7196797211727911,0.7284542416637845,option_right,True
78,R01,P01,I02,T01_02,0.6402028093163286,0.6366427426271722,0.6850435237189709,option_right,True
79,R01,P01,I02,T01_02,0.6639140244761926,0.824800762898291,0.7178701456913392,option_right,True
80,R01,P01,I02,T01_02,0.6876252396360566,0.7136601401032746,0.6181919827524959,option_right,True
81,R01,P01,I02,T01_02,0.7113364547959207,0.7581620454681334,0.8367924228941095,option_right,True
82,R01,P01,I02,T01_02,0.7350476699557846,0.593905583592115,0.6292858255834012,option_right,True
83,R01,P01,I02,T01_02,0.7587588851156487,0.7606790114234433,0.7090809280387131,option_right,True
84,R01,P01,I02,T01_02,0.7824701002755128,0.7495155279082522,0.7794668189669042,option_right,True
85,R01,P01,I02,T01_02,0.8061813154353767,0.7654779036334312,0.7733349206225064,option_right,True
86,R01,P01,I02,T01_02,0.8298925305952408,0.7144855581094055,0.7543954504526006,option_right,False
87,R01,P01,I02,T01_02,0.8536037457551048,0.6547848427111193,0.8493855607217508,option_right,True
88,R01,P01,I02,T01_02,0.8773149609149689,0.6852091276930731,0.8977291321859289,option_right,True
89,R01,P01,I02,T01_02,0.9010261760748328,0.7566920594360703,0.8379336636712461,option_right,True
90,R01,P01,I02,T01_02,0.9247373912346969,0.7182335873165876,0.8002726470594439,option_right,True
91,R01,P01,I02,T01_02,0.9484486063945609,0.701838823267974,0.7286850022052941,option_right,True
92,R01,P01,I02,T01_02,0.9721598215544249,0.7150835412544417,0.8932415169408692,option_right,True
93,R01,P01,I02,T01_02,0.9958710367142889,0.8345020375204547,0.639058091803334,option_right,True
94,R01,P01,I02,T01_02,1.0195822518741529,0.8632849311107378,0.6010801591606059,option_right,True
95,R01,P01,I02,T01_02,1.043293467034017,0.7210967602122469,0.8527400089640026,option_right,True
96,R01,P01,I02,T01_02,1.067004682193881,0.8336092255625432,0.7609835515103414,option_right,True
97,R01,P01,I02,T01_02,1.090715897353745,0.8160689656205246,0.6932753245661397,option_right,True
98,R01,P01,I02,T01_02,1.114427112513609,0.8000819315368237,0.7104985460446033,option_right,True
99,R01,P01,I02,T01_02,1.1381383276734731,0.7825370497733691,0.5664822224769461,option_right,True
100,R01,P01,I02,T01_02,1.161849542833337,0.7295129314663674,0.7693751439533487,option_right,False
101,R01,P01,I03,T01_03,0.0,0.465475998399616,0.1691012563025796,prompt,True
102,R01,P01,I03,T01_03,0.026935072869263207,0.6063776814223716,0.1813889728897869,prompt,True
103,R01,P01,I03,T01_03,0.053870145738526415,0.5455546696774879,0.3484686030627193,prompt,True
104,R01,P01,I03,T01_03,0.08080521860778962,0.47513985665949,0.24161341422679283,prompt,True
105,R01,P01,I03,T01_03,0.10774029147705283,0.6440910171302556,0.1506917886791703,prompt,True
106,R01,P01,I03,T01_03,0.13467536434631605,0.420436034668802,0.23867003101928624,prompt,True
107,R01,P01,I03,T01_03,0.16161043721557924,0.5893313035790908,0.24075856543462132,prompt,True
108,R01,P01,I03,T01_03,0.18854551008484244,0.4476279375288387,0.3081542869744167,prompt,True
109,R01,P01,I03,T01_03,0.21548058295410566,0.45878089551071677,0.3371541903059424,prompt,True
110,R01,P01,I03,T01_03,0.24241565582336888,0.5034941061242304,0.21286724002015425,prompt,True
111,R01,P01,I03,T01_03,0.2693507286926321,0.41955337537457826,0.26722157295355503,prompt,True
112,R01,P01,I03,T01_03,0.29628580156189527,0.6938172566607373,0.2635175380644113,prompt,True
113,R01,P01,I03,T01_03,0.3232208744311585,0.41057536623123875,0.31184975345215166,prompt,True
114,R01,P01,I03,T01_03,0.3501559473004217,0.394534779931991,0.2908350878021512,prompt,True
115,R01,P01,I03,T01_03,0.3770910201696849,0.75730829862239,0.1539829911898204,prompt,True
116,R01,P01,I03,T01_03,0.4040260930389481,0.2760958943396282,0.8094022587463029,option_left,True
117,R01,P01,I03,T01_03,0.4309611659082113,0.7858105297093128,0.8648887286833795,option_right,True
118,R01,P01,I03,T01_03,0.45789623877747454,0.6368171649255225,0.6939880213380459,option_right,True
119,R01,P01,I03,T01_03,0.48483131164673776,0.781937115735851,0.7668343437979851,option_right,True
120,R01,P01,I03,T01_03,0.511766384516001,0.27568981975289886,0.611270757404796,option_left,True
121,R01,P01,I03,T01_03,0.5387014573852642,0.7349461709465844,0.7752998452779688,option_right,True
122,R01,P01,I03,T01_03,0.5656365302545273,0.7039871509945147,0.7076891030502551,option_right,True
123,R01,P01,I03,T01_03,0.5925716031237905,0.8534222054580736,0.7143271288713808,option_right,True
124,R01,P01,I03,T01_03,0.6195066759930538,0.788322380908885,0.7982717315426244,option_right,True
125,R01,P01,I03,T01_03,0.646441748862317,0.20052197984037148,0.665227281108792,option_left,True
126,R01,P01,I03,T01_03,0.6733768217315802,0.30005268318527967,0.7215106590674815,option_left,True
127,R01,P01,I03,T01_03,0.7003118946008434,0.27354545561821214,0.8334205362542064,option_left,True
128,R01,P01,I03,T01_03,0.7272469674701066,0.680507778740683,0.8355783766940446,option_right,True
129,R01,P01,I03,T01_03,0.7541820403393698,0.2113296918076886,0.6598405497933596,option_left,True
130,R01,P01,I03,T01_03,0.781117113208633,0.7580771614067954,0.6702769849799737,option_right,True
131,R01,P01,I03,T01_03,0.8080521860778962,0.24750612353742274,0.7590989784200829,option_left,True
132,R01,P01,I03,T01_03,0.8349872589471594,0.20985623639724266,0.785760758925141,option_left,True
133,R01,P01,I03,T01_03,0.8619223318164226,0.6893924591050269,0.7063331447038562,option_right,True
134,R01,P01,I03,T01_03,0.8888574046856859,0.28061769714540336,0.9208413043840795,option_left,True
135,R01,P01,I03,T01_03,0.9157924775549491,0.2778160182330496,0.7813727348252507,option_left,True
136,R01,P01,I03,T01_03,0.9427275504242123,0.27580418679188135,0.6425831263475803,option_left,True
137,R01,P01,I03,T01_03,0.9696626232934755,0.7709396701737719,0.8061167361894395,option_right,True
138,R01,P01,I03,T01_03,0.9965976961627386,0.30741477938674655,0.654941636173601,option_left,True
139,R01,P01,I03,T01_03,1.023532769032002,0.1988039052095057,0.809665215273739,option_left,True
140,R01,P01,I03,T01_03,1.0504678419012652,0.7037476700648411,0.6999128468613679,option_right,True
141,R01,P01,I03,T01_03,1.0774029147705284,0.19694613702003833,0.8466996706038505,option_left,True
142,R01,P01,I03,T01_03,1.1043379876397914,0.7704239524272505,0.8001519633499555,option_right,True
143,R01,P01,I03,T01_03,1.1312730605090546,0.7513165081600764,0.8801763324325502,option_right,True
144,R01,P01,I03,T01_03,1.1582081333783179,0.09870114810405545,0.7890392477866176,option_left,True
145,R01,P01,I03,T01_03,1.185143206247581,0.6998642899558348,0.8688023159589506,option_right,True
146,R01,P01,I03,T01_03,1.2120782791168443,0.2088717271927173,0.6631809915103514,option_left,True
147,R01,P01,I03,T01_03,1.2390133519861075,0.8433926199511983,0.7710844008439263,option_right,True
148,R01,P01,I03,T01_03,1.2659484248553707,0.6985618063617264,0.7193017761364595,option_right,True
149,R01,P01,I03,T01_03,1.292883497724634,0.8077249901748879,0.7029827639774167,option_right,True
150,R01,P01,I03,T01_03,1.3198185705938972,0.14469468806638047,0.7249804873731807,option_left,True
151,R01,P01,I04,T01_04,0.0,0.38805380115397464,0.3919756341633499,prompt,True
152,R01,P01,I04,T01_04,0.028355492273476442,0.31891602743043657,0.27950563286026653,prompt,True
153,R01,P01,I04,T01_04,0.056710984546952885,0.553939453885177,0.26778006367741997,prompt,True
154,R01,P01,I04,T01_04,0.08506647682042932,0.5893167364531439,0.13041564451379917,prompt,True
155,R01,P01,I04,T01_04,0.11342196909390577,0.6868259600815863,0.18932426624032545,prompt,True
156,R01,P01,I04,T01_04,0.1417774613673822,0.30929438113863794,0.3143053351657076,prompt,True
157,R01,P01,I04,T01_04,0.17013295364085865,0.48886413622903757,0.18511480626800428,prompt,True
158,R01,P01,I04,T01_04,0.1984884459143351,0.5213483504728803,0.15126468703466772,prompt,True
159,R01,P01,I04,T01_04,0.22684393818781154,0.46417126777074785,0.23372380044836055,prompt,True
160,R01,P01,I04,T01_04,0.25519943046128796,0.3899439750782846,0.19344296310429657,prompt,True
161,R01,P01,I04,T01_04,0.2835549227347644,0.4834774062541533,0.2157050365908708,prompt,True
162,R01,P01,I04,T01_04,0.31191041500824085,0.3896605270122545,0.2869126801214974,prompt,True
163,R01,P01,I04,T01_04,0.3402659072817173,0.45084873715202034,0.15461506274676418,prompt,True
164,R01,P01,I04,T01_04,0.36862139955519374,0.5026449309335945,0.28799248343388006,prompt,True
165,R01,P01,I04,T01_04,0.3969768918286702,0.6713379977896883,0.3549236452247242,prompt,True
166,R01,P01,I04,T01_04,0.42533238410214663,0.20822723275379684,0.7688308994563843,option_left,True
167,R01,P01,I04,T01_04,0.4536878763756231,0.26033383517015,0.7499320225038885,option_left,True
168,R01,P01,I04,T01_04,0.4820433686490995,0.8638531130888948,0.738170187540573,option_right,True
169,R01,P01,I04,T01_04,0.5103988609225759,0.1582512834559583,0.7403782799314609,option_left,True
170,R01,P01,I04,T01_04,0.5387543531960524,0.771060391290188,0.6574191597413469,option_right,True
171,R01,P01,I04,T01_04,0.5671098454695288,0.6844038421144282,0.8313530133035735,option_right,True
172,R01,P01,I04,T01_04,0.5954653377430053,0.13270936551638335,0.6115379537573663,option_left,True
173,R01,P01,I04,T01_04,0.6238208300164817,0.30640969257687944,1.0,option_left,True
174,R01,P01,I04,T01_04,0.6521763222899581,0.7598791029038899,0.6845924115638672,option_right,True
175,R01,P01,I04,T01_04,0.6805318145634346,0.2515508354043262,0.831521131213216,option_left,True
176,R01,P01,I04,T01_04,0.708887306836911,0.26174695299451595,0.8056281478913997,option_left,True
177,R01,P01,I04,T01_04,0.7372427991103875,0.8495301449585253,0.7665490882306804,option_right,False
178,R01,P01,I04,T01_04,0.7655982913838639,0.8030752775480406,0.6852319304739889,option_right,True
179,R01,P01,I04,T01_04,0.7939537836573404,0.23615116654391996,0.8052278133896643,option_left,True
180,R01,P01,I04,T01_04,0.8223092759308168,0.17637164404066646,0.6122945622602736,option_left,False
181,R01,P01,I04,T01_04,0.8506647682042933,0.8291737771261343,0.9403717223229981,option_right,True
182,R01,P01,I04,T01_04,0.8790202604777697,0.3401260277304164,0.6943095866663734,option_left,True
183,R01,P01,I04,T01_04,0.9073757527512462,0.389185782075265,0.6833566822465561,option_left,True
184,R01,P01,I04,T01_04,0.9357312450247226,0.17301724351982445,0.7110181114125075,option_left,True
185,R01,P01,I04,T01_04,0.964086737298199,0.7976076008397249,0.7228337739970969,option_right,True
186,R01,P01,I04,T01_04,0.9924422295716755,0.197495996447206,0.832956286930655,option_left,True
187,R01,P01,I04,T01_04,1.0207977218451518,0.2640791843641419,0.7957444382750599,option_left,True
188,R01,P01,I04,T01_04,1.0491532141186284,0.29464075121298666,0.7911661132844885,option_left,True
189,R01,P01,I04,T01_04,1.0775087063921047,0.755825053603115,0.7370736245735207,option_right,True
190,R01,P01,I04,T01_04,1.1058641986655813,0.7558704888218043,0.8049737207517329,option_right,True
191,R01,P01,I04,T01_04,1.1342196909390576,0.8575961116869235,0.7216847640624439,option_right,True
192,R01,P01,I04,T01_04,1.1625751832125342,0.6895731987917391,0.6421493552452217,option_right,True
193,R01,P01,I04,T01_04,1.1909306754860105,0.7365900735876152,0.634975641710639,option_right,True
194,R01,P01,I04,T01_04,1.219286167759487,0.7527821352571739,0.6335249269257444,option_right,True
195,R01,P01,I04,T01_04,1.2476416600329634,0.3449435217316937,0.5777388414603062,option_left,True
196,R01,P01,I04,T01_04,1.27599715230644,0.6853429024636195,0.6487829271309892,option_right,True
197,R01,P01,I04,T01_04,1.3043526445799163,0.25775814605407626,0.7484828531001412,option_left,True
198,R01,P01,I04,T01_04,1.3327081368533928,0.7440218093432084,0.6426449085559226,option_right,True
199,R01,P01,I04,T01_04,1.3610636291268692,0.21661146862335712,0.6242328187001173,option_left,True
200,R01,P01,I04,T01_04,1.3894191214003457,0.29753898545131474,0.7819704065585505,option_left,True
201,R01,P01,I05,T01_05,0.0,0.388429475801546,0.3349115134265835,prompt,True
202,R01,P01,I05,T01_05,0.03302298018262411,0.5759471391569957,0.3385195601698451,prompt,True
203,R01,P01,I05,T01_05,0.06604596036524822,0.34209750193788646,0.31620767459332133,prompt,True
204,R01,P01,I05,T01_05,0.09906894054787233,0.5134376218941227,0.18877292832334808,prompt,True
205,R01,P01,I05,T01_05,0.13209192073049644,0.4410170304603745,0.21474605490722407,prompt,True
206,R01,P01,I05,T01_05,0.16511490091312056,0.6317696259388044,0.24140496535348058,prompt,True
207,R01,P01,I05,T01_05,0.19813788109574465,0.3150819214385074,0.4101315982925834,prompt,True
208,R01,P01,I05,T01_05,0.23116086127836877,0.3842376797284637,0.19534475579386193,prompt,True
209,R01,P01,I05,T01_05,0.2641838414609929,0.48148878150912977,0.31086869389103033,prompt,True
210,R01,P01,I05,T01_05,0.297206821643617,0.3068447892436844,0.28629728274843536,prompt,True
211,R01,P01,I05,T01_05,0.3302298018262411,0.45224064578192186,0.2408082657223194,prompt,True
212,R01,P01,I05,T01_05,0.36325278200886524,0.43929648811076694,0.30380725840057415,prompt,True
213,R01,P01,I05,T01_05,0.3962757621914893,0.5108753805386121,0.19374341800004058,prompt,True
214,R01,P01,I05,T01_05,0.4292987423741134,0.4800965744579306,0.21914287339317426,prompt,True
215,R01,P01,I05,T01_05,0.46232172255673754,0.6716375096504593,0.2441654102596179,prompt,True
216,R01,P01,I05,T01_05,0.49534470273936165,0.31882665183954206,0.793703582834652,option_left,True
217,R01,P01,I05,T01_05,0.5283676829219858,0.30463410514743866,0.7959723319354686,option_left,True
218,R01,P01,I05,T01_05,0.5613906631046098,0.2630715277117093,0.5960766505824848,option_left,True
219,R01,P01,I05,T01_05,0.594413643287234,0.7713374376114382,0.7327175779660677,option_right,True
220,R01,P01,I05,T01_05,0.6274366234698581,0.6770459792899629,0.7100488447092824,option_right,True
221,R01,P01,I05,T01_05,0.6604596036524822,0.2691773869881445,0.8626641120252656,option_left,True
222,R01,P01,I05,T01_05,0.6934825838351063,0.37317531994122494,0.5994379730526143,option_left,True
223,R01,P01,I05,T01_05,0.7265055640177305,0.7703353115283651,0.7989400399129629,option_right,True
224,R01,P01,I05,T01_05,0.7595285442003545,0.6796176175380761,0.7270687562781771,option_right,True
225,R01,P01,I05,T01_05,0.7925515243829786,0.2759304887385852,0.792667874026034,option_left,True
226,R01,P01,I05,T01_05,0.8255745045656028,0.06916697671326896,0.7927784047998477,option_left,True
227,R01,P01,I05,T01_05,0.8585974847482268,0.6748424902281552,0.8022435302182785,option_right,True
228,R01,P01,I05,T01_05,0.891620464930851,0.20537516072644474,0.8541346066486111,option_left,True
229,R01,P01,I05,T01_05,0.9246434451134751,0.23533460897590638,0.7606371967282844,option_left,True
230,R01,P01,I05,T01_05,0.9576664252960992,0.14511560611150826,0.6999412100079846,option_left,True
231,R01,P01,I05,T01_05,0.9906894054787233,0.32423926418645865,0.758437772644494,option_left,True
232,R01,P01,I05,T01_05,1.0237123856613475,0.643278239419807,0.6997388179935616,option_right,True
233,R01,P01,I05,T01_05,1.0567353658439715,0.1176588405165819,0.7692650739049736,option_left,True
234,R01,P01,I05,T01_05,1.0897583460265956,0.7041876773822784,0.8084081448494349,option_right,True
235,R01,P01,I05,T01_05,1.1227813262092197,0.14379754519970944,0.6613209807409517,option_left,True
236,R01,P01,I05,T01_05,1.155804306391844,0.6827297760569419,0.7607169152044807,option_right,True
237,R01,P01,I05,T01_05,1.188827286574468,0.2335420110114388,0.8473384510177404,option_left,True
238,R01,P01,I05,T01_05,1.221850266757092,0.0992262484647721,0.8444253877412702,option_left,True
239,R01,P01,I05,T01_05,1.2548732469397161,0.7612300532746159,0.7636262819018839,option_right,True
240,R01,P01,I05,T01_05,1.2878962271223404,0.3113669655853163,0.7242789265552702,option_left,False
241,R01,P01,I05,T01_05,1.3209192073049645,0.25513739255875834,0.720135232386871,option_left,True
242,R01,P01,I05,T01_05,1.3539421874875885,0.7300248591280278,0.8196209763703484,option_right,True
243,R01,P01,I05,T01_05,1.3869651676702126,0.2601024652584844,0.8692386200356049,option_left,True
244,R01,P01,I05,T01_05,1.4199881478528367,0.6807627780970922,0.8150459447203677,option_right,True
245,R01,P01,I05,T01_05,1.453011128035461,0.7257866698526149,0.8344872175782094,option_right,True
246,R01,P01,I05,T01_05,1.486034108218085,0.2566231828318138,0.8156742649689878,option_left,True
247,R01,P01,I05,T01_05,1.519057088400709,0.19757321005107292,0.829750243598504,option_left,True
248,R01,P01,I05,T01_05,1.5520800685833331,0.7418085419245368,0.6312251416015245,option_right,False
249,R01,P01,I05,T01_05,1.5851030487659572,0.6990361407908218,0.6876496911625485,option_right,True
250,R01,P01,I05,T01_05,1.6181260289485815,0.19033848287768032,0.815194709586371,option_left,True
251,R01,P01,I06,T01_06,0.0,0.5138537495349811,0.22497714253833914,prompt,True
252,R01,P01,I06,T01_06,0.030699435042867557,0.6428877536588798,0.1916575384487964,prompt,True
253,R01,P01,I06,T01_06,0.061398870085735115,0.2893880534499333,0.278939336856512,prompt,True
254,R01,P01,I06,T01_06,0.09209830512860268,0.5459709867276196,0.25405716087184715,prompt,True
255,R01,P01,I06,T01_06,0.12279774017147023,0.3717729038113662,0.191996895311937,prompt,True
256,R01,P01,I06,T01_06,0.15349717521433778,0.4736339232724295,0.16992259821130515,prompt,True
257,R01,P01,I06,T01_06,0.18419661025720535,0.5490311824006473,0.18053752921601246,prompt,True
258,R01,P01,I06,T01_06,0.2148960453000729,0.39244855527717926,0.2881882231491924,prompt,False
259,R01,P01,I06,T01_06,0.24559548034294046,0.48377523605098627,0.2143939641107311,prompt,True
260,R01,P01,I06,T01_06,0.276294915385808,0.6338373034356636,0.21016403537459094,prompt,True
261,R01,P01,I06,T01_06,0.30699435042867557,0.5039776486050654,0.3072939303407271,prompt,True
262,R01,P01,I06,T01_06,0.3376937854715431,0.5372040711280556,0.15136280953565118,prompt,True
263,R01,P01,I06,T01_06,0.3683932205144107,0.44843539770324214,0.189012370529416,prompt,True
264,R01,P01,I06,T01_06,0.39909265555727824,0.5415319735908442,0.16396597596668538,prompt,True
265,R01,P01,I06,T01_06,0.4297920906001458,0.5596349683356308,0.34918765103765154,prompt,False
266,R01,P01,I06,T01_06,0.4604915256430134,0.6359221929874861,0.6892891780958612,option_right,True
267,R01,P01,I06,T01_06,0.4911909606858809,0.7757464331342503,0.7331821867263771,option_right,True
268,R01,P01,I06,T01_06,0.5218903957287485,0.7996498419479724,0.6986630084451565,option_right,True
269,R01,P01,I06,T01_06,0.552589830771616,0.8243312487325645,0.7864809445393699,option_right,True
270,R01,P01,I06,T01_06,0.5832892658144836,0.6641030108790582,0.6700378253640707,option_right,True
271,R01,P01,I06,T01_06,0.6139887008573511,0.7341295251357359,0.6848241519809914,option_right,True
272,R01,P01,I06,T01_06,0.6446881359002187,0.6017664545044812,0.7524021305242892,option_right,True
273,R01,P01,I06,T01_06,0.6753875709430862,0.7380289072288267,0.8610503350694604,option_right,True
274,R01,P01,I06,T01_06,0.7060870059859539,0.7464022990111154,0.7202367678375231,option_right,True
275,R01,P01,I06,T01_06,0.7367864410288214,0.8680175276682086,0.643495473681105,option_right,True
276,R01,P01,I06,T01_06,0.7674858760716889,0.9595088596043188,0.8509048876212251,option_right,True
277,R01,P01,I06,T01_06,0.7981853111145565,0.8264328024340031,0.7309732937202974,option_right,True
278,R01,P01,I06,T01_06,0.828884746157424,0.7537004729339317,0.8772392221745734,option_right,True
279,R01,P01,I06,T01_06,0.8595841812002916,0.7347428136908476,0.7156442074898988,option_right,True
280,R01,P01,I06,T01_06,0.8902836162431592,0.7702277024106983,0.7714904388601451,option_right,True
281,R01,P01,I06,T01_06,0.9209830512860268,0.8069004758252147,0.8635162021588292,option_right,True
282,R01,P01,I06,T01_06,0.9516824863288943,0.6991842968792645,0.7770228268772296,option_right,True
283,R01,P01,I06,T01_06,0.9823819213717618,0.8874011922123575,0.6977344692736518,option_right,True
284,R01,P01,I06,T01_06,1.0130813564146295,0.8074088029418679,0.598643237502878,option_right,False
285,R01,P01,I06,T01_06,1.043780791457497,0.8605515690935746,0.9698990228026976,option_right,True
286,R01,P01,I06,T01_06,1.0744802265003646,0.7346734570951111,0.747027946295855,option_right,True
287,R01,P01,I06,T01_06,1.105179661543232,0.778464618857848,0.6798997493444909,option_right,True
288,R01,P01,I06,T01_06,1.1358790965860996,0.6499193271649699,0.7405925496832214,option_right,True
289,R01,P01,I06,T01_06,1.1665785316289672,0.8127184049926416,0.7418534014712028,option_right,True
290,R01,P01,I06,T01_06,1.1972779666718347,0.6809149074495942,0.86701891410976,option_right,True
291,R01,P01,I06,T01_06,1.2279774017147023,0.8234462972890942,0.6867388236097206,option_right,True
292,R01,P01,I06,T01_06,1.2586768367575698,0.7666669059480588,0.8051720464444773,option_right,True
293,R01,P01,I06,T01_06,1.2893762718004373,0.8562528008223629,0.7121715010835096,option_right,True
294,R01,P01,I06,T01_06,1.3200757068433049,0.6192676602386248,0.8200032815528759,option_right,True
295,R01,P01,I06,T01_06,1.3507751418861724,0.7877077325389261,0.7371937598053327,option_right,True
296,R01,P01,I06,T01_06,1.3814745769290402,0.7378362489064016,0.8562826667436678,option_right,True
297,R01,P01,I06,T01_06,1.4121740119719077,0.8183793982657825,0.8416980448022531,option_right,True
298,R01,P01,I06,T01_06,1.4428734470147753,0.6567944467973921,0.7967548444665182,option_right,True
299,R01,P01,I06,T01_06,1.4735728820576428,0.742690535648493,0.7434535653145116,option_right,True
300,R01,P01,I06,T01_06,1.5042723171005103,0.6724638258651597,0.7126810720498025,option_right,True
301,R01,P01,I07,T01_07,0.0,0.31781659816385277,0.16778384987211398,prompt,True
302,R01,P01,I07,T01_07,0.02923031336114208,0.3303210724535802,0.3058965945846951,prompt,True
303,R01,P01,I07,T01_07,0.05846062672228416,0.4325154155980588,0.2033645726458976,prompt,True
304,R01,P01,I07,T01_07,0.08769094008342623,0.5184726074653703,0.13547504766670349,prompt,True
305,R01,P01,I07,T01_07,0.11692125344456832,0.5612461076604955,0.149630807532878,prompt,True
306,R01,P01,I07,T01_07,0.1461515668057104,0.46207028719557763,0.15229262932826787,prompt,True
307,R01,P01,I07,T01_07,0.17538188016685247,0.3918173845448197,0.23294074369534296,prompt,True
308,R01,P01,I07,T01_07,0.20461219352799456,0.49607015607784116,0.25833717135413176,prompt,True
309,R01,P01,I07,T01_07,0.23384250688913663,0.43337052645809176,0.2958413365969526,prompt,True
310,R01,P01,I07,T01_07,0.2630728202502787,0.6368254582334016,0.33812914034358477,prompt,True
311,R01,P01,I07,T01_07,0.2923031336114208,0.4106804948244038,0.23586491973396106,prompt,False
312,R01,P01,I07,T01_07,0.32153344697256286,0.5789744902776117,0.24516508154174407,prompt,True
313,R01,P01,I07,T01_07,0.35076376033370493,0.6402052347770095,0.18422006827511933,prompt,True
314,R01,P01,I07,T01_07,0.379994073694847,0.3468244492128527,0.35520289765006396,prompt,True
315,R01,P01,I07,T01_07,0.4092243870559891,0.3511977564220633,0.24690731713574154,prompt,True
316,R01,P01,I07,T01_07,0.4384547004171312,0.32746357575407925,0.6941972190058847,option_left,True
317,R01,P01,I07,T01_07,0.46768501377827326,0.2514729454428051,0.7687073692383386,option_left,True
318,R01,P01,I07,T01_07,0.49691532713941533,0.2966823379535126,0.8457164529869333,option_left,True
319,R01,P01,I07,T01_07,0.5261456405005575,0.24500465499706905,0.6712878242762014,option_left,True
320,R01,P01,I07,T01_07,0.5553759538616995,0.24448151417419486,0.7076785915590756,option_left,True
321,R01,P01,I07,T01_07,0.5846062672228416,0.17113732836028003,0.7437501057071878,option_left,True
322,R01,P01,I07,T01_07,0.6138365805839836,0.14534713290072362,0.7489662011943863,option_left,True
323,R01,P01,I07,T01_07,0.6430668939451257,0.18534802324597197,0.6604240190875195,option_left,False
324,R01,P01,I07,T01_07,0.6722972073062679,0.23098790225778495,0.8195904937449844,option_left,True
325,R01,P01,I07,T01_07,0.7015275206674099,0.10896969787517505,0.7005659361518353,option_left,True
326,R01,P01,I07,T01_07,0.730757834028552,0.13711017258627195,0.6178803863479416,option_left,True
327,R01,P01,I07,T01_07,0.759988147389694,0.29556585674905583,0.6932888719717595,option_left,True
328,R01,P01,I07,T01_07,0.7892184607508361,0.11697660084997996,0.7942477181736564,option_left,True
329,R01,P01,I07,T01_07,0.8184487741119783,0.25741658687388086,0.7655648043077635,option_left,True
330,R01,P01,I07,T01_07,0.8476790874731203,0.23974928272386334,0.7704550655668299,option_left,True
331,R01,P01,I07,T01_07,0.8769094008342624,0.31415624239234563,0.7639265093962868,option_left,False
332,R01,P01,I07,T01_07,0.9061397141954044,0.25550638591130126,0.8651918064721984,option_left,True
333,R01,P01,I07,T01_07,0.9353700275565465,0.2523820536127502,0.8617093781690699,option_left,True
334,R01,P01,I07,T01_07,0.9646003409176886,0.09339353609344836,0.7601059072978615,option_left,True
335,R01,P01,I07,T01_07,0.9938306542788307,0.3512635680966384,0.7982475044358477,option_left,True
336,R01,P01,I07,T01_07,1.0230609676399727,0.16238075847013794,0.7132411377781152,option_left,True
337,R01,P01,I07,T01_07,1.052291281001115,0.15853315206740476,0.6972120491895598,option_left,True
338,R01,P01,I07,T01_07,1.081521594362257,0.25395619149438675,0.7561550133088357,option_left,True
339,R01,P01,I07,T01_07,1.110751907723399,0.18632129709752498,0.808309380264307,option_left,True
340,R01,P01,I07,T01_07,1.1399822210845412,0.18339048442849296,0.7829180480073483,option_left,True
341,R01,P01,I07,T01_07,1.1692125344456832,0.2760707108988554,0.746173172858635,option_left,True
342,R01,P01,I07,T01_07,1.1984428478068252,0.1839479768633355,0.7051043926059138,option_left,True
343,R01,P01,I07,T01_07,1.2276731611679672,0.24315174232123957,0.6504588831597415,option_left,True
344,R01,P01,I07,T01_07,1.2569034745291094,0.18213605880875794,0.8644499421476391,option_left,True
345,R01,P01,I07,T01_07,1.2861337878902515,0.18037460313856718,0.8496289163298152,option_left,True
346,R01,P01,I07,T01_07,1.3153641012513935,0.3617893933312246,0.8241773570733818,option_left,True
347,R01,P01,I07,T01_07,1.3445944146125357,0.23301864962285715,0.8266222308677905,option_left,True
348,R01,P01,I07,T01_07,1.3738247279736777,0.13502315894276568,0.7042399093289615,option_left,True
349,R01,P01,I07,T01_07,1.4030550413348197,0.37968066219729385,0.8568961474896112,option_left,True
350,R01,P01,I07,T01_07,1.432285354695962,0.2648676193983151,0.7519869288464083,option_left,True
351,R01,P01,I08,T01_08,0.0,0.4435122110333911,0.19304040443095405,prompt,True
352,R01,P01,I08,T01_08,0.024564538158996636,0.4366476427545167,0.24751862853429848,prompt,True
353,R01,P01,I08,T01_08,0.04912907631799327,0.5233321333880093,0.09760839271449603,prompt,True
354,R01,P01,I08,T01_08,0.07369361447698991,0.3694127639315439,0.22265945280485044,prompt,True
355,R01,P01,I08,T01_08,0.09825815263598654,0.4331674507677566,0.19488258356643665,prompt,True
356,R01,P01,I08,T01_08,0.12282269079498317,0.5443612301063248,0.44410261741256957,prompt,True
357,R01,P01,I08,T01_08,0.14738722895397982,0.6554677441950876,0.2909725766676917,prompt,True
358,R01,P01,I08,T01_08,0.17195176711297644,0.5329171542122875,0.24606179178699253,prompt,True
359,R01,P01,I08,T01_08,0.19651630527197309,0.5485365729803962,0.1540296895973625,prompt,True
360,R01,P01,I08,T01_08,0.22108084343096973,0.4475248775978307,0.18484510560911338,prompt,True
361,R01,P01,I08,T01_08,0.24564538158996635,0.4358716151422808,0.22511356069490407,prompt,True
362,R01,P01,I08,T01_08,0.27020991974896297,0.5029752588490187,0.2110638440922676,prompt,True
363,R01,P01,I08,T01_08,0.29477445790795964,0.5119222318877897,0.3382872075850733,prompt,True
364,R01,P01,I08,T01_08,0.31933899606695626,0.4306130649860576,0.2543678941655069,prompt,True
365,R01,P01,I08,T01_08,0.3439035342259529,0.6317007964187166,0.3478605686641508,prompt,True
366,R01,P01,I08,T01_08,0.36846807238494955,0.772697126604942,0.7437392236417859,option_right,True
367,R01,P01,I08,T01_08,0.39303261054394617,0.7581161892852092,0.7680174571248888,option_right,True
368,R01,P01,I08,T01_08,0.4175971487029428,0.6548214607741275,0.8059339780543886,option_right,True
369,R01,P01,I08,T01_08,0.44216168686193946,0.6678311191630442,0.6634246530376787,option_right,True
370,R01,P01,I08,T01_08,0.4667262250209361,0.6801252141306487,0.6617640506682337,option_right,True
371,R01,P01,I08,T01_08,0.4912907631799327,0.6900278074049545,0.6788029657016519,option_right,True
372,R01,P01,I08,T01_08,0.5158553013389293,0.8276272365727741,0.6125386097689481,option_right,True
373,R01,P01,I08,T01_08,0.5404198394979259,0.7750951992734434,0.7683802520544177,option_right,True
374,R01,P01,I08,T01_08,0.5649843776569227,0.8459933551635521,0.7052160011834083,option_right,True
375,R01,P01,I08,T01_08,0.5895489158159193,0.6585789270685143,0.716296074876154,option_right,True
376,R01,P01,I08,T01_08,0.6141134539749159,0.7381356421028558,0.9134334543590339,option_right,True
377,R01,P01,I08,T01_08,0.6386779921339125,0.7421484980968254,0.6311582479759007,option_right,True
378,R01,P01,I08,T01_08,0.6632425302929091,0.6300399522636251,0.7899706863448582,option_right,True
379,R01,P01,I08,T01_08,0.6878070684519058,0.6243195801670172,0.7151862299074336,option_right,True
380,R01,P01,I08,T01_08,0.7123716066109025,0.697039509075838,0.7761208997036867,option_right,True
381,R01,P01,I08,T01_08,0.7369361447698991,0.5783647901392845,0.7658583930028683,option_right,True
382,R01,P01,I08,T01_08,0.7615006829288957,0.7838481273640947,0.7485947284180764,option_right,True
383,R01,P01,I08,T01_08,0.7860652210878923,0.6026895340787627,0.6634547150444493,option_right,True
384,R01,P01,I08,T01_08,0.810629759246889,0.7667820823197575,0.7813252301022824,option_right,False
385,R01,P01,I08,T01_08,0.8351942974058856,0.8989014813538884,0.6472533718239192,option_right,True
386,R01,P01,I08,T01_08,0.8597588355648822,0.727406110915623,0.8101957937946174,option_right,True
387,R01,P01,I08,T01_08,0.8843233737238789,0.7530323535431919,0.8519018306099619,option_right,True
388,R01,P01,I08,T01_08,0.9088879118828755,0.7680870638150716,0.6690416972471939,option_right,True
389,R01,P01,I08,T01_08,0.9334524500418722,0.7946663458787505,0.880062534770493,option_right,False
390,R01,P01,I08,T01_08,0.9580169882008688,0.8003708392301458,0.8038757966761862,option_right,True
391,R01,P01,I08,T01_08,0.9825815263598654,0.6470461434520677,0.8696834572455989,option_right,True
392,R01,P01,I08,T01_08,1.0071460645188621,0.7673915945569132,0.7689024513076086,option_right,True
393,R01,P01,I08,T01_08,1.0317106026778586,0.8359645182368457,0.691701655245502,option_right,True
394,R01,P01,I08,T01_08,1.0562751408368554,0.753596747051568,0.8515706810290011,option_right,False
395,R01,P01,I08,T01_08,1.0808396789958519,0.6355451150092947,0.7516791283639008,option_right,True
396,R01,P01,I08,T01_08,1.1054042171548486,0.6498718118969338,0.856760823934758,option_right,True
397,R01,P01,I08,T01_08,1.1299687553138453,0.7668101688895842,0.8381700824232734,option_right,True
398,R01,P01,I08,T01_08,1.1545332934728418,0.7170356485525601,0.7898606069874334,option_right,True
399,R01,P01,I08,T01_08,1.1790978316318386,0.6500791400497743,0.7970491065735288,option_right,True
400,R01,P01,I08,T01_08,1.203662369790835,0.8055622634561062,0.6732147172875582,option_right,True
401,R02,P02,I01,T02_01,0.0,0.3740763623951418,0.2829030278419427,prompt,True
402,R02,P02,I01,T02_01,0.01600454560782329,0.4466201451011537,0.31414197186965703,prompt,True
403,R02,P02,I01,T02_01,0.03200909121564658,0.39354878425701584,0.14776199306395116,prompt,True
404,R02,P02,I01,T02_01,0.048013636823469874,0.6093224432630204,0.16178301349504332,prompt,True
405,R02,P02,I01,T02_01,0.06401818243129316,0.5671933305335298,0.3150691972017881,prompt,True
406,R02,P02,I01,T02_01,0.08002272803911645,0.4321915271244373,0.26138228869409474,prompt,True
407,R02,P02,I01,T02_01,0.09602727364693975,0.46577945664384135,0.27557677913130085,prompt,True
408,R02,P02,I01,T02_01,0.11203181925476303,0.6424685243858964,0.26018018561959005,prompt,True
409,R02,P02,I01,T02_01,0.12803636486258632,0.5781718144511421,0.11984846678179759,prompt,True
410,R02,P02,I01,T02_01,0.14404091047040962,0.47597928365337283,0.1849140335805555,prompt,True
411,R02,P02,I01,T02_01,0.1600454560782329,0.48566348426718714,0.1576797779179659,prompt,True
412,R02,P02,I01,T02_01,0.1760500016860562,0.4759638109477494,0.30981629056080023,prompt,True
413,R02,P02,I01,T02_01,0.1920545472938795,0.54205742953853,0.21614912824881083,prompt,True
414,R02,P02,I01,T02_01,0.20805909290170277,0.47941450477788117,0.274067724663114,prompt,True
415,R02,P02,I01,T02_01,0.22406363850952607,0.5776783413307893,0.32749853114688376,prompt,True
416,R02,P02,I01,T02_01,0.24006818411734934,0.2541510635236856,0.8240482077345044,option_left,True
417,R02,P02,I01,T02_01,0.25607272972517264,0.19986064510372123,0.9002771038358508,option_left,True
418,R02,P02,I01,T02_01,0.2720772753329959,0.26754082682585956,0.7116846198482987,option_left,True
419,R02,P02,I01,T02_01,0.28808182094081924,0.2196974011085574,0.7916522225030409,option_left,True
420,R02,P02,I01,T02_01,0.3040863665486425,0.270983934931655,0.6875300145648777,option_left,True
421,R02,P02,I01,T02_01,0.3200909121564658,0.2388126885222166,0.7537655230446465,option_left,True
422,R02,P02,I01,T02_01,0.3360954577642891,0.16683941246694467,0.6322590736949499,option_left,True
423,R02,P02,I01,T02_01,0.3521000033721124,0.19714380669013717,0.7097795326140129,option_left,True
424,R02,P02,I01,T02_01,0.36810454897993566,0.3062918355234659,0.8475814116428849,option_left,True
425,R02,P02,I01,T02_01,0.384109094587759,0.20136772951307308,0.9878327192441354,option_left,True
426,R02,P02,I01,T02_01,0.40011364019558227,0.3623507213202855,0.6047410460174034,option_left,True
427,R02,P02,I01,T02_01,0.41611818580340554,0.3494906766634899,0.5895743522510458,option_left,True
428,R02,P02,I01,T02_01,0.4321227314112288,0.25185405185105164,0.7242628946236346,option_left,False
429,R02,P02,I01,T02_01,0.44812727701905214,0.16574979380857408,0.8120705921009069,option_left,True
430,R02,P02,I01,T02_01,0.4641318226268754,0.32631700607833036,0.8453407726957403,option_left,True
431,R02,P02,I01,T02_01,0.4801363682346987,0.23479938902898748,0.8282917640265672,option_left,True
432,R02,P02,I01,T02_01,0.496140913842522,0.0640800378324361,0.612137013488918,option_left,True
433,R02,P02,I01,T02_01,0.5121454594503453,0.23202512427173494,0.740151560271867,option_left,True
434,R02,P02,I01,T02_01,0.5281500050581686,0.2695655669938781,0.7163619123509217,option_left,True
435,R02,P02,I01,T02_01,0.5441545506659918,0.3351936739661888,0.6868261073279025,option_left,True
436,R02,P02,I01,T02_01,0.5601590962738151,0.3614678946389168,0.6007021837095797,option_left,True
437,R02,P02,I01,T02_01,0.5761636418816385,0.32810526820556013,0.6340062004423784,option_left,True
438,R02,P02,I01,T02_01,0.5921681874894618,0.20867612121892942,0.8226052027015996,option_left,True
439,R02,P02,I01,T02_01,0.608172733097285,0.3839876038584416,0.8544275827317424,option_left,True
440,R02,P02,I01,T02_01,0.6241772787051083,0.19880037569647152,0.7621301621220696,option_left,True
441,R02,P02,I01,T02_01,0.6401818243129316,0.4004156137712501,0.9005047957152663,option_left,True
442,R02,P02,I01,T02_01,0.6561863699207549,0.17734774585598875,0.8325865727509556,option_left,True
443,R02,P02,I01,T02_01,0.6721909155285782,0.15999503428771644,0.906067603251983,option_left,True
444,R02,P02,I01,T02_01,0.6881954611364015,0.11872630353603461,0.8192024429151868,option_left,True
445,R02,P02,I01,T02_01,0.7042000067442248,0.4286695465035686,0.7638060185916895,option_left,True
446,R02,P02,I01,T02_01,0.720204552352048,0.2603755006566763,0.7991956595336045,option_left,True
447,R02,P02,I01,T02_01,0.7362090979598713,0.22822635900467392,0.7283802859920454,option_left,True
448,R02,P02,I01,T02_01,0.7522136435676946,0.18936292907166,0.6360962453636482,option_left,True
449,R02,P02,I01,T02_01,0.768218189175518,0.32787941429008627,0.8232690787713456,option_left,True
450,R02,P02,I01,T02_01,0.7842227347833413,0.33452166391672344,0.7349312747387273,option_left,True
451,R02,P02,I02,T02_02,0.0,0.4759592698224192,0.14366560728970568,prompt,True
452,R02,P02,I02,T02_02,0.01940532647967925,0.592173665506183,0.2785324975115579,prompt,True
453,R02,P02,I02,T02_02,0.0388106529593585,0.6724618925967971,0.17060078434788978,prompt,True
454,R02,P02,I02,T02_02,0.05821597943903775,0.4038301870934603,0.21975196481032463,prompt,True
455,R02,P02,I02,T02_02,0.077621305918717,0.49949239395642314,0.3115398831528568,prompt,True
456,R02,P02,I02,T02_02,0.09702663239839626,0.549309038106554,0.27829802415024246,prompt,True
457,R02,P02,I02,T02_02,0.1164319588780755,0.6337102396064263,0.25495135287611326,prompt,True
458,R02,P02,I02,T02_02,0.13583728535775477,0.48777694722559917,0.43036854562089694,prompt,True
459,R02,P02,I02,T02_02,0.155242611837434,0.4210850902444612,0.333603795055891,prompt,True
460,R02,P02,I02,T02_02,0.17464793831711325,0.6479488815957944,0.264355175371067,prompt,True
461,R02,P02,I02,T02_02,0.19405326479679252,0.5104439021205864,0.3515856399341162,prompt,True
462,R02,P02,I02,T02_02,0.21345859127647177,0.33527538339515195,0.25888806418464444,prompt,True
463,R02,P02,I02,T02_02,0.232863917756151,0.4635806171477083,0.23587145550851274,prompt,True
464,R02,P02,I02,T02_02,0.25226924423583025,0.27346517599960335,0.3368017406165402,prompt,True
465,R02,P02,I02,T02_02,0.27167457071550954,0.46194081061787745,0.3363074910599125,prompt,True
466,R02,P02,I02,T02_02,0.2910798971951888,0.8234511871151591,0.6430080892138497,option_right,True
467,R02,P02,I02,T02_02,0.310485223674868,0.7405908924673741,0.7746704020306346,option_right,True
468,R02,P02,I02,T02_02,0.32989055015454727,0.7296360321536673,0.7973371663919578,option_right,True
469,R02,P02,I02,T02_02,0.3492958766342265,0.7480616541607851,0.8019055290981569,option_right,True
470,R02,P02,I02,T02_02,0.3687012031139058,0.604475191760182,0.7963292310270327,option_right,True
471,R02,P02,I02,T02_02,0.38810652959358505,0.7219647686892655,0.7321291822356947,option_right,True
472,R02,P02,I02,T02_02,0.4075118560732643,0.7226748746611376,0.7428180325288085,option_right,True
473,R02,P02,I02,T02_02,0.42691718255294353,0.7950240731655833,0.6768133686617972,option_right,True
474,R02,P02,I02,T02_02,0.44632250903262277,0.7886662942200178,0.791501987222766,option_right,True
475,R02,P02,I02,T02_02,0.465727835512302,0.7200654542791041,0.884971100670822,option_right,True
476,R02,P02,I02,T02_02,0.4851331619919813,0.7423888378069119,0.7188130437770083,option_right,True
477,R02,P02,I02,T02_02,0.5045384884716605,0.6235009833919417,0.7891366636950902,option_right,True
478,R02,P02,I02,T02_02,0.5239438149513398,0.8607351956183418,0.6911954128852431,option_right,False
479,R02,P02,I02,T02_02,0.5433491414310191,0.7977840757872745,0.8079954893655111,option_right,True
480,R02,P02,I02,T02_02,0.5627544679106983,0.765011895315817,0.6661144294173424,option_right,True
481,R02,P02,I02,T02_02,0.5821597943903776,0.6934365709105416,0.813425168987556,option_right,True
482,R02,P02,I02,T02_02,0.6015651208700568,0.8646439752297513,0.7548844323063278,option_right,True
483,R02,P02,I02,T02_02,0.620970447349736,0.9011360862404949,0.8280617764385647,option_right,True
484,R02,P02,I02,T02_02,0.6403757738294154,0.760050444470483,0.8097432235180116,option_right,True
485,R02,P02,I02,T02_02,0.6597811003090945,0.7452747834590739,0.8711963655572382,option_right,True
486,R02,P02,I02,T02_02,0.6791864267887738,0.8119648299560331,0.8180910348631331,option_right,True
487,R02,P02,I02,T02_02,0.698591753268453,0.8347724692461493,0.5952184672483121,option_right,True
488,R02,P02,I02,T02_02,0.7179970797481323,0.7325267961649441,0.768764025435818,option_right,True
489,R02,P02,I02,T02_02,0.7374024062278116,0.7000306867682242,0.6511295801541539,option_right,True
490,R02,P02,I02,T02_02,0.7568077327074908,0.5783492108630821,0.9228151789094561,option_right,True
491,R02,P02,I02,T02_02,0.7762130591871701,0.7810077254878353,0.7023113160892976,option_right,True
492,R02,P02,I02,T02_02,0.7956183856668493,0.7320107271099104,0.7269700381260781,option_right,True
493,R02,P02,I02,T02_02,0.8150237121465286,0.6871777772024992,0.6082443610343531,option_right,True
494,R02,P02,I02,T02_02,0.8344290386262079,0.5997157572192029,0.6360625267909827,option_right,True
495,R02,P02,I02,T02_02,0.8538343651058871,0.7404181392383763,0.791684649406004,option_right,True
496,R02,P02,I02,T02_02,0.8732396915855664,0.7604922014691137,0.7978391721465237,option_right,True
497,R02,P02,I02,T02_02,0.8926450180652455,0.7565872309069844,0.7722934267305119,option_right,True
498,R02,P02,I02,T02_02,0.9120503445449248,0.8353847405850992,0.8684457540390466,option_right,True
499,R02,P02,I02,T02_02,0.931455671024604,0.7666335686672598,0.7450876160971613,option_right,True
500,R02,P02,I02,T02_02,0.9508609975042833,0.7822853312747235,0.689014362721044,option_right,True
501,R02,P02,I03,T02_03,0.0,0.4064200564510767,0.4433344981331495,prompt,True
502,R02,P02,I03,T02_03,0.02027775893851822,0.6794306573649752,0.40374970938559473,prompt,True
503,R02,P02,I03,T02_03,0.04055551787703644,0.4402929786699412,0.3385889537550004,prompt,False
504,R02,P02,I03,T02_03,0.060833276815554664,0.5172945389582371,0.2894021580491303,prompt,True
505,R02,P02,I03,T02_03,0.08111103575407289,0.5476889260409367,0.341541271676569,prompt,True
506,R02,P02,I03,T02_03,0.1013887946925911,0.4194650228318267,0.2211424339469681,prompt,True
507,R02,P02,I03,T02_03,0.12166655363110933,0.6647146677511842,0.17330060019215807,prompt,True
508,R02,P02,I03,T02_03,0.14194431256962756,0.47164500238802987,0.22769285287455254,prompt,True
509,R02,P02,I03,T02_03,0.16222207150814577,0.5104503415691659,0.25862733909704555,prompt,True
510,R02,P02,I03,T02_03,0.18249983044666399,0.5623710206554933,0.30433611771876035,prompt,False
511,R02,P02,I03,T02_03,0.2027775893851822,0.5357780664958128,0.2527171831483191,prompt,True
512,R02,P02,I03,T02_03,0.22305534832370044,0.7763598307529895,0.3358116667413621,prompt,True
513,R02,P02,I03,T02_03,0.24333310726221866,0.5092553157555749,0.28519430963158726,prompt,True
514,R02,P02,I03,T02_03,0.26361086620073687,0.6437782255264051,0.24930158139681055,prompt,True
515,R02,P02,I03,T02_03,0.2838886251392551,0.5386605750445215,0.29169333967592687,prompt,False
516,R02,P02,I03,T02_03,0.3041663840777733,0.2094256963961162,0.8403861073929142,option_left,True
517,R02,P02,I03,T02_03,0.32444414301629154,0.25600059658789975,0.6623852142923355,option_left,True
518,R02,P02,I03,T02_03,0.3447219019548098,0.15558487794854242,0.75190360465052,option_left,True
519,R02,P02,I03,T02_03,0.36499966089332797,0.31693381954947875,0.5997953015000856,option_left,True
520,R02,P02,I03,T02_03,0.3852774198318462,0.19472708374890071,0.7397930883390127,option_left,True
521,R02,P02,I03,T02_03,0.4055551787703644,0.268987446738207,0.7651120596269605,option_left,True
522,R02,P02,I03,T02_03,0.42583293770888264,0.19569867305890642,0.7166550982036405,option_left,True
523,R02,P02,I03,T02_03,0.4461106966474009,0.14656861747924033,0.767010970877773,option_left,True
524,R02,P02,I03,T02_03,0.46638845558591907,0.23554812184906346,0.7134819202623538,option_left,True
525,R02,P02,I03,T02_03,0.4866662145244373,0.2352742631288528,0.8536005797916314,option_left,True
526,R02,P02,I03,T02_03,0.5069439734629555,0.2902353206724228,0.7177949336707979,option_left,True
527,R02,P02,I03,T02_03,0.5272217324014737,0.274654893867345,0.5945259544962123,option_left,False
528,R02,P02,I03,T02_03,0.547499491339992,0.16321802811433084,0.7125616158257058,option_left,True
529,R02,P02,I03,T02_03,0.5677772502785102,0.15901870982524036,0.7092746132614206,option_left,True
530,R02,P02,I03,T02_03,0.5880550092170285,0.21558007072404214,0.7700790629504691,option_left,True
531,R02,P02,I03,T02_03,0.6083327681555466,0.40068182975829003,0.5995377688291034,option_left,True
532,R02,P02,I03,T02_03,0.6286105270940648,0.41274513442347827,0.8527586868294443,option_left,True
533,R02,P02,I03,T02_03,0.6488882860325831,0.27159952712650204,0.7965477418418684,option_left,True
534,R02,P02,I03,T02_03,0.6691660449711013,0.3385612279738168,0.6646769274243362,option_left,True
535,R02,P02,I03,T02_03,0.6894438039096196,0.2379102057744467,0.690371747178632,option_left,True
536,R02,P02,I03,T02_03,0.7097215628481377,0.16753119432140914,0.6280699490567663,option_left,True
537,R02,P02,I03,T02_03,0.7299993217866559,0.21527937251012713,0.7912695614590431,option_left,True
538,R02,P02,I03,T02_03,0.7502770807251742,0.27334564559541036,0.7404753133685421,option_left,True
539,R02,P02,I03,T02_03,0.7705548396636924,0.2134323177122454,0.8253889691305833,option_left,True
540,R02,P02,I03,T02_03,0.7908325986022107,0.23208908213261537,0.7691749176707746,option_left,True
541,R02,P02,I03,T02_03,0.8111103575407288,0.22669818081096108,0.7139750226279798,option_left,True
542,R02,P02,I03,T02_03,0.831388116479247,0.20559890364370603,0.7629800468496664,option_left,True
543,R02,P02,I03,T02_03,0.8516658754177653,0.3802662213565306,0.754365949145977,option_left,True
544,R02,P02,I03,T02_03,0.8719436343562835,0.26662739583068784,0.6484816088877431,option_left,True
545,R02,P02,I03,T02_03,0.8922213932948018,0.33033039991003343,0.7194537106341515,option_left,True
546,R02,P02,I03,T02_03,0.91249915223332,0.2427157153663601,0.5418137603203796,option_left,True
547,R02,P02,I03,T02_03,0.9327769111718381,0.21067277757832376,0.8590709452573196,option_left,True
548,R02,P02,I03,T02_03,0.9530546701103564,0.08791981552709632,0.7717934879296591,option_left,True
549,R02,P02,I03,T02_03,0.9733324290488746,0.25952430247006586,0.828926035803949,option_left,True
550,R02,P02,I03,T02_03,0.9936101879873929,0.1511504113438129,0.8204957494152137,option_left,True
551,R02,P02,I04,T02_04,0.0,0.5188108285904441,0.3489524944838046,prompt,True
552,R02,P02,I04,T02_04,0.02593422204961871,0.4888478978657828,0.16336473247138503,prompt,True
553,R02,P02,I04,T02_04,0.05186844409923742,0.4447516717810712,0.18662412184135432,prompt,True
554,R02,P02,I04,T02_04,0.07780266614885613,0.44889535142651976,0.27654377838718563,prompt,True
555,R02,P02,I04,T02_04,0.10373688819847483,0.43577059444199,0.2828893822007435,prompt,True
556,R02,P02,I04,T02_04,0.12967111024809355,0.49342740666415197,0.24208498474232887,prompt,True
557,R02,P02,I04,T02_04,0.15560533229771226,0.7037445021301816,0.24834062305033527,prompt,True
558,R02,P02,I04,T02_04,0.18153955434733096,0.5449332150733045,0.34130164673748636,prompt,True
559,R02,P02,I04,T02_04,0.20747377639694967,0.49688207348848873,0.4209724322404278,prompt,True
560,R02,P02,I04,T02_04,0.23340799844656837,0.5692592316555277,0.3245097146278868,prompt,True
561,R02,P02,I04,T02_04,0.2593422204961871,0.7140010072973308,0.2462952637885672,prompt,True
562,R02,P02,I04,T02_04,0.2852764425458058,0.4979574133357192,0.1988813565550625,prompt,True
563,R02,P02,I04,T02_04,0.3112106645954245,0.5845613329593263,0.28196674835903135,prompt,True
564,R02,P02,I04,T02_04,0.3371448866450432,0.6812046090774065,0.18851630856863577,prompt,True
565,R02,P02,I04,T02_04,0.3630791086946619,0.42646717900156234,0.2572211298336363,prompt,True
566,R02,P02,I04,T02_04,0.3890133307442806,0.7431486825488917,0.7123653080276171,option_right,True
567,R02,P02,I04,T02_04,0.41494755279389933,0.7055539033987518,0.7721359967283854,option_right,True
568,R02,P02,I04,T02_04,0.44088177484351804,0.6452468922787327,0.8059102075454185,option_right,True
569,R02,P02,I04,T02_04,0.46681599689313674,0.8393198119209359,0.7922424553164165,option_right,True
570,R02,P02,I04,T02_04,0.49275021894275545,0.7786217926523307,0.7999310450259616,option_right,True
571,R02,P02,I04,T02_04,0.5186844409923742,0.7974980351808657,0.8023152166217125,option_right,True
572,R02,P02,I04,T02_04,0.5446186630419929,0.8511992904435687,0.6801797486513803,option_right,True
573,R02,P02,I04,T02_04,0.5705528850916116,0.649797993144556,0.6214834629504944,option_right,True
574,R02,P02,I04,T02_04,0.5964871071412303,0.7308730298307278,0.8544302446804471,option_right,True
575,R02,P02,I04,T02_04,0.622421329190849,0.7870910629130713,0.6978384488341279,option_right,True
576,R02,P02,I04,T02_04,0.6483555512404677,0.8478198255126099,0.6998529033612766,option_right,True
577,R02,P02,I04,T02_04,0.6742897732900864,0.8303563640615264,0.5869374120166716,option_right,True
578,R02,P02,I04,T02_04,0.7002239953397051,0.7403937092911265,0.8747649981443799,option_right,True
579,R02,P02,I04,T02_04,0.7261582173893238,0.74055961551195,0.8208306219405637,option_right,True
580,R02,P02,I04,T02_04,0.7520924394389426,0.8142688057906615,0.7083036530078818,option_right,True
581,R02,P02,I04,T02_04,0.7780266614885613,0.8166308238221938,0.8030041418544036,option_right,True
582,R02,P02,I04,T02_04,0.80396088353818,0.8031763168190832,0.7142193727024757,option_right,True
583,R02,P02,I04,T02_04,0.8298951055877987,0.6526457909821115,0.9355680605292438,option_right,True
584,R02,P02,I04,T02_04,0.8558293276374174,0.7230301404774424,0.742156765503593,option_right,True
585,R02,P02,I04,T02_04,0.8817635496870361,0.7204455223151937,0.8749678948850387,option_right,True
586,R02,P02,I04,T02_04,0.9076977717366548,0.7643571288153136,0.6651686546277493,option_right,True
587,R02,P02,I04,T02_04,0.9336319937862735,0.7570751856642052,0.6965085555051187,option_right,True
588,R02,P02,I04,T02_04,0.9595662158358922,0.6635967842257359,0.7759428860882795,option_right,True
589,R02,P02,I04,T02_04,0.9855004378855109,0.6871585396089369,0.7742412882817136,option_right,True
590,R02,P02,I04,T02_04,1.0114346599351296,0.8763909675196361,0.758644769032122,option_right,True
591,R02,P02,I04,T02_04,1.0373688819847484,0.7712638243032888,0.7617481372988953,option_right,True
592,R02,P02,I04,T02_04,1.063303104034367,0.7006615757344817,0.8377695973148578,option_right,True
593,R02,P02,I04,T02_04,1.0892373260839858,0.7168497430905637,0.7978033637211521,option_right,True
594,R02,P02,I04,T02_04,1.1151715481336044,0.874364429609771,0.8766024518838358,option_right,True
595,R02,P02,I04,T02_04,1.1411057701832232,0.6190867910806744,0.936316894638799,option_right,True
596,R02,P02,I04,T02_04,1.1670399922328418,0.8642333384199666,0.8515986630986474,option_right,True
597,R02,P02,I04,T02_04,1.1929742142824606,0.7053589226405296,0.7928746614935737,option_right,True
598,R02,P02,I04,T02_04,1.2189084363320792,0.7239040201405562,0.6763287289917197,option_right,True
599,R02,P02,I04,T02_04,1.244842658381698,0.6571122116374157,0.8427234250886012,option_right,False
600,R02,P02,I04,T02_04,1.2707768804313166,0.8011450127843914,0.7192517323886327,option_right,True
601,R02,P02,I05,T02_05,0.0,0.45195077451703203,0.18689752199200277,prompt,True
602,R02,P02,I05,T02_05,0.024376352255757818,0.48745303472482426,0.17801704437147114,prompt,True
603,R02,P02,I05,T02_05,0.048752704511515636,0.4615395546953799,0.3937124647535038,prompt,True
604,R02,P02,I05,T02_05,0.07312905676727345,0.5511363191201791,0.20343993078599537,prompt,False
605,R02,P02,I05,T02_05,0.09750540902303127,0.5301545122694599,0.18646832144790543,prompt,True
606,R02,P02,I05,T02_05,0.1218817612787891,0.5315286068213935,0.33228523995922454,prompt,True
607,R02,P02,I05,T02_05,0.1462581135345469,0.44982845612776334,0.3245262004122988,prompt,True
608,R02,P02,I05,T02_05,0.17063446579030472,0.47118343769757126,0.33234414506826426,prompt,True
609,R02,P02,I05,T02_05,0.19501081804606255,0.47123130849190953,0.2575743936509115,prompt,True
610,R02,P02,I05,T02_05,0.21938717030182037,0.4419951456094516,0.287310992400086,prompt,True
611,R02,P02,I05,T02_05,0.2437635225575782,0.2082687693372064,0.28732174506710517,prompt,True
612,R02,P02,I05,T02_05,0.268139874813336,0.3600779380701021,0.24059408136230875,prompt,True
613,R02,P02,I05,T02_05,0.2925162270690938,0.45038738463359784,0.13137417017992611,prompt,False
614,R02,P02,I05,T02_05,0.31689257932485165,0.552818173329302,0.32189366924445006,prompt,True
615,R02,P02,I05,T02_05,0.34126893158060945,0.5636294882399032,0.018485613198278072,prompt,True
616,R02,P02,I05,T02_05,0.3656452838363673,0.19623951010828866,0.7307038204893997,option_left,True
617,R02,P02,I05,T02_05,0.3900216360921251,0.34068872253852145,0.8355313641545903,option_left,True
618,R02,P02,I05,T02_05,0.4143979883478829,0.28770937214172704,0.6867015982935873,option_left,True
619,R02,P02,I05,T02_05,0.43877434060364073,0.2374910078447499,0.6960824307914242,option_left,True
620,R02,P02,I05,T02_05,0.4631506928593985,0.3039609074106684,0.7459810843956832,option_left,True
621,R02,P02,I05,T02_05,0.4875270451151564,0.10270331701779814,0.756669733417555,option_left,True
622,R02,P02,I05,T02_05,0.5119033973709142,0.19335909598970694,0.9029166512589232,option_left,True
623,R02,P02,I05,T02_05,0.536279749626672,0.2537666872672893,0.7484769907462826,option_left,True
624,R02,P02,I05,T02_05,0.5606561018824299,0.2908183654464084,0.7330800915373248,option_left,True
625,R02,P02,I05,T02_05,0.5850324541381876,0.3536120196446751,0.9586729167014902,option_left,True
626,R02,P02,I05,T02_05,0.6094088063939455,0.27501290503984355,0.7624045608090734,option_left,True
627,R02,P02,I05,T02_05,0.6337851586497033,0.40090480495506253,0.9348416999429825,option_left,True
628,R02,P02,I05,T02_05,0.658161510905461,0.25464988947898165,0.6807319486478869,option_left,True
629,R02,P02,I05,T02_05,0.6825378631612189,0.3168874529515334,0.7953225167810637,option_left,True
630,R02,P02,I05,T02_05,0.7069142154169767,0.23229367011908308,0.74250745877931,option_left,True
631,R02,P02,I05,T02_05,0.7312905676727346,0.37728193490056516,0.7008476212253958,option_left,True
632,R02,P02,I05,T02_05,0.7556669199284923,0.32358534206999995,0.8385110890561169,option_left,True
633,R02,P02,I05,T02_05,0.7800432721842502,0.22249941887260338,0.7057576984270123,option_left,True
634,R02,P02,I05,T02_05,0.804419624440008,0.13952633409894213,0.7883438326996843,option_left,True
635,R02,P02,I05,T02_05,0.8287959766957658,0.1921521844007625,0.814360917358806,option_left,True
636,R02,P02,I05,T02_05,0.8531723289515236,0.20593295046592403,0.6106982054770289,option_left,True
637,R02,P02,I05,T02_05,0.8775486812072815,0.34720292038550055,0.6869801086976137,option_left,True
638,R02,P02,I05,T02_05,0.9019250334630393,0.10955307044385659,0.7688939968614463,option_left,True
639,R02,P02,I05,T02_05,0.926301385718797,0.14857169803299516,0.8261237751208095,option_left,True
640,R02,P02,I05,T02_05,0.9506777379745549,0.2749189463053956,0.8718367228355102,option_left,True
641,R02,P02,I05,T02_05,0.9750540902303128,0.18703381326187202,0.749915875875989,option_left,True
642,R02,P02,I05,T02_05,0.9994304424860705,0.15807202188108427,0.6786521474377644,option_left,True
643,R02,P02,I05,T02_05,1.0238067947418283,0.2612183168703334,0.8360535493640658,option_left,True
644,R02,P02,I05,T02_05,1.0481831469975862,0.22749794995935246,0.8520857243498208,option_left,True
645,R02,P02,I05,T02_05,1.072559499253344,0.22471446780040524,0.8454665448622388,option_left,True
646,R02,P02,I05,T02_05,1.096935851509102,0.3079473571449458,0.6052295888139712,option_left,True
647,R02,P02,I05,T02_05,1.1213122037648597,0.3039165028068744,0.662706373471863,option_left,True
648,R02,P02,I05,T02_05,1.1456885560206174,0.42762272081673697,0.7393913874627559,option_left,True
649,R02,P02,I05,T02_05,1.1700649082763752,0.4800187264706082,0.7400933680024168,option_left,True
650,R02,P02,I05,T02_05,1.194441260532133,0.16415845027281722,0.6345137277936597,option_left,True
651,R02,P02,I06,T02_06,0.0,0.5085683394777402,0.21859046049463066,prompt,False
652,R02,P02,I06,T02_06,0.02882339040962489,0.39247847118727586,0.15146202834916309,prompt,True
653,R02,P02,I06,T02_06,0.05764678081924978,0.5689663910160704,0.1855458077053449,prompt,True
654,R02,P02,I06,T02_06,0.08647017122887467,0.39631898742505034,0.3152869742492568,prompt,True
655,R02,P02,I06,T02_06,0.11529356163849956,0.5372833064956077,0.199761438026203,prompt,True
656,R02,P02,I06,T02_06,0.14411695204812444,0.4540445207675509,0.24584614867439553,prompt,True
657,R02,P02,I06,T02_06,0.17294034245774934,0.5261156541147358,0.1980782246690649,prompt,True
658,R02,P02,I06,T02_06,0.20176373286737423,0.4923785340918732,0.23767694791695373,prompt,True
659,R02,P02,I06,T02_06,0.23058712327699912,0.5675796774831069,0.2816752894955465,prompt,True
660,R02,P02,I06,T02_06,0.259410513686624,0.4268902861210322,0.3042801010116347,prompt,False
661,R02,P02,I06,T02_06,0.2882339040962489,0.4939889999022534,0.2169114014925268,prompt,True
662,R02,P02,I06,T02_06,0.3170572945058738,0.40983083552352984,0.21633808149009112,prompt,False
663,R02,P02,I06,T02_06,0.34588068491549867,0.5183546746981558,0.3213286614036845,prompt,True
664,R02,P02,I06,T02_06,0.37470407532512356,0.5453529889288713,0.31923000523880296,prompt,True
665,R02,P02,I06,T02_06,0.40352746573474846,0.5382099244961933,0.5233520391809262,prompt,True
666,R02,P02,I06,T02_06,0.43235085614437335,0.581884054661268,0.7466076386307724,option_right,True
667,R02,P02,I06,T02_06,0.46117424655399825,0.6823460061384649,0.8338233223702752,option_right,True
668,R02,P02,I06,T02_06,0.48999763696362314,0.2247935267867355,0.688323003549297,option_left,True
669,R02,P02,I06,T02_06,0.518821027373248,0.25878753714938346,0.7626089175172549,option_left,True
670,R02,P02,I06,T02_06,0.5476444177828729,0.5569331656853924,0.8434294495428537,option_right,True
671,R02,P02,I06,T02_06,0.5764678081924978,0.7751294360210162,0.9027211455285667,option_right,True
672,R02,P02,I06,T02_06,0.6052911986021227,0.7033589604143773,0.7368209304915031,option_right,True
673,R02,P02,I06,T02_06,0.6341145890117476,0.2702234934260833,0.9239991230490019,option_left,True
674,R02,P02,I06,T02_06,0.6629379794213724,0.2185143069634148,0.7788727331711708,option_left,True
675,R02,P02,I06,T02_06,0.6917613698309973,0.6229893867316263,0.8106261476022486,option_right,False
676,R02,P02,I06,T02_06,0.7205847602406222,0.7374139641949413,0.7079055671703356,option_right,True
677,R02,P02,I06,T02_06,0.7494081506502471,0.21596595296209192,0.8785871239444869,option_left,True
678,R02,P02,I06,T02_06,0.778231541059872,0.1293075235939057,0.7200531960652014,option_left,True
679,R02,P02,I06,T02_06,0.8070549314694969,0.3883243265551314,0.73840254703367,option_left,True
680,R02,P02,I06,T02_06,0.8358783218791218,0.26364036629909504,0.9152924244293352,option_left,True
681,R02,P02,I06,T02_06,0.8647017122887467,0.3529015515666216,0.6797842737904747,option_left,True
682,R02,P02,I06,T02_06,0.8935251026983716,0.1354165171024076,0.6772694766617593,option_left,True
683,R02,P02,I06,T02_06,0.9223484931079965,0.31589098822405864,0.7048805910105425,option_left,True
684,R02,P02,I06,T02_06,0.9511718835176214,0.3598175801864462,0.6847328237207191,option_left,True
685,R02,P02,I06,T02_06,0.9799952739272463,0.7907664556717491,0.7373235473841184,option_right,True
686,R02,P02,I06,T02_06,1.008818664336871,0.21116133689350974,0.656066886469415,option_left,False
687,R02,P02,I06,T02_06,1.037642054746496,0.24752029532412126,0.5899117429831362,option_left,True
688,R02,P02,I06,T02_06,1.0664654451561209,0.7815961159258684,0.8114838895782825,option_right,True
689,R02,P02,I06,T02_06,1.0952888355657457,0.3249640718995823,0.7286126852636953,option_left,True
690,R02,P02,I06,T02_06,1.1241122259753706,0.21209971924539034,0.6523411092292524,option_left,True
691,R02,P02,I06,T02_06,1.1529356163849955,0.3446232447879606,0.906777496752588,option_left,True
692,R02,P02,I06,T02_06,1.1817590067946204,0.49426678017819087,0.7781225547676323,option_right,True
693,R02,P02,I06,T02_06,1.2105823972042453,0.2514472723134388,0.7875102887099076,option_left,True
694,R02,P02,I06,T02_06,1.2394057876138702,0.8170811186230499,0.8149644820483462,option_right,True
695,R02,P02,I06,T02_06,1.268229178023495,0.6776077990679115,0.6329261369334114,option_right,True
696,R02,P02,I06,T02_06,1.29705256843312,0.7750686108231569,0.6472382747148208,option_right,True
697,R02,P02,I06,T02_06,1.325875958842745,0.8147158301837285,0.8262191692333356,option_right,True
698,R02,P02,I06,T02_06,1.3546993492523698,0.7236985316382906,0.6798569848109801,option_right,True
699,R02,P02,I06,T02_06,1.3835227396619947,0.6087003876756862,0.7687613053326684,option_right,True
700,R02,P02,I06,T02_06,1.4123461300716196,0.7721473349539634,0.8489391417706759,option_right,True
701,R02,P02,I07,T02_07,0.0,0.6296735080963972,0.0699228663346981,prompt,True
702,R02,P02,I07,T02_07,0.0231273319357612,0.5127737846230476,0.22904849574829644,prompt,True
703,R02,P02,I07,T02_07,0.0462546638715224,0.4390367847328246,0.31026030855589687,prompt,True
704,R02,P02,I07,T02_07,0.0693819958072836,0.5625905377870881,0.30480389716772344,prompt,False
705,R02,P02,I07,T02_07,0.0925093277430448,0.4945168216248842,0.20813709154044518,prompt,True
706,R02,P02,I07,T02_07,0.11563665967880599,0.3643408821313019,0.23008364483308302,prompt,True
707,R02,P02,I07,T02_07,0.1387639916145672,0.4419034366085248,0.28098454328668315,prompt,True
708,R02,P02,I07,T02_07,0.1618913235503284,0.4298774307638574,0.3397124908607893,prompt,True
709,R02,P02,I07,T02_07,0.1850186554860896,0.5657680593589612,0.22632960876570152,prompt,True
710,R02,P02,I07,T02_07,0.20814598742185078,0.5710396863762814,0.1366537273507914,prompt,True
711,R02,P02,I07,T02_07,0.23127331935761197,0.5646695519064091,0.22397202771944164,prompt,True
712,R02,P02,I07,T02_07,0.2544006512933732,0.268346270427118,0.3990643171225836,prompt,True
713,R02,P02,I07,T02_07,0.2775279832291344,0.3848101641067111,0.27338792558864033,prompt,True
714,R02,P02,I07,T02_07,0.3006553151648956,0.3826359972343629,0.22118662156186053,prompt,True
715,R02,P02,I07,T02_07,0.3237826471006568,0.45527231556405184,0.2437207809618863,prompt,True
716,R02,P02,I07,T02_07,0.34690997903641796,0.3181306844965202,0.9338537968683083,option_left,True
717,R02,P02,I07,T02_07,0.3700373109721792,0.30034907186977067,0.6816052383432435,option_left,True
718,R02,P02,I07,T02_07,0.3931646429079404,0.4268595629120202,0.7543309576353382,option_left,True
719,R02,P02,I07,T02_07,0.41629197484370156,0.7583388140164176,0.7833780845554693,option_right,True
720,R02,P02,I07,T02_07,0.4394193067794628,0.6774394535067777,0.8073826612097356,option_right,True
721,R02,P02,I07,T02_07,0.46254663871522395,0.6633916253006177,0.7790363114515626,option_right,True
722,R02,P02,I07,T02_07,0.48567397065098517,0.7253305265098352,0.8201477748574271,option_right,True
723,R02,P02,I07,T02_07,0.5088013025867464,0.12975752447472216,0.7680905473590404,option_left,True
724,R02,P02,I07,T02_07,0.5319286345225076,0.7095930298899821,0.8274706150022328,option_right,True
725,R02,P02,I07,T02_07,0.5550559664582688,0.3042672252309704,0.7906307402094919,option_left,True
726,R02,P02,I07,T02_07,0.5781832983940299,0.6747905421155677,0.6552367080700551,option_right,True
727,R02,P02,I07,T02_07,0.6013106303297912,0.5914442758561098,0.6168395022552493,option_right,True
728,R02,P02,I07,T02_07,0.6244379622655524,0.6391751582957756,0.786954538472348,option_right,True
729,R02,P02,I07,T02_07,0.6475652942013136,0.7896760177520076,0.626619227744844,option_right,True
730,R02,P02,I07,T02_07,0.6706926261370748,0.5634670346396013,0.8167564867056164,option_right,True
731,R02,P02,I07,T02_07,0.6938199580728359,0.7454500099105671,0.7424396042465222,option_right,True
732,R02,P02,I07,T02_07,0.7169472900085971,0.6828675154086763,0.6578976275536742,option_right,True
733,R02,P02,I07,T02_07,0.7400746219443584,0.7455378702858926,0.834517860988979,option_right,True
734,R02,P02,I07,T02_07,0.7632019538801196,0.7290419930586332,0.6121567361043729,option_right,True
735,R02,P02,I07,T02_07,0.7863292858158808,0.7584129119819553,0.7502130819605837,option_right,True
736,R02,P02,I07,T02_07,0.8094566177516419,0.5861426449722877,0.7128031837130021,option_right,True
737,R02,P02,I07,T02_07,0.8325839496874031,0.7502182706893433,0.7531417179164552,option_right,True
738,R02,P02,I07,T02_07,0.8557112816231643,0.29601859695619187,0.7706355746406593,option_left,True
739,R02,P02,I07,T02_07,0.8788386135589256,0.2550292876482676,0.9326837181476366,option_left,True
740,R02,P02,I07,T02_07,0.9019659454946868,0.7567820089802071,0.8671362795081973,option_right,True
741,R02,P02,I07,T02_07,0.9250932774304479,0.3331080160095877,0.6493595310102478,option_left,True
742,R02,P02,I07,T02_07,0.9482206093662091,0.828553154918261,0.6334651033864442,option_right,True
743,R02,P02,I07,T02_07,0.9713479413019703,0.29196291962137544,0.8866841786139831,option_left,True
744,R02,P02,I07,T02_07,0.9944752732377315,0.20032871194390434,0.7032770326885697,option_left,True
745,R02,P02,I07,T02_07,1.0176026051734928,0.28159267926787224,0.7669857258528877,option_left,True
746,R02,P02,I07,T02_07,1.040729937109254,0.1946224972453066,0.8179671737492268,option_left,True
747,R02,P02,I07,T02_07,1.0638572690450152,0.21627430325174068,0.7748398869493084,option_left,True
748,R02,P02,I07,T02_07,1.0869846009807764,0.2054641328580499,0.8048034847877586,option_left,True
749,R02,P02,I07,T02_07,1.1101119329165376,0.6442674170793627,0.7525190162555992,option_right,True
750,R02,P02,I07,T02_07,1.1332392648522986,0.7420796516407867,0.8160641108851227,option_right,True
751,R02,P02,I08,T02_08,0.0,0.6167962632032997,0.233538352701439,prompt,True
752,R02,P02,I08,T02_08,0.03631197133175519,0.39273029397322545,0.3341514789077864,prompt,True
753,R02,P02,I08,T02_08,0.07262394266351038,0.411399465431699,0.2582951487747498,prompt,True
754,R02,P02,I08,T02_08,0.10893591399526557,0.47458106299058506,0.15963588824827926,prompt,True
755,R02,P02,I08,T02_08,0.14524788532702076,0.4264538763311964,0.0901939051647587,prompt,True
756,R02,P02,I08,T02_08,0.18155985665877594,0.4560904263148597,0.19602606910310091,prompt,True
757,R02,P02,I08,T02_08,0.21787182799053115,0.5565249588743977,0.26634624902135884,prompt,True
758,R02,P02,I08,T02_08,0.25418379932228635,0.6772984143311719,0.28514759420230157,prompt,True
759,R02,P02,I08,T02_08,0.29049577065404153,0.5889207787224321,0.293289630305227,prompt,True
760,R02,P02,I08,T02_08,0.3268077419857967,0.39107545182134845,0.20862200589823512,prompt,True
761,R02,P02,I08,T02_08,0.3631197133175519,0.3556003311035407,0.19027292051542397,prompt,True
762,R02,P02,I08,T02_08,0.3994316846493071,0.6215713507198853,0.29774760552793533,prompt,True
763,R02,P02,I08,T02_08,0.4357436559810623,0.40380745784333727,0.2137007605861938,prompt,True
764,R02,P02,I08,T02_08,0.47205562731281747,0.49868877200696354,0.2327764488026048,prompt,True
765,R02,P02,I08,T02_08,0.5083675986445727,0.40032783037954967,0.2789209990411988,prompt,True
766,R02,P02,I08,T02_08,0.5446795699763278,0.7441791315093669,0.7639693234074045,option_right,True
767,R02,P02,I08,T02_08,0.5809915413080831,0.7324477197215293,0.7205039664456147,option_right,True
768,R02,P02,I08,T02_08,0.6173035126398383,0.7222211393091488,0.712169252433495,option_right,True
769,R02,P02,I08,T02_08,0.6536154839715934,0.30359959914968276,0.5978594745222703,option_left,True
770,R02,P02,I08,T02_08,0.6899274553033486,0.7663497255414052,0.6946586950558794,option_right,True
771,R02,P02,I08,T02_08,0.7262394266351038,0.8798634949994011,0.816548821654815,option_right,True
772,R02,P02,I08,T02_08,0.762551397966859,0.18603985485799424,0.5929297162265975,option_left,True
773,R02,P02,I08,T02_08,0.7988633692986142,0.27349117670870277,0.8209890212124971,option_left,True
774,R02,P02,I08,T02_08,0.8351753406303694,0.7818527316872794,0.818132508420259,option_right,True
775,R02,P02,I08,T02_08,0.8714873119621246,0.31129599781591655,0.8054310876919262,option_left,True
776,R02,P02,I08,T02_08,0.9077992832938798,0.03839506562825715,0.8292223171140896,option_left,True
777,R02,P02,I08,T02_08,0.9441112546256349,0.6434506274413541,0.7017492135989922,option_right,True
778,R02,P02,I08,T02_08,0.9804232259573902,0.14569176512776763,0.8262080743311288,option_left,True
779,R02,P02,I08,T02_08,1.0167351972891454,0.15399866940752704,0.5743960542700653,option_left,True
780,R02,P02,I08,T02_08,1.0530471686209006,0.26504280696038274,0.7838815559966784,option_left,True
781,R02,P02,I08,T02_08,1.0893591399526557,0.3927903981201132,0.7936647110426133,option_left,True
782,R02,P02,I08,T02_08,1.1256711112844109,0.3190571754659272,0.7919325100121694,option_left,False
783,R02,P02,I08,T02_08,1.1619830826161661,0.25741898622418286,0.6530925824691719,option_left,True
784,R02,P02,I08,T02_08,1.1982950539479214,0.8328371850799,0.8323688383829724,option_right,True
785,R02,P02,I08,T02_08,1.2346070252796766,0.2586675094913029,0.6752254088834608,option_left,True
786,R02,P02,I08,T02_08,1.2709189966114316,0.7221889098771588,0.7845412330474854,option_right,True
787,R02,P02,I08,T02_08,1.3072309679431868,0.27083464182692707,0.8265257030739079,option_left,True
788,R02,P02,I08,T02_08,1.343542939274942,0.8770642725221305,0.6350059846717188,option_right,True
789,R02,P02,I08,T02_08,1.3798549106066973,0.7286049153815027,0.7486824395863753,option_right,True
790,R02,P02,I08,T02_08,1.4161668819384525,0.3443930313129132,0.7307580405938445,option_left,True
791,R02,P02,I08,T02_08,1.4524788532702075,0.7644968707818162,0.7840124244538051,option_right,True
792,R02,P02,I08,T02_08,1.4887908246019628,0.2356210225422372,0.7365609771442514,option_left,True
793,R02,P02,I08,T02_08,1.525102795933718,0.3065384008968859,0.6967252250227831,option_left,True
794,R02,P02,I08,T02_08,1.5614147672654732,0.1675087064713749,0.5889175544249001,option_left,True
795,R02,P02,I08,T02_08,1.5977267385972285,0.6879721580515926,0.8362654559999928,option_right,True
796,R02,P02,I08,T02_08,1.6340387099289837,0.6660352583090705,0.6841532071319236,option_right,True
797,R02,P02,I08,T02_08,1.6703506812607387,0.30812347095115633,0.8126410045665923,option_left,True
798,R02,P02,I08,T02_08,1.706662652592494,0.8081235211660314,0.7704025604841015,option_right,True
799,R02,P02,I08,T02_08,1.7429746239242492,0.7628239352476693,0.7903212742927541,option_right,True
800,R02,P02,I08,T02_08,1.7792865952560044,0.2908613443034318,0.7209219391486292,option_left,True
801,R03,P03,I01,T03_01,0.0,0.5828491504703373,0.27466990154862597,prompt,True
802,R03,P03,I01,T03_01,0.01769679532670172,0.5279587287943902,0.29350161479839815,prompt,True
803,R03,P03,I01,T03_01,0.03539359065340344,0.6099234271301917,0.2736430489927589,prompt,True
804,R03,P03,I01,T03_01,0.053090385980105154,0.47319901384222524,0.21905262777535547,prompt,True
805,R03,P03,I01,T03_01,0.07078718130680688,0.45156380339659863,0.25953176706521863,prompt,True
806,R03,P03,I01,T03_01,0.0884839766335086,0.5324465129431639,0.3524507591606628,prompt,True
807,R03,P03,I01,T03_01,0.10618077196021031,0.40701385412512037,0.2857744534422539,prompt,True
808,R03,P03,I01,T03_01,0.12387756728691203,0.36355127717387103,0.2346851083940734,prompt,True
809,R03,P03,I01,T03_01,0.14157436261361375,0.46089545387989955,0.2577433834146005,prompt,True
810,R03,P03,I01,T03_01,0.15927115794031546,0.593476678546741,0.12722719229146623,prompt,True
811,R03,P03,I01,T03_01,0.1769679532670172,0.45591226430753823,0.26228544401403225,prompt,True
812,R03,P03,I01,T03_01,0.1946647485937189,0.5437496148412423,0.3555045841803432,prompt,True
813,R03,P03,I01,T03_01,0.21236154392042061,0.6191618432546211,0.36959569004726867,prompt,True
814,R03,P03,I01,T03_01,0.23005833924712235,0.5850816537049159,0.1537024704288676,prompt,True
815,R03,P03,I01,T03_01,0.24775513457382406,0.533069943049317,0.19780718222435575,prompt,True
816,R03,P03,I01,T03_01,0.2654519299005258,0.19695458322417786,0.7494759003521579,option_left,True
817,R03,P03,I01,T03_01,0.2831487252272275,0.2793813870530906,0.8929218884186817,option_left,True
818,R03,P03,I01,T03_01,0.3008455205539292,0.1548720855015987,0.8526968391650119,option_left,True
819,R03,P03,I01,T03_01,0.3185423158806309,0.3750946703280996,0.7215107779955602,option_left,True
820,R03,P03,I01,T03_01,0.3362391112073327,0.17476312987899545,0.8323712680706674,option_left,True
821,R03,P03,I01,T03_01,0.3539359065340344,0.23946960109998489,0.7128118258980303,option_left,True
822,R03,P03,I01,T03_01,0.3716327018607361,0.3111507223774462,0.7732722491156658,option_left,True
823,R03,P03,I01,T03_01,0.3893294971874378,0.2142655547228299,0.7672119561784506,option_left,True
824,R03,P03,I01,T03_01,0.4070262925141395,0.19909156232631947,0.7297318611773068,option_left,True
825,R03,P03,I01,T03_01,0.42472308784084123,0.10212236022387841,0.7736934891376469,option_left,True
826,R03,P03,I01,T03_01,0.442419883167543,0.2826264954245078,0.709484748783911,option_left,True
827,R03,P03,I01,T03_01,0.4601166784942447,0.26541987350434754,0.8419498695705052,option_left,False
828,R03,P03,I01,T03_01,0.4778134738209464,0.2007087196706594,0.7121781733716899,option_left,True
829,R03,P03,I01,T03_01,0.4955102691476481,0.29495471515858307,0.7312866245392331,option_left,True
830,R03,P03,I01,T03_01,0.5132070644743498,0.1767045581728504,0.624286406308429,option_left,True
831,R03,P03,I01,T03_01,0.5309038598010516,0.22501664228293577,0.7356732871892756,option_left,True
832,R03,P03,I01,T03_01,0.5486006551277532,0.304577235054578,0.716212773742444,option_left,True
833,R03,P03,I01,T03_01,0.566297450454455,0.1281981134806911,0.7942957665870318,option_left,True
834,R03,P03,I01,T03_01,0.5839942457811568,0.41988696692153604,0.7206057988932674,option_left,True
835,R03,P03,I01,T03_01,0.6016910411078584,0.24379446936270102,0.7926068097689877,option_left,True
836,R03,P03,I01,T03_01,0.6193878364345602,0.3001210448091312,0.7433384779110523,option_left,True
837,R03,P03,I01,T03_01,0.6370846317612618,0.21919852940083598,0.6944695757319421,option_left,True
838,R03,P03,I01,T03_01,0.6547814270879636,0.38966019863586954,0.674189359628669,option_left,True
839,R03,P03,I01,T03_01,0.6724782224146654,0.1701309467590415,0.6988720285307597,option_left,True
840,R03,P03,I01,T03_01,0.690175017741367,0.14996230287234744,0.6329743859116015,option_left,True
841,R03,P03,I01,T03_01,0.7078718130680688,0.1725091143675399,0.7413268717257397,option_left,True
842,R03,P03,I01,T03_01,0.7255686083947704,0.2681106868289007,0.7522762302326629,option_left,True
843,R03,P03,I01,T03_01,0.7432654037214722,0.24413228360026745,0.6828825847265473,option_left,True
844,R03,P03,I01,T03_01,0.760962199048174,0.23838209938335678,0.6730578999116968,option_left,True
845,R03,P03,I01,T03_01,0.7786589943748756,0.255316277328694,0.8101899467028191,option_left,True
846,R03,P03,I01,T03_01,0.7963557897015774,0.2826211066345613,0.7886526360314294,option_left,True
847,R03,P03,I01,T03_01,0.814052585028279,0.19985310069599937,0.7352897003943816,option_left,True
848,R03,P03,I01,T03_01,0.8317493803549808,0.2616682568912964,0.7091717703925582,option_left,True
849,R03,P03,I01,T03_01,0.8494461756816825,0.21684886421537514,0.6935465520614547,option_left,False
850,R03,P03,I01,T03_01,0.8671429710083842,0.22860290925716414,0.7167923662894647,option_left,True
851,R03,P03,I02,T03_02,0.0,0.3160495454774565,0.26463052698309536,prompt,True
852,R03,P03,I02,T03_02,0.03401234341575416,0.6099718237265604,0.33560493304900507,prompt,True
853,R03,P03,I02,T03_02,0.06802468683150832,0.4591689480934008,0.1871779993052028,prompt,True
854,R03,P03,I02,T03_02,0.10203703024726249,0.34563174288915244,0.27902105107584235,prompt,True
855,R03,P03,I02,T03_02,0.13604937366301664,0.441271843014973,0.38205997993197705,prompt,True
856,R03,P03,I02,T03_02,0.1700617170787708,0.668352942614134,0.2532484395903301,prompt,True
857,R03,P03,I02,T03_02,0.20407406049452498,0.5488396658829106,0.19679196910538194,prompt,True
858,R03,P03,I02,T03_02,0.23808640391027913,0.44737147186158727,0.31346599600392194,prompt,True
859,R03,P03,I02,T03_02,0.2720987473260333,0.575877673852231,0.27655753753899814,prompt,True
860,R03,P03,I02,T03_02,0.30611109074178744,0.5227816281727137,0.25676687347345745,prompt,True
861,R03,P03,I02,T03_02,0.3401234341575416,0.4549464636827747,0.18048045439135157,prompt,True
862,R03,P03,I02,T03_02,0.37413577757329575,0.6578953732861086,0.2802365917758825,prompt,True
863,R03,P03,I02,T03_02,0.40814812098904996,0.30776521804633106,0.19281219516747125,prompt,True
864,R03,P03,I02,T03_02,0.4421604644048041,0.6426431917450947,0.31940306745551617,prompt,True
865,R03,P03,I02,T03_02,0.47617280782055826,0.5345881235371103,0.22975431238686678,prompt,True
866,R03,P03,I02,T03_02,0.5101851512363124,0.6872354133272686,0.7582862692150366,option_right,True
867,R03,P03,I02,T03_02,0.5441974946520666,0.8630104577233806,0.6733201745391477,option_right,True
868,R03,P03,I02,T03_02,0.5782098380678208,0.790318751747243,0.749977680328933,option_right,True
869,R03,P03,I02,T03_02,0.6122221814835749,0.5576015789368278,0.5176206765303554,option_right,True
870,R03,P03,I02,T03_02,0.6462345248993291,0.6471371543688605,0.875056008165101,option_right,True
871,R03,P03,I02,T03_02,0.6802468683150832,0.7257542699390599,0.6642080337509552,option_right,True
872,R03,P03,I02,T03_02,0.7142592117308374,0.8828382816750563,0.8886813318139626,option_right,True
873,R03,P03,I02,T03_02,0.7482715551465915,0.705779572066629,0.7154725341033014,option_right,True
874,R03,P03,I02,T03_02,0.7822838985623457,0.8527538677253016,0.7602501354275396,option_right,True
875,R03,P03,I02,T03_02,0.8162962419780999,0.6979630678197948,0.8078265894394924,option_right,True
876,R03,P03,I02,T03_02,0.850308585393854,0.8117532683989707,0.6948042011643898,option_right,True
877,R03,P03,I02,T03_02,0.8843209288096082,0.6920043615655815,0.7215273245416116,option_right,True
878,R03,P03,I02,T03_02,0.9183332722253623,0.7288056424747615,0.7360606756561038,option_right,True
879,R03,P03,I02,T03_02,0.9523456156411165,0.6512115392136639,0.7646683537602745,option_right,True
880,R03,P03,I02,T03_02,0.9863579590568706,0.7751884299808762,0.7659107209586945,option_right,True
881,R03,P03,I02,T03_02,1.0203703024726247,0.8278616665518184,0.9063405804366079,option_right,True
882,R03,P03,I02,T03_02,1.054382645888379,0.7497229355823889,0.811156503512437,option_right,True
883,R03,P03,I02,T03_02,1.0883949893041331,0.6752396860035992,0.8069300507514969,option_right,True
884,R03,P03,I02,T03_02,1.1224073327198874,0.7766849825651161,0.7773135364663892,option_right,True
885,R03,P03,I02,T03_02,1.1564196761356416,0.8768535967543769,0.8166480150863571,option_right,True
886,R03,P03,I02,T03_02,1.1904320195513955,0.8833980365174205,0.6547555525335427,option_right,True
887,R03,P03,I02,T03_02,1.2244443629671498,0.7134035991984893,0.8872950581914331,option_right,True
888,R03,P03,I02,T03_02,1.258456706382904,0.7970295069789707,0.7712820754649343,option_right,True
889,R03,P03,I02,T03_02,1.2924690497986582,0.7971155363958855,0.6609486640147434,option_right,True
890,R03,P03,I02,T03_02,1.3264813932144122,0.7246097174167248,0.8885102038909287,option_right,True
891,R03,P03,I02,T03_02,1.3604937366301664,0.7267463285055676,0.8073776848958982,option_right,True
892,R03,P03,I02,T03_02,1.3945060800459206,0.6622429845815242,0.6372782105760847,option_right,True
893,R03,P03,I02,T03_02,1.4285184234616748,0.7908605528250008,0.7062228494423545,option_right,True
894,R03,P03,I02,T03_02,1.462530766877429,0.6829950879990787,0.6933768275894746,option_right,True
895,R03,P03,I02,T03_02,1.496543110293183,0.7877402081184471,0.6091180546418282,option_right,True
896,R03,P03,I02,T03_02,1.5305554537089372,0.7062383924016042,0.7269459221984492,option_right,True
897,R03,P03,I02,T03_02,1.5645677971246914,0.787349365909763,0.6203141916936118,option_right,True
898,R03,P03,I02,T03_02,1.5985801405404456,0.6582244383026147,0.6765403714763656,option_right,True
899,R03,P03,I02,T03_02,1.6325924839561998,0.7191410139927327,0.7509778459650526,option_right,True
900,R03,P03,I02,T03_02,1.6666048273719538,0.9000343929354524,0.7642280179212121,option_right,True
901,R03,P03,I03,T03_03,0.0,0.5614111848053988,0.22162798712185855,prompt,True
902,R03,P03,I03,T03_03,0.024748634663493075,0.43627244990927144,0.2757883388032082,prompt,True
903,R03,P03,I03,T03_03,0.04949726932698615,0.3255315325131585,0.35595311318085354,prompt,True
904,R03,P03,I03,T03_03,0.07424590399047923,0.4498647356866851,0.3703947333405857,prompt,True
905,R03,P03,I03,T03_03,0.0989945386539723,0.6322650368642428,0.20431589692438276,prompt,True
906,R03,P03,I03,T03_03,0.12374317331746537,0.538075183230846,0.3570006069703875,prompt,True
907,R03,P03,I03,T03_03,0.14849180798095846,0.40606159222792126,0.14972400624394205,prompt,True
908,R03,P03,I03,T03_03,0.17324044264445151,0.48010357211397936,0.44775613959935656,prompt,True
909,R03,P03,I03,T03_03,0.1979890773079446,0.5172874020957196,0.26072270806135445,prompt,True
910,R03,P03,I03,T03_03,0.22273771197143769,0.6272538048575571,0.2591982191835398,prompt,True
911,R03,P03,I03,T03_03,0.24748634663493074,0.4392479467261622,0.29171107110163225,prompt,True
912,R03,P03,I03,T03_03,0.27223498129842383,0.5056849153570592,0.09960141083816984,prompt,True
913,R03,P03,I03,T03_03,0.2969836159619169,0.4161022642511136,0.2750908983607979,prompt,True
914,R03,P03,I03,T03_03,0.32173225062541,0.8433739737565695,0.26469986562191017,prompt,True
915,R03,P03,I03,T03_03,0.34648088528890303,0.5621490529153662,0.17130943067968074,prompt,True
916,R03,P03,I03,T03_03,0.3712295199523961,0.17209543927568455,0.8341359865969293,option_left,True
917,R03,P03,I03,T03_03,0.3959781546158892,0.12567232378696325,0.7769964268974638,option_left,True
918,R03,P03,I03,T03_03,0.4207267892793823,0.22395117366194,0.8488906281697308,option_left,False
919,R03,P03,I03,T03_03,0.44547542394287537,0.24173273597395917,0.8865889363215277,option_left,True
920,R03,P03,I03,T03_03,0.4702240586063684,0.419711129069956,0.812322346266758,option_left,True
921,R03,P03,I03,T03_03,0.4949726932698615,0.12361520605294385,0.7815532230561147,option_left,True
922,R03,P03,I03,T03_03,0.5197213279333546,0.38606307519729316,0.7799237316200966,option_left,True
923,R03,P03,I03,T03_03,0.5444699625968477,0.19753178646029002,0.7928166246435395,option_left,True
924,R03,P03,I03,T03_03,0.5692185972603407,0.3163510396431626,0.7581162214264235,option_left,True
925,R03,P03,I03,T03_03,0.5939672319238338,0.22089756032238334,0.6836104390628993,option_left,True
926,R03,P03,I03,T03_03,0.6187158665873269,0.18276583907026112,0.6754705288995877,option_left,True
927,R03,P03,I03,T03_03,0.64346450125082,0.16424440225991466,0.764516442089693,option_left,True
928,R03,P03,I03,T03_03,0.668213135914313,0.22393424221544564,0.7034793623749299,option_left,True
929,R03,P03,I03,T03_03,0.6929617705778061,0.12303159647155026,0.7383394317377706,option_left,True
930,R03,P03,I03,T03_03,0.7177104052412991,0.2631508043878904,0.6825288396899425,option_left,True
931,R03,P03,I03,T03_03,0.7424590399047922,0.25387101163524894,0.5669588437872797,option_left,True
932,R03,P03,I03,T03_03,0.7672076745682853,0.29949213862937935,0.6786757939969636,option_left,True
933,R03,P03,I03,T03_03,0.7919563092317784,0.2109381007347656,0.8037169150528765,option_left,True
934,R03,P03,I03,T03_03,0.8167049438952715,0.2743048085245105,0.6089448128027414,option_left,True
935,R03,P03,I03,T03_03,0.8414535785587646,0.23413910438554156,0.7967530860064485,option_left,True
936,R03,P03,I03,T03_03,0.8662022132222577,0.4170974725712102,0.8104682937011329,option_left,True
937,R03,P03,I03,T03_03,0.8909508478857507,0.18165345456681836,0.7149300947920458,option_left,True
938,R03,P03,I03,T03_03,0.9156994825492438,0.21696147331482193,0.6847107758169588,option_left,True
939,R03,P03,I03,T03_03,0.9404481172127368,0.2992341861184549,0.6547431152483022,option_left,True
940,R03,P03,I03,T03_03,0.9651967518762299,0.2635222926192325,0.6946290949943659,option_left,True
941,R03,P03,I03,T03_03,0.989945386539723,0.21654143733262088,0.6653818112477188,option_left,True
942,R03,P03,I03,T03_03,1.014694021203216,0.1492029420565256,0.782873164343815,option_left,False
943,R03,P03,I03,T03_03,1.0394426558667091,0.30243713528014876,0.7451107566700763,option_left,True
944,R03,P03,I03,T03_03,1.0641912905302022,0.3732989026202873,0.6845001917948615,option_left,True
945,R03,P03,I03,T03_03,1.0889399251936953,0.2716706373089978,0.8355140360451174,option_left,True
946,R03,P03,I03,T03_03,1.1136885598571884,0.232478228921789,0.8378855450807163,option_left,True
947,R03,P03,I03,T03_03,1.1384371945206815,0.33432168708957655,0.7547089034261133,option_left,True
948,R03,P03,I03,T03_03,1.1631858291841746,0.3066920253354695,0.7661717644807722,option_left,True
949,R03,P03,I03,T03_03,1.1879344638476677,0.16059819476484316,0.6366104207797714,option_left,True
950,R03,P03,I03,T03_03,1.2126830985111607,0.1720750452884141,0.8286113410049396,option_left,True
951,R03,P03,I04,T03_04,0.0,0.5266193116052791,0.1628011542955164,prompt,True
952,R03,P03,I04,T03_04,0.02246112849425765,0.46722580986390794,0.35843414016614084,prompt,True
953,R03,P03,I04,T03_04,0.0449222569885153,0.6138804189187917,0.33150159369788423,prompt,True
954,R03,P03,I04,T03_04,0.06738338548277295,0.5901111874766147,0.20549282776783076,prompt,True
955,R03,P03,I04,T03_04,0.0898445139770306,0.42829983595009447,0.23639332540710367,prompt,True
956,R03,P03,I04,T03_04,0.11230564247128824,0.4535541647596415,0.3535924365226404,prompt,False
957,R03,P03,I04,T03_04,0.1347667709655459,0.588885668834416,0.20526212244899508,prompt,True
958,R03,P03,I04,T03_04,0.15722789945980353,0.45109598427109465,0.33868359534302317,prompt,True
959,R03,P03,I04,T03_04,0.1796890279540612,0.3783849525454787,0.17020507669704704,prompt,True
960,R03,P03,I04,T03_04,0.20215015644831885,0.5600758416364789,0.17020494538266784,prompt,True
961,R03,P03,I04,T03_04,0.22461128494257648,0.4818240201888283,0.21042856326246112,prompt,True
962,R03,P03,I04,T03_04,0.24707241343683414,0.34444962798223244,0.2675386735863857,prompt,True
963,R03,P03,I04,T03_04,0.2695335419310918,0.42021494349305144,0.15647174032980624,prompt,True
964,R03,P03,I04,T03_04,0.29199467042534943,0.6439535552538747,0.15816452924475,prompt,True
965,R03,P03,I04,T03_04,0.31445579891960707,0.5622001653637366,0.19532045691365796,prompt,True
966,R03,P03,I04,T03_04,0.33691692741386475,0.6612827524454085,0.7644719665743902,option_right,True
967,R03,P03,I04,T03_04,0.3593780559081224,0.7272113020935788,0.6741821102857934,option_right,True
968,R03,P03,I04,T03_04,0.38183918440238,0.6451536063798035,0.7710168448465877,option_right,True
969,R03,P03,I04,T03_04,0.4043003128966377,0.7293777795194399,0.8127933039187607,option_right,True
970,R03,P03,I04,T03_04,0.42676144139089534,0.854170592976093,0.7933317960341129,option_right,True
971,R03,P03,I04,T03_04,0.44922256988515297,0.6590879455574904,0.6420869497066974,option_right,True
972,R03,P03,I04,T03_04,0.47168369837941065,0.6592889588181982,0.7816897239996371,option_right,True
973,R03,P03,I04,T03_04,0.4941448268736683,0.7227986172448003,0.8227321235839291,option_right,True
974,R03,P03,I04,T03_04,0.516605955367926,0.6836665386774741,0.8136420150240614,option_right,True
975,R03,P03,I04,T03_04,0.5390670838621836,0.7358805432144748,0.8044008146423672,option_right,True
976,R03,P03,I04,T03_04,0.5615282123564412,0.7534061194458708,0.6415026391776909,option_right,False
977,R03,P03,I04,T03_04,0.5839893408506989,0.754011976308879,0.8773938805628696,option_right,True
978,R03,P03,I04,T03_04,0.6064504693449565,0.6122957458003317,0.7797772259294123,option_right,True
979,R03,P03,I04,T03_04,0.6289115978392141,0.7466867773502254,0.7072432265810462,option_right,True
980,R03,P03,I04,T03_04,0.6513727263334719,0.8057880496090339,0.7953300167946122,option_right,True
981,R03,P03,I04,T03_04,0.6738338548277295,0.6745438143353498,0.7810346536303677,option_right,True
982,R03,P03,I04,T03_04,0.6962949833219871,0.5433249011823267,0.7017538123779323,option_right,True
983,R03,P03,I04,T03_04,0.7187561118162448,0.7644024530186987,0.9715170533349683,option_right,True
984,R03,P03,I04,T03_04,0.7412172403105024,0.8008736168174257,0.7752533726159613,option_right,True
985,R03,P03,I04,T03_04,0.76367836880476,0.8831796451089429,0.703894623757237,option_right,True
986,R03,P03,I04,T03_04,0.7861394972990177,0.7147753184232266,0.883634103721113,option_right,True
987,R03,P03,I04,T03_04,0.8086006257932754,0.7072737792605774,0.711119672789128,option_right,True
988,R03,P03,I04,T03_04,0.831061754287533,0.7672264775636519,0.6845224011052711,option_right,True
989,R03,P03,I04,T03_04,0.8535228827817907,0.7078073851030102,0.6793534619345172,option_right,True
990,R03,P03,I04,T03_04,0.8759840112760483,0.6906174839140982,0.6641876558750384,option_right,True
991,R03,P03,I04,T03_04,0.8984451397703059,0.6690162715169318,0.856022727394585,option_right,True
992,R03,P03,I04,T03_04,0.9209062682645636,0.7138317224181969,0.6927277153790748,option_right,True
993,R03,P03,I04,T03_04,0.9433673967588213,0.7529071640638653,0.6851814937727492,option_right,True
994,R03,P03,I04,T03_04,0.9658285252530789,0.8037013274010194,0.7588706699857742,option_right,True
995,R03,P03,I04,T03_04,0.9882896537473366,0.7888705451777942,0.6766071019457535,option_right,True
996,R03,P03,I04,T03_04,1.0107507822415942,0.7887090935045749,0.4979892183764772,option_right,True
997,R03,P03,I04,T03_04,1.033211910735852,0.6415773245352714,0.7051326558567002,option_right,True
998,R03,P03,I04,T03_04,1.0556730392301095,0.8430357812519371,0.7875651009542692,option_right,True
999,R03,P03,I04,T03_04,1.0781341677243672,0.7417294189144288,0.8119462649200009,option_right,False
1000,R03,P03,I04,T03_04,1.1005952962186247,0.7275957775780834,0.6440422300028086,option_right,True
1001,R03,P03,I05,T03_05,0.0,0.5430319237906174,0.2183285796838154,prompt,True
1002,R03,P03,I05,T03_05,0.02369899111034395,0.6323864032221639,0.1556118135430063,prompt,True
1003,R03,P03,I05,T03_05,0.0473979822206879,0.6358452206688037,0.2202399801362609,prompt,True
1004,R03,P03,I05,T03_05,0.07109697333103185,0.5025248321632176,0.22386151676119587,prompt,True
1005,R03,P03,I05,T03_05,0.0947959644413758,0.4972383540570756,0.33114457108118944,prompt,True
1006,R03,P03,I05,T03_05,0.11849495555171974,0.5620165832340807,0.10960054400365205,prompt,True
1007,R03,P03,I05,T03_05,0.1421939466620637,0.6156312435514976,0.22858168508685772,prompt,True
1008,R03,P03,I05,T03_05,0.16589293777240763,0.4814095374811584,0.06384311926251837,prompt,True
1009,R03,P03,I05,T03_05,0.1895919288827516,0.4998780509918088,0.14999061971788702,prompt,True
1010,R03,P03,I05,T03_05,0.21329091999309555,0.4106084319247294,0.26102179556231736,prompt,True
1011,R03,P03,I05,T03_05,0.23698991110343948,0.6208923646885554,0.2576418529061061,prompt,False
1012,R03,P03,I05,T03_05,0.26068890221378344,0.443427317659548,0.3175918123315276,prompt,True
1013,R03,P03,I05,T03_05,0.2843878933241274,0.486206006823291,0.2393317688840867,prompt,True
1014,R03,P03,I05,T03_05,0.30808688443447135,0.5185144825666155,0.19415769234296706,prompt,True
1015,R03,P03,I05,T03_05,0.33178587554481526,0.6472979031249779,0.20072651110458697,prompt,True
1016,R03,P03,I05,T03_05,0.3554848666551592,0.32464435043017087,0.8098927666711039,option_left,False
1017,R03,P03,I05,T03_05,0.3791838577655032,0.3501766473084811,0.7223052443396387,option_left,True
1018,R03,P03,I05,T03_05,0.40288284887584713,0.2691552198517743,0.5594679748361863,option_left,True
1019,R03,P03,I05,T03_05,0.4265818399861911,0.3102180372102421,0.7232813310106883,option_left,True
1020,R03,P03,I05,T03_05,0.450280831096535,0.2952647125063976,0.6777624817277114,option_left,True
1021,R03,P03,I05,T03_05,0.47397982220687895,0.2632968806540573,0.7761954160459117,option_left,True
1022,R03,P03,I05,T03_05,0.4976788133172229,0.1357398229009063,0.8621632435212538,option_left,True
1023,R03,P03,I05,T03_05,0.5213778044275669,0.09892286178250931,0.718050832282862,option_left,True
1024,R03,P03,I05,T03_05,0.5450767955379108,0.20179121818231482,0.711892828462711,option_left,True
1025,R03,P03,I05,T03_05,0.5687757866482548,0.22206121167208243,0.759513001865087,option_left,True
1026,R03,P03,I05,T03_05,0.5924747777585987,0.18101772365246319,0.8091392182399175,option_left,True
1027,R03,P03,I05,T03_05,0.6161737688689427,0.35457666697301377,0.771367596945966,option_left,True
1028,R03,P03,I05,T03_05,0.6398727599792866,0.17334563295302968,0.7562734628724599,option_left,True
1029,R03,P03,I05,T03_05,0.6635717510896305,0.38891943438832255,0.631175096004697,option_left,True
1030,R03,P03,I05,T03_05,0.6872707421999745,0.2582197689065182,0.7319606074840707,option_left,True
1031,R03,P03,I05,T03_05,0.7109697333103184,0.30787527223861055,0.7301154085263997,option_left,True
1032,R03,P03,I05,T03_05,0.7346687244206624,0.34579484657601933,0.7250627073093041,option_left,True
1033,R03,P03,I05,T03_05,0.7583677155310063,0.30567330552677713,0.6828539648382583,option_left,True
1034,R03,P03,I05,T03_05,0.7820667066413503,0.2905953619580386,0.820716265108087,option_left,True
1035,R03,P03,I05,T03_05,0.8057656977516943,0.4518201134666284,0.6834118136474294,option_left,True
1036,R03,P03,I05,T03_05,0.8294646888620382,0.36938769805549065,0.6883006588164402,option_left,True
1037,R03,P03,I05,T03_05,0.8531636799723822,0.3251587480986924,0.8995928702648317,option_left,True
1038,R03,P03,I05,T03_05,0.8768626710827261,0.26907735439250474,0.8788271748255716,option_left,True
1039,R03,P03,I05,T03_05,0.90056166219307,0.3252168316963897,0.6434744751865987,option_left,True
1040,R03,P03,I05,T03_05,0.924260653303414,0.35655033151843807,0.6967573204575995,option_left,True
1041,R03,P03,I05,T03_05,0.9479596444137579,0.30737665428497757,0.7596868213451076,option_left,True
1042,R03,P03,I05,T03_05,0.9716586355241019,0.32251369043706574,0.5706806065030959,option_left,True
1043,R03,P03,I05,T03_05,0.9953576266344458,0.11925192308401425,0.6964621227638721,option_left,True
1044,R03,P03,I05,T03_05,1.0190566177447897,0.20834298144010363,0.8101613763690418,option_left,True
1045,R03,P03,I05,T03_05,1.0427556088551337,0.25524212836296895,0.6605019625083501,option_left,True
1046,R03,P03,I05,T03_05,1.0664545999654778,0.21978220645562294,0.6453930331232745,option_left,True
1047,R03,P03,I05,T03_05,1.0901535910758215,0.26675582556331395,0.7251588320475049,option_left,True
1048,R03,P03,I05,T03_05,1.1138525821861656,0.2616776534415872,0.8490842927750976,option_left,True
1049,R03,P03,I05,T03_05,1.1375515732965096,0.41832160464247226,0.8962855885114367,option_left,True
1050,R03,P03,I05,T03_05,1.1612505644068534,0.1830788345967425,0.7795983409094454,option_left,True
1051,R03,P03,I06,T03_06,0.0,0.3816927170411137,0.148071591717731,prompt,True
1052,R03,P03,I06,T03_06,0.029352568909352766,0.45395136878695824,0.2559411498559584,prompt,True
1053,R03,P03,I06,T03_06,0.05870513781870553,0.5047145453273354,0.1833189105722992,prompt,True
1054,R03,P03,I06,T03_06,0.0880577067280583,0.5921600744288862,0.2238340877993979,prompt,True
1055,R03,P03,I06,T03_06,0.11741027563741106,0.5118955422703655,0.22946361392006115,prompt,True
1056,R03,P03,I06,T03_06,0.14676284454676383,0.5134229721271896,0.2605948672732421,prompt,True
1057,R03,P03,I06,T03_06,0.1761154134561166,0.5397965330067652,0.31866053967845287,prompt,True
1058,R03,P03,I06,T03_06,0.20546798236546937,0.5709281230506849,0.2146912405977025,prompt,True
1059,R03,P03,I06,T03_06,0.23482055127482213,0.43599559311889546,0.08886184088922927,prompt,True
1060,R03,P03,I06,T03_06,0.2641731201841749,0.4115823649334352,0.2988419026283382,prompt,True
1061,R03,P03,I06,T03_06,0.29352568909352766,0.44601213485358565,0.17630715331006322,prompt,True
1062,R03,P03,I06,T03_06,0.32287825800288045,0.525755638041579,0.15497081982092986,prompt,True
1063,R03,P03,I06,T03_06,0.3522308269122332,0.5743559861821906,0.13111173059488496,prompt,True
1064,R03,P03,I06,T03_06,0.38158339582158596,0.4521364634559097,0.3131412239659701,prompt,True
1065,R03,P03,I06,T03_06,0.41093596473093874,0.2920297603363263,0.2053642017775703,prompt,True
1066,R03,P03,I06,T03_06,0.44028853364029147,0.6408297178657589,0.8657363242040539,option_right,True
1067,R03,P03,I06,T03_06,0.46964110254964425,0.7697073932577811,0.8259538825476394,option_right,True
1068,R03,P03,I06,T03_06,0.49899367145899703,0.7866423910910414,0.6621305411732799,option_right,True
1069,R03,P03,I06,T03_06,0.5283462403683498,0.6814809150099715,0.6840321060357537,option_right,True
1070,R03,P03,I06,T03_06,0.5576988092777025,0.7900045001574895,0.837992206398882,option_right,True
1071,R03,P03,I06,T03_06,0.5870513781870553,0.8740341945273603,0.6884485185355834,option_right,True
1072,R03,P03,I06,T03_06,0.6164039470964081,0.6540853591750482,0.6285150948057014,option_right,True
1073,R03,P03,I06,T03_06,0.6457565160057609,0.7927383877591117,0.613952730243148,option_right,True
1074,R03,P03,I06,T03_06,0.6751090849151136,0.8230354710145752,0.7349922359789051,option_right,True
1075,R03,P03,I06,T03_06,0.7044616538244663,0.7956610382134244,0.7357074966907062,option_right,True
1076,R03,P03,I06,T03_06,0.7338142227338191,0.7145622126720005,0.6243843207777121,option_right,True
1077,R03,P03,I06,T03_06,0.7631667916431719,0.718782427959563,0.6633805433002996,option_right,True
1078,R03,P03,I06,T03_06,0.7925193605525247,0.7737076942577222,0.8307617193973739,option_right,True
1079,R03,P03,I06,T03_06,0.8218719294618775,0.7768535256196443,0.8315229456206812,option_right,True
1080,R03,P03,I06,T03_06,0.8512244983712302,0.8472002992684791,0.7795407261505325,option_right,False
1081,R03,P03,I06,T03_06,0.8805770672805829,0.8026089554870868,0.7423958673668017,option_right,True
1082,R03,P03,I06,T03_06,0.9099296361899357,0.8718181218911925,0.7530432296673323,option_right,True
1083,R03,P03,I06,T03_06,0.9392822050992885,0.8472296814477186,0.7286449392842322,option_right,True
1084,R03,P03,I06,T03_06,0.9686347740086413,0.816860781584958,0.7346498716985944,option_right,True
1085,R03,P03,I06,T03_06,0.9979873429179941,0.8453928740944482,0.8143763124849588,option_right,True
1086,R03,P03,I06,T03_06,1.0273399118273467,0.7398364537575908,0.8268134041465698,option_right,True
1087,R03,P03,I06,T03_06,1.0566924807366995,0.6559784157386228,0.7963532780305292,option_right,True
1088,R03,P03,I06,T03_06,1.0860450496460523,0.6101592940550671,0.7522950521459189,option_right,True
1089,R03,P03,I06,T03_06,1.115397618555405,0.7725608671459977,0.5142452939023525,option_right,True
1090,R03,P03,I06,T03_06,1.1447501874647579,0.7654048682105845,0.6943749470541113,option_right,True
1091,R03,P03,I06,T03_06,1.1741027563741107,0.8581398136838074,0.803520685767823,option_right,True
1092,R03,P03,I06,T03_06,1.2034553252834634,0.7581177143557657,0.7277129547488878,option_right,True
1093,R03,P03,I06,T03_06,1.2328078941928162,0.6662160907062691,0.6670543291197746,option_right,True
1094,R03,P03,I06,T03_06,1.262160463102169,0.6648914910182497,0.7053207388767413,option_right,True
1095,R03,P03,I06,T03_06,1.2915130320115218,0.8167071046693539,0.7126927003408584,option_right,True
1096,R03,P03,I06,T03_06,1.3208656009208743,0.769108230888108,0.6341099577307348,option_right,True
1097,R03,P03,I06,T03_06,1.3502181698302271,0.6759058895349995,0.6589173521403147,option_right,True
1098,R03,P03,I06,T03_06,1.37957073873958,0.7474937085170227,0.8357095125865591,option_right,True
1099,R03,P03,I06,T03_06,1.4089233076489327,0.8159352799665993,0.7683235983982404,option_right,True
1100,R03,P03,I06,T03_06,1.4382758765582855,0.7669960505215915,0.6498686565723181,option_right,True
1101,R03,P03,I07,T03_07,0.0,0.42258900238977,0.17259449410887479,prompt,True
1102,R03,P03,I07,T03_07,0.027003811160575025,0.4218588816700834,0.39699416939330645,prompt,True
1103,R03,P03,I07,T03_07,0.05400762232115005,0.36309687301319993,0.1878523074833779,prompt,True
1104,R03,P03,I07,T03_07,0.08101143348172507,0.5147734711418722,0.20680739479454413,prompt,True
1105,R03,P03,I07,T03_07,0.1080152446423001,0.5241910351907877,0.21954469555419748,prompt,True
1106,R03,P03,I07,T03_07,0.13501905580287513,0.5311572895529125,0.21977731288728763,prompt,True
1107,R03,P03,I07,T03_07,0.16202286696345014,0.3544292140288171,0.26841051632227847,prompt,True
1108,R03,P03,I07,T03_07,0.18902667812402518,0.43265416141267443,0.25778194967060547,prompt,True
1109,R03,P03,I07,T03_07,0.2160304892846002,0.5653269112324332,0.10252695008541424,prompt,True
1110,R03,P03,I07,T03_07,0.2430343004451752,0.4960419644215645,0.1660640870621613,prompt,True
1111,R03,P03,I07,T03_07,0.27003811160575025,0.39573750523407386,0.08214824144493277,prompt,True
1112,R03,P03,I07,T03_07,0.2970419227663253,0.3413969034774055,0.3378327440690362,prompt,True
1113,R03,P03,I07,T03_07,0.3240457339269003,0.6676226382445335,0.19233199103823964,prompt,True
1114,R03,P03,I07,T03_07,0.3510495450874753,0.4015890585780401,0.14425911534933386,prompt,True
1115,R03,P03,I07,T03_07,0.37805335624805037,0.5006069987282096,0.3364578704903497,prompt,True
1116,R03,P03,I07,T03_07,0.40505716740862535,0.6597420929614946,0.8163078561651403,option_right,True
1117,R03,P03,I07,T03_07,0.4320609785692004,0.6955153922146273,0.8389850218691587,option_right,True
1118,R03,P03,I07,T03_07,0.45906478972977544,0.8493872163157896,0.7865183429398509,option_right,True
1119,R03,P03,I07,T03_07,0.4860686008903504,0.5807058632105945,0.6648819853510541,option_right,True
1120,R03,P03,I07,T03_07,0.5130724120509255,0.37941626371232234,0.7173932075575556,option_left,True
1121,R03,P03,I07,T03_07,0.5400762232115005,0.5048390903861497,0.7343237308955567,option_right,True
1122,R03,P03,I07,T03_07,0.5670800343720755,0.2010248376260197,0.6691364684043712,option_left,True
1123,R03,P03,I07,T03_07,0.5940838455326506,0.2506376617179198,0.882559615743599,option_left,True
1124,R03,P03,I07,T03_07,0.6210876566932255,0.23729639928034776,0.7635944258249753,option_left,True
1125,R03,P03,I07,T03_07,0.6480914678538006,0.8453290988128177,0.5948612791132721,option_right,True
1126,R03,P03,I07,T03_07,0.6750952790143756,0.1943759966207823,0.7653646066244727,option_left,True
1127,R03,P03,I07,T03_07,0.7020990901749506,0.19890546246696497,0.7547512937072857,option_left,True
1128,R03,P03,I07,T03_07,0.7291029013355257,0.24869066594400258,0.7455425815435991,option_left,True
1129,R03,P03,I07,T03_07,0.7561067124961007,0.27408387344522667,0.7079608964733323,option_left,True
1130,R03,P03,I07,T03_07,0.7831105236566757,0.7482824975806623,0.8855152686976856,option_right,True
1131,R03,P03,I07,T03_07,0.8101143348172507,0.6663007504493419,0.7256150558184953,option_right,True
1132,R03,P03,I07,T03_07,0.8371181459778257,0.6849205971109962,0.7105077016754553,option_right,True
1133,R03,P03,I07,T03_07,0.8641219571384008,0.2556223646558294,0.7717716273367067,option_left,True
1134,R03,P03,I07,T03_07,0.8911257682989758,0.742460229013345,0.6788767449115206,option_right,True
1135,R03,P03,I07,T03_07,0.9181295794595509,0.16510502825404524,0.6834610699636814,option_left,True
1136,R03,P03,I07,T03_07,0.9451333906201259,0.7361757169988364,0.759264637566603,option_right,True
1137,R03,P03,I07,T03_07,0.9721372017807008,0.3716152014885521,0.843443668286314,option_left,True
1138,R03,P03,I07,T03_07,0.9991410129412759,0.7421017350509113,0.7455126025210388,option_right,True
1139,R03,P03,I07,T03_07,1.026144824101851,0.9843232111923064,0.7566519147401686,option_right,True
1140,R03,P03,I07,T03_07,1.053148635262426,0.32157964164936526,0.7471797755215757,option_left,True
1141,R03,P03,I07,T03_07,1.080152446423001,0.6656449594750521,0.7869169889987385,option_right,True
1142,R03,P03,I07,T03_07,1.107156257583576,0.2767211227780423,0.6905777284035473,option_left,True
1143,R03,P03,I07,T03_07,1.134160068744151,0.7633307758524659,0.7600227062143754,option_right,True
1144,R03,P03,I07,T03_07,1.1611638799047261,0.2987939125506043,0.8674667456220128,option_left,True
1145,R03,P03,I07,T03_07,1.1881676910653012,0.7402102729398728,0.7292887971091201,option_right,True
1146,R03,P03,I07,T03_07,1.215171502225876,0.7745559392865751,0.7960135708671253,option_right,True
1147,R03,P03,I07,T03_07,1.242175313386451,0.7622509082939672,0.7936305027142925,option_right,False
1148,R03,P03,I07,T03_07,1.269179124547026,0.23859080201418692,0.7716785676059582,option_left,True
1149,R03,P03,I07,T03_07,1.2961829357076011,0.33372212953466995,0.838856376130931,option_left,True
1150,R03,P03,I07,T03_07,1.3231867468681762,0.5221974044176303,0.7918665477438199,option_right,True
1151,R03,P03,I08,T03_08,0.0,0.6245900938246916,0.20075467556798537,prompt,True
1152,R03,P03,I08,T03_08,0.041600868518474894,0.41599616983027843,0.19689922327833026,prompt,True
1153,R03,P03,I08,T03_08,0.08320173703694979,0.6403139769401001,0.2905284784479423,prompt,True
1154,R03,P03,I08,T03_08,0.12480260555542469,0.5361183313595985,0.1696995580430396,prompt,True
1155,R03,P03,I08,T03_08,0.16640347407389958,0.4581336954309804,0.1856732520679711,prompt,True
1156,R03,P03,I08,T03_08,0.20800434259237446,0.4609714267106318,0.4026403715186253,prompt,False
1157,R03,P03,I08,T03_08,0.24960521111084938,0.5170950042811758,0.10262476170326676,prompt,True
1158,R03,P03,I08,T03_08,0.29120607962932427,0.4655528820610446,0.3272714842430508,prompt,True
1159,R03,P03,I08,T03_08,0.33280694814779915,0.5780602601719161,0.15285612516978947,prompt,True
1160,R03,P03,I08,T03_08,0.37440781666627404,0.5735226792402944,0.28440592852836466,prompt,True
1161,R03,P03,I08,T03_08,0.4160086851847489,0.47066055853461974,0.2546471317744665,prompt,True
1162,R03,P03,I08,T03_08,0.4576095537032238,0.5817933056220478,0.3759382888076507,prompt,True
1163,R03,P03,I08,T03_08,0.49921042222169876,0.40296047061231566,0.24092804417804084,prompt,True
1164,R03,P03,I08,T03_08,0.5408112907401736,0.4849992141440117,0.2677485133883975,prompt,True
1165,R03,P03,I08,T03_08,0.5824121592586485,0.3961353418157938,0.18228355343880737,prompt,True
1166,R03,P03,I08,T03_08,0.6240130277771234,0.7813855105497163,0.7411737957207323,option_right,True
1167,R03,P03,I08,T03_08,0.6656138962955983,0.8007671853668962,0.6769193646026298,option_right,True
1168,R03,P03,I08,T03_08,0.7072147648140732,0.6915893012743063,0.8311035811084464,option_right,True
1169,R03,P03,I08,T03_08,0.7488156333325481,0.7430675787868168,0.8541800401164007,option_right,True
1170,R03,P03,I08,T03_08,0.790416501851023,0.79612136595963,0.8325900053981081,option_right,True
1171,R03,P03,I08,T03_08,0.8320173703694979,0.8099596324433721,0.7603047630696895,option_right,True
1172,R03,P03,I08,T03_08,0.8736182388879727,0.9058748206974448,0.7675051777426568,option_right,True
1173,R03,P03,I08,T03_08,0.9152191074064476,0.7932723026502863,0.7422862537686573,option_right,True
1174,R03,P03,I08,T03_08,0.9568199759249225,0.7109825887208275,0.8966392207971456,option_right,True
1175,R03,P03,I08,T03_08,0.9984208444433975,0.6341296140390316,0.776935352355539,option_right,True
1176,R03,P03,I08,T03_08,1.0400217129618723,0.6857425269867037,0.6515738069926644,option_right,True
1177,R03,P03,I08,T03_08,1.0816225814803473,0.7445432056361208,0.8177591838175006,option_right,True
1178,R03,P03,I08,T03_08,1.123223449998822,0.8582382986064803,0.7344902896859705,option_right,True
1179,R03,P03,I08,T03_08,1.164824318517297,0.8290700029399185,0.745606846212367,option_right,True
1180,R03,P03,I08,T03_08,1.2064251870357718,0.6850939310471446,0.8422450838449663,option_right,True
1181,R03,P03,I08,T03_08,1.2480260555542468,0.5702930402953978,0.7208121138707755,option_right,True
1182,R03,P03,I08,T03_08,1.2896269240727216,0.8426299350565372,0.665365296356093,option_right,True
1183,R03,P03,I08,T03_08,1.3312277925911966,0.8807252966618335,0.8661535073540305,option_right,True
1184,R03,P03,I08,T03_08,1.3728286611096716,0.7471272099353502,0.687331735481345,option_right,True
1185,R03,P03,I08,T03_08,1.4144295296281464,0.5980294719303597,0.7405111090142275,option_right,True
1186,R03,P03,I08,T03_08,1.4560303981466214,0.772250020602287,0.7762523204220447,option_right,True
1187,R03,P03,I08,T03_08,1.4976312666650962,0.784520789851315,0.5398375435404311,option_right,True
1188,R03,P03,I08,T03_08,1.5392321351835712,0.7548639853726694,0.8658888685205216,option_right,True
1189,R03,P03,I08,T03_08,1.580833003702046,0.8341891823890809,0.7985427182993972,option_right,True
1190,R03,P03,I08,T03_08,1.622433872220521,0.7366478241298674,0.796712926472911,option_right,True
1191,R03,P03,I08,T03_08,1.6640347407389957,0.7457690647562453,0.7615953047574685,option_right,False
1192,R03,P03,I08,T03_08,1.7056356092574707,0.8035689738818259,0.7982148606933315,option_right,True
1193,R03,P03,I08,T03_08,1.7472364777759455,0.6400357195762415,0.7359519351974869,option_right,True
1194,R03,P03,I08,T03_08,1.7888373462944205,0.7212783859007806,0.865821090818232,option_right,True
1195,R03,P03,I08,T03_08,1.8304382148128953,0.8153566994414092,0.6866766572233314,option_right,True
1196,R03,P03,I08,T03_08,1.8720390833313703,0.7456894710248176,0.7705276428775923,option_right,True
1197,R03,P03,I08,T03_08,1.913639951849845,0.570028378483127,0.7271045736331695,option_right,True
1198,R03,P03,I08,T03_08,1.95524082036832,0.7838573658966332,0.7122032072058159,option_right,True
1199,R03,P03,I08,T03_08,1.996841688886795,0.7809327593061728,0.6783073219777738,option_right,True
1200,R03,P03,I08,T03_08,2.03844255740527,0.9428163706829711,0.6482615121935015,option_right,True
1201,R04,P04,I01,T04_01,0.0,0.5418480641201735,0.3337555164488165,prompt,True
1202,R04,P04,I01,T04_01,0.019551810269887167,0.5113014808710065,0.21117046594297884,prompt,True
1203,R04,P04,I01,T04_01,0.039103620539774335,0.5702196800760754,0.23618950544331357,prompt,True
1204,R04,P04,I01,T04_01,0.0586554308096615,0.29450334790588883,0.3033198285842989,prompt,True
1205,R04,P04,I01,T04_01,0.07820724107954867,0.46820630099455623,0.3200322699424617,prompt,True
1206,R04,P04,I01,T04_01,0.09775905134943584,0.6857683729091895,0.3364739113817718,prompt,True
1207,R04,P04,I01,T04_01,0.117310861619323,0.4928506128263494,0.2026170117558129,prompt,True
1208,R04,P04,I01,T04_01,0.13686267188921017,0.4327795156766417,0.17775794182154797,prompt,True
1209,R04,P04,I01,T04_01,0.15641448215909734,0.6855652745171873,0.3368275661324756,prompt,True
1210,R04,P04,I01,T04_01,0.1759662924289845,0.4686768147668809,0.3048774868255301,prompt,True
1211,R04,P04,I01,T04_01,0.19551810269887168,0.4276633388599504,0.30588880055535905,prompt,True
1212,R04,P04,I01,T04_01,0.21506991296875885,0.4772828576506862,0.2736277707238624,prompt,True
1213,R04,P04,I01,T04_01,0.234621723238646,0.42406039091649794,0.18427553249858003,prompt,True
1214,R04,P04,I01,T04_01,0.25417353350853317,0.559979950577643,0.2682844746127658,prompt,True
1215,R04,P04,I01,T04_01,0.27372534377842034,0.4880882125618551,0.2660889465467816,prompt,False
1216,R04,P04,I01,T04_01,0.2932771540483075,0.31666753562090816,0.6664631677820185,option_left,True
1217,R04,P04,I01,T04_01,0.3128289643181947,0.23869199813753172,0.9537082264727367,option_left,True
1218,R04,P04,I01,T04_01,0.33238077458808185,0.2301964550682212,0.8696473398436745,option_left,True
1219,R04,P04,I01,T04_01,0.351932584857969,0.3021727980681655,0.7522537806909746,option_left,True
1220,R04,P04,I01,T04_01,0.3714843951278562,0.164346740168854,0.777849827665979,option_left,True
1221,R04,P04,I01,T04_01,0.39103620539774336,0.2586719422302532,0.6086052709890861,option_left,True
1222,R04,P04,I01,T04_01,0.41058801566763053,0.4158211067425307,0.6835494328852769,option_left,True
1223,R04,P04,I01,T04_01,0.4301398259375177,0.3502797357271159,0.7783125699654415,option_left,True
1224,R04,P04,I01,T04_01,0.4496916362074049,0.2682279385584931,0.8261075417411873,option_left,True
1225,R04,P04,I01,T04_01,0.469243446477292,0.31243933642924804,0.8430612705932127,option_left,True
1226,R04,P04,I01,T04_01,0.48879525674717916,0.343166756951325,0.7765698192207199,option_left,True
1227,R04,P04,I01,T04_01,0.5083470670170663,0.1798351466027142,0.8163982102923484,option_left,True
1228,R04,P04,I01,T04_01,0.5278988772869535,0.14072546504346084,0.7209733287912934,option_left,True
1229,R04,P04,I01,T04_01,0.5474506875568407,0.2435996402885353,0.7264107265415924,option_left,True
1230,R04,P04,I01,T04_01,0.5670024978267278,0.35113209538768103,0.8710751219178561,option_left,True
1231,R04,P04,I01,T04_01,0.586554308096615,0.21986375835747551,0.9043094410211047,option_left,True
1232,R04,P04,I01,T04_01,0.6061061183665022,0.20740420304287885,0.777629535421168,option_left,True
1233,R04,P04,I01,T04_01,0.6256579286363894,0.34286717588494015,0.617374158552259,option_left,True
1234,R04,P04,I01,T04_01,0.6452097389062765,0.29648635534444284,0.68285729908185,option_left,True
1235,R04,P04,I01,T04_01,0.6647615491761637,0.1126326194427763,0.7021423060499363,option_left,True
1236,R04,P04,I01,T04_01,0.6843133594460509,0.12855644391395832,0.6673303546335811,option_left,True
1237,R04,P04,I01,T04_01,0.703865169715938,0.10004509281468571,0.6069596542532976,option_left,True
1238,R04,P04,I01,T04_01,0.7234169799858252,0.33263739738149556,0.8004886093791393,option_left,True
1239,R04,P04,I01,T04_01,0.7429687902557124,0.17456906521999607,0.7489178309539841,option_left,True
1240,R04,P04,I01,T04_01,0.7625206005255996,0.24415540759343513,0.7346184849726166,option_left,True
1241,R04,P04,I01,T04_01,0.7820724107954867,0.19274276945329546,0.6614185186297294,option_left,True
1242,R04,P04,I01,T04_01,0.8016242210653739,0.2137009296222731,0.7425781258400899,option_left,True
1243,R04,P04,I01,T04_01,0.8211760313352611,0.3191941185643897,0.7280552381572498,option_left,True
1244,R04,P04,I01,T04_01,0.8407278416051482,0.18197964211836443,0.7789148401539783,option_left,True
1245,R04,P04,I01,T04_01,0.8602796518750354,0.2889003263210339,0.6443583548022497,option_left,True
1246,R04,P04,I01,T04_01,0.8798314621449226,0.02254506011771934,0.7905916079108951,option_left,True
1247,R04,P04,I01,T04_01,0.8993832724148098,0.34091469503465693,0.6793839856942405,option_left,True
1248,R04,P04,I01,T04_01,0.9189350826846969,0.32202727579469115,0.8013657202015279,option_left,True
1249,R04,P04,I01,T04_01,0.938486892954584,0.22988461086543144,0.8249402629200475,option_left,True
1250,R04,P04,I01,T04_01,0.9580387032244712,0.22637625621056945,0.7087600240646077,option_left,True
1251,R04,P04,I02,T04_02,0.0,0.4347971024323628,0.3203914111911186,prompt,True
1252,R04,P04,I02,T04_02,0.020011928248468865,0.6269392036899043,0.14060943754775165,prompt,True
1253,R04,P04,I02,T04_02,0.04002385649693773,0.5128068600064064,0.39192700214491705,prompt,True
1254,R04,P04,I02,T04_02,0.06003578474540659,0.47380264656835347,0.24827584487373947,prompt,True
1255,R04,P04,I02,T04_02,0.08004771299387546,0.3871474445095633,0.2962093680198342,prompt,True
1256,R04,P04,I02,T04_02,0.10005964124234433,0.6145336247663588,0.23278114555307447,prompt,True
1257,R04,P04,I02,T04_02,0.12007156949081318,0.29466482372878544,0.13020310682540098,prompt,True
1258,R04,P04,I02,T04_02,0.14008349773928205,0.4263132598353446,0.20460666543644432,prompt,True
1259,R04,P04,I02,T04_02,0.16009542598775092,0.4308170878537182,0.31750044438317504,prompt,True
1260,R04,P04,I02,T04_02,0.1801073542362198,0.5257508151945757,0.26454045956782724,prompt,True
1261,R04,P04,I02,T04_02,0.20011928248468866,0.5772667968394859,0.3172490554814424,prompt,True
1262,R04,P04,I02,T04_02,0.22013121073315753,0.3414595471426675,0.1267441699123325,prompt,True
1263,R04,P04,I02,T04_02,0.24014313898162637,0.4369895289059679,0.23790811454129876,prompt,True
1264,R04,P04,I02,T04_02,0.26015506723009524,0.6669888730717163,0.2508687054943509,prompt,True
1265,R04,P04,I02,T04_02,0.2801669954785641,0.5350837970969841,0.44369025417666963,prompt,True
1266,R04,P04,I02,T04_02,0.300178923727033,0.8517194876471886,0.6348329838274579,option_right,True
1267,R04,P04,I02,T04_02,0.32019085197550184,0.7477383518920468,0.7643966662053928,option_right,True
1268,R04,P04,I02,T04_02,0.3402027802239707,0.877202043851184,0.7449086545677416,option_right,True
1269,R04,P04,I02,T04_02,0.3602147084724396,0.7595838568404187,0.7107771002242493,option_right,True
1270,R04,P04,I02,T04_02,0.38022663672090845,0.7299391892818414,0.7523976097973325,option_right,True
1271,R04,P04,I02,T04_02,0.4002385649693773,0.8194477256700017,0.7016321480247797,option_right,True
1272,R04,P04,I02,T04_02,0.4202504932178462,0.7175760085667903,0.6772085777918833,option_right,True
1273,R04,P04,I02,T04_02,0.44026242146631506,0.7616794966147379,0.5792771239631058,option_right,True
1274,R04,P04,I02,T04_02,0.4602743497147839,0.6501527471114227,0.652143691152692,option_right,True
1275,R04,P04,I02,T04_02,0.48028627796325274,0.6869327947799833,0.719350648469973,option_right,True
1276,R04,P04,I02,T04_02,0.5002982062117216,0.7772011215214781,0.8423217339727602,option_right,True
1277,R04,P04,I02,T04_02,0.5203101344601905,0.7283713702673242,0.9238428993159817,option_right,True
1278,R04,P04,I02,T04_02,0.5403220627086593,0.7989194360441811,0.8598492347374743,option_right,True
1279,R04,P04,I02,T04_02,0.5603339909571282,0.7502498162717468,0.6589976074869457,option_right,True
1280,R04,P04,I02,T04_02,0.5803459192055971,0.8460369128114851,0.8626715677893491,option_right,True
1281,R04,P04,I02,T04_02,0.600357847454066,0.7338491851600063,0.7216538540818821,option_right,True
1282,R04,P04,I02,T04_02,0.6203697757025348,0.7868205515079475,0.7800079656487734,option_right,True
1283,R04,P04,I02,T04_02,0.6403817039510037,0.745248985881906,0.7335294691233724,option_right,True
1284,R04,P04,I02,T04_02,0.6603936321994726,0.8042339758876844,0.7960685027546128,option_right,True
1285,R04,P04,I02,T04_02,0.6804055604479414,0.6771237632294931,0.8227003570333437,option_right,True
1286,R04,P04,I02,T04_02,0.7004174886964103,0.7053456285948392,0.6533820626728184,option_right,True
1287,R04,P04,I02,T04_02,0.7204294169448792,0.6261261185998559,0.6700204050694764,option_right,True
1288,R04,P04,I02,T04_02,0.740441345193348,0.765524119966053,0.707478404325129,option_right,True
1289,R04,P04,I02,T04_02,0.7604532734418169,0.7014887432082234,0.8628043626951378,option_right,True
1290,R04,P04,I02,T04_02,0.7804652016902858,0.7859418394063711,0.785857047138244,option_right,True
1291,R04,P04,I02,T04_02,0.8004771299387546,0.6479502930754565,0.7964044856863768,option_right,True
1292,R04,P04,I02,T04_02,0.8204890581872235,0.7748846670900953,0.8152697293784203,option_right,True
1293,R04,P04,I02,T04_02,0.8405009864356924,0.7093615330296076,0.674382321249009,option_right,True
1294,R04,P04,I02,T04_02,0.8605129146841612,0.7448224667869864,0.644901577940052,option_right,True
1295,R04,P04,I02,T04_02,0.8805248429326301,0.7662580694309309,0.6334796368483293,option_right,True
1296,R04,P04,I02,T04_02,0.900536771181099,0.663166663014522,0.8029977367451931,option_right,True
1297,R04,P04,I02,T04_02,0.9205486994295679,0.6826835614600306,0.7229994346226128,option_right,True
1298,R04,P04,I02,T04_02,0.9405606276780367,0.7259580073889992,0.772183028829561,option_right,True
1299,R04,P04,I02,T04_02,0.9605725559265055,0.8282944716074481,0.9484506342882612,option_right,True
1300,R04,P04,I02,T04_02,0.9805844841749743,0.6282610087133115,0.7561077381420264,option_right,True
1301,R04,P04,I03,T04_03,0.0,0.6729140419295532,0.17072386051637778,prompt,True
1302,R04,P04,I03,T04_03,0.02507147940654411,0.4184225814287944,0.22959886116032147,prompt,True
1303,R04,P04,I03,T04_03,0.05014295881308822,0.6183805679217083,0.15077083421716025,prompt,True
1304,R04,P04,I03,T04_03,0.07521443821963233,0.618593243224726,0.2808131499537143,prompt,True
1305,R04,P04,I03,T04_03,0.10028591762617645,0.5603709512248188,0.05846390467376614,prompt,True
1306,R04,P04,I03,T04_03,0.12535739703272056,0.3777801735808924,0.2355193418775924,prompt,True
1307,R04,P04,I03,T04_03,0.15042887643926467,0.5576562610241452,0.3560201464935899,prompt,True
1308,R04,P04,I03,T04_03,0.17550035584580878,0.5645055109550678,0.2814741509593927,prompt,True
1309,R04,P04,I03,T04_03,0.2005718352523529,0.5701532801999003,0.3065690060356632,prompt,True
1310,R04,P04,I03,T04_03,0.225643314658897,0.48276134193075143,0.25865627791901635,prompt,True
1311,R04,P04,I03,T04_03,0.2507147940654411,0.5070885990370436,0.3281567196170626,prompt,True
1312,R04,P04,I03,T04_03,0.27578627347198525,0.6238582490428114,0.21532714689018617,prompt,True
1313,R04,P04,I03,T04_03,0.30085775287852934,0.4750442993860742,0.24463564877638508,prompt,True
1314,R04,P04,I03,T04_03,0.3259292322850734,0.4808768662302151,0.29732107166742383,prompt,True
1315,R04,P04,I03,T04_03,0.35100071169161756,0.42330633611563045,0.1875034832949335,prompt,True
1316,R04,P04,I03,T04_03,0.3760721910981617,0.19194280643196476,0.7838886737002682,option_left,True
1317,R04,P04,I03,T04_03,0.4011436705047058,0.3055868208134239,0.8324803079446796,option_left,True
1318,R04,P04,I03,T04_03,0.42621514991124987,0.2687614312905156,0.749979775535103,option_left,True
1319,R04,P04,I03,T04_03,0.451286629317794,0.2601095057520146,0.7696809317897318,option_left,True
1320,R04,P04,I03,T04_03,0.47635810872433815,0.26390360682560926,0.6509532576022353,option_left,True
1321,R04,P04,I03,T04_03,0.5014295881308822,0.11736782119454114,0.6845994355757181,option_left,True
1322,R04,P04,I03,T04_03,0.5265010675374263,0.35765150714413574,0.7368511776295977,option_left,True
1323,R04,P04,I03,T04_03,0.5515725469439705,0.2780466339087355,0.6976477918880013,option_left,True
1324,R04,P04,I03,T04_03,0.5766440263505146,0.20605932219166845,0.7545583346953665,option_left,True
1325,R04,P04,I03,T04_03,0.6017155057570587,0.3621419116300434,0.7678752730785621,option_left,True
1326,R04,P04,I03,T04_03,0.6267869851636028,0.37860711798350966,0.8140468842315418,option_left,True
1327,R04,P04,I03,T04_03,0.6518584645701468,0.24594792138167051,0.5233339678901655,option_left,True
1328,R04,P04,I03,T04_03,0.676929943976691,0.37790543554486844,0.7285982702780474,option_left,True
1329,R04,P04,I03,T04_03,0.7020014233832351,0.28972085272850484,0.5580413681036827,option_left,True
1330,R04,P04,I03,T04_03,0.7270729027897792,0.3836090853099179,0.7347412430800487,option_left,True
1331,R04,P04,I03,T04_03,0.7521443821963234,0.3161635145345077,0.6271359606555629,option_left,True
1332,R04,P04,I03,T04_03,0.7772158616028675,0.24196382718472875,0.7363197978271032,option_left,True
1333,R04,P04,I03,T04_03,0.8022873410094116,0.26497255633273065,0.7882070619343136,option_left,True
1334,R04,P04,I03,T04_03,0.8273588204159557,0.22315931383054793,0.682680108192271,option_left,True
1335,R04,P04,I03,T04_03,0.8524302998224997,0.261954769617615,0.9171990082575818,option_left,True
1336,R04,P04,I03,T04_03,0.8775017792290439,0.36203282682872645,0.6948316341463989,option_left,True
1337,R04,P04,I03,T04_03,0.902573258635588,0.13812501306561242,0.7608141349478257,option_left,True
1338,R04,P04,I03,T04_03,0.9276447380421321,0.34449352117617715,0.7937221808915795,option_left,True
1339,R04,P04,I03,T04_03,0.9527162174486763,0.37824628457520604,0.8959948208199262,option_left,True
1340,R04,P04,I03,T04_03,0.9777876968552204,0.33831531841832674,0.7587510242547096,option_left,True
1341,R04,P04,I03,T04_03,1.0028591762617645,0.22589180668391198,0.8653621935263945,option_left,True
1342,R04,P04,I03,T04_03,1.0279306556683085,0.1714389294834215,0.8438540840443453,option_left,True
1343,R04,P04,I03,T04_03,1.0530021350748526,0.21350981194623253,0.6790049629472263,option_left,True
1344,R04,P04,I03,T04_03,1.0780736144813967,0.34859845911706355,0.839348170793898,option_left,True
1345,R04,P04,I03,T04_03,1.103145093887941,0.18083087708115547,0.6875403407873764,option_left,True
1346,R04,P04,I03,T04_03,1.128216573294485,0.1972675643277642,0.686050592511081,option_left,True
1347,R04,P04,I03,T04_03,1.1532880527010292,0.24120915395636225,0.6984859400286769,option_left,True
1348,R04,P04,I03,T04_03,1.1783595321075733,0.16670749872411073,0.7257834043707502,option_left,True
1349,R04,P04,I03,T04_03,1.2034310115141174,0.30168986203387,0.7781264039737281,option_left,True
1350,R04,P04,I03,T04_03,1.2285024909206614,0.3076923833614596,0.8304339814484095,option_left,True
1351,R04,P04,I04,T04_04,0.0,0.6079890645711823,0.22991374196224063,prompt,True
1352,R04,P04,I04,T04_04,0.02264101503936408,0.49048237928463156,0.3066274279455593,prompt,True
1353,R04,P04,I04,T04_04,0.04528203007872816,0.4581918079279111,0.18823121348479777,prompt,True
1354,R04,P04,I04,T04_04,0.06792304511809223,0.5375955487245656,0.1604001761540801,prompt,True
1355,R04,P04,I04,T04_04,0.09056406015745631,0.5014544356728224,0.2640196307949627,prompt,True
1356,R04,P04,I04,T04_04,0.1132050751968204,0.5182823634804496,0.22186831943758878,prompt,True
1357,R04,P04,I04,T04_04,0.13584609023618446,0.3329079885149364,0.1351348708901091,prompt,True
1358,R04,P04,I04,T04_04,0.15848710527554855,0.4089386383753867,0.3148477233191429,prompt,True
1359,R04,P04,I04,T04_04,0.18112812031491263,0.41458227487742655,0.3096025648959462,prompt,True
1360,R04,P04,I04,T04_04,0.2037691353542767,0.6040189669374251,0.34422385735836636,prompt,True
1361,R04,P04,I04,T04_04,0.2264101503936408,0.5306144250860869,0.33182308329763416,prompt,True
1362,R04,P04,I04,T04_04,0.24905116543300487,0.4876302327293362,0.2478680638862763,prompt,True
1363,R04,P04,I04,T04_04,0.2716921804723689,0.6004974248738295,0.2601127414896051,prompt,True
1364,R04,P04,I04,T04_04,0.29433319551173304,0.37769693020762996,0.20800515865948382,prompt,True
1365,R04,P04,I04,T04_04,0.3169742105510971,0.4482953361522219,0.3303874912501326,prompt,True
1366,R04,P04,I04,T04_04,0.3396152255904612,0.8808067003663466,0.6443744590288596,option_right,False
1367,R04,P04,I04,T04_04,0.36225624062982525,0.8427761664625828,0.7672136078064226,option_right,True
1368,R04,P04,I04,T04_04,0.3848972556691893,0.6822344711027966,0.8820470225424164,option_right,True
1369,R04,P04,I04,T04_04,0.4075382707085534,0.7462151068098131,0.7048945948409302,option_right,True
1370,R04,P04,I04,T04_04,0.4301792857479175,0.6905796703345938,0.7820444271186542,option_right,True
1371,R04,P04,I04,T04_04,0.4528203007872816,0.8048756659574497,0.76702050594428,option_right,True
1372,R04,P04,I04,T04_04,0.47546131582664564,0.8471636493068425,0.6947798515034139,option_right,True
1373,R04,P04,I04,T04_04,0.49810233086600975,0.6730121426290339,0.8246883844423518,option_right,True
1374,R04,P04,I04,T04_04,0.5207433459053739,0.7493114479506672,0.8273445863075066,option_right,True
1375,R04,P04,I04,T04_04,0.5433843609447379,0.888753315361263,0.7873801184226447,option_right,True
1376,R04,P04,I04,T04_04,0.566025375984102,0.8356786141417694,0.6128850769148029,option_right,True
1377,R04,P04,I04,T04_04,0.5886663910234661,0.5579362053906889,0.7643837120068229,option_right,True
1378,R04,P04,I04,T04_04,0.6113074060628301,0.7294164486738032,0.7198108352542022,option_right,True
1379,R04,P04,I04,T04_04,0.6339484211021942,0.5913815489632329,0.8479518579867744,option_right,True
1380,R04,P04,I04,T04_04,0.6565894361415583,0.6202280881959233,0.6721675629060412,option_right,True
1381,R04,P04,I04,T04_04,0.6792304511809224,0.5655304756402122,0.8700439066372165,option_right,True
1382,R04,P04,I04,T04_04,0.7018714662202864,0.7187565075304352,0.7774336290038002,option_right,True
1383,R04,P04,I04,T04_04,0.7245124812596505,0.732799260259856,0.6286257649379758,option_right,True
1384,R04,P04,I04,T04_04,0.7471534962990146,0.719249251324115,0.8669749104150845,option_right,True
1385,R04,P04,I04,T04_04,0.7697945113383786,0.5919237232203372,0.6597609455735599,option_right,True
1386,R04,P04,I04,T04_04,0.7924355263777427,0.8841373909998174,0.7374146622990723,option_right,True
1387,R04,P04,I04,T04_04,0.8150765414171068,0.7749664173904185,0.7728575470638573,option_right,True
1388,R04,P04,I04,T04_04,0.837717556456471,0.7071391494904626,0.8066001633050327,option_right,True
1389,R04,P04,I04,T04_04,0.860358571495835,0.7197004966450354,0.7076544720336659,option_right,True
1390,R04,P04,I04,T04_04,0.882999586535199,0.9230515476268504,0.8460814170195246,option_right,False
1391,R04,P04,I04,T04_04,0.9056406015745632,0.6885297234612712,0.7680365736051568,option_right,True
1392,R04,P04,I04,T04_04,0.9282816166139272,0.7538405616351778,0.6357811040903321,option_right,True
1393,R04,P04,I04,T04_04,0.9509226316532913,0.693661966908344,0.8909183370628619,option_right,True
1394,R04,P04,I04,T04_04,0.9735636466926554,0.6698266256999124,0.7169888059518496,option_right,False
1395,R04,P04,I04,T04_04,0.9962046617320195,0.7008172262949466,0.7758228204340687,option_right,True
1396,R04,P04,I04,T04_04,1.0188456767713836,0.841909848883546,0.8248590545920684,option_right,True
1397,R04,P04,I04,T04_04,1.0414866918107477,0.7375883298116197,0.6470968847255075,option_right,True
1398,R04,P04,I04,T04_04,1.0641277068501116,0.7229614061438975,0.5150211924477033,option_right,True
1399,R04,P04,I04,T04_04,1.0867687218894757,0.7621346837303348,0.8815649460130712,option_right,True
1400,R04,P04,I04,T04_04,1.1094097369288398,0.7608426059131081,0.7666740881170426,option_right,True
1401,R04,P04,I05,T04_05,0.0,0.4405090254056382,0.29207905047770305,prompt,True
1402,R04,P04,I05,T04_05,0.022337887075937847,0.3547722621917181,0.33583378205664105,prompt,True
1403,R04,P04,I05,T04_05,0.044675774151875694,0.5736093750899028,0.37126224688432136,prompt,True
1404,R04,P04,I05,T04_05,0.06701366122781355,0.6883044968946129,0.21204286501538855,prompt,True
1405,R04,P04,I05,T04_05,0.08935154830375139,0.49733035389484087,0.2801883278447578,prompt,True
1406,R04,P04,I05,T04_05,0.11168943537968923,0.4201770443956272,0.19227117609723085,prompt,True
1407,R04,P04,I05,T04_05,0.1340273224556271,0.4474925164861101,0.17264082930616198,prompt,True
1408,R04,P04,I05,T04_05,0.15636520953156494,0.48025410024403753,0.24640910437773744,prompt,True
1409,R04,P04,I05,T04_05,0.17870309660750278,0.5039759262379001,0.20363416172373622,prompt,True
1410,R04,P04,I05,T04_05,0.20104098368344062,0.5151477565486714,0.2685703093987863,prompt,True
1411,R04,P04,I05,T04_05,0.22337887075937846,0.43649390743595634,0.22648034194968988,prompt,True
1412,R04,P04,I05,T04_05,0.24571675783531632,0.48134711268283026,0.251429298743963,prompt,True
1413,R04,P04,I05,T04_05,0.2680546449112542,0.3335023171126371,0.30338732703694654,prompt,True
1414,R04,P04,I05,T04_05,0.290392531987192,0.3999050946880964,0.3115305760983314,prompt,True
1415,R04,P04,I05,T04_05,0.31273041906312987,0.5131242630822717,0.2660870978677945,prompt,True
1416,R04,P04,I05,T04_05,0.3350683061390677,0.09863058952221068,0.5906481645822648,option_left,True
1417,R04,P04,I05,T04_05,0.35740619321500555,0.31274862160131456,0.6792117184776499,option_left,True
1418,R04,P04,I05,T04_05,0.3797440802909434,0.15277862390222757,0.828601115080866,option_left,True
1419,R04,P04,I05,T04_05,0.40208196736688123,0.3218390091447978,0.6507761202929196,option_left,True
1420,R04,P04,I05,T04_05,0.4244198544428191,0.21547903749427827,0.777253134977379,option_left,True
1421,R04,P04,I05,T04_05,0.4467577415187569,0.14477317398750822,0.827082832791106,option_left,True
1422,R04,P04,I05,T04_05,0.4690956285946948,0.26490377077644583,0.7665282660729595,option_left,True
1423,R04,P04,I05,T04_05,0.49143351567063265,0.36078638278648667,0.756887592630592,option_left,True
1424,R04,P04,I05,T04_05,0.5137714027465705,0.3671185187665139,0.7007736852423497,option_left,True
1425,R04,P04,I05,T04_05,0.5361092898225084,0.21273322648752843,0.7176086867084638,option_left,True
1426,R04,P04,I05,T04_05,0.5584471768984461,0.3238884758088889,0.8198554850626525,option_left,True
1427,R04,P04,I05,T04_05,0.580785063974384,0.3184661303854156,0.9263404160737975,option_left,True
1428,R04,P04,I05,T04_05,0.6031229510503219,0.29832558557632133,0.7459565696894773,option_left,True
1429,R04,P04,I05,T04_05,0.6254608381262597,0.23767125492791813,0.767948610053661,option_left,True
1430,R04,P04,I05,T04_05,0.6477987252021976,0.16085141515219065,0.7194310572325998,option_left,True
1431,R04,P04,I05,T04_05,0.6701366122781354,0.12477453678679212,0.9006591785391307,option_left,True
1432,R04,P04,I05,T04_05,0.6924744993540732,0.20834047516745552,0.8361166559741381,option_left,True
1433,R04,P04,I05,T04_05,0.7148123864300111,0.20187208660009376,0.7644824643559665,option_left,True
1434,R04,P04,I05,T04_05,0.737150273505949,0.2355826470710816,0.8166183852385875,option_left,True
1435,R04,P04,I05,T04_05,0.7594881605818868,0.28779949725083087,0.6623004388382094,option_left,True
1436,R04,P04,I05,T04_05,0.7818260476578246,0.26827146513526057,0.685591123021849,option_left,True
1437,R04,P04,I05,T04_05,0.8041639347337625,0.18085390127173423,0.7505661150177793,option_left,True
1438,R04,P04,I05,T04_05,0.8265018218097003,0.25774097262878043,0.7550558306933537,option_left,True
1439,R04,P04,I05,T04_05,0.8488397088856382,0.21634333973797645,0.7484960444235842,option_left,True
1440,R04,P04,I05,T04_05,0.8711775959615761,0.23000113424836252,0.8283787600588727,option_left,True
1441,R04,P04,I05,T04_05,0.8935154830375138,0.23674501676026266,0.6674189573160869,option_left,True
1442,R04,P04,I05,T04_05,0.9158533701134517,0.1704717434284847,0.61406001537205,option_left,True
1443,R04,P04,I05,T04_05,0.9381912571893896,0.16620087083659368,0.7887345183078437,option_left,True
1444,R04,P04,I05,T04_05,0.9605291442653274,0.1872019590159807,0.7564204140428963,option_left,True
1445,R04,P04,I05,T04_05,0.9828670313412653,0.15162534000482147,0.5747980444245009,option_left,True
1446,R04,P04,I05,T04_05,1.0052049184172032,0.424750026030092,0.6295450031691563,option_left,True
1447,R04,P04,I05,T04_05,1.027542805493141,0.07183001233659894,0.701322443970464,option_left,True
1448,R04,P04,I05,T04_05,1.049880692569079,0.2977459384100211,0.6712876504884179,option_left,True
1449,R04,P04,I05,T04_05,1.0722185796450168,0.19604078946866785,0.8078788600479053,option_left,True
1450,R04,P04,I05,T04_05,1.0945564667209544,0.27122307320314987,0.7958062435736752,option_left,True
1451,R04,P04,I06,T04_06,0.0,0.49122591153808326,0.24161011080899825,prompt,True
1452,R04,P04,I06,T04_06,0.03634843610430773,0.3738012388621432,0.1621561215972188,prompt,True
1453,R04,P04,I06,T04_06,0.07269687220861545,0.3910950464780786,0.27188521638393826,prompt,True
1454,R04,P04,I06,T04_06,0.10904530831292318,0.5754048134866685,0.2853231594501446,prompt,True
1455,R04,P04,I06,T04_06,0.1453937444172309,0.4652559341651378,0.15261808415386824,prompt,True
1456,R04,P04,I06,T04_06,0.18174218052153862,0.5466585673832133,0.16397675499172853,prompt,True
1457,R04,P04,I06,T04_06,0.21809061662584636,0.6048264747042541,0.323605502348481,prompt,True
1458,R04,P04,I06,T04_06,0.2544390527301541,0.44406780779298116,0.244297932414741,prompt,True
1459,R04,P04,I06,T04_06,0.2907874888344618,0.5428640443534185,0.38849484517038435,prompt,True
1460,R04,P04,I06,T04_06,0.32713592493876953,0.4362687453045639,0.24698306354267432,prompt,True
1461,R04,P04,I06,T04_06,0.36348436104307724,0.43325729179604305,0.2713879617708158,prompt,True
1462,R04,P04,I06,T04_06,0.399832797147385,0.5512909078193112,0.24971150755084726,prompt,True
1463,R04,P04,I06,T04_06,0.4361812332516927,0.4660789672845019,0.26308767772997044,prompt,True
1464,R04,P04,I06,T04_06,0.47252966935600044,0.6061669325403358,0.14874034288327748,prompt,True
1465,R04,P04,I06,T04_06,0.5088781054603082,0.7448051794237718,0.10339447057402446,prompt,True
1466,R04,P04,I06,T04_06,0.5452265415646159,0.8097031133729902,0.8305183019561657,option_right,True
1467,R04,P04,I06,T04_06,0.5815749776689236,0.05293333399911507,0.8014285732165489,option_left,True
1468,R04,P04,I06,T04_06,0.6179234137732313,0.3594219615574941,0.7548721371624685,option_left,True
1469,R04,P04,I06,T04_06,0.6542718498775391,0.7002273335821377,0.7557480880477024,option_right,True
1470,R04,P04,I06,T04_06,0.6906202859818468,0.8292937096384029,0.7712517906271381,option_right,True
1471,R04,P04,I06,T04_06,0.7269687220861545,0.21990164745979196,0.7822234168489097,option_left,True
1472,R04,P04,I06,T04_06,0.7633171581904623,0.30641667915490767,0.7851367744924516,option_left,True
1473,R04,P04,I06,T04_06,0.79966559429477,0.8167445009458496,0.877812451687541,option_right,True
1474,R04,P04,I06,T04_06,0.8360140303990777,0.7396595950569035,0.672792804147327,option_right,True
1475,R04,P04,I06,T04_06,0.8723624665033854,0.3847432580483378,0.676263027654549,option_left,True
1476,R04,P04,I06,T04_06,0.9087109026076932,0.7698415395498263,0.7704638542509266,option_right,True
1477,R04,P04,I06,T04_06,0.9450593387120009,0.18988701515000356,0.7211759317011568,option_left,True
1478,R04,P04,I06,T04_06,0.9814077748163086,0.6999335495562561,0.8788785269317376,option_right,True
1479,R04,P04,I06,T04_06,1.0177562109206164,0.4433758063637094,0.8211913295236541,option_left,True
1480,R04,P04,I06,T04_06,1.054104647024924,0.2245461529548055,0.8792562339797936,option_left,True
1481,R04,P04,I06,T04_06,1.0904530831292318,0.43735163228995383,0.6654870111406156,option_left,True
1482,R04,P04,I06,T04_06,1.1268015192335394,0.6401361217475446,0.799496722345749,option_right,True
1483,R04,P04,I06,T04_06,1.1631499553378473,0.7688335813425973,0.6750217712597595,option_right,True
1484,R04,P04,I06,T04_06,1.199498391442155,0.25735712781198977,0.7729680655212223,option_left,True
1485,R04,P04,I06,T04_06,1.2358468275464627,0.2493211262322769,0.7189632513663081,option_left,True
1486,R04,P04,I06,T04_06,1.2721952636507705,0.6760417749798096,0.6561178931329378,option_right,True
1487,R04,P04,I06,T04_06,1.3085436997550781,0.36939597705587535,0.6981388525618041,option_left,True
1488,R04,P04,I06,T04_06,1.344892135859386,0.3151131065428137,0.9398515392776915,option_left,True
1489,R04,P04,I06,T04_06,1.3812405719636935,0.40036471712793786,0.6453403268612011,option_left,True
1490,R04,P04,I06,T04_06,1.4175890080680014,0.33288082887277787,0.7579868013001484,option_left,True
1491,R04,P04,I06,T04_06,1.453937444172309,0.23834395658963348,0.792159366478622,option_left,True
1492,R04,P04,I06,T04_06,1.4902858802766168,0.2712202513551027,0.7779191238322146,option_left,True
1493,R04,P04,I06,T04_06,1.5266343163809246,0.7718211921257183,0.8047359000254976,option_right,True
1494,R04,P04,I06,T04_06,1.5629827524852322,0.7353690611704998,0.5910383908172516,option_right,True
1495,R04,P04,I06,T04_06,1.59933118858954,0.6043399742877644,0.6270048572328817,option_right,True
1496,R04,P04,I06,T04_06,1.6356796246938476,0.28521904096382633,0.532892748943386,option_left,True
1497,R04,P04,I06,T04_06,1.6720280607981555,0.21842916201531917,0.7879593813823526,option_left,True
1498,R04,P04,I06,T04_06,1.708376496902463,0.7043527864710828,0.7878138641026247,option_right,True
1499,R04,P04,I06,T04_06,1.744724933006771,0.5280298765260822,0.6299667383367413,option_right,True
1500,R04,P04,I06,T04_06,1.7810733691110787,0.5105533267059104,0.6915693921480822,option_left,True
1501,R04,P04,I07,T04_07,0.0,0.6145476204925254,0.23320060660559283,prompt,True
1502,R04,P04,I07,T04_07,0.019521775055927396,0.662078449464139,0.37912435909420994,prompt,True
1503,R04,P04,I07,T04_07,0.03904355011185479,0.464114354802428,0.21726781989476707,prompt,True
1504,R04,P04,I07,T04_07,0.05856532516778219,0.4391390844292955,0.27523536364525175,prompt,True
1505,R04,P04,I07,T04_07,0.07808710022370959,0.5886138821848207,0.2734469895283048,prompt,True
1506,R04,P04,I07,T04_07,0.09760887527963698,0.4877739255562617,0.28304143559916284,prompt,True
1507,R04,P04,I07,T04_07,0.11713065033556438,0.4312598647492272,0.2678484569091718,prompt,True
1508,R04,P04,I07,T04_07,0.13665242539149178,0.5856668293153281,0.3380194002923886,prompt,True
1509,R04,P04,I07,T04_07,0.15617420044741917,0.3810848301904963,0.2971182891051667,prompt,True
1510,R04,P04,I07,T04_07,0.17569597550334656,0.6519441707986356,0.20559183987043878,prompt,True
1511,R04,P04,I07,T04_07,0.19521775055927396,0.641079546887829,0.34290647348204534,prompt,True
1512,R04,P04,I07,T04_07,0.21473952561520135,0.3250605373832104,0.2426474320748987,prompt,True
1513,R04,P04,I07,T04_07,0.23426130067112877,0.35555938544690996,0.2617247745694841,prompt,True
1514,R04,P04,I07,T04_07,0.25378307572705616,0.473918787108136,0.23759792291013593,prompt,True
1515,R04,P04,I07,T04_07,0.27330485078298355,0.490504326724398,0.4751826277483451,prompt,True
1516,R04,P04,I07,T04_07,0.29282662583891095,0.6424060225567769,0.8687964307091872,option_right,True
1517,R04,P04,I07,T04_07,0.31234840089483834,0.7080561190060147,0.6604073264176405,option_right,True
1518,R04,P04,I07,T04_07,0.33187017595076573,0.8831095434455742,0.8096411876424042,option_right,True
1519,R04,P04,I07,T04_07,0.3513919510066931,0.6332218232375187,0.7624656981903474,option_right,True
1520,R04,P04,I07,T04_07,0.3709137260626205,0.22647151758518455,0.8054015671135015,option_left,True
1521,R04,P04,I07,T04_07,0.3904355011185479,0.17741681359561418,0.6861871912858769,option_left,True
1522,R04,P04,I07,T04_07,0.4099572761744753,0.7025740437589558,0.8317379888563915,option_right,True
1523,R04,P04,I07,T04_07,0.4294790512304027,0.6207557288351588,0.8888641496607144,option_right,True
1524,R04,P04,I07,T04_07,0.4490008262863301,0.13989797749922628,0.7311025077967226,option_left,True
1525,R04,P04,I07,T04_07,0.46852260134225754,0.7411900573154127,0.8386586111212915,option_right,True
1526,R04,P04,I07,T04_07,0.48804437639818493,0.7397426713933103,0.8513074103690015,option_right,True
1527,R04,P04,I07,T04_07,0.5075661514541123,0.6760313237309901,0.8295550847349529,option_right,True
1528,R04,P04,I07,T04_07,0.5270879265100397,0.35450225951486963,0.6405412891897633,option_left,False
1529,R04,P04,I07,T04_07,0.5466097015659671,0.7031162113882997,0.7375102539496862,option_right,True
1530,R04,P04,I07,T04_07,0.5661314766218944,0.6592551806059398,0.6736580572960504,option_right,True
1531,R04,P04,I07,T04_07,0.5856532516778219,0.7332997463121168,0.7162944945037149,option_right,True
1532,R04,P04,I07,T04_07,0.6051750267337492,0.19029834850180688,0.6644128881364233,option_left,True
1533,R04,P04,I07,T04_07,0.6246968017896767,0.24260407590390473,0.8102037065979653,option_left,True
1534,R04,P04,I07,T04_07,0.6442185768456041,0.34121648217565625,0.8020409878227516,option_left,True
1535,R04,P04,I07,T04_07,0.6637403519015315,0.1847492343524595,0.7080209917488425,option_left,True
1536,R04,P04,I07,T04_07,0.6832621269574589,0.2565380929608745,0.6801944178792958,option_left,True
1537,R04,P04,I07,T04_07,0.7027839020133863,0.8314448830853004,0.5671355306037544,option_right,False
1538,R04,P04,I07,T04_07,0.7223056770693137,0.24545850991542514,0.6985198232392592,option_left,True
1539,R04,P04,I07,T04_07,0.741827452125241,0.21202985936455593,0.867965364580774,option_left,True
1540,R04,P04,I07,T04_07,0.7613492271811685,0.5813517994763319,0.8882916449652277,option_right,True
1541,R04,P04,I07,T04_07,0.7808710022370958,0.31847463017153155,0.692063418445991,option_left,True
1542,R04,P04,I07,T04_07,0.8003927772930233,0.20373334685342226,0.6396456707308673,option_left,True
1543,R04,P04,I07,T04_07,0.8199145523489506,0.2860056813021254,0.7651419657410099,option_left,True
1544,R04,P04,I07,T04_07,0.8394363274048781,0.2554850780591677,0.6934337263720585,option_left,True
1545,R04,P04,I07,T04_07,0.8589581024608054,0.6810910231567585,0.7782635191476013,option_right,True
1546,R04,P04,I07,T04_07,0.8784798775167328,0.19471004155974356,0.8210732679703544,option_left,True
1547,R04,P04,I07,T04_07,0.8980016525726602,0.7416029360542212,0.836787261610278,option_right,True
1548,R04,P04,I07,T04_07,0.9175234276285876,0.22461986087407249,0.6779631521887803,option_left,True
1549,R04,P04,I07,T04_07,0.9370452026845151,0.2662870869805481,0.5292871540774082,option_left,True
1550,R04,P04,I07,T04_07,0.9565669777404424,0.20149504766983528,0.7853291796764383,option_left,True
1551,R04,P04,I08,T04_08,0.0,0.6761567109061679,0.19111092599430596,prompt,True
1552,R04,P04,I08,T04_08,0.03728406184691624,0.3532386762384559,0.2842034939033407,prompt,True
1553,R04,P04,I08,T04_08,0.07456812369383248,0.5328780149955206,0.3438155035212649,prompt,True
1554,R04,P04,I08,T04_08,0.11185218554074872,0.4908593395467723,0.171110297238819,prompt,True
1555,R04,P04,I08,T04_08,0.14913624738766496,0.6939782536868286,0.3586592592592566,prompt,True
1556,R04,P04,I08,T04_08,0.1864203092345812,0.31602443953732684,0.4024680492899553,prompt,True
1557,R04,P04,I08,T04_08,0.22370437108149743,0.5608670709084211,0.33495203520776096,prompt,True
1558,R04,P04,I08,T04_08,0.26098843292841367,0.45959471861449236,0.22014460824861895,prompt,True
1559,R04,P04,I08,T04_08,0.2982724947753299,0.408564232187959,0.4270736674101798,prompt,True
1560,R04,P04,I08,T04_08,0.33555655662224615,0.32337118985406604,0.08052854712371146,prompt,True
1561,R04,P04,I08,T04_08,0.3728406184691624,0.5697556277574864,0.3854099395438425,prompt,True
1562,R04,P04,I08,T04_08,0.4101246803160786,0.5473054898810488,0.19056512387487565,prompt,True
1563,R04,P04,I08,T04_08,0.44740874216299487,0.5333396453603384,0.31106539869905625,prompt,True
1564,R04,P04,I08,T04_08,0.4846928040099111,0.47662735332336165,0.3576186898596053,prompt,True
1565,R04,P04,I08,T04_08,0.5219768658568273,0.5921580518799442,0.20698564150823656,prompt,True
1566,R04,P04,I08,T04_08,0.5592609277037436,0.33881860815059833,0.6032103989571337,option_left,True
1567,R04,P04,I08,T04_08,0.5965449895506598,0.248235831670451,0.6979586507118933,option_left,True
1568,R04,P04,I08,T04_08,0.6338290513975761,0.7805615403798073,0.7309128004708797,option_right,True
1569,R04,P04,I08,T04_08,0.6711131132444923,0.1437765265265002,0.7761796348312485,option_left,True
1570,R04,P04,I08,T04_08,0.7083971750914085,0.6883270375890843,0.6723444382513499,option_right,True
1571,R04,P04,I08,T04_08,0.7456812369383248,0.3947903747349041,0.737188649049746,option_left,True
1572,R04,P04,I08,T04_08,0.782965298785241,0.26515000596957067,0.8609611155994289,option_left,True
1573,R04,P04,I08,T04_08,0.8202493606321573,0.6908214378242529,0.7208296407674984,option_right,True
1574,R04,P04,I08,T04_08,0.8575334224790735,0.6759027262565146,0.8946628100399792,option_right,True
1575,R04,P04,I08,T04_08,0.8948174843259897,0.22833372535024615,0.7571699976973402,option_left,True
1576,R04,P04,I08,T04_08,0.932101546172906,0.17906823744920805,0.8354590657419652,option_left,True
1577,R04,P04,I08,T04_08,0.9693856080198222,0.1232513812526069,0.6450566585294688,option_left,False
1578,R04,P04,I08,T04_08,1.0066696698667386,0.6636877985066422,0.831326060276457,option_right,True
1579,R04,P04,I08,T04_08,1.0439537317136547,0.3371033511059346,0.787652589509438,option_left,True
1580,R04,P04,I08,T04_08,1.0812377935605708,0.2705338557904214,0.608442461383397,option_left,True
1581,R04,P04,I08,T04_08,1.1185218554074872,0.7867356269088606,0.6763136136163885,option_right,True
1582,R04,P04,I08,T04_08,1.1558059172544035,0.7515960500901998,0.7878438171852213,option_right,True
1583,R04,P04,I08,T04_08,1.1930899791013196,0.7301305282633863,0.7031653393796929,option_right,True
1584,R04,P04,I08,T04_08,1.2303740409482358,0.2185083057510284,0.6726706479738239,option_left,True
1585,R04,P04,I08,T04_08,1.2676581027951521,0.7712073211362191,0.807237250464295,option_right,True
1586,R04,P04,I08,T04_08,1.3049421646420685,0.7989951616957841,0.7449872566654594,option_right,True
1587,R04,P04,I08,T04_08,1.3422262264889846,0.6808656015631112,0.782504058335055,option_right,True
1588,R04,P04,I08,T04_08,1.3795102883359007,0.23199559463898167,0.8576524025262623,option_left,True
1589,R04,P04,I08,T04_08,1.416794350182817,0.323173778299217,0.7997542616791813,option_left,True
1590,R04,P04,I08,T04_08,1.4540784120297334,0.7371005503298215,0.7610321235630617,option_right,True
1591,R04,P04,I08,T04_08,1.4913624738766496,0.2568593332242076,0.8030027423610638,option_left,True
1592,R04,P04,I08,T04_08,1.5286465357235657,0.7176462593065472,0.6582037371549201,option_right,True
1593,R04,P04,I08,T04_08,1.565930597570482,0.14830217179226962,0.8157401682851912,option_left,True
1594,R04,P04,I08,T04_08,1.6032146594173984,0.18600367450806457,0.6983465912527593,option_left,True
1595,R04,P04,I08,T04_08,1.6404987212643145,0.7140730749258344,0.7669780650910636,option_right,True
1596,R04,P04,I08,T04_08,1.6777827831112306,0.7496019442149966,0.80164103115415,option_right,True
1597,R04,P04,I08,T04_08,1.715066844958147,0.2234542672742842,0.7446248545756093,option_left,True
1598,R04,P04,I08,T04_08,1.7523509068050633,0.7323104351567441,0.7076583772466625,option_right,True
1599,R04,P04,I08,T04_08,1.7896349686519795,0.3365915443170946,0.8517851155329079,option_left,True
1600,R04,P04,I08,T04_08,1.8269190304988956,0.8233312003525706,0.6561779475005436,option_right,True
1601,R05,P05,I01,T05_01,0.0,0.4702982660835826,0.10537205363387422,prompt,True
1602,R05,P05,I01,T05_01,0.027938361163404132,0.4920884095748048,0.2626724146602659,prompt,True
1603,R05,P05,I01,T05_01,0.055876722326808265,0.4525909430635181,0.22949338739177938,prompt,True
1604,R05,P05,I01,T05_01,0.0838150834902124,0.4744624198570102,0.3466671560045191,prompt,True
1605,R05,P05,I01,T05_01,0.11175344465361653,0.4003811104813714,0.315292945464472,prompt,True
1606,R05,P05,I01,T05_01,0.13969180581702068,0.5048184724793697,0.26715376800004864,prompt,True
1607,R05,P05,I01,T05_01,0.1676301669804248,0.4297247105098967,0.34085567825444213,prompt,True
1608,R05,P05,I01,T05_01,0.1955685281438289,0.38964050169062725,0.29672480045594674,prompt,True
1609,R05,P05,I01,T05_01,0.22350688930723306,0.6416171354133634,0.31048500360239295,prompt,True
1610,R05,P05,I01,T05_01,0.2514452504706372,0.561015073398855,0.20487600660237373,prompt,True
1611,R05,P05,I01,T05_01,0.27938361163404135,0.6094095638815643,0.276116206557852,prompt,True
1612,R05,P05,I01,T05_01,0.30732197279744544,0.7793813576642412,0.25604998201568074,prompt,True
1613,R05,P05,I01,T05_01,0.3352603339608496,0.38284504540344644,0.3539262654856014,prompt,True
1614,R05,P05,I01,T05_01,0.36319869512425373,0.6439899607765119,0.3247684448943081,prompt,True
1615,R05,P05,I01,T05_01,0.3911370562876578,0.5089370174155622,0.15737064497990427,prompt,True
1616,R05,P05,I01,T05_01,0.41907541745106197,0.7776970719361184,0.6870192036004313,option_right,True
1617,R05,P05,I01,T05_01,0.4470137786144661,0.4121772641425834,0.7231636595597869,option_left,True
1618,R05,P05,I01,T05_01,0.47495213977787026,0.20877785011815045,0.8137443987177082,option_left,True
1619,R05,P05,I01,T05_01,0.5028905009412744,0.6958598368717438,0.8590486527557859,option_right,True
1620,R05,P05,I01,T05_01,0.5308288621046785,0.7802381087907068,0.8030196488997297,option_right,True
1621,R05,P05,I01,T05_01,0.5587672232680827,0.24882215793622123,0.5517451099766224,option_left,True
1622,R05,P05,I01,T05_01,0.5867055844314868,0.7276900367607612,0.6507509994753246,option_right,True
1623,R05,P05,I01,T05_01,0.6146439455948909,0.3157803319485796,0.5869969759222184,option_left,True
1624,R05,P05,I01,T05_01,0.6425823067582951,0.8114790814984647,0.8326809691728108,option_right,True
1625,R05,P05,I01,T05_01,0.6705206679216992,0.24456644347830106,0.8195148954330629,option_left,True
1626,R05,P05,I01,T05_01,0.6984590290851033,0.34564444977047376,0.8959776668747135,option_left,True
1627,R05,P05,I01,T05_01,0.7263973902485075,0.34603454083760343,0.8491193126580011,option_left,True
1628,R05,P05,I01,T05_01,0.7543357514119116,0.6997035410781127,0.6511428002768715,option_right,True
1629,R05,P05,I01,T05_01,0.7822741125753156,0.6121154867105353,0.7108433808996535,option_right,True
1630,R05,P05,I01,T05_01,0.8102124737387199,0.6584898199027223,0.7846722986746186,option_right,True
1631,R05,P05,I01,T05_01,0.8381508349021239,0.17241590526183542,0.7492417366682076,option_left,True
1632,R05,P05,I01,T05_01,0.8660891960655281,0.7048713612535104,0.8789114281902382,option_right,True
1633,R05,P05,I01,T05_01,0.8940275572289322,0.8295346402377013,0.5335602594674094,option_right,True
1634,R05,P05,I01,T05_01,0.9219659183923363,0.05970862307820035,0.6393942446684824,option_left,True
1635,R05,P05,I01,T05_01,0.9499042795557405,0.7619971195184853,0.7204901545413027,option_right,True
1636,R05,P05,I01,T05_01,0.9778426407191446,0.2776652033580454,0.8465968593237565,option_left,True
1637,R05,P05,I01,T05_01,1.0057810018825488,0.2515670877880114,0.6476277062005314,option_left,False
1638,R05,P05,I01,T05_01,1.033719363045953,0.31830973542782304,0.7557325435302757,option_left,True
1639,R05,P05,I01,T05_01,1.061657724209357,0.2729880471224578,0.6404637506129653,option_left,False
1640,R05,P05,I01,T05_01,1.089596085372761,0.6927364747660717,0.7909420798758577,option_right,True
1641,R05,P05,I01,T05_01,1.1175344465361654,0.577548049493261,0.8137758123234446,option_right,False
1642,R05,P05,I01,T05_01,1.1454728076995695,0.7538734077785862,0.7668959355418682,option_right,False
1643,R05,P05,I01,T05_01,1.1734111688629736,0.7207393852961639,0.8270763394325403,option_right,True
1644,R05,P05,I01,T05_01,1.2013495300263777,0.32522585678013893,0.806819238048171,option_left,True
1645,R05,P05,I01,T05_01,1.2292878911897818,0.277987417872217,0.7884459212184435,option_left,True
1646,R05,P05,I01,T05_01,1.2572262523531859,0.8420030793244482,0.8492163900696997,option_right,True
1647,R05,P05,I01,T05_01,1.2851646135165902,0.14104950957644202,0.8570295873784797,option_left,True
1648,R05,P05,I01,T05_01,1.3131029746799943,0.2757701921822932,0.7442146359853679,option_left,True
1649,R05,P05,I01,T05_01,1.3410413358433984,0.6880274851224766,0.7455797827872327,option_right,True
1650,R05,P05,I01,T05_01,1.3689796970068024,0.1805742514533219,0.7861221383417563,option_left,True
1651,R05,P05,I02,T05_02,0.0,0.538328983130649,0.24590173312096322,prompt,True
1652,R05,P05,I02,T05_02,0.029006556991478888,0.46038200471361446,0.3230250459240145,prompt,True
1653,R05,P05,I02,T05_02,0.058013113982957776,0.49980340211357843,0.3847664594783439,prompt,True
1654,R05,P05,I02,T05_02,0.08701967097443666,0.6190203488156815,0.2277029439559091,prompt,True
1655,R05,P05,I02,T05_02,0.11602622796591555,0.4889781440198337,0.2186272407338191,prompt,True
1656,R05,P05,I02,T05_02,0.14503278495739444,0.40128143522812887,0.2752724215656607,prompt,True
1657,R05,P05,I02,T05_02,0.17403934194887333,0.4625923181618292,0.37672132224557364,prompt,True
1658,R05,P05,I02,T05_02,0.20304589894035222,0.5410727261221671,0.25766060355308423,prompt,True
1659,R05,P05,I02,T05_02,0.2320524559318311,0.5363321068966335,0.1282412507708593,prompt,True
1660,R05,P05,I02,T05_02,0.26105901292331,0.5584527961856669,0.29973776907968364,prompt,True
1661,R05,P05,I02,T05_02,0.2900655699147889,0.2890350877406328,0.36006254903951934,prompt,True
1662,R05,P05,I02,T05_02,0.31907212690626774,0.5171116805608368,0.35133043586626156,prompt,True
1663,R05,P05,I02,T05_02,0.34807868389774665,0.36652667535735334,0.30179152334312753,prompt,True
1664,R05,P05,I02,T05_02,0.37708524088922557,0.5307042308397506,0.1301113464650513,prompt,True
1665,R05,P05,I02,T05_02,0.40609179788070443,0.4396507946663342,0.30972690309910045,prompt,True
1666,R05,P05,I02,T05_02,0.4350983548721833,0.6686997066734695,0.7428933304340563,option_right,True
1667,R05,P05,I02,T05_02,0.4641049118636622,0.2285570485178551,0.6804346244478163,option_left,True
1668,R05,P05,I02,T05_02,0.4931114688551411,0.7891950608002741,0.8597913071120963,option_right,True
1669,R05,P05,I02,T05_02,0.52211802584662,0.3221942544632128,0.7490933045293179,option_left,True
1670,R05,P05,I02,T05_02,0.5511245828380988,0.16975163637282534,0.7387748296914887,option_left,True
1671,R05,P05,I02,T05_02,0.5801311398295778,0.3586333817181771,0.6905531230004551,option_left,True
1672,R05,P05,I02,T05_02,0.6091376968210567,0.8082694306178612,0.6573149292107483,option_right,True
1673,R05,P05,I02,T05_02,0.6381442538125355,0.7764790629008512,0.7650321054588601,option_right,True
1674,R05,P05,I02,T05_02,0.6671508108040144,0.7779529439869635,0.7415739777573643,option_right,True
1675,R05,P05,I02,T05_02,0.6961573677954933,0.8288857918701331,0.8004634028804276,option_right,True
1676,R05,P05,I02,T05_02,0.7251639247869722,0.19649192492472367,0.7759438631656637,option_left,True
1677,R05,P05,I02,T05_02,0.7541704817784511,0.15134860345636303,0.7775757551767875,option_left,True
1678,R05,P05,I02,T05_02,0.78317703876993,0.7772497694676096,0.7463309210457437,option_right,True
1679,R05,P05,I02,T05_02,0.8121835957614089,0.8498719390756907,0.7139032205021697,option_right,True
1680,R05,P05,I02,T05_02,0.8411901527528878,0.8487986961258679,0.7195056136353551,option_right,True
1681,R05,P05,I02,T05_02,0.8701967097443666,0.2389783885421596,0.7700564079797556,option_left,True
1682,R05,P05,I02,T05_02,0.8992032667358455,0.2855644883842685,0.8430963363856143,option_left,True
1683,R05,P05,I02,T05_02,0.9282098237273244,0.8863884656970273,0.778661067397987,option_right,True
1684,R05,P05,I02,T05_02,0.9572163807188033,0.6883261280252087,0.791102053715507,option_right,True
1685,R05,P05,I02,T05_02,0.9862229377102822,0.9007795873279413,0.6865360559035587,option_right,True
1686,R05,P05,I02,T05_02,1.015229494701761,0.48728315264709476,0.751895164264581,option_left,True
1687,R05,P05,I02,T05_02,1.04423605169324,0.747568884837096,0.6195106003937296,option_right,True
1688,R05,P05,I02,T05_02,1.0732426086847189,0.8357507846602822,0.7869766580324301,option_right,True
1689,R05,P05,I02,T05_02,1.1022491656761977,0.7427384560247753,0.8255952493539879,option_right,True
1690,R05,P05,I02,T05_02,1.1312557226676767,0.2038488959334902,0.7934989001778305,option_left,True
1691,R05,P05,I02,T05_02,1.1602622796591555,0.6755941035243535,0.7327325713147642,option_right,True
1692,R05,P05,I02,T05_02,1.1892688366506343,0.2645504113837006,0.7271625560748936,option_left,True
1693,R05,P05,I02,T05_02,1.2182753936421133,0.7362795069431003,0.7634924566092465,option_right,True
1694,R05,P05,I02,T05_02,1.2472819506335922,0.24571672373896974,0.8896423154599259,option_left,True
1695,R05,P05,I02,T05_02,1.276288507625071,0.7324984214691229,0.8573769372134785,option_right,True
1696,R05,P05,I02,T05_02,1.30529506461655,0.819263829418099,0.6882768883627822,option_right,True
1697,R05,P05,I02,T05_02,1.3343016216080288,0.761893261729135,0.8788691829002622,option_right,True
1698,R05,P05,I02,T05_02,1.3633081785995078,0.2306434276660101,0.6999065596454275,option_left,True
1699,R05,P05,I02,T05_02,1.3923147355909866,0.6882930913633479,0.6782117965074526,option_right,True
1700,R05,P05,I02,T05_02,1.4213212925824654,0.724444202708542,0.8317990079854202,option_right,True
1701,R05,P05,I03,T05_03,0.0,0.3791236358980452,0.27793350383867454,prompt,True
1702,R05,P05,I03,T05_03,0.02763569572586184,0.46998258537619375,0.24174871794324881,prompt,True
1703,R05,P05,I03,T05_03,0.05527139145172368,0.45797345851291,0.3729450917573029,prompt,True
1704,R05,P05,I03,T05_03,0.08290708717758552,0.5027920295696124,0.3431650330505957,prompt,True
1705,R05,P05,I03,T05_03,0.11054278290344736,0.6253296930584743,0.14137719516827785,prompt,True
1706,R05,P05,I03,T05_03,0.1381784786293092,0.5792186868665323,0.31173039341851233,prompt,True
1707,R05,P05,I03,T05_03,0.16581417435517104,0.4643048566608498,0.283055070179436,prompt,True
1708,R05,P05,I03,T05_03,0.1934498700810329,0.5487335399093722,0.2207363482327438,prompt,True
1709,R05,P05,I03,T05_03,0.22108556580689473,0.49585834147492636,0.17259294748727427,prompt,True
1710,R05,P05,I03,T05_03,0.24872126153275656,0.5755276289278127,0.34448225568473984,prompt,True
1711,R05,P05,I03,T05_03,0.2763569572586184,0.4288917024540099,0.28864904208437775,prompt,True
1712,R05,P05,I03,T05_03,0.30399265298448025,0.44113019167708095,0.19663016384096224,prompt,True
1713,R05,P05,I03,T05_03,0.3316283487103421,0.546818233610576,0.11950579898410724,prompt,True
1714,R05,P05,I03,T05_03,0.3592640444362039,0.610478240712639,0.10038887336882532,prompt,True
1715,R05,P05,I03,T05_03,0.3868997401620658,0.5173092841032835,0.195012205542276,prompt,True
1716,R05,P05,I03,T05_03,0.41453543588792763,0.26961316074472946,0.8208385892159145,option_left,True
1717,R05,P05,I03,T05_03,0.44217113161378946,0.2490139347298136,0.7709258647984036,option_left,True
1718,R05,P05,I03,T05_03,0.4698068273396513,0.22965155432067091,0.7104993214049551,option_left,True
1719,R05,P05,I03,T05_03,0.4974425230655131,0.1912491541772216,0.7375940549309931,option_left,True
1720,R05,P05,I03,T05_03,0.525078218791375,0.30575056967881203,0.8366105948239828,option_left,True
1721,R05,P05,I03,T05_03,0.5527139145172368,0.23843188817726257,0.6256036967921728,option_left,True
1722,R05,P05,I03,T05_03,0.5803496102430986,0.3387284903095001,0.7463236228143313,option_left,True
1723,R05,P05,I03,T05_03,0.6079853059689605,0.19690303501902237,0.7738491179974477,option_left,True
1724,R05,P05,I03,T05_03,0.6356210016948224,0.38929948681165827,0.7067483387430491,option_left,True
1725,R05,P05,I03,T05_03,0.6632566974206842,0.3260190994546804,0.8376323749545285,option_left,True
1726,R05,P05,I03,T05_03,0.690892393146546,0.310008257203445,0.6711688795671812,option_left,True
1727,R05,P05,I03,T05_03,0.7185280888724078,0.17045228910999502,0.7735974213780508,option_left,True
1728,R05,P05,I03,T05_03,0.7461637845982697,0.1407602941143024,0.7618845344186725,option_left,True
1729,R05,P05,I03,T05_03,0.7737994803241316,0.25078066482479433,0.7753229586251662,option_left,True
1730,R05,P05,I03,T05_03,0.8014351760499934,0.27505353172545205,0.7223740053312074,option_left,True
1731,R05,P05,I03,T05_03,0.8290708717758553,0.3008909448208681,0.7366405748778224,option_left,True
1732,R05,P05,I03,T05_03,0.856706567501717,0.3207393050439192,0.7969787390451776,option_left,True
1733,R05,P05,I03,T05_03,0.8843422632275789,0.1462254709721862,0.7291551229733179,option_left,True
1734,R05,P05,I03,T05_03,0.9119779589534408,0.12252270104413462,0.7311773529964218,option_left,True
1735,R05,P05,I03,T05_03,0.9396136546793026,0.19651226777713704,0.9117733999651096,option_left,True
1736,R05,P05,I03,T05_03,0.9672493504051645,0.36122404712960604,0.7186405384167263,option_left,True
1737,R05,P05,I03,T05_03,0.9948850461310262,0.2764720726144992,0.8815498941939214,option_left,True
1738,R05,P05,I03,T05_03,1.022520741856888,0.2477396082448201,0.7594997828002127,option_left,True
1739,R05,P05,I03,T05_03,1.05015643758275,0.2582162317707366,0.8124345381275404,option_left,True
1740,R05,P05,I03,T05_03,1.0777921333086118,0.3976170525684992,0.8149678739730776,option_left,True
1741,R05,P05,I03,T05_03,1.1054278290344737,0.15045396802520594,0.7828262543255041,option_left,True
1742,R05,P05,I03,T05_03,1.1330635247603356,0.33672168135059033,0.792508567424422,option_left,True
1743,R05,P05,I03,T05_03,1.1606992204861972,0.11541499771769481,0.7510097033180165,option_left,True
1744,R05,P05,I03,T05_03,1.1883349162120591,0.34019803590978764,0.8805329580214613,option_left,True
1745,R05,P05,I03,T05_03,1.215970611937921,0.1104738075789573,0.7476697060111388,option_left,True
1746,R05,P05,I03,T05_03,1.2436063076637829,0.2610917884313053,0.7552184285408426,option_left,True
1747,R05,P05,I03,T05_03,1.2712420033896448,0.38803460693933334,0.817013965857176,option_left,True
1748,R05,P05,I03,T05_03,1.2988776991155064,0.19476203476781076,0.7467329081637464,option_left,True
1749,R05,P05,I03,T05_03,1.3265133948413683,0.22967866596941855,0.7332301059367127,option_left,True
1750,R05,P05,I03,T05_03,1.3541490905672302,0.3934932570545423,0.8148075928820184,option_left,True
1751,R05,P05,I04,T05_04,0.0,0.6498944315759376,0.2930357245447428,prompt,True
1752,R05,P05,I04,T05_04,0.03314138099052876,0.4889745255283048,0.42322390167254387,prompt,True
1753,R05,P05,I04,T05_04,0.06628276198105752,0.48042730810948303,0.29554345833528123,prompt,True
1754,R05,P05,I04,T05_04,0.09942414297158628,0.4601309074968445,0.29663341385271286,prompt,True
1755,R05,P05,I04,T05_04,0.13256552396211504,0.4772916235394192,0.17297578014831994,prompt,True
1756,R05,P05,I04,T05_04,0.1657069049526438,0.5994901730188258,0.23140808956742787,prompt,True
1757,R05,P05,I04,T05_04,0.19884828594317255,0.5112299266307733,0.23261333746958676,prompt,True
1758,R05,P05,I04,T05_04,0.23198966693370132,0.5600790461015223,0.27196258658482686,prompt,True
1759,R05,P05,I04,T05_04,0.2651310479242301,0.5846019335121643,0.26128141246640135,prompt,True
1760,R05,P05,I04,T05_04,0.29827242891475886,0.47750524386462556,0.21065184582742735,prompt,True
1761,R05,P05,I04,T05_04,0.3314138099052876,0.4394371661464448,0.24056063168587843,prompt,True
1762,R05,P05,I04,T05_04,0.3645551908958164,0.5258985001465235,0.2862377655626538,prompt,True
1763,R05,P05,I04,T05_04,0.3976965718863451,0.5209016705108575,0.2863874104473588,prompt,False
1764,R05,P05,I04,T05_04,0.4308379528768739,0.5823009819449799,0.30615807507456794,prompt,True
1765,R05,P05,I04,T05_04,0.46397933386740264,0.5451386288536445,0.18448142301940773,prompt,True
1766,R05,P05,I04,T05_04,0.4971207148579314,0.3016653457022417,0.8096321769624624,option_left,True
1767,R05,P05,I04,T05_04,0.5302620958484602,0.8073135613735103,0.7002624472355005,option_right,True
1768,R05,P05,I04,T05_04,0.563403476838989,0.16626437399899485,0.7671843271195493,option_left,True
1769,R05,P05,I04,T05_04,0.5965448578295177,0.14328115623426235,0.6524018320611702,option_left,True
1770,R05,P05,I04,T05_04,0.6296862388200465,0.23400047077869718,0.9277064535734648,option_left,True
1771,R05,P05,I04,T05_04,0.6628276198105753,0.8186190289988642,0.6775740294694074,option_right,True
1772,R05,P05,I04,T05_04,0.695969000801104,0.21596437766043508,0.7964341795719827,option_left,True
1773,R05,P05,I04,T05_04,0.7291103817916328,0.6850600347905331,0.8047793526586045,option_right,True
1774,R05,P05,I04,T05_04,0.7622517627821616,0.6590992656251901,0.9512150150885808,option_right,True
1775,R05,P05,I04,T05_04,0.7953931437726902,0.39878920440082466,0.8091740968357107,option_left,True
1776,R05,P05,I04,T05_04,0.828534524763219,0.3614267346901011,0.6382502756431903,option_left,True
1777,R05,P05,I04,T05_04,0.8616759057537478,0.6634810748030762,0.8390328867937246,option_right,True
1778,R05,P05,I04,T05_04,0.8948172867442765,0.7324608478289497,0.6525729046333579,option_right,True
1779,R05,P05,I04,T05_04,0.9279586677348053,0.10363784048310246,0.8468705459009772,option_left,True
1780,R05,P05,I04,T05_04,0.961100048725334,0.22889619055166535,0.6733413928626336,option_left,True
1781,R05,P05,I04,T05_04,0.9942414297158628,0.17274768495251439,0.6678342829229773,option_left,True
1782,R05,P05,I04,T05_04,1.0273828107063916,0.7560613648768254,0.6437108255792756,option_right,True
1783,R05,P05,I04,T05_04,1.0605241916969204,0.6952146247784173,0.7564728647304598,option_right,True
1784,R05,P05,I04,T05_04,1.0936655726874491,0.7876646568120074,0.6687078649835168,option_right,True
1785,R05,P05,I04,T05_04,1.126806953677978,0.4363793922734459,0.7745618585987131,option_left,True
1786,R05,P05,I04,T05_04,1.1599483346685067,0.29240391826401957,0.8364008843228928,option_left,True
1787,R05,P05,I04,T05_04,1.1930897156590354,0.759453093113572,0.7496598009236837,option_right,True
1788,R05,P05,I04,T05_04,1.2262310966495642,0.8639123766840566,0.6144205214149598,option_right,True
1789,R05,P05,I04,T05_04,1.259372477640093,0.7446269571626671,0.6452125727886638,option_right,True
1790,R05,P05,I04,T05_04,1.2925138586306217,0.7752106317983957,0.901743731002884,option_right,True
1791,R05,P05,I04,T05_04,1.3256552396211505,0.710239380390141,0.7307477632903149,option_right,False
1792,R05,P05,I04,T05_04,1.3587966206116793,0.7301441189028647,0.7661053012897359,option_right,True
1793,R05,P05,I04,T05_04,1.391938001602208,0.6794694469373062,0.7007346990791974,option_right,True
1794,R05,P05,I04,T05_04,1.4250793825927368,0.297676316155541,0.6847939377884471,option_left,True
1795,R05,P05,I04,T05_04,1.4582207635832656,0.730392746391972,0.7883937071785335,option_right,True
1796,R05,P05,I04,T05_04,1.4913621445737943,0.6350999482710585,0.7457456128636114,option_right,True
1797,R05,P05,I04,T05_04,1.5245035255643231,0.7251769684689897,0.7173056024431765,option_right,True
1798,R05,P05,I04,T05_04,1.5576449065548519,0.3455317686189773,0.8278624081743379,option_left,True
1799,R05,P05,I04,T05_04,1.5907862875453804,0.8200226039522401,0.6778011742652773,option_right,True
1800,R05,P05,I04,T05_04,1.6239276685359092,0.9267447899614508,0.6822218285620124,option_right,True
1801,R05,P05,I05,T05_05,0.0,0.3171456398507839,0.16105056541971086,prompt,True
1802,R05,P05,I05,T05_05,0.03805779834553627,0.5188399981382245,0.23855143987065694,prompt,True
1803,R05,P05,I05,T05_05,0.07611559669107254,0.34370597414563914,0.3111657544961253,prompt,True
1804,R05,P05,I05,T05_05,0.11417339503660881,0.4549882693894458,0.34247869151701116,prompt,True
1805,R05,P05,I05,T05_05,0.15223119338214508,0.38414483503797203,0.289606439915596,prompt,True
1806,R05,P05,I05,T05_05,0.19028899172768135,0.6542329741892488,0.15532455487310035,prompt,True
1807,R05,P05,I05,T05_05,0.22834679007321762,0.42027982859457624,0.2032822720107544,prompt,True
1808,R05,P05,I05,T05_05,0.2664045884187539,0.6605399554836704,0.24666913831972279,prompt,True
1809,R05,P05,I05,T05_05,0.30446238676429016,0.4937527166589827,0.4382911007870892,prompt,True
1810,R05,P05,I05,T05_05,0.3425201851098264,0.5889485422300814,0.23341630523869128,prompt,True
1811,R05,P05,I05,T05_05,0.3805779834553627,0.5456674112339229,0.3535556366825342,prompt,True
1812,R05,P05,I05,T05_05,0.418635781800899,0.5363168310985614,0.26604933162678646,prompt,False
1813,R05,P05,I05,T05_05,0.45669358014643524,0.41543825101488663,0.24867918051197713,prompt,True
1814,R05,P05,I05,T05_05,0.4947513784919715,0.4637082475004698,0.21827689244467358,prompt,True
1815,R05,P05,I05,T05_05,0.5328091768375078,0.5361347294990515,0.16660245874786675,prompt,True
1816,R05,P05,I05,T05_05,0.5708669751830441,0.24382519146326437,0.7901003740434805,option_left,False
1817,R05,P05,I05,T05_05,0.6089247735285803,0.04401965491311399,0.7866026310666944,option_left,True
1818,R05,P05,I05,T05_05,0.6469825718741166,0.2725027261410533,0.702905686608409,option_left,True
1819,R05,P05,I05,T05_05,0.6850403702196528,0.06085640809101345,0.7647341289024852,option_left,True
1820,R05,P05,I05,T05_05,0.7230981685651892,0.3092056026737414,0.7789322013936391,option_left,True
1821,R05,P05,I05,T05_05,0.7611559669107254,0.2988827996673467,0.7511632374404819,option_left,False
1822,R05,P05,I05,T05_05,0.7992137652562616,0.3104164891984343,0.7339624499823127,option_left,True
1823,R05,P05,I05,T05_05,0.837271563601798,0.806945961620525,0.7894996079718262,option_right,True
1824,R05,P05,I05,T05_05,0.8753293619473342,0.9178483177852509,0.7196705182183519,option_right,True
1825,R05,P05,I05,T05_05,0.9133871602928705,0.6699142285677103,0.7873268851933483,option_right,True
1826,R05,P05,I05,T05_05,0.9514449586384067,0.252775481381274,0.8507974615755174,option_left,True
1827,R05,P05,I05,T05_05,0.989502756983943,0.30758107448184135,0.7410974906206399,option_left,True
1828,R05,P05,I05,T05_05,1.0275605553294793,0.23050732116677763,0.7118083140630808,option_left,True
1829,R05,P05,I05,T05_05,1.0656183536750157,0.6370880548319264,0.7645834102200261,option_right,True
1830,R05,P05,I05,T05_05,1.1036761520205518,0.21923667561855426,0.7502252650918786,option_left,True
1831,R05,P05,I05,T05_05,1.1417339503660882,0.653092755945907,0.7929331703629856,option_right,True
1832,R05,P05,I05,T05_05,1.1797917487116243,0.23467785523956386,0.7308353869772933,option_left,True
1833,R05,P05,I05,T05_05,1.2178495470571606,0.8706315828072699,0.7729080348702164,option_right,True
1834,R05,P05,I05,T05_05,1.255907345402697,0.7174228711415023,0.7433927311384068,option_right,True
1835,R05,P05,I05,T05_05,1.2939651437482331,0.8640310622329759,0.848881154183769,option_right,True
1836,R05,P05,I05,T05_05,1.3320229420937695,0.07988523581309095,0.7137530549557727,option_left,True
1837,R05,P05,I05,T05_05,1.3700807404393056,0.8086395925080737,0.7443769697489614,option_right,True
1838,R05,P05,I05,T05_05,1.408138538784842,0.07236162180572395,0.8037449046294803,option_left,True
1839,R05,P05,I05,T05_05,1.4461963371303783,0.7167676396950803,0.6290938842205687,option_right,True
1840,R05,P05,I05,T05_05,1.4842541354759144,0.7584229913338295,0.9043602090609372,option_right,True
1841,R05,P05,I05,T05_05,1.5223119338214508,0.7160254852432948,0.7594106914141304,option_right,True
1842,R05,P05,I05,T05_05,1.5603697321669872,0.19709623321704725,0.8117871614688866,option_left,True
1843,R05,P05,I05,T05_05,1.5984275305125233,0.741232823369301,0.7467979994836731,option_right,False
1844,R05,P05,I05,T05_05,1.6364853288580596,0.28744159692256166,0.7036603581216104,option_left,True
1845,R05,P05,I05,T05_05,1.674543127203596,0.8477866282540061,0.6414264571951833,option_right,True
1846,R05,P05,I05,T05_05,1.7126009255491321,0.6865030149359757,0.7037025948532564,option_right,True
1847,R05,P05,I05,T05_05,1.7506587238946685,0.21857381522985722,0.6843508451261331,option_left,True
1848,R05,P05,I05,T05_05,1.7887165222402046,0.7217018541642057,0.7096807719747213,option_right,True
1849,R05,P05,I05,T05_05,1.826774320585741,0.186030466948981,0.7635324965391752,option_left,True
1850,R05,P05,I05,T05_05,1.8648321189312773,0.2809659465101174,0.7806985211161467,option_left,True
1851,R05,P05,I06,T05_06,0.0,0.5097644374912856,0.24962473999068188,prompt,True
1852,R05,P05,I06,T05_06,0.03642781963641665,0.5487671173397582,0.17392897310124966,prompt,True
1853,R05,P05,I06,T05_06,0.0728556392728333,0.5275156995547771,0.2563687648108907,prompt,True
1854,R05,P05,I06,T05_06,0.10928345890924995,0.6426289089984114,0.31734992471385715,prompt,True
1855,R05,P05,I06,T05_06,0.1457112785456666,0.6643496078494403,0.25207872032477935,prompt,True
1856,R05,P05,I06,T05_06,0.18213909818208324,0.49217795245526275,0.2699861766802931,prompt,True
1857,R05,P05,I06,T05_06,0.2185669178184999,0.4096503817956225,0.3525303333346838,prompt,True
1858,R05,P05,I06,T05_06,0.2549947374549165,0.5465567172069259,0.11362828715669457,prompt,True
1859,R05,P05,I06,T05_06,0.2914225570913332,0.4294404494741878,0.2965092771335922,prompt,True
1860,R05,P05,I06,T05_06,0.32785037672774986,0.5215862528759709,0.3132148305253609,prompt,True
1861,R05,P05,I06,T05_06,0.3642781963641665,0.5302792529742154,0.17432730022988274,prompt,True
1862,R05,P05,I06,T05_06,0.40070601600058314,0.5253817722016885,0.4554215459434101,prompt,True
1863,R05,P05,I06,T05_06,0.4371338356369998,0.37228543031799,0.24644916929024144,prompt,True
1864,R05,P05,I06,T05_06,0.4735616552734164,0.47661063819193245,0.2550727396722763,prompt,True
1865,R05,P05,I06,T05_06,0.509989474909833,0.3634837135603069,0.3475212647047206,prompt,True
1866,R05,P05,I06,T05_06,0.5464172945462498,0.9203779335950623,0.6326609266986933,option_right,True
1867,R05,P05,I06,T05_06,0.5828451141826664,0.13323871418341207,0.8606274998231243,option_left,True
1868,R05,P05,I06,T05_06,0.619272933819083,0.2912320610916629,0.7507706566375446,option_left,True
1869,R05,P05,I06,T05_06,0.6557007534554997,0.37393333027301573,0.7216829407657223,option_left,True
1870,R05,P05,I06,T05_06,0.6921285730919163,0.7543734604250857,0.7163596137055008,option_right,True
1871,R05,P05,I06,T05_06,0.728556392728333,0.7812513968698256,0.7062468689062982,option_right,True
1872,R05,P05,I06,T05_06,0.7649842123647497,0.7573117053968801,0.6095646172355867,option_right,True
1873,R05,P05,I06,T05_06,0.8014120320011663,0.2686927515880866,0.7865932723898739,option_left,True
1874,R05,P05,I06,T05_06,0.8378398516375829,0.37131610113842056,0.7198126439126221,option_left,True
1875,R05,P05,I06,T05_06,0.8742676712739996,0.360981881892291,0.6454762310866624,option_left,True
1876,R05,P05,I06,T05_06,0.9106954909104162,0.25598958378259973,0.7991441849250074,option_left,True
1877,R05,P05,I06,T05_06,0.9471233105468329,0.23494720663507015,0.741794563506936,option_left,True
1878,R05,P05,I06,T05_06,0.9835511301832495,0.7370371113263466,0.9240534726486853,option_right,True
1879,R05,P05,I06,T05_06,1.019978949819666,0.15723695585493797,0.7594022622240387,option_left,True
1880,R05,P05,I06,T05_06,1.0564067694560828,0.21852129531680098,0.6475374820272783,option_left,True
1881,R05,P05,I06,T05_06,1.0928345890924995,0.6604064531659315,0.7633802848572474,option_right,True
1882,R05,P05,I06,T05_06,1.129262408728916,0.26072886019465147,0.9513205720991449,option_left,True
1883,R05,P05,I06,T05_06,1.1656902283653328,0.7519967236239712,0.7598272692272002,option_right,True
1884,R05,P05,I06,T05_06,1.2021180480017495,0.35738095227951117,0.7951302678584878,option_left,True
1885,R05,P05,I06,T05_06,1.238545867638166,0.3369827309831178,0.6689405307976213,option_left,True
1886,R05,P05,I06,T05_06,1.2749736872745827,0.8320235673500449,0.7028559383458776,option_right,True
1887,R05,P05,I06,T05_06,1.3114015069109994,0.39272518677062174,0.8142411805994954,option_left,True
1888,R05,P05,I06,T05_06,1.347829326547416,0.6897662644931347,0.8038281865286259,option_right,True
1889,R05,P05,I06,T05_06,1.3842571461838327,0.27282953870812154,0.7533154036776872,option_left,True
1890,R05,P05,I06,T05_06,1.4206849658202494,0.23138985030165493,0.8183984896738251,option_left,True
1891,R05,P05,I06,T05_06,1.457112785456666,0.8746569594132282,0.7753070529540835,option_right,True
1892,R05,P05,I06,T05_06,1.4935406050930826,0.2742483870927903,0.7096141445019325,option_left,True
1893,R05,P05,I06,T05_06,1.5299684247294993,0.17189982039633075,0.6417628575462329,option_left,True
1894,R05,P05,I06,T05_06,1.5663962443659158,0.849359897025322,0.8115516148694059,option_right,True
1895,R05,P05,I06,T05_06,1.6028240640023326,0.8597061576332798,0.7481451243844238,option_right,True
1896,R05,P05,I06,T05_06,1.6392518836387493,0.3469100459372282,0.6801740446949588,option_left,True
1897,R05,P05,I06,T05_06,1.6756797032751658,0.8653200512512996,0.6772470359495601,option_right,False
1898,R05,P05,I06,T05_06,1.7121075229115825,0.6387507292568447,0.9074135114206511,option_right,True
1899,R05,P05,I06,T05_06,1.7485353425479992,0.7255355279699727,0.6774785405450243,option_right,True
1900,R05,P05,I06,T05_06,1.7849631621844158,0.722404105854314,0.7736672942386215,option_right,True
1901,R05,P05,I07,T05_07,0.0,0.6257590083835873,0.252655108882929,prompt,True
1902,R05,P05,I07,T05_07,0.04163307792070275,0.4489127422200686,0.16687450122240513,prompt,True
1903,R05,P05,I07,T05_07,0.0832661558414055,0.5227938197098174,0.25351620871568126,prompt,True
1904,R05,P05,I07,T05_07,0.12489923376210824,0.5661666071753703,0.3453597080410944,prompt,True
1905,R05,P05,I07,T05_07,0.166532311682811,0.5195654924560473,0.2624927033417609,prompt,True
1906,R05,P05,I07,T05_07,0.20816538960351375,0.6013481644882885,0.14713370715077578,prompt,True
1907,R05,P05,I07,T05_07,0.24979846752421647,0.6104843299258428,0.28595210225551654,prompt,True
1908,R05,P05,I07,T05_07,0.2914315454449192,0.5760352891553481,0.2594438498480178,prompt,True
1909,R05,P05,I07,T05_07,0.333064623365622,0.4434406685138507,0.29932947828248113,prompt,True
1910,R05,P05,I07,T05_07,0.37469770128632474,0.5524603870257958,0.3063366592199389,prompt,True
1911,R05,P05,I07,T05_07,0.4163307792070275,0.46818190374564767,0.26831873873133055,prompt,True
1912,R05,P05,I07,T05_07,0.45796385712773025,0.47426260505917034,0.20216676352626012,prompt,True
1913,R05,P05,I07,T05_07,0.49959693504843294,0.6827909121204524,0.18308297742888813,prompt,True
1914,R05,P05,I07,T05_07,0.5412300129691358,0.5809835346836264,0.22631465592690997,prompt,True
1915,R05,P05,I07,T05_07,0.5828630908898385,0.26956667465055206,0.26018680618571105,prompt,True
1916,R05,P05,I07,T05_07,0.6244961688105413,0.34339843499401196,0.7146663487462159,option_left,True
1917,R05,P05,I07,T05_07,0.666129246731244,0.769691277926686,0.6932465502751731,option_right,True
1918,R05,P05,I07,T05_07,0.7077623246519467,0.6771933137055248,0.7383964255886307,option_right,True
1919,R05,P05,I07,T05_07,0.7493954025726495,0.7926142114889819,0.8141323433984088,option_right,True
1920,R05,P05,I07,T05_07,0.7910284804933522,0.21349682074089235,0.7455418481536669,option_left,True
1921,R05,P05,I07,T05_07,0.832661558414055,0.7172458321765589,0.6476373587198304,option_right,True
1922,R05,P05,I07,T05_07,0.8742946363347577,0.6224198821548925,0.6478720660397133,option_right,True
1923,R05,P05,I07,T05_07,0.9159277142554605,0.3004707544199077,0.790389027715093,option_left,True
1924,R05,P05,I07,T05_07,0.9575607921761632,0.10443618504475605,0.748423828910833,option_left,True
1925,R05,P05,I07,T05_07,0.9991938700968659,0.6845025636088901,0.750173409678481,option_right,True
1926,R05,P05,I07,T05_07,1.0408269480175687,0.6419984182707469,0.765671553830097,option_right,True
1927,R05,P05,I07,T05_07,1.0824600259382715,0.16125466840202185,0.7867051942380417,option_left,True
1928,R05,P05,I07,T05_07,1.124093103858974,0.6006865076545531,0.7478040215521772,option_right,True
1929,R05,P05,I07,T05_07,1.165726181779677,0.23317695555484264,0.7311326261634327,option_left,True
1930,R05,P05,I07,T05_07,1.2073592597003797,0.8211980231514455,0.8826598357915966,option_right,True
1931,R05,P05,I07,T05_07,1.2489923376210825,0.8017768168853554,0.705767046953976,option_right,True
1932,R05,P05,I07,T05_07,1.2906254155417851,0.7634650349996107,0.6949908081155813,option_right,True
1933,R05,P05,I07,T05_07,1.332258493462488,0.3097746912212806,0.8219645671931541,option_left,False
1934,R05,P05,I07,T05_07,1.3738915713831907,0.5700262602482863,0.7711521993750867,option_right,True
1935,R05,P05,I07,T05_07,1.4155246493038933,0.4086960160631513,0.7422608252701424,option_left,True
1936,R05,P05,I07,T05_07,1.4571577272245961,0.21001781828095453,0.7085651217993717,option_left,True
1937,R05,P05,I07,T05_07,1.498790805145299,0.8392363973462591,0.8637009848885343,option_right,True
1938,R05,P05,I07,T05_07,1.5404238830660018,0.8207861996159546,0.7763603965707563,option_right,True
1939,R05,P05,I07,T05_07,1.5820569609867043,0.7477031736195735,0.7683842084340401,option_right,True
1940,R05,P05,I07,T05_07,1.6236900389074072,0.7412126258456011,0.6366619298289311,option_right,True
1941,R05,P05,I07,T05_07,1.66532311682811,0.707451948104841,0.8309905073755561,option_right,True
1942,R05,P05,I07,T05_07,1.7069561947488125,0.684631599318584,0.8083453736439196,option_right,True
1943,R05,P05,I07,T05_07,1.7485892726695154,0.8541237283190926,0.8823510408429902,option_right,False
1944,R05,P05,I07,T05_07,1.7902223505902182,0.2531054406961157,0.8052814186718593,option_left,True
1945,R05,P05,I07,T05_07,1.831855428510921,0.2503122784146725,0.8404612703243353,option_left,True
1946,R05,P05,I07,T05_07,1.8734885064316236,0.6732007553053632,0.6814951006875564,option_right,True
1947,R05,P05,I07,T05_07,1.9151215843523264,0.29377926340519234,0.6954241295946514,option_left,True
1948,R05,P05,I07,T05_07,1.9567546622730292,0.9058397334915694,0.9742040358278451,option_right,True
1949,R05,P05,I07,T05_07,1.9983877401937318,0.8209711298459934,0.7915908590633913,option_right,True
1950,R05,P05,I07,T05_07,2.0400208181144346,0.3658514780400297,0.7808801291609078,option_left,True
1951,R05,P05,I08,T05_08,0.0,0.49515375742124357,0.18280106016032613,prompt,True
1952,R05,P05,I08,T05_08,0.04966374733041911,0.3465112310236437,0.2900840076700105,prompt,True
1953,R05,P05,I08,T05_08,0.09932749466083822,0.6036766282460067,0.18882374195814086,prompt,True
1954,R05,P05,I08,T05_08,0.14899124199125732,0.41474642875512896,0.3737979395320667,prompt,True
1955,R05,P05,I08,T05_08,0.19865498932167644,0.489934468617555,0.20365292149750544,prompt,True
1956,R05,P05,I08,T05_08,0.24831873665209556,0.4459054233972688,0.23918593522691517,prompt,True
1957,R05,P05,I08,T05_08,0.29798248398251465,0.4742552561203655,0.3732118540340792,prompt,True
1958,R05,P05,I08,T05_08,0.34764623131293376,0.4435086950708697,0.26703603271070997,prompt,True
1959,R05,P05,I08,T05_08,0.3973099786433529,0.4860190149474082,0.35240083243991654,prompt,True
1960,R05,P05,I08,T05_08,0.446973725973772,0.6206137774991667,0.34793436634992525,prompt,True
1961,R05,P05,I08,T05_08,0.4966374733041911,0.6310040140717895,0.14453185151432374,prompt,True
1962,R05,P05,I08,T05_08,0.5463012206346102,0.7031801491527054,0.29746057515082275,prompt,True
1963,R05,P05,I08,T05_08,0.5959649679650293,0.4287536056180791,0.1956375183869691,prompt,True
1964,R05,P05,I08,T05_08,0.6456287152954484,0.4874466422336898,0.289076073129366,prompt,True
1965,R05,P05,I08,T05_08,0.6952924626258675,0.5341897000867747,0.2477444591983953,prompt,True
1966,R05,P05,I08,T05_08,0.7449562099562866,0.22082069426217232,0.8526863868802057,option_left,True
1967,R05,P05,I08,T05_08,0.7946199572867058,0.6000435821334541,0.6521834185276929,option_right,True
1968,R05,P05,I08,T05_08,0.8442837046171249,0.037308112417238165,0.7383038766067983,option_left,True
1969,R05,P05,I08,T05_08,0.893947451947544,0.3126322996314144,0.7749425025813738,option_left,True
1970,R05,P05,I08,T05_08,0.9436111992779631,0.21494406308711694,0.6756423065031237,option_left,True
1971,R05,P05,I08,T05_08,0.9932749466083822,0.2535180135145202,0.8462114652646727,option_left,True
1972,R05,P05,I08,T05_08,1.0429386939388012,0.1739699017920242,0.7098709417668967,option_left,True
1973,R05,P05,I08,T05_08,1.0926024412692203,0.2597187536459669,0.8109739854187573,option_left,True
1974,R05,P05,I08,T05_08,1.1422661885996395,0.6900678480552254,0.876293917481101,option_right,True
1975,R05,P05,I08,T05_08,1.1919299359300586,0.9565419578316817,0.8821245453827827,option_right,True
1976,R05,P05,I08,T05_08,1.2415936832604777,0.16197464586466473,0.7892561948960932,option_left,True
1977,R05,P05,I08,T05_08,1.2912574305908968,0.7792267308972173,0.7498372114441627,option_right,True
1978,R05,P05,I08,T05_08,1.340921177921316,0.6207770779788344,0.6898767883403912,option_right,True
1979,R05,P05,I08,T05_08,1.390584925251735,0.7220410555817002,0.810740775516751,option_right,True
1980,R05,P05,I08,T05_08,1.4402486725821542,0.5781557295701341,0.7142204962823281,option_right,True
1981,R05,P05,I08,T05_08,1.4899124199125733,0.17696064632438324,0.8335063868524063,option_left,True
1982,R05,P05,I08,T05_08,1.5395761672429924,0.3350565877024802,0.7903618797624569,option_left,True
1983,R05,P05,I08,T05_08,1.5892399145734115,0.15412414427106375,0.8103612945888284,option_left,True
1984,R05,P05,I08,T05_08,1.6389036619038306,0.8344061096279519,0.6435705594613153,option_right,True
1985,R05,P05,I08,T05_08,1.6885674092342497,0.7129719983157783,0.6914900092544263,option_right,True
1986,R05,P05,I08,T05_08,1.7382311565646689,0.1313938005428754,0.8044779354206788,option_left,True
1987,R05,P05,I08,T05_08,1.787894903895088,0.8730188762368769,0.7367716728091241,option_right,True
1988,R05,P05,I08,T05_08,1.837558651225507,0.22054942126658594,0.8982259484758216,option_left,True
1989,R05,P05,I08,T05_08,1.8872223985559262,0.24830517722420392,0.8462751347938395,option_left,True
1990,R05,P05,I08,T05_08,1.9368861458863453,0.7380296777072186,0.7654521705642051,option_right,True
1991,R05,P05,I08,T05_08,1.9865498932167645,0.25791323727948123,0.6659499663595053,option_left,True
1992,R05,P05,I08,T05_08,2.0362136405471833,0.23486294329224885,0.7117828340927924,option_left,True
1993,R05,P05,I08,T05_08,2.0858773878776025,0.34595723449134075,0.6927754433292378,option_left,True
1994,R05,P05,I08,T05_08,2.1355411352080216,0.7118038374595106,0.9804151619358301,option_right,True
1995,R05,P05,I08,T05_08,2.1852048825384407,0.7318178907363275,0.8776556468152201,option_right,True
1996,R05,P05,I08,T05_08,2.23486862986886,0.711018817872082,0.7578300564843702,option_right,True
1997,R05,P05,I08,T05_08,2.284532377199279,0.3343397040127526,0.6259868732924221,option_left,True
1998,R05,P05,I08,T05_08,2.334196124529698,0.7564091533330173,0.6519717450691257,option_right,True
1999,R05,P05,I08,T05_08,2.383859871860117,0.7570117706441432,0.7688951598730427,option_right,True
2000,R05,P05,I08,T05_08,2.4335236191905363,0.7107276482102284,0.5510974649241385,option_right,True
2001,R06,P06,I01,T06_01,0.0,0.3411675743142548,0.30840968492893367,prompt,True
2002,R06,P06,I01,T06_01,0.015724092648601293,0.5878381287428462,0.2624741982899462,prompt,True
2003,R06,P06,I01,T06_01,0.031448185297202585,0.5874788026811126,0.31413062202504005,prompt,True
2004,R06,P06,I01,T06_01,0.04717227794580388,0.565029113546908,0.11443605701268167,prompt,True
2005,R06,P06,I01,T06_01,0.06289637059440517,0.3730829834111897,0.23559490911930842,prompt,True
2006,R06,P06,I01,T06_01,0.07862046324300646,0.47874223172692976,0.26170163584850936,prompt,True
2007,R06,P06,I01,T06_01,0.09434455589160776,0.6385658812760339,0.38345531304331637,prompt,True
2008,R06,P06,I01,T06_01,0.11006864854020905,0.43850568810112717,0.21486901218011778,prompt,True
2009,R06,P06,I01,T06_01,0.12579274118881034,0.5357905065948743,0.2941364238410458,prompt,True
2010,R06,P06,I01,T06_01,0.14151683383741165,0.5666574814146262,0.2987617870600232,prompt,True
2011,R06,P06,I01,T06_01,0.15724092648601293,0.4830498861738189,0.031186093767936074,prompt,True
2012,R06,P06,I01,T06_01,0.1729650191346142,0.5169978893035434,0.3109701946957883,prompt,True
2013,R06,P06,I01,T06_01,0.1886891117832155,0.5753521115586148,0.22073291883859683,prompt,True
2014,R06,P06,I01,T06_01,0.20441320443181682,0.5394397634688594,0.14287672744378538,prompt,True
2015,R06,P06,I01,T06_01,0.2201372970804181,0.6635901738378743,0.4391365398632835,prompt,True
2016,R06,P06,I01,T06_01,0.23586138972901938,0.23346429056956589,0.6961427098373714,option_left,True
2017,R06,P06,I01,T06_01,0.2515854823776207,0.28045777028591856,0.7730972074172708,option_left,True
2018,R06,P06,I01,T06_01,0.267309575026222,0.2724637285631694,0.8157669634471433,option_left,True
2019,R06,P06,I01,T06_01,0.2830336676748233,0.20972603992963632,0.8617907324272642,option_left,False
2020,R06,P06,I01,T06_01,0.29875776032342455,0.323739051119351,0.7662369127999029,option_left,True
2021,R06,P06,I01,T06_01,0.31448185297202585,0.2225220178642982,0.8769079472912541,option_left,True
2022,R06,P06,I01,T06_01,0.33020594562062716,0.30109054591108264,0.6595750455446878,option_left,True
2023,R06,P06,I01,T06_01,0.3459300382692284,0.1662038240985621,0.6491025723348621,option_left,True
2024,R06,P06,I01,T06_01,0.3616541309178297,0.22758791224361877,0.7592528896558117,option_left,True
2025,R06,P06,I01,T06_01,0.377378223566431,0.07113342417860802,0.7127255621819526,option_left,True
2026,R06,P06,I01,T06_01,0.39310231621503233,0.24143851556380114,0.7133101347399718,option_left,True
2027,R06,P06,I01,T06_01,0.40882640886363364,0.16021543656514806,0.6235287490056156,option_left,True
2028,R06,P06,I01,T06_01,0.4245505015122349,0.21318794149810222,0.7294519902422636,option_left,True
2029,R06,P06,I01,T06_01,0.4402745941608362,0.22639827817179947,0.6966082383945784,option_left,True
2030,R06,P06,I01,T06_01,0.4559986868094375,0.26900939723180634,0.7028346940240036,option_left,True
2031,R06,P06,I01,T06_01,0.47172277945803875,0.29660277972445026,0.6647315550983962,option_left,True
2032,R06,P06,I01,T06_01,0.48744687210664006,0.21389071971052198,0.702339113678856,option_left,True
2033,R06,P06,I01,T06_01,0.5031709647552414,0.23684928643555234,0.8486303110813078,option_left,True
2034,R06,P06,I01,T06_01,0.5188950574038427,0.31952379532432207,0.9292547452127251,option_left,True
2035,R06,P06,I01,T06_01,0.534619150052444,0.2745262341369623,0.6992283365179855,option_left,True
2036,R06,P06,I01,T06_01,0.5503432427010453,0.24316524485445318,0.7253684969861875,option_left,True
2037,R06,P06,I01,T06_01,0.5660673353496466,0.2806563650774807,0.8872064217095241,option_left,True
2038,R06,P06,I01,T06_01,0.5817914279982478,0.2407665825356852,0.71223854588585,option_left,True
2039,R06,P06,I01,T06_01,0.5975155206468491,0.3453673786952656,0.6863192134808374,option_left,False
2040,R06,P06,I01,T06_01,0.6132396132954504,0.2658692975931735,0.7399752635993683,option_left,True
2041,R06,P06,I01,T06_01,0.6289637059440517,0.15821361216668972,0.7921508184365226,option_left,False
2042,R06,P06,I01,T06_01,0.644687798592653,0.16301284552491793,0.7088822680691652,option_left,True
2043,R06,P06,I01,T06_01,0.6604118912412543,0.2259439910488029,0.7603637526000536,option_left,True
2044,R06,P06,I01,T06_01,0.6761359838898556,0.1961143054475457,0.7915585373851777,option_left,True
2045,R06,P06,I01,T06_01,0.6918600765384568,0.2593522594714525,0.6834397238227866,option_left,True
2046,R06,P06,I01,T06_01,0.7075841691870581,0.22183297971783147,0.8387895974145544,option_left,True
2047,R06,P06,I01,T06_01,0.7233082618356594,0.1289953876289959,0.836483510267422,option_left,True
2048,R06,P06,I01,T06_01,0.7390323544842607,0.3179402820938242,0.723601191417215,option_left,True
2049,R06,P06,I01,T06_01,0.754756447132862,0.21004219639215316,0.764939133596178,option_left,True
2050,R06,P06,I01,T06_01,0.7704805397814634,0.14914660181635664,0.7209654400504357,option_left,True
2051,R06,P06,I02,T06_02,0.0,0.5208056152756743,0.32751579370128076,prompt,True
2052,R06,P06,I02,T06_02,0.027197744294877656,0.3818183996663297,0.41052346839809645,prompt,True
2053,R06,P06,I02,T06_02,0.05439548858975531,0.5135483019921817,0.14298747650173843,prompt,True
2054,R06,P06,I02,T06_02,0.08159323288463297,0.33836757371162035,0.36658706325426893,prompt,True
2055,R06,P06,I02,T06_02,0.10879097717951063,0.5181247528945385,0.29954756373968827,prompt,True
2056,R06,P06,I02,T06_02,0.13598872147438829,0.4882052740453256,0.1460037583759572,prompt,True
2057,R06,P06,I02,T06_02,0.16318646576926593,0.3400436672307914,0.1643316277010634,prompt,True
2058,R06,P06,I02,T06_02,0.1903842100641436,0.3275454419805135,0.35238110983869514,prompt,True
2059,R06,P06,I02,T06_02,0.21758195435902125,0.4735022551735697,0.25086320840006693,prompt,True
2060,R06,P06,I02,T06_02,0.2447796986538989,0.4743177481899326,0.16186305967003375,prompt,True
2061,R06,P06,I02,T06_02,0.27197744294877657,0.47408259293242727,0.20903885646761214,prompt,True
2062,R06,P06,I02,T06_02,0.2991751872436542,0.39527678276573713,0.29824604270050703,prompt,True
2063,R06,P06,I02,T06_02,0.32637293153853186,0.5366809336388151,0.13921831040080113,prompt,True
2064,R06,P06,I02,T06_02,0.3535706758334095,0.7172278915354529,0.3172940481525691,prompt,True
2065,R06,P06,I02,T06_02,0.3807684201282872,0.4039834905753358,0.28810000678876185,prompt,False
2066,R06,P06,I02,T06_02,0.40796616442316486,0.9030721605430323,0.6817239329550503,option_right,True
2067,R06,P06,I02,T06_02,0.4351639087180425,0.8507538982429864,0.7478766854196053,option_right,True
2068,R06,P06,I02,T06_02,0.46236165301292015,0.2206252625449781,0.7180779001072554,option_left,True
2069,R06,P06,I02,T06_02,0.4895593973077978,0.23367205419363582,0.7402689669336273,option_left,True
2070,R06,P06,I02,T06_02,0.5167571416026755,0.268526958271553,0.6156629762675055,option_left,True
2071,R06,P06,I02,T06_02,0.5439548858975531,0.5862900640324353,0.6760113095826492,option_right,True
2072,R06,P06,I02,T06_02,0.5711526301924308,0.2412286463939052,0.8694822452366563,option_left,True
2073,R06,P06,I02,T06_02,0.5983503744873084,0.2583093906917413,0.7221148212855737,option_left,True
2074,R06,P06,I02,T06_02,0.6255481187821861,0.9368192045238641,0.6499941870803081,option_right,True
2075,R06,P06,I02,T06_02,0.6527458630770637,0.9057518734662302,0.8609181444672735,option_right,True
2076,R06,P06,I02,T06_02,0.6799436073719414,0.7328509686775314,0.7745645958051826,option_right,True
2077,R06,P06,I02,T06_02,0.707141351666819,0.772206257105612,0.8361720491422775,option_right,True
2078,R06,P06,I02,T06_02,0.7343390959616968,0.6758173607693698,0.7532787467019334,option_right,True
2079,R06,P06,I02,T06_02,0.7615368402565744,0.7449400971003841,0.7698032409586167,option_right,True
2080,R06,P06,I02,T06_02,0.7887345845514521,0.7730421027709041,0.6810129707892909,option_right,True
2081,R06,P06,I02,T06_02,0.8159323288463297,0.7743885435458427,0.7077623293557015,option_right,True
2082,R06,P06,I02,T06_02,0.8431300731412074,0.18619315204526243,0.6701036562382231,option_left,True
2083,R06,P06,I02,T06_02,0.870327817436085,0.7080482887679697,0.8306892181346714,option_right,True
2084,R06,P06,I02,T06_02,0.8975255617309627,0.6473172247090365,0.8705668385929561,option_right,True
2085,R06,P06,I02,T06_02,0.9247233060258403,0.29856113374364635,0.8154622398958944,option_left,True
2086,R06,P06,I02,T06_02,0.9519210503207179,0.8082648983537113,0.7050373345090682,option_right,True
2087,R06,P06,I02,T06_02,0.9791187946155956,0.6690056163914104,0.606030377751386,option_right,True
2088,R06,P06,I02,T06_02,1.0063165389104733,0.7379515272653882,0.8355652419345646,option_right,True
2089,R06,P06,I02,T06_02,1.033514283205351,0.19577406380356707,0.7572394462804293,option_left,True
2090,R06,P06,I02,T06_02,1.0607120275002286,0.6355217810000356,0.5443411490734916,option_right,True
2091,R06,P06,I02,T06_02,1.0879097717951063,0.21954205925992212,0.751702403926835,option_left,True
2092,R06,P06,I02,T06_02,1.115107516089984,0.7593308505675846,0.8262038181711235,option_right,True
2093,R06,P06,I02,T06_02,1.1423052603848616,0.7501950040192951,0.8900427867117964,option_right,True
2094,R06,P06,I02,T06_02,1.1695030046797392,0.6737090418173524,0.8269011204779679,option_right,True
2095,R06,P06,I02,T06_02,1.1967007489746169,0.7684189067531195,0.8024097731257368,option_right,True
2096,R06,P06,I02,T06_02,1.2238984932694945,0.8016455678342994,0.7887613021361558,option_right,True
2097,R06,P06,I02,T06_02,1.2510962375643722,0.23161382164209507,0.5449528151061132,option_left,True
2098,R06,P06,I02,T06_02,1.2782939818592498,0.612690515663437,0.6836535136398212,option_right,True
2099,R06,P06,I02,T06_02,1.3054917261541275,0.6939266253130352,0.6861897219401994,option_right,True
2100,R06,P06,I02,T06_02,1.332689470449005,0.27061614918764887,0.9722680911793876,option_left,True
2101,R06,P06,I03,T06_03,0.0,0.271990829244825,0.2527849731162014,prompt,True
2102,R06,P06,I03,T06_03,0.021348083766785434,0.5986461007405953,0.21543576935105413,prompt,True
2103,R06,P06,I03,T06_03,0.04269616753357087,0.45344826727176035,0.30129366995373436,prompt,True
2104,R06,P06,I03,T06_03,0.0640442513003563,0.5836334046428039,0.25533262569588067,prompt,True
2105,R06,P06,I03,T06_03,0.08539233506714174,0.5759592793769311,0.18267275997778318,prompt,True
2106,R06,P06,I03,T06_03,0.10674041883392717,0.4929239978217445,0.29920037963370466,prompt,True
2107,R06,P06,I03,T06_03,0.1280885026007126,0.5682504983910165,0.31537814221381966,prompt,True
2108,R06,P06,I03,T06_03,0.14943658636749804,0.49955912712797645,0.18387064570802142,prompt,True
2109,R06,P06,I03,T06_03,0.17078467013428347,0.5631822527211761,0.2904478940177681,prompt,True
2110,R06,P06,I03,T06_03,0.1921327539010689,0.5802261724473882,0.3419438644300887,prompt,True
2111,R06,P06,I03,T06_03,0.21348083766785433,0.5276479542107685,0.17358127852087335,prompt,True
2112,R06,P06,I03,T06_03,0.23482892143463976,0.4810638455243145,0.13509190079720396,prompt,True
2113,R06,P06,I03,T06_03,0.2561770052014252,0.5332232574752404,0.16877453707513784,prompt,True
2114,R06,P06,I03,T06_03,0.27752508896821065,0.45357067098120707,0.4429151704641132,prompt,True
2115,R06,P06,I03,T06_03,0.2988731727349961,0.5701668561517462,0.30852407864017867,prompt,True
2116,R06,P06,I03,T06_03,0.3202212565017815,0.11128009468048591,0.7638661926120097,option_left,True
2117,R06,P06,I03,T06_03,0.34156934026856695,0.3160498135614725,0.7515132764657693,option_left,True
2118,R06,P06,I03,T06_03,0.3629174240353524,0.18836327864697908,0.7318096217300791,option_left,True
2119,R06,P06,I03,T06_03,0.3842655078021378,0.1480407006071048,0.8042246286724108,option_left,True
2120,R06,P06,I03,T06_03,0.40561359156892324,0.08680011155866624,0.8075236052470179,option_left,True
2121,R06,P06,I03,T06_03,0.42696167533570867,0.32332631739429335,0.6494572003565885,option_left,True
2122,R06,P06,I03,T06_03,0.4483097591024941,0.21736505472075518,0.8634670999744792,option_left,True
2123,R06,P06,I03,T06_03,0.46965784286927953,0.24013119274942019,0.6319124712013658,option_left,True
2124,R06,P06,I03,T06_03,0.49100592663606496,0.39718750381182855,0.5863782014586321,option_left,True
2125,R06,P06,I03,T06_03,0.5123540104028504,0.1550480650366875,0.7076545194106221,option_left,True
2126,R06,P06,I03,T06_03,0.5337020941696359,0.34382661063804243,0.6868189645892537,option_left,True
2127,R06,P06,I03,T06_03,0.5550501779364213,0.24343740468811578,0.8164480669199707,option_left,True
2128,R06,P06,I03,T06_03,0.5763982617032067,0.3074075904305947,0.7257292096117707,option_left,True
2129,R06,P06,I03,T06_03,0.5977463454699922,0.3837417944426531,0.6200245275265469,option_left,True
2130,R06,P06,I03,T06_03,0.6190944292367776,0.24584553608717408,0.7403941762807881,option_left,True
2131,R06,P06,I03,T06_03,0.640442513003563,0.1316427731541383,0.6809144302623961,option_left,True
2132,R06,P06,I03,T06_03,0.6617905967703485,0.3160302398632812,0.7347881890223451,option_left,True
2133,R06,P06,I03,T06_03,0.6831386805371339,0.12270230118002737,0.770591431161473,option_left,True
2134,R06,P06,I03,T06_03,0.7044867643039193,0.18540646354683532,0.750965261833027,option_left,True
2135,R06,P06,I03,T06_03,0.7258348480707048,0.34145927147578464,0.7571426198902504,option_left,True
2136,R06,P06,I03,T06_03,0.7471829318374902,0.12636608180941214,0.6566615077846114,option_left,True
2137,R06,P06,I03,T06_03,0.7685310156042756,0.19615682194256132,0.7147167828368113,option_left,True
2138,R06,P06,I03,T06_03,0.789879099371061,0.19433998800871372,0.8341588616075832,option_left,True
2139,R06,P06,I03,T06_03,0.8112271831378465,0.20271692025570273,0.770874668380388,option_left,True
2140,R06,P06,I03,T06_03,0.8325752669046319,0.26752650449573945,0.7308388360927469,option_left,True
2141,R06,P06,I03,T06_03,0.8539233506714173,0.3624588044230118,0.6340322859008187,option_left,True
2142,R06,P06,I03,T06_03,0.8752714344382028,0.20047448292578687,0.9758694027652962,option_left,True
2143,R06,P06,I03,T06_03,0.8966195182049882,0.22182998137040638,0.710990671910106,option_left,True
2144,R06,P06,I03,T06_03,0.9179676019717736,0.4399406996140255,0.8618057329021966,option_left,True
2145,R06,P06,I03,T06_03,0.9393156857385591,0.36239203944514453,0.8024338960626274,option_left,True
2146,R06,P06,I03,T06_03,0.9606637695053445,0.2824350666284048,0.7274646356328961,option_left,True
2147,R06,P06,I03,T06_03,0.9820118532721299,0.21422746201882195,0.8049313215953761,option_left,True
2148,R06,P06,I03,T06_03,1.0033599370389155,0.22678234755364285,0.7584485711668791,option_left,True
2149,R06,P06,I03,T06_03,1.024708020805701,0.33402577253560817,0.6420010805671628,option_left,True
2150,R06,P06,I03,T06_03,1.0460561045724863,0.3094409340081123,0.5865137556148894,option_left,True
2151,R06,P06,I04,T06_04,0.0,0.5733348965570171,0.27975743218025495,prompt,True
2152,R06,P06,I04,T06_04,0.016649117469056552,0.4037223743029178,0.24133651203790302,prompt,True
2153,R06,P06,I04,T06_04,0.033298234938113104,0.42590034725108306,0.2728589345308482,prompt,True
2154,R06,P06,I04,T06_04,0.04994735240716966,0.4361525279768813,0.2740735633390657,prompt,True
2155,R06,P06,I04,T06_04,0.06659646987622621,0.4461426091644942,0.2839464186103207,prompt,True
2156,R06,P06,I04,T06_04,0.08324558734528276,0.60253618450876,0.18544935428764406,prompt,True
2157,R06,P06,I04,T06_04,0.09989470481433932,0.5049381323561297,0.2408705695102695,prompt,True
2158,R06,P06,I04,T06_04,0.11654382228339587,0.450791661602872,0.3138125933509372,prompt,True
2159,R06,P06,I04,T06_04,0.13319293975245242,0.48807347381793587,0.24680518650437,prompt,True
2160,R06,P06,I04,T06_04,0.14984205722150898,0.648640132020139,0.22869700902620493,prompt,True
2161,R06,P06,I04,T06_04,0.1664911746905655,0.5689157681766343,0.24910237795471124,prompt,True
2162,R06,P06,I04,T06_04,0.18314029215962208,0.4006089291907689,0.2013489797085178,prompt,True
2163,R06,P06,I04,T06_04,0.19978940962867864,0.41612855397041554,0.2961148248356641,prompt,True
2164,R06,P06,I04,T06_04,0.21643852709773517,0.5357974481358512,0.2918414131953954,prompt,True
2165,R06,P06,I04,T06_04,0.23308764456679174,0.6134212287172373,0.24178585281485077,prompt,True
2166,R06,P06,I04,T06_04,0.24973676203584827,0.7464143993001529,0.6613854340452012,option_right,True
2167,R06,P06,I04,T06_04,0.26638587950490483,0.844540024947534,0.7387205545756533,option_right,True
2168,R06,P06,I04,T06_04,0.2830349969739614,0.7021831540505625,0.6443008394142542,option_right,True
2169,R06,P06,I04,T06_04,0.29968411444301796,0.7711199994777072,0.7200108502292524,option_right,True
2170,R06,P06,I04,T06_04,0.31633323191207446,0.7969837945462996,0.9099808792074564,option_right,True
2171,R06,P06,I04,T06_04,0.332982349381131,0.8170120433402778,0.6787666923235415,option_right,True
2172,R06,P06,I04,T06_04,0.3496314668501876,0.7767748352693594,0.8481907378987734,option_right,True
2173,R06,P06,I04,T06_04,0.36628058431924415,0.7918018446434748,0.7799738934565259,option_right,True
2174,R06,P06,I04,T06_04,0.3829297017883007,0.7093077325407003,0.8420295354391021,option_right,True
2175,R06,P06,I04,T06_04,0.3995788192573573,0.6777616191869869,0.7067029984082592,option_right,True
2176,R06,P06,I04,T06_04,0.4162279367264138,0.8550583253977029,0.7005760309178283,option_right,True
2177,R06,P06,I04,T06_04,0.43287705419547035,0.7018889693302099,0.6710935524974408,option_right,True
2178,R06,P06,I04,T06_04,0.4495261716645269,0.6996666592014282,0.7881864773946051,option_right,True
2179,R06,P06,I04,T06_04,0.46617528913358347,0.8018111522590714,0.8583191586390481,option_right,False
2180,R06,P06,I04,T06_04,0.48282440660264003,0.9154707734338766,0.8873233025831044,option_right,True
2181,R06,P06,I04,T06_04,0.49947352407169654,0.8313749836365563,0.7866852651242017,option_right,True
2182,R06,P06,I04,T06_04,0.5161226415407532,0.8026260702625925,0.7066993245264265,option_right,True
2183,R06,P06,I04,T06_04,0.5327717590098097,0.7755115232631319,0.7079109739040836,option_right,True
2184,R06,P06,I04,T06_04,0.5494208764788662,0.8461187866571847,0.8651113464696073,option_right,True
2185,R06,P06,I04,T06_04,0.5660699939479228,0.7275190409713919,0.86320309828564,option_right,True
2186,R06,P06,I04,T06_04,0.5827191114169793,0.6673220712526483,0.6698272898343243,option_right,True
2187,R06,P06,I04,T06_04,0.5993682288860359,0.8369492559622943,0.6993405654356444,option_right,True
2188,R06,P06,I04,T06_04,0.6160173463550924,0.778058227532033,0.5812112497089099,option_right,True
2189,R06,P06,I04,T06_04,0.6326664638241489,0.653185794212689,0.8972446516120903,option_right,True
2190,R06,P06,I04,T06_04,0.6493155812932055,0.803038183995308,0.7778748862334214,option_right,True
2191,R06,P06,I04,T06_04,0.665964698762262,0.7359169575579635,0.7068070479133873,option_right,True
2192,R06,P06,I04,T06_04,0.6826138162313187,0.8668031341439473,0.7698821854192294,option_right,True
2193,R06,P06,I04,T06_04,0.6992629337003752,0.6187818154738937,0.7673577712921088,option_right,True
2194,R06,P06,I04,T06_04,0.7159120511694317,0.6709498413006124,0.6470303866981885,option_right,True
2195,R06,P06,I04,T06_04,0.7325611686384883,0.8062538620956923,0.8504550200546904,option_right,True
2196,R06,P06,I04,T06_04,0.7492102861075448,0.6623365218050554,0.7082362780960317,option_right,True
2197,R06,P06,I04,T06_04,0.7658594035766014,0.7583496158983212,0.7609705363723358,option_right,True
2198,R06,P06,I04,T06_04,0.7825085210456579,0.7588997889143299,0.7610599702596476,option_right,False
2199,R06,P06,I04,T06_04,0.7991576385147146,0.7699573862392041,0.5856451662396126,option_right,True
2200,R06,P06,I04,T06_04,0.8158067559837711,0.6918960902271648,0.8393422293472389,option_right,True
2201,R06,P06,I05,T06_05,0.0,0.604108836104357,0.4543923116644233,prompt,True
2202,R06,P06,I05,T06_05,0.02991824680994847,0.5544659764203569,0.23051156720278226,prompt,True
2203,R06,P06,I05,T06_05,0.05983649361989694,0.6706117498677482,0.11104359959321186,prompt,True
2204,R06,P06,I05,T06_05,0.08975474042984541,0.5918057074439486,0.23237031520916465,prompt,True
2205,R06,P06,I05,T06_05,0.11967298723979387,0.5161127029047289,0.34391999460789124,prompt,True
2206,R06,P06,I05,T06_05,0.14959123404974234,0.49708790413834153,0.27493706609311824,prompt,True
2207,R06,P06,I05,T06_05,0.17950948085969082,0.6112210711913572,0.2938297735133773,prompt,True
2208,R06,P06,I05,T06_05,0.20942772766963927,0.6605114145520405,0.2896539475871334,prompt,True
2209,R06,P06,I05,T06_05,0.23934597447958775,0.5719695148380829,0.23659134811908958,prompt,True
2210,R06,P06,I05,T06_05,0.2692642212895362,0.42512951573102953,0.29818907744197415,prompt,True
2211,R06,P06,I05,T06_05,0.2991824680994847,0.489034328607637,0.2276968780448736,prompt,True
2212,R06,P06,I05,T06_05,0.32910071490943316,0.4177451838797865,0.31854676206934807,prompt,True
2213,R06,P06,I05,T06_05,0.35901896171938164,0.39604897223132124,0.32296331821551816,prompt,True
2214,R06,P06,I05,T06_05,0.3889372085293301,0.42538710314384504,0.38170527588580216,prompt,True
2215,R06,P06,I05,T06_05,0.41885545533927854,0.6154601739699641,0.30005968309016623,prompt,True
2216,R06,P06,I05,T06_05,0.448773702149227,0.20565815304458585,0.7827155751297314,option_left,True
2217,R06,P06,I05,T06_05,0.4786919489591755,0.28966534041374215,0.7598466376077241,option_left,True
2218,R06,P06,I05,T06_05,0.5086101957691239,0.1830712203632714,0.7376771737740995,option_left,True
2219,R06,P06,I05,T06_05,0.5385284425790724,0.21800605631464787,0.7411250535833046,option_left,True
2220,R06,P06,I05,T06_05,0.5684466893890209,0.300631782089785,0.7227655153830379,option_left,True
2221,R06,P06,I05,T06_05,0.5983649361989694,0.13848687493140255,0.7618423564169368,option_left,False
2222,R06,P06,I05,T06_05,0.6282831830089178,0.1260894681702323,0.8238568448522788,option_left,True
2223,R06,P06,I05,T06_05,0.6582014298188663,0.3063464791400993,0.7895963941386361,option_left,True
2224,R06,P06,I05,T06_05,0.6881196766288148,0.21780591377249636,0.8518338368607216,option_left,True
2225,R06,P06,I05,T06_05,0.7180379234387633,0.24704658079833539,0.6549074076347511,option_left,True
2226,R06,P06,I05,T06_05,0.7479561702487117,0.2982502192489865,0.8804982525618756,option_left,True
2227,R06,P06,I05,T06_05,0.7778744170586602,0.179349432924432,0.8505038428826246,option_left,True
2228,R06,P06,I05,T06_05,0.8077926638686086,0.2524410005511237,0.648557048673909,option_left,True
2229,R06,P06,I05,T06_05,0.8377109106785571,0.24194047394083684,0.7369566130520963,option_left,True
2230,R06,P06,I05,T06_05,0.8676291574885056,0.2567092679390388,0.7357976397354223,option_left,True
2231,R06,P06,I05,T06_05,0.897547404298454,0.28840614530616354,0.7012573134871494,option_left,True
2232,R06,P06,I05,T06_05,0.9274656511084025,0.11291235979095635,0.7261514943756601,option_left,True
2233,R06,P06,I05,T06_05,0.957383897918351,0.21973732366240534,0.830956467563996,option_left,True
2234,R06,P06,I05,T06_05,0.9873021447282995,0.23926252623515887,0.599727306562574,option_left,True
2235,R06,P06,I05,T06_05,1.0172203915382478,0.2738078138554886,0.7518000946346203,option_left,True
2236,R06,P06,I05,T06_05,1.0471386383481964,0.0500704923783111,0.7401104317801935,option_left,True
2237,R06,P06,I05,T06_05,1.0770568851581448,0.49919556058372433,0.9495368554754857,option_left,True
2238,R06,P06,I05,T06_05,1.1069751319680934,0.32181870304874827,0.6261967009853945,option_left,True
2239,R06,P06,I05,T06_05,1.1368933787780418,0.34113296181468594,0.7491674767019808,option_left,True
2240,R06,P06,I05,T06_05,1.1668116255879903,0.2585236296918213,0.7369849474373388,option_left,True
2241,R06,P06,I05,T06_05,1.1967298723979387,0.3931574840112063,0.8711624309292039,option_left,True
2242,R06,P06,I05,T06_05,1.2266481192078873,0.18088114530990596,0.695960462748779,option_left,True
2243,R06,P06,I05,T06_05,1.2565663660178357,0.24094929280785152,0.909928648781736,option_left,True
2244,R06,P06,I05,T06_05,1.286484612827784,0.15899473886308912,0.8507078696579674,option_left,True
2245,R06,P06,I05,T06_05,1.3164028596377326,0.22541518174602634,0.7256030712670797,option_left,True
2246,R06,P06,I05,T06_05,1.346321106447681,0.1959312440074336,0.8171631125302756,option_left,True
2247,R06,P06,I05,T06_05,1.3762393532576296,0.264619908054422,0.7221262453515489,option_left,True
2248,R06,P06,I05,T06_05,1.406157600067578,0.26540266158498743,0.7414568616917607,option_left,True
2249,R06,P06,I05,T06_05,1.4360758468775265,0.26123795210295475,0.7487989864976268,option_left,True
2250,R06,P06,I05,T06_05,1.465994093687475,0.37621465193717696,0.753986187567355,option_left,True
2251,R06,P06,I06,T06_06,0.0,0.38421661031249627,0.20722386141742435,prompt,True
2252,R06,P06,I06,T06_06,0.025372723773509152,0.44177578928896144,0.21993161313710316,prompt,True
2253,R06,P06,I06,T06_06,0.050745447547018305,0.5420549384918204,0.22986046269479193,prompt,True
2254,R06,P06,I06,T06_06,0.07611817132052745,0.5946058019529303,0.2675940444999187,prompt,True
2255,R06,P06,I06,T06_06,0.10149089509403661,0.4112886674960623,0.23316707728266967,prompt,True
2256,R06,P06,I06,T06_06,0.12686361886754577,0.34752956720300376,0.13203240069660596,prompt,True
2257,R06,P06,I06,T06_06,0.1522363426410549,0.6002511864924935,0.1846246077809066,prompt,True
2258,R06,P06,I06,T06_06,0.17760906641456406,0.4658346453753579,0.35292511253966885,prompt,True
2259,R06,P06,I06,T06_06,0.20298179018807322,0.488602444975497,0.26222338594044414,prompt,True
2260,R06,P06,I06,T06_06,0.22835451396158238,0.5873421157697142,0.3229234434513867,prompt,True
2261,R06,P06,I06,T06_06,0.25372723773509154,0.3958353730827075,0.2693531207669451,prompt,True
2262,R06,P06,I06,T06_06,0.27909996150860067,0.3941022820399538,0.21697792578944036,prompt,True
2263,R06,P06,I06,T06_06,0.3044726852821098,0.41046708526533376,0.3380388694262129,prompt,True
2264,R06,P06,I06,T06_06,0.329845409055619,0.6439291777930153,0.27422680413195,prompt,True
2265,R06,P06,I06,T06_06,0.3552181328291281,0.6571080797298022,0.2855880662924325,prompt,True
2266,R06,P06,I06,T06_06,0.3805908566026373,0.27169178132876276,0.6339276434730134,option_left,True
2267,R06,P06,I06,T06_06,0.40596358037614644,0.7542601719749581,0.7695272610368599,option_right,True
2268,R06,P06,I06,T06_06,0.43133630414965557,0.15665916394416823,0.789993905679417,option_left,True
2269,R06,P06,I06,T06_06,0.45670902792316476,0.6818548701550001,0.8058565485066851,option_right,True
2270,R06,P06,I06,T06_06,0.4820817516966739,0.26869964430796067,0.7965277122266302,option_left,True
2271,R06,P06,I06,T06_06,0.5074544754701831,0.8975505071231223,0.7638250266905943,option_right,True
2272,R06,P06,I06,T06_06,0.5328271992436922,0.2745329542413512,0.7120538233054293,option_left,True
2273,R06,P06,I06,T06_06,0.5581999230172013,0.22407940692485304,0.7724914548364059,option_left,True
2274,R06,P06,I06,T06_06,0.5835726467907105,0.7852574654317832,0.8235619564254668,option_right,True
2275,R06,P06,I06,T06_06,0.6089453705642196,0.3100733839643365,0.5808490719896748,option_left,True
2276,R06,P06,I06,T06_06,0.6343180943377288,0.13346927537668368,0.7366498282553101,option_left,True
2277,R06,P06,I06,T06_06,0.659690818111238,0.7719142740082924,0.7373707966761429,option_right,True
2278,R06,P06,I06,T06_06,0.6850635418847472,0.7199457592575741,0.6104957224036833,option_right,True
2279,R06,P06,I06,T06_06,0.7104362656582562,0.1892942362251564,0.7247542487660666,option_left,True
2280,R06,P06,I06,T06_06,0.7358089894317654,0.2355505637465409,0.7990630436767701,option_left,False
2281,R06,P06,I06,T06_06,0.7611817132052746,0.8566224159308681,0.8547179103472382,option_right,True
2282,R06,P06,I06,T06_06,0.7865544369787837,0.21050981764392943,0.674300421531256,option_left,True
2283,R06,P06,I06,T06_06,0.8119271607522929,0.34992364215721206,0.8321182273585417,option_left,True
2284,R06,P06,I06,T06_06,0.8372998845258021,0.3339221688666221,0.7303095707966298,option_left,True
2285,R06,P06,I06,T06_06,0.8626726082993111,0.6026632424964751,0.7398638402717538,option_right,True
2286,R06,P06,I06,T06_06,0.8880453320728203,0.08354783222383955,0.736807691308341,option_left,True
2287,R06,P06,I06,T06_06,0.9134180558463295,0.7638002127736958,0.7359034966623541,option_right,True
2288,R06,P06,I06,T06_06,0.9387907796198386,0.22591616403492273,0.800074731226354,option_left,True
2289,R06,P06,I06,T06_06,0.9641635033933478,0.12801614508466064,0.763001756498402,option_left,True
2290,R06,P06,I06,T06_06,0.989536227166857,0.7971290072918303,0.7713435841724193,option_right,True
2291,R06,P06,I06,T06_06,1.0149089509403662,0.21069192220177638,0.7364908391066795,option_left,True
2292,R06,P06,I06,T06_06,1.0402816747138752,0.70934451910809,0.7677476505976122,option_right,True
2293,R06,P06,I06,T06_06,1.0656543984873843,0.5702354426019329,0.6828815379059128,option_right,True
2294,R06,P06,I06,T06_06,1.0910271222608936,0.6161941277945674,0.6074318939829286,option_right,True
2295,R06,P06,I06,T06_06,1.1163998460344027,0.8518550243623169,0.72295135025752,option_right,True
2296,R06,P06,I06,T06_06,1.1417725698079118,0.28989324502572617,0.5864027237317603,option_left,True
2297,R06,P06,I06,T06_06,1.167145293581421,0.11225397455023203,0.6787059625808107,option_left,True
2298,R06,P06,I06,T06_06,1.1925180173549301,0.6517580649067904,0.7048684164327335,option_right,True
2299,R06,P06,I06,T06_06,1.2178907411284392,0.7768129057252139,0.7340607893868787,option_right,True
2300,R06,P06,I06,T06_06,1.2432634649019485,0.7481305570653295,0.7936936836045997,option_right,True
2301,R06,P06,I07,T06_07,0.0,0.6236411585913472,0.2998854394647978,prompt,True
2302,R06,P06,I07,T06_07,0.02459022902995039,0.47282654120271944,0.28739650190386745,prompt,True
2303,R06,P06,I07,T06_07,0.04918045805990078,0.47824805012031923,0.23511669700216836,prompt,True
2304,R06,P06,I07,T06_07,0.07377068708985117,0.5810940393348685,0.24263947272656547,prompt,True
2305,R06,P06,I07,T06_07,0.09836091611980156,0.5266235456254886,0.2214678228996886,prompt,True
2306,R06,P06,I07,T06_07,0.12295114514975196,0.47238785578662124,0.27960269288585454,prompt,True
2307,R06,P06,I07,T06_07,0.14754137417970234,0.5063885106714423,0.2382377948233308,prompt,True
2308,R06,P06,I07,T06_07,0.17213160320965273,0.47345749019247574,0.15190305033300933,prompt,True
2309,R06,P06,I07,T06_07,0.19672183223960313,0.47909370960738634,0.1738373127431475,prompt,True
2310,R06,P06,I07,T06_07,0.22131206126955352,0.634605817358229,0.3155701350240426,prompt,True
2311,R06,P06,I07,T06_07,0.24590229029950392,0.4523899214874614,0.2094510842488223,prompt,True
2312,R06,P06,I07,T06_07,0.2704925193294543,0.479838040683887,0.31088317271978333,prompt,True
2313,R06,P06,I07,T06_07,0.2950827483594047,0.3027208153026718,0.22337995968893187,prompt,True
2314,R06,P06,I07,T06_07,0.3196729773893551,0.4131363772309724,0.25653272791533327,prompt,False
2315,R06,P06,I07,T06_07,0.34426320641930547,0.5772878818726093,0.30092713650228475,prompt,True
2316,R06,P06,I07,T06_07,0.36885343544925586,0.21490149209330828,0.772156029869786,option_left,True
2317,R06,P06,I07,T06_07,0.39344366447920626,0.2101685081512601,0.6811449776834775,option_left,True
2318,R06,P06,I07,T06_07,0.41803389350915665,0.18026516559050348,0.7434566112341968,option_left,True
2319,R06,P06,I07,T06_07,0.44262412253910705,0.20059006411355929,0.7896853331389505,option_left,True
2320,R06,P06,I07,T06_07,0.46721435156905744,0.24968303870592962,0.9089331945062336,option_left,True
2321,R06,P06,I07,T06_07,0.49180458059900783,0.20883477225795832,0.6378146086897326,option_left,True
2322,R06,P06,I07,T06_07,0.5163948096289582,0.17047115628589193,0.6368349320354754,option_left,True
2323,R06,P06,I07,T06_07,0.5409850386589086,0.2372543734767299,0.6591284139701601,option_left,True
2324,R06,P06,I07,T06_07,0.565575267688859,0.33218338032403516,0.8021895781367716,option_left,True
2325,R06,P06,I07,T06_07,0.5901654967188094,0.3024975203528344,0.720969892222763,option_left,True
2326,R06,P06,I07,T06_07,0.6147557257487598,0.3103269768455255,0.8176324937582491,option_left,True
2327,R06,P06,I07,T06_07,0.6393459547787101,0.15056611231758177,0.6353225053323894,option_left,True
2328,R06,P06,I07,T06_07,0.6639361838086606,0.28690278025905086,0.790717591257965,option_left,True
2329,R06,P06,I07,T06_07,0.6885264128386109,0.2035871699895454,0.7099288907138448,option_left,True
2330,R06,P06,I07,T06_07,0.7131166418685614,0.2740281168803147,0.8704973286434164,option_left,True
2331,R06,P06,I07,T06_07,0.7377068708985117,0.29469664064108264,0.8543790760476437,option_left,True
2332,R06,P06,I07,T06_07,0.7622970999284622,0.19611573302982696,0.8002357168064392,option_left,True
2333,R06,P06,I07,T06_07,0.7868873289584125,0.3368617383626188,0.8374531774617355,option_left,True
2334,R06,P06,I07,T06_07,0.8114775579883629,0.19413019293916084,0.8406726274103461,option_left,True
2335,R06,P06,I07,T06_07,0.8360677870183133,0.30766796113060263,0.7446126146831467,option_left,True
2336,R06,P06,I07,T06_07,0.8606580160482636,0.11649316725420003,0.720676589803462,option_left,True
2337,R06,P06,I07,T06_07,0.8852482450782141,0.2813349322003218,0.7078536377416058,option_left,True
2338,R06,P06,I07,T06_07,0.9098384741081644,0.2465513657977764,0.7519711630904546,option_left,True
2339,R06,P06,I07,T06_07,0.9344287031381149,0.18071530774364758,0.8391845585692373,option_left,True
2340,R06,P06,I07,T06_07,0.9590189321680652,0.20752168033558657,0.7343186205389622,option_left,True
2341,R06,P06,I07,T06_07,0.9836091611980157,0.23728024317374966,0.6988659912807996,option_left,True
2342,R06,P06,I07,T06_07,1.008199390227966,0.25107480230397,0.7036143691819312,option_left,True
2343,R06,P06,I07,T06_07,1.0327896192579165,0.24931978445274217,0.8493607771566881,option_left,True
2344,R06,P06,I07,T06_07,1.057379848287867,0.3407096552087579,0.8038926374200135,option_left,True
2345,R06,P06,I07,T06_07,1.0819700773178171,0.12251083519184278,0.8692578119443329,option_left,True
2346,R06,P06,I07,T06_07,1.1065603063477676,0.24492487703337043,0.6798706681233182,option_left,True
2347,R06,P06,I07,T06_07,1.131150535377718,0.21270744727042018,0.7902202906271242,option_left,True
2348,R06,P06,I07,T06_07,1.1557407644076685,0.1290025409983116,0.7162829924735432,option_left,True
2349,R06,P06,I07,T06_07,1.1803309934376187,0.21384463715839402,0.6994124012754265,option_left,False
2350,R06,P06,I07,T06_07,1.2049212224675692,0.25430423080448883,0.7529441812549151,option_left,True
2351,R06,P06,I08,T06_08,0.0,0.5856260533524141,0.19431606913937488,prompt,True
2352,R06,P06,I08,T06_08,0.025612304178588268,0.6107489057918026,0.2042793232406409,prompt,True
2353,R06,P06,I08,T06_08,0.051224608357176536,0.6283654264901668,0.11866104675820102,prompt,True
2354,R06,P06,I08,T06_08,0.0768369125357648,0.5481460687227514,0.22588017891109308,prompt,True
2355,R06,P06,I08,T06_08,0.10244921671435307,0.5106927110011148,0.25634101529065983,prompt,True
2356,R06,P06,I08,T06_08,0.12806152089294134,0.5198598107482794,0.1501596619963641,prompt,True
2357,R06,P06,I08,T06_08,0.1536738250715296,0.49780669526781895,0.2652827727066817,prompt,True
2358,R06,P06,I08,T06_08,0.1792861292501179,0.5060373907882139,0.12205760850045161,prompt,True
2359,R06,P06,I08,T06_08,0.20489843342870614,0.4594303985545113,0.369037173627429,prompt,False
2360,R06,P06,I08,T06_08,0.2305107376072944,0.655972676568316,0.2091515298397206,prompt,True
2361,R06,P06,I08,T06_08,0.2561230417858827,0.38024546967631767,0.08814756299571816,prompt,False
2362,R06,P06,I08,T06_08,0.281735345964471,0.3990638366080027,0.12452502839994228,prompt,True
2363,R06,P06,I08,T06_08,0.3073476501430592,0.597061046560762,0.298479645128703,prompt,False
2364,R06,P06,I08,T06_08,0.3329599543216475,0.5399405322722568,0.32490535713797974,prompt,True
2365,R06,P06,I08,T06_08,0.3585722585002358,0.599310484207948,0.28371580311188527,prompt,True
2366,R06,P06,I08,T06_08,0.384184562678824,0.27345615421198544,0.7528050550298981,option_left,True
2367,R06,P06,I08,T06_08,0.4097968668574123,0.6895117850752328,0.7801540329386709,option_right,True
2368,R06,P06,I08,T06_08,0.4354091710360006,0.7828202191957502,0.7649355905098562,option_right,True
2369,R06,P06,I08,T06_08,0.4610214752145888,0.30959715853952946,0.7526411890137324,option_left,True
2370,R06,P06,I08,T06_08,0.4866337793931771,0.731345090387736,0.7652593625534485,option_right,True
2371,R06,P06,I08,T06_08,0.5122460835717654,0.31758099615362356,0.8024156472339949,option_left,True
2372,R06,P06,I08,T06_08,0.5378583877503537,0.259077830778056,0.7314122685058748,option_left,True
2373,R06,P06,I08,T06_08,0.563470691928942,0.6853017183232885,0.7998171973952486,option_right,True
2374,R06,P06,I08,T06_08,0.5890829961075301,0.866167278181604,0.7046722034004979,option_right,True
2375,R06,P06,I08,T06_08,0.6146953002861184,0.7489551972769971,0.6003291036447957,option_right,True
2376,R06,P06,I08,T06_08,0.6403076044647067,0.20935157988443412,0.7872211780574636,option_left,True
2377,R06,P06,I08,T06_08,0.665919908643295,0.7426666469927523,0.7252630714739305,option_right,True
2378,R06,P06,I08,T06_08,0.6915322128218833,0.6680496283578552,0.7033209701388877,option_right,True
2379,R06,P06,I08,T06_08,0.7171445170004715,0.13447840710036102,0.790343618591921,option_left,True
2380,R06,P06,I08,T06_08,0.7427568211790597,0.7551072788374443,0.7107546752766009,option_right,True
2381,R06,P06,I08,T06_08,0.768369125357648,0.3545192770125131,0.7547683465553109,option_left,True
2382,R06,P06,I08,T06_08,0.7939814295362363,0.7426810914694109,0.8550902639296346,option_right,False
2383,R06,P06,I08,T06_08,0.8195937337148246,0.8745628562995743,0.7689662725628577,option_right,True
2384,R06,P06,I08,T06_08,0.8452060378934129,0.7270649156433417,0.8432200718311968,option_right,True
2385,R06,P06,I08,T06_08,0.8708183420720012,0.7528598491102252,0.8188594314492018,option_right,True
2386,R06,P06,I08,T06_08,0.8964306462505894,0.14797697393872766,0.7608175815770629,option_left,True
2387,R06,P06,I08,T06_08,0.9220429504291776,0.7883325077766867,0.8851337733928321,option_right,True
2388,R06,P06,I08,T06_08,0.9476552546077659,0.7135277846302759,0.7954191456170261,option_right,True
2389,R06,P06,I08,T06_08,0.9732675587863542,0.7217416815497721,0.6707999597946709,option_right,True
2390,R06,P06,I08,T06_08,0.9988798629649425,0.5968955688122993,0.714094918264288,option_right,True
2391,R06,P06,I08,T06_08,1.0244921671435308,0.8538798960184277,0.7043365776374038,option_right,True
2392,R06,P06,I08,T06_08,1.050104471322119,0.2599811518854818,0.7147742020837781,option_left,True
2393,R06,P06,I08,T06_08,1.0757167755007073,0.9122538430652939,0.9194413321768563,option_right,True
2394,R06,P06,I08,T06_08,1.1013290796792956,0.7009819545388577,0.699063717767681,option_right,True
2395,R06,P06,I08,T06_08,1.126941383857884,0.7839136463862418,0.7668976179748892,option_right,True
2396,R06,P06,I08,T06_08,1.152553688036472,0.2766750665401842,0.7002340075761316,option_left,True
2397,R06,P06,I08,T06_08,1.1781659922150602,0.2331787677169908,0.64076307022431,option_left,True
2398,R06,P06,I08,T06_08,1.2037782963936485,0.25285456270515144,0.7378904876292811,option_left,True
2399,R06,P06,I08,T06_08,1.2293906005722368,0.7926663925112424,0.7474021943679551,option_right,True
2400,R06,P06,I08,T06_08,1.255002904750825,0.7464954738429008,0.7738762976668334,option_right,True
2401,R07,P07,I01,T07_01,0.0,0.6593267178366551,0.3318819565413771,prompt,True
2402,R07,P07,I01,T07_01,0.024188651382709286,0.4771241289197118,0.19602753783513072,prompt,True
2403,R07,P07,I01,T07_01,0.04837730276541857,0.6892779792094214,0.30460587394679417,prompt,True
2404,R07,P07,I01,T07_01,0.07256595414812786,0.7140322850889796,0.27873079809693063,prompt,True
2405,R07,P07,I01,T07_01,0.09675460553083715,0.33376628303826505,0.1446358916305549,prompt,False
2406,R07,P07,I01,T07_01,0.12094325691354643,0.38029645534802314,0.22352773541922133,prompt,False
2407,R07,P07,I01,T07_01,0.14513190829625572,0.5394726527749593,0.22226440075022144,prompt,True
2408,R07,P07,I01,T07_01,0.169320559678965,0.7067771258697868,0.26365010323155247,prompt,True
2409,R07,P07,I01,T07_01,0.1935092110616743,0.3259357324458625,0.3378347518555525,prompt,True
2410,R07,P07,I01,T07_01,0.21769786244438358,0.3525460859058982,0.33220724552116565,prompt,True
2411,R07,P07,I01,T07_01,0.24188651382709286,0.5448047007607735,0.23435281103180877,prompt,True
2412,R07,P07,I01,T07_01,0.2660751652098021,0.5570004393167085,0.1790684204088661,prompt,True
2413,R07,P07,I01,T07_01,0.29026381659251144,0.5608072755491088,0.2589510525446401,prompt,True
2414,R07,P07,I01,T07_01,0.31445246797522075,0.5982304081771787,0.1475224472796882,prompt,True
2415,R07,P07,I01,T07_01,0.33864111935793,0.6269786648725042,0.2502315223869333,prompt,True
2416,R07,P07,I01,T07_01,0.36282977074063927,0.10904126627825636,0.837344577890879,option_left,True
2417,R07,P07,I01,T07_01,0.3870184221233486,0.2823828481685115,0.749957512116463,option_left,True
2418,R07,P07,I01,T07_01,0.4112070735060579,0.19142323906404218,0.8125977484905,option_left,True
2419,R07,P07,I01,T07_01,0.43539572488876715,0.25165021487215583,0.8045427746102575,option_left,True
2420,R07,P07,I01,T07_01,0.4595843762714764,0.2309954921916343,0.7488113393305688,option_left,True
2421,R07,P07,I01,T07_01,0.4837730276541857,0.4039360888640688,0.7934311401811318,option_left,True
2422,R07,P07,I01,T07_01,0.507961679036895,0.16126839784655175,0.8195701485296667,option_left,True
2423,R07,P07,I01,T07_01,0.5321503304196042,0.1158309055943407,0.7669509899781721,option_left,True
2424,R07,P07,I01,T07_01,0.5563389818023136,0.30013528870195205,0.7281360438087522,option_left,True
2425,R07,P07,I01,T07_01,0.5805276331850229,0.47958902578253476,0.7327395232309861,option_left,True
2426,R07,P07,I01,T07_01,0.6047162845677322,0.3321208882782998,0.6584813472401368,option_left,True
2427,R07,P07,I01,T07_01,0.6289049359504415,0.35776335799757003,0.765137191648137,option_left,True
2428,R07,P07,I01,T07_01,0.6530935873331507,0.10349243456416382,0.756952894689182,option_left,True
2429,R07,P07,I01,T07_01,0.67728223871586,0.21803419592221912,0.8346270780853359,option_left,True
2430,R07,P07,I01,T07_01,0.7014708900985693,0.16146164387434647,0.8258062951147924,option_left,True
2431,R07,P07,I01,T07_01,0.7256595414812785,0.1941098540691814,0.6470218637190872,option_left,True
2432,R07,P07,I01,T07_01,0.7498481928639879,0.3624969169970411,0.7592362576501026,option_left,True
2433,R07,P07,I01,T07_01,0.7740368442466972,0.29555238779044685,0.7878766509882524,option_left,True
2434,R07,P07,I01,T07_01,0.7982254956294065,0.18644921817670373,0.7660286652180676,option_left,True
2435,R07,P07,I01,T07_01,0.8224141470121158,0.3335807191318416,0.6727956516512645,option_left,True
2436,R07,P07,I01,T07_01,0.846602798394825,0.2336305594687678,0.6120129274121463,option_left,True
2437,R07,P07,I01,T07_01,0.8707914497775343,0.18020608607397434,0.7038182377896027,option_left,True
2438,R07,P07,I01,T07_01,0.8949801011602436,0.2089519381176711,0.6322595712942244,option_left,True
2439,R07,P07,I01,T07_01,0.9191687525429528,0.1520768313268977,0.7045023580925868,option_left,True
2440,R07,P07,I01,T07_01,0.9433574039256621,0.28960896481210735,0.77118493867891,option_left,True
2441,R07,P07,I01,T07_01,0.9675460553083715,0.3211508464845244,0.69342481447107,option_left,True
2442,R07,P07,I01,T07_01,0.9917347066910808,0.2430486503132641,0.7605279314824741,option_left,True
2443,R07,P07,I01,T07_01,1.01592335807379,0.2267495931773868,0.8296143146900423,option_left,True
2444,R07,P07,I01,T07_01,1.0401120094564993,0.37637158114502034,0.6591036291612677,option_left,True
2445,R07,P07,I01,T07_01,1.0643006608392085,0.3515528136432022,0.8737414281709812,option_left,True
2446,R07,P07,I01,T07_01,1.088489312221918,0.2414355369530361,0.7771803331214386,option_left,True
2447,R07,P07,I01,T07_01,1.1126779636046271,0.26966486456843725,0.7866570237376486,option_left,True
2448,R07,P07,I01,T07_01,1.1368666149873365,0.35613795995608355,0.8313561829709439,option_left,True
2449,R07,P07,I01,T07_01,1.1610552663700457,0.2518689003311767,0.7582077941794686,option_left,True
2450,R07,P07,I01,T07_01,1.185243917752755,0.13417854773222748,0.8349132836047611,option_left,True
2451,R07,P07,I02,T07_02,0.0,0.5303534348856931,0.1415318810260114,prompt,True
2452,R07,P07,I02,T07_02,0.01755400844516196,0.4573370212445062,0.2521232362811902,prompt,True
2453,R07,P07,I02,T07_02,0.03510801689032392,0.47044925651702946,0.38991256226749677,prompt,True
2454,R07,P07,I02,T07_02,0.052662025335485876,0.4199059610125392,0.35799269583106463,prompt,True
2455,R07,P07,I02,T07_02,0.07021603378064784,0.3857702584777768,0.2803144023128921,prompt,True
2456,R07,P07,I02,T07_02,0.0877700422258098,0.3449848391739422,0.2063606175342314,prompt,True
2457,R07,P07,I02,T07_02,0.10532405067097175,0.5630305370105189,0.19319458703034176,prompt,True
2458,R07,P07,I02,T07_02,0.12287805911613371,0.2742197722529063,0.2732774571677241,prompt,True
2459,R07,P07,I02,T07_02,0.14043206756129567,0.5660302072797945,0.2314370144985219,prompt,True
2460,R07,P07,I02,T07_02,0.15798607600645764,0.4602740485443855,0.274541359077673,prompt,True
2461,R07,P07,I02,T07_02,0.1755400844516196,0.4296596478458689,0.18112018936895147,prompt,True
2462,R07,P07,I02,T07_02,0.19309409289678153,0.49065041637152024,0.15728712731194414,prompt,True
2463,R07,P07,I02,T07_02,0.2106481013419435,0.3533828168166141,0.013937404076067195,prompt,True
2464,R07,P07,I02,T07_02,0.22820210978710548,0.5935104026021703,0.29803154638498053,prompt,True
2465,R07,P07,I02,T07_02,0.24575611823226742,0.4021763824977074,0.3112409248166071,prompt,True
2466,R07,P07,I02,T07_02,0.26331012667742937,0.8553829638786422,0.7420342541680769,option_right,True
2467,R07,P07,I02,T07_02,0.28086413512259134,0.6698874564409741,0.8579400293498955,option_right,True
2468,R07,P07,I02,T07_02,0.2984181435677533,0.7782778830176939,0.7613644763535763,option_right,True
2469,R07,P07,I02,T07_02,0.3159721520129153,0.7093591489071341,0.8556755105214269,option_right,True
2470,R07,P07,I02,T07_02,0.3335261604580772,0.6452825261199239,0.6733255298943508,option_right,True
2471,R07,P07,I02,T07_02,0.3510801689032392,0.7747875870668387,0.9167279802789505,option_right,True
2472,R07,P07,I02,T07_02,0.36863417734840115,0.6219643932366126,0.6372098140550501,option_right,True
2473,R07,P07,I02,T07_02,0.38618818579356307,0.7613427945463157,0.7201747166979577,option_right,True
2474,R07,P07,I02,T07_02,0.40374219423872504,0.6822615138977817,0.8483089346649172,option_right,True
2475,R07,P07,I02,T07_02,0.421296202683887,0.7153466074098361,0.6721037098044813,option_right,True
2476,R07,P07,I02,T07_02,0.438850211129049,0.8264141459717901,0.7250120014338307,option_right,True
2477,R07,P07,I02,T07_02,0.45640421957421096,0.8816859501766764,0.7758094974446454,option_right,True
2478,R07,P07,I02,T07_02,0.4739582280193729,0.7343789174841294,0.6998325506235458,option_right,True
2479,R07,P07,I02,T07_02,0.49151223646453485,0.7566295318674713,0.7320077856559407,option_right,True
2480,R07,P07,I02,T07_02,0.5090662449096968,0.7743898852223838,0.7701907151638261,option_right,True
2481,R07,P07,I02,T07_02,0.5266202533548587,0.7520879247670597,0.8183164280352621,option_right,False
2482,R07,P07,I02,T07_02,0.5441742618000207,0.7688377317638179,0.7878653969888104,option_right,True
2483,R07,P07,I02,T07_02,0.5617282702451827,0.8645243984771649,0.6811851133946505,option_right,True
2484,R07,P07,I02,T07_02,0.5792822786903447,0.753277943080182,0.645866250965343,option_right,True
2485,R07,P07,I02,T07_02,0.5968362871355066,0.7441743456048717,0.7395734555124128,option_right,True
2486,R07,P07,I02,T07_02,0.6143902955806686,0.8285500081654038,0.8139680667999498,option_right,True
2487,R07,P07,I02,T07_02,0.6319443040258306,0.8023343762364323,0.6815260398068692,option_right,True
2488,R07,P07,I02,T07_02,0.6494983124709924,0.7726202222274181,0.9558310618151021,option_right,True
2489,R07,P07,I02,T07_02,0.6670523209161544,0.7980257241686958,0.7371799464153631,option_right,True
2490,R07,P07,I02,T07_02,0.6846063293613164,0.7230003260515311,0.8066297604034883,option_right,True
2491,R07,P07,I02,T07_02,0.7021603378064784,0.7171617642803705,0.7571738150563153,option_right,True
2492,R07,P07,I02,T07_02,0.7197143462516403,0.8706578205846144,0.7757306530325773,option_right,True
2493,R07,P07,I02,T07_02,0.7372683546968023,0.8725757265977246,0.6744630476009232,option_right,True
2494,R07,P07,I02,T07_02,0.7548223631419643,0.8742555113863177,0.7517412807399732,option_right,True
2495,R07,P07,I02,T07_02,0.7723763715871261,0.6351017727836092,0.6624855202022013,option_right,True
2496,R07,P07,I02,T07_02,0.7899303800322881,0.7388195590595161,0.7487278437540372,option_right,True
2497,R07,P07,I02,T07_02,0.8074843884774501,0.703522889529148,0.6614363344623684,option_right,True
2498,R07,P07,I02,T07_02,0.825038396922612,0.896231905301168,0.7264881609582553,option_right,True
2499,R07,P07,I02,T07_02,0.842592405367774,0.7012466879609083,0.7152069475827652,option_right,True
2500,R07,P07,I02,T07_02,0.860146413812936,0.7021014448111784,0.8645885239709454,option_right,True
2501,R07,P07,I03,T07_03,0.0,0.5551787493481197,0.26320853046393644,prompt,True
2502,R07,P07,I03,T07_03,0.017193459162056324,0.16568411334804223,0.23366517496529293,prompt,True
2503,R07,P07,I03,T07_03,0.03438691832411265,0.5584105186080339,0.2611594936763397,prompt,True
2504,R07,P07,I03,T07_03,0.05158037748616898,0.34722557658531894,0.07391786009103202,prompt,True
2505,R07,P07,I03,T07_03,0.0687738366482253,0.4540516351368356,0.19807473397819553,prompt,True
2506,R07,P07,I03,T07_03,0.08596729581028162,0.4586109551551557,0.3717680547168844,prompt,True
2507,R07,P07,I03,T07_03,0.10316075497233795,0.524308601822671,0.14061383206450978,prompt,True
2508,R07,P07,I03,T07_03,0.12035421413439427,0.5897359592691501,0.2971578998043425,prompt,True
2509,R07,P07,I03,T07_03,0.1375476732964506,0.6400939611514056,0.17696539457523225,prompt,True
2510,R07,P07,I03,T07_03,0.15474113245850693,0.6437503669839522,0.28956838553567493,prompt,True
2511,R07,P07,I03,T07_03,0.17193459162056324,0.46176858538008453,0.29548514622955935,prompt,True
2512,R07,P07,I03,T07_03,0.18912805078261957,0.3079778486461837,0.20732771302285077,prompt,True
2513,R07,P07,I03,T07_03,0.2063215099446759,0.3479936494263153,0.2540114857422317,prompt,True
2514,R07,P07,I03,T07_03,0.22351496910673221,0.6761808181411633,0.28361163775549325,prompt,True
2515,R07,P07,I03,T07_03,0.24070842826878855,0.3793813240653933,0.1668173355949304,prompt,True
2516,R07,P07,I03,T07_03,0.25790188743084486,0.2330937099505188,0.7285256567194754,option_left,True
2517,R07,P07,I03,T07_03,0.2750953465929012,0.6910761634440161,0.8283157133724273,option_right,True
2518,R07,P07,I03,T07_03,0.2922888057549575,0.7945608450065424,0.7268628627414633,option_right,True
2519,R07,P07,I03,T07_03,0.30948226491701386,0.7459685427505436,0.8083893757853909,option_right,True
2520,R07,P07,I03,T07_03,0.32667572407907014,0.2329503128750976,0.7611551511749742,option_left,True
2521,R07,P07,I03,T07_03,0.3438691832411265,0.3452134788424993,0.8344634005564915,option_left,True
2522,R07,P07,I03,T07_03,0.3610626424031828,0.6694385837258293,0.7407565561756091,option_right,True
2523,R07,P07,I03,T07_03,0.37825610156523914,0.680807957517664,0.6555357399332108,option_right,True
2524,R07,P07,I03,T07_03,0.3954495607272955,0.7321959869113103,0.754667571121143,option_right,True
2525,R07,P07,I03,T07_03,0.4126430198893518,0.6540558228542105,0.824507950361592,option_right,True
2526,R07,P07,I03,T07_03,0.4298364790514081,0.27344175810033317,0.7051930260621551,option_left,True
2527,R07,P07,I03,T07_03,0.44702993821346443,0.875105827176012,0.7787063392300893,option_right,True
2528,R07,P07,I03,T07_03,0.46422339737552076,0.7265055275036013,0.7030075251499828,option_right,True
2529,R07,P07,I03,T07_03,0.4814168565375771,0.7937950465294583,0.670868554608329,option_right,True
2530,R07,P07,I03,T07_03,0.49861031569963343,0.2875811890152722,0.7653650691750865,option_left,True
2531,R07,P07,I03,T07_03,0.5158037748616897,0.23387210911611672,0.8594721667777238,option_left,True
2532,R07,P07,I03,T07_03,0.5329972340237461,0.8077445314951842,0.682381051698867,option_right,True
2533,R07,P07,I03,T07_03,0.5501906931858024,0.35195275511211177,0.8376203516876529,option_left,True
2534,R07,P07,I03,T07_03,0.5673841523478587,0.770593833924913,0.6907662875690339,option_right,True
2535,R07,P07,I03,T07_03,0.584577611509915,0.29184195518757144,0.689827156105783,option_left,True
2536,R07,P07,I03,T07_03,0.6017710706719713,0.6749910471920835,0.7059471202064648,option_right,True
2537,R07,P07,I03,T07_03,0.6189645298340277,0.42974655740604517,0.8188374489282921,option_left,True
2538,R07,P07,I03,T07_03,0.636157988996084,0.6877092921465676,0.6719609276817636,option_right,True
2539,R07,P07,I03,T07_03,0.6533514481581403,0.771607524885603,0.9268053926008225,option_right,True
2540,R07,P07,I03,T07_03,0.6705449073201967,0.7540542512630194,0.7027113755894678,option_right,True
2541,R07,P07,I03,T07_03,0.687738366482253,0.282458347033889,0.8070859324729152,option_left,True
2542,R07,P07,I03,T07_03,0.7049318256443093,0.25714117403265446,0.7864725470857907,option_left,True
2543,R07,P07,I03,T07_03,0.7221252848063656,0.6278261235791004,0.829092379001088,option_right,False
2544,R07,P07,I03,T07_03,0.7393187439684219,0.5967413100554313,0.8161539963565505,option_right,True
2545,R07,P07,I03,T07_03,0.7565122031304783,0.7260293623769761,0.7919129215610315,option_right,True
2546,R07,P07,I03,T07_03,0.7737056622925346,0.6446925067324714,0.8081523196175058,option_right,True
2547,R07,P07,I03,T07_03,0.790899121454591,0.22003051108564667,0.6502429628983163,option_left,True
2548,R07,P07,I03,T07_03,0.8080925806166472,0.7586317499076431,0.7348175922135252,option_right,True
2549,R07,P07,I03,T07_03,0.8252860397787036,0.9241556100376276,0.7032172031428879,option_right,True
2550,R07,P07,I03,T07_03,0.8424794989407599,0.7326476084745223,0.630584468677299,option_right,True
2551,R07,P07,I04,T07_04,0.0,0.38956504882383786,0.1688958183805953,prompt,True
2552,R07,P07,I04,T07_04,0.028028962832033218,0.7232422364658933,0.18755139231001358,prompt,True
2553,R07,P07,I04,T07_04,0.056057925664066435,0.621093101228525,0.26964830023993497,prompt,True
2554,R07,P07,I04,T07_04,0.08408688849609966,0.5176029464262902,0.24877353748617928,prompt,True
2555,R07,P07,I04,T07_04,0.11211585132813287,0.637288982291571,0.24424518426137953,prompt,True
2556,R07,P07,I04,T07_04,0.14014481416016608,0.326146144111185,0.3432709911599559,prompt,True
2557,R07,P07,I04,T07_04,0.16817377699219932,0.5681182695912814,0.25226412199320664,prompt,True
2558,R07,P07,I04,T07_04,0.19620273982423253,0.5663835806484026,0.34338869148282414,prompt,True
2559,R07,P07,I04,T07_04,0.22423170265626574,0.49574171149746366,0.29687249013922673,prompt,True
2560,R07,P07,I04,T07_04,0.25226066548829895,0.5315316003355942,0.2424061434889592,prompt,True
2561,R07,P07,I04,T07_04,0.28028962832033216,0.4349145915529001,0.2257527959524078,prompt,True
2562,R07,P07,I04,T07_04,0.3083185911523654,0.5415316146584123,0.2666382714909164,prompt,True
2563,R07,P07,I04,T07_04,0.33634755398439864,0.4941984391928609,0.26358041719259456,prompt,True
2564,R07,P07,I04,T07_04,0.36437651681643185,0.4789127072924748,0.3346617157143208,prompt,False
2565,R07,P07,I04,T07_04,0.39240547964846506,0.26841640261099003,0.3358279410672683,prompt,True
2566,R07,P07,I04,T07_04,0.42043444248049827,0.8577932494377314,0.785116421195361,option_right,True
2567,R07,P07,I04,T07_04,0.4484634053125315,0.7770552599457554,0.7891310924361548,option_right,True
2568,R07,P07,I04,T07_04,0.4764923681445647,0.7474226374356201,0.7088357842852904,option_right,False
2569,R07,P07,I04,T07_04,0.5045213309765979,0.7758788271122894,0.7066230331074127,option_right,True
2570,R07,P07,I04,T07_04,0.5325502938086312,0.629836450387668,0.7655454663984738,option_right,True
2571,R07,P07,I04,T07_04,0.5605792566406643,0.8658683539686831,0.7734194278415509,option_right,True
2572,R07,P07,I04,T07_04,0.5886082194726976,0.87198031662629,0.8337451916851379,option_right,True
2573,R07,P07,I04,T07_04,0.6166371823047307,0.8924851890852331,0.6675003448096611,option_right,True
2574,R07,P07,I04,T07_04,0.644666145136764,0.68693312287097,0.7213948537757086,option_right,True
2575,R07,P07,I04,T07_04,0.6726951079687973,0.7735390598410279,0.6394156004728606,option_right,True
2576,R07,P07,I04,T07_04,0.7007240708008304,0.8561740706359838,0.7840501111628497,option_right,True
2577,R07,P07,I04,T07_04,0.7287530336328637,0.784950086547241,0.6741542022125594,option_right,True
2578,R07,P07,I04,T07_04,0.7567819964648969,0.7522844568716087,0.708075564486079,option_right,True
2579,R07,P07,I04,T07_04,0.7848109592969301,0.7227556841102202,0.718879993021978,option_right,True
2580,R07,P07,I04,T07_04,0.8128399221289633,0.5640762103648091,0.7297571956378422,option_right,True
2581,R07,P07,I04,T07_04,0.8408688849609965,0.7484302568569589,0.8113320964340961,option_right,False
2582,R07,P07,I04,T07_04,0.8688978477930297,0.8122488104415625,0.7435309292723057,option_right,True
2583,R07,P07,I04,T07_04,0.896926810625063,0.6985808867069813,0.7344449843500696,option_right,True
2584,R07,P07,I04,T07_04,0.9249557734570962,0.7942172886195809,0.6989827713622194,option_right,True
2585,R07,P07,I04,T07_04,0.9529847362891294,0.8241268560448697,0.6758203549410567,option_right,True
2586,R07,P07,I04,T07_04,0.9810136991211627,0.8069920196694207,0.7258663510027843,option_right,True
2587,R07,P07,I04,T07_04,1.0090426619531958,0.8095726907237111,0.7846258739873293,option_right,True
2588,R07,P07,I04,T07_04,1.037071624785229,0.8568101259402741,0.5776128336021967,option_right,True
2589,R07,P07,I04,T07_04,1.0651005876172623,0.7760507364180151,0.728064386398508,option_right,True
2590,R07,P07,I04,T07_04,1.0931295504492955,0.7377247165412004,0.721171315231666,option_right,True
2591,R07,P07,I04,T07_04,1.1211585132813287,0.6762483031229919,0.798644343704214,option_right,True
2592,R07,P07,I04,T07_04,1.149187476113362,0.9056008244137984,0.9039245121030048,option_right,True
2593,R07,P07,I04,T07_04,1.1772164389453952,0.673462875916866,0.6602803850698543,option_right,True
2594,R07,P07,I04,T07_04,1.2052454017774283,0.648009143928121,0.7432031580551178,option_right,True
2595,R07,P07,I04,T07_04,1.2332743646094615,0.7688737449972759,0.6732631642731962,option_right,True
2596,R07,P07,I04,T07_04,1.2613033274414949,0.9477089343339733,0.7914164829703201,option_right,True
2597,R07,P07,I04,T07_04,1.289332290273528,0.6088849102766576,0.801390862031624,option_right,True
2598,R07,P07,I04,T07_04,1.3173612531055612,0.7935692831472092,0.7423088220053329,option_right,True
2599,R07,P07,I04,T07_04,1.3453902159375946,0.7496070105404115,0.6613499818948889,option_right,True
2600,R07,P07,I04,T07_04,1.3734191787696277,0.7488494317440486,0.770517113244515,option_right,True
2601,R07,P07,I05,T07_05,0.0,0.47296697516068853,0.13743668525873134,prompt,True
2602,R07,P07,I05,T07_05,0.02862492666003332,0.5539712452112233,0.31516509339994225,prompt,True
2603,R07,P07,I05,T07_05,0.05724985332006664,0.5601225706898817,0.3550239339648165,prompt,True
2604,R07,P07,I05,T07_05,0.08587477998009996,0.58031520354971,0.1748222648332406,prompt,True
2605,R07,P07,I05,T07_05,0.11449970664013329,0.5161582463690946,0.4117197804333094,prompt,True
2606,R07,P07,I05,T07_05,0.14312463330016661,0.48259156856954466,0.2697879019240375,prompt,True
2607,R07,P07,I05,T07_05,0.17174955996019992,0.6166882279716656,0.32306460949627486,prompt,True
2608,R07,P07,I05,T07_05,0.20037448662023324,0.5393867331443152,0.17731256294026984,prompt,True
2609,R07,P07,I05,T07_05,0.22899941328026657,0.5159137665687028,0.14031846497756373,prompt,True
2610,R07,P07,I05,T07_05,0.2576243399402999,0.4254592656297408,0.021163070546867474,prompt,True
2611,R07,P07,I05,T07_05,0.28624926660033323,0.47783052735829573,0.13388090050441293,prompt,True
2612,R07,P07,I05,T07_05,0.31487419326036653,0.542072401947828,0.19625649717583699,prompt,True
2613,R07,P07,I05,T07_05,0.34349911992039983,0.6217060487719602,0.2087679917300121,prompt,True
2614,R07,P07,I05,T07_05,0.3721240465804332,0.5204209639095909,0.2876290331833893,prompt,True
2615,R07,P07,I05,T07_05,0.4007489732404665,0.3492912200197248,0.20118487571684227,prompt,True
2616,R07,P07,I05,T07_05,0.42937389990049984,0.2239639996289828,0.8300505994896576,option_left,True
2617,R07,P07,I05,T07_05,0.45799882656053315,0.17961450005527907,0.8300838527491631,option_left,True
2618,R07,P07,I05,T07_05,0.48662375322056645,0.27768886377261615,0.8752611869676257,option_left,True
2619,R07,P07,I05,T07_05,0.5152486798805997,0.3398033337432822,0.8087325908326927,option_left,True
2620,R07,P07,I05,T07_05,0.5438736065406331,0.6249203157228091,0.6999106499936126,option_right,True
2621,R07,P07,I05,T07_05,0.5724985332006665,0.778481457469432,0.6727728102994754,option_right,True
2622,R07,P07,I05,T07_05,0.6011234598606997,0.26382763011738597,0.7735742506071849,option_left,True
2623,R07,P07,I05,T07_05,0.6297483865207331,0.27842790008639084,0.6075760756180215,option_left,True
2624,R07,P07,I05,T07_05,0.6583733131807664,0.24714595069218337,0.7372926233114374,option_left,True
2625,R07,P07,I05,T07_05,0.6869982398407997,0.6937572538389172,0.7540862735979159,option_right,True
2626,R07,P07,I05,T07_05,0.715623166500833,0.20429444133809305,0.7401144736249339,option_left,True
2627,R07,P07,I05,T07_05,0.7442480931608664,0.6307564740111369,0.8188399652276507,option_right,True
2628,R07,P07,I05,T07_05,0.7728730198208997,0.21981438327690161,0.6521924217934624,option_left,True
2629,R07,P07,I05,T07_05,0.801497946480933,0.2450993701588252,0.637516978477048,option_left,True
2630,R07,P07,I05,T07_05,0.8301228731409663,0.6868606635818068,0.7076305603301494,option_right,True
2631,R07,P07,I05,T07_05,0.8587477998009997,0.5864921863756256,0.7561268129540175,option_right,True
2632,R07,P07,I05,T07_05,0.8873727264610329,0.3412237543701445,0.7731523355821817,option_left,True
2633,R07,P07,I05,T07_05,0.9159976531210663,0.2529123991882324,0.8356685802523746,option_left,True
2634,R07,P07,I05,T07_05,0.9446225797810996,0.8387849822901917,0.7731501264357791,option_right,True
2635,R07,P07,I05,T07_05,0.9732475064411329,0.10545594887001666,0.8062244583733921,option_left,True
2636,R07,P07,I05,T07_05,1.0018724331011664,0.8629216802863977,0.7666745832119273,option_right,True
2637,R07,P07,I05,T07_05,1.0304973597611995,0.34349533188346304,0.6379775495536909,option_left,True
2638,R07,P07,I05,T07_05,1.0591222864212329,0.7491117470965352,0.8276475733150925,option_right,True
2639,R07,P07,I05,T07_05,1.0877472130812662,0.36693871572019554,0.6810484885098707,option_left,True
2640,R07,P07,I05,T07_05,1.1163721397412996,0.6892974765526326,0.7930890602057112,option_right,True
2641,R07,P07,I05,T07_05,1.144997066401333,0.2798772529593201,0.7905099608468578,option_left,True
2642,R07,P07,I05,T07_05,1.1736219930613663,0.7222784259359674,0.8038770257773199,option_right,True
2643,R07,P07,I05,T07_05,1.2022469197213994,0.7487889982501655,0.6894206933285423,option_right,True
2644,R07,P07,I05,T07_05,1.2308718463814328,0.16893360549612546,0.808995734586782,option_left,True
2645,R07,P07,I05,T07_05,1.2594967730414661,0.36095951422548583,0.75356336638136,option_left,True
2646,R07,P07,I05,T07_05,1.2881216997014995,0.6212698948778481,0.7757173733599219,option_right,True
2647,R07,P07,I05,T07_05,1.3167466263615328,0.3214723147218724,0.717885639721462,option_left,True
2648,R07,P07,I05,T07_05,1.3453715530215662,0.8244478136491928,0.8555581907850772,option_right,True
2649,R07,P07,I05,T07_05,1.3739964796815993,0.9259601073165946,0.6590220481837985,option_right,True
2650,R07,P07,I05,T07_05,1.4026214063416327,0.328863192738799,0.6589424527902175,option_left,True
2651,R07,P07,I06,T07_06,0.0,0.5877471818267758,0.24877970871956112,prompt,True
2652,R07,P07,I06,T07_06,0.024308835438962964,0.4641919696026625,0.24455223516198984,prompt,True
2653,R07,P07,I06,T07_06,0.04861767087792593,0.41124406038134187,0.22449255412372043,prompt,True
2654,R07,P07,I06,T07_06,0.07292650631688889,0.3662143499544127,0.4353476366231432,prompt,True
2655,R07,P07,I06,T07_06,0.09723534175585186,0.48091172705624546,0.32105284692225056,prompt,True
2656,R07,P07,I06,T07_06,0.12154417719481482,0.49242788952346245,0.3974549418783925,prompt,True
2657,R07,P07,I06,T07_06,0.14585301263377778,0.45960761727806254,0.2339032501217369,prompt,True
2658,R07,P07,I06,T07_06,0.17016184807274076,0.5815839308328408,0.20309510611435896,prompt,True
2659,R07,P07,I06,T07_06,0.1944706835117037,0.6383723788325051,0.29057339712924035,prompt,True
2660,R07,P07,I06,T07_06,0.21877951895066666,0.6125304127172754,0.3578491768691732,prompt,False
2661,R07,P07,I06,T07_06,0.24308835438962964,0.6467294277544392,0.17873395954989418,prompt,True
2662,R07,P07,I06,T07_06,0.2673971898285926,0.5159229321563926,0.3085419482951193,prompt,True
2663,R07,P07,I06,T07_06,0.29170602526755557,0.3089881252901968,0.15135132328664022,prompt,True
2664,R07,P07,I06,T07_06,0.3160148607065185,0.4247675254051718,0.324928115041327,prompt,True
2665,R07,P07,I06,T07_06,0.3403236961454815,0.3804963014547504,0.21498638822008959,prompt,True
2666,R07,P07,I06,T07_06,0.3646325315844445,0.7023831554308888,0.7938050800268711,option_right,True
2667,R07,P07,I06,T07_06,0.3889413670234074,0.7865519886774556,0.7869676138857182,option_right,True
2668,R07,P07,I06,T07_06,0.4132502024623704,0.8918466114018376,0.6830996390305919,option_right,True
2669,R07,P07,I06,T07_06,0.4375590379013333,0.7056769325527201,0.7404503034716382,option_right,True
2670,R07,P07,I06,T07_06,0.46186787334029633,1.0,0.7672495152612611,option_right,True
2671,R07,P07,I06,T07_06,0.4861767087792593,0.7287717398123394,0.5765453276665474,option_right,True
2672,R07,P07,I06,T07_06,0.5104855442182222,0.6704201776887231,0.8021315312951336,option_right,True
2673,R07,P07,I06,T07_06,0.5347943796571852,0.7477218578778039,0.7653548977565378,option_right,True
2674,R07,P07,I06,T07_06,0.5591032150961481,0.8578463006714104,0.7549268119728174,option_right,True
2675,R07,P07,I06,T07_06,0.5834120505351111,0.6960092708212093,0.7958205040601919,option_right,True
2676,R07,P07,I06,T07_06,0.6077208859740741,0.6699741377763053,0.8235988900457244,option_right,True
2677,R07,P07,I06,T07_06,0.632029721413037,0.7648708072147212,0.617975409851719,option_right,True
2678,R07,P07,I06,T07_06,0.656338556852,0.7259730496081732,0.7825519309389747,option_right,True
2679,R07,P07,I06,T07_06,0.680647392290963,0.7977086308826854,0.7764353861307252,option_right,True
2680,R07,P07,I06,T07_06,0.7049562277299259,0.7959715565121535,0.770879194061609,option_right,True
2681,R07,P07,I06,T07_06,0.729265063168889,0.7179885213812398,0.7891630881445874,option_right,True
2682,R07,P07,I06,T07_06,0.7535738986078518,0.6829034628770347,0.7068040709572295,option_right,True
2683,R07,P07,I06,T07_06,0.7778827340468148,0.7478755622262742,0.8388661913619986,option_right,True
2684,R07,P07,I06,T07_06,0.8021915694857779,0.712524895453662,0.7039531714539871,option_right,True
2685,R07,P07,I06,T07_06,0.8265004049247408,0.8077120649223507,0.6918707018466429,option_right,True
2686,R07,P07,I06,T07_06,0.8508092403637038,0.8302902285546361,0.8258731913913694,option_right,True
2687,R07,P07,I06,T07_06,0.8751180758026667,0.8278103416660565,0.7499048644036872,option_right,True
2688,R07,P07,I06,T07_06,0.8994269112416297,0.751790336675515,0.6305849268053506,option_right,True
2689,R07,P07,I06,T07_06,0.9237357466805927,0.8184656574730407,0.7763164112469303,option_right,True
2690,R07,P07,I06,T07_06,0.9480445821195556,0.770536726914139,0.6851302487099796,option_right,True
2691,R07,P07,I06,T07_06,0.9723534175585186,0.6736663254023956,0.7688206915785679,option_right,True
2692,R07,P07,I06,T07_06,0.9966622529974816,0.7484380371628894,0.6026736501620987,option_right,True
2693,R07,P07,I06,T07_06,1.0209710884364445,0.7981437137608072,0.7191579211879928,option_right,True
2694,R07,P07,I06,T07_06,1.0452799238754074,0.6733622888046303,0.7990371598956998,option_right,True
2695,R07,P07,I06,T07_06,1.0695887593143705,0.7395309037316738,0.8454930155604929,option_right,True
2696,R07,P07,I06,T07_06,1.0938975947533334,0.7695301411788256,0.81692347995871,option_right,True
2697,R07,P07,I06,T07_06,1.1182064301922963,0.7962238713374787,0.6865579935244706,option_right,True
2698,R07,P07,I06,T07_06,1.1425152656312594,0.7414685132636839,0.6602555231769222,option_right,True
2699,R07,P07,I06,T07_06,1.1668241010702223,0.8407180547759725,0.6935882994102375,option_right,True
2700,R07,P07,I06,T07_06,1.1911329365091852,0.7830059017863221,0.6292314369241068,option_right,True
2701,R07,P07,I07,T07_07,0.0,0.34332377430865413,0.21545052939097675,prompt,True
2702,R07,P07,I07,T07_07,0.03591122616172435,0.4606085392037068,0.183016431638891,prompt,True
2703,R07,P07,I07,T07_07,0.0718224523234487,0.4267820258630494,0.24501616229395426,prompt,True
2704,R07,P07,I07,T07_07,0.10773367848517304,0.5213386667999289,0.3083842937569609,prompt,True
2705,R07,P07,I07,T07_07,0.1436449046468974,0.3957886300872856,0.0945088303103837,prompt,True
2706,R07,P07,I07,T07_07,0.17955613080862173,0.6976182879060568,0.22737558676765066,prompt,True
2707,R07,P07,I07,T07_07,0.21546735697034608,0.6940916640204053,0.3303426135729089,prompt,True
2708,R07,P07,I07,T07_07,0.2513785831320704,0.41972554382684246,0.19847772174186706,prompt,True
2709,R07,P07,I07,T07_07,0.2872898092937948,0.6764971116745808,0.31228986583312546,prompt,True
2710,R07,P07,I07,T07_07,0.32320103545551915,0.5160510264227559,0.3043173687936093,prompt,True
2711,R07,P07,I07,T07_07,0.35911226161724347,0.5515229341798046,0.24552024850239373,prompt,True
2712,R07,P07,I07,T07_07,0.3950234877789678,0.5832105373904598,0.2979283201331817,prompt,True
2713,R07,P07,I07,T07_07,0.43093471394069216,0.4785449859204408,0.2864238914973594,prompt,True
2714,R07,P07,I07,T07_07,0.46684594010241653,0.490279450257095,0.24445431081250993,prompt,True
2715,R07,P07,I07,T07_07,0.5027571662641408,0.61491375897599,0.1761536632376497,prompt,True
2716,R07,P07,I07,T07_07,0.5386683924258652,0.23435770205165227,0.7299655524064205,option_left,True
2717,R07,P07,I07,T07_07,0.5745796185875895,0.23237048012863787,0.7857143992535371,option_left,True
2718,R07,P07,I07,T07_07,0.6104908447493139,0.19015941261443725,0.8001836088552188,option_left,True
2719,R07,P07,I07,T07_07,0.6464020709110383,0.20362128591266618,0.7756413986237813,option_left,True
2720,R07,P07,I07,T07_07,0.6823132970727626,0.38194321902257855,0.6513887821928978,option_left,True
2721,R07,P07,I07,T07_07,0.7182245232344869,0.23176153315814438,0.8012787064915676,option_left,False
2722,R07,P07,I07,T07_07,0.7541357493962113,0.10741670529592162,0.8284368878728303,option_left,True
2723,R07,P07,I07,T07_07,0.7900469755579356,0.32249884298674075,0.7945250443366282,option_left,True
2724,R07,P07,I07,T07_07,0.82595820171966,0.1643973577622304,0.6485712188106862,option_left,True
2725,R07,P07,I07,T07_07,0.8618694278813843,0.29411395176059496,0.6744685026049431,option_left,True
2726,R07,P07,I07,T07_07,0.8977806540431087,0.3058127352785534,0.8949180634661442,option_left,True
2727,R07,P07,I07,T07_07,0.9336918802048331,0.2662348245083833,0.8277812468299639,option_left,True
2728,R07,P07,I07,T07_07,0.9696031063665573,0.32895586786351116,0.7171747386665503,option_left,True
2729,R07,P07,I07,T07_07,1.0055143325282816,0.11140602566697846,0.7803314404904094,option_left,True
2730,R07,P07,I07,T07_07,1.041425558690006,0.19078707454278185,0.8192397348389893,option_left,True
2731,R07,P07,I07,T07_07,1.0773367848517303,0.17481929976696137,0.7274646570424822,option_left,True
2732,R07,P07,I07,T07_07,1.1132480110134548,0.27131174175125156,0.8643627605157518,option_left,False
2733,R07,P07,I07,T07_07,1.149159237175179,0.24430532798198418,0.6775710141332535,option_left,True
2734,R07,P07,I07,T07_07,1.1850704633369034,0.2565655203865746,0.8017852406314614,option_left,True
2735,R07,P07,I07,T07_07,1.2209816894986278,0.32964706907698876,0.9424472685972558,option_left,True
2736,R07,P07,I07,T07_07,1.256892915660352,0.17556776009712335,0.79790658114983,option_left,True
2737,R07,P07,I07,T07_07,1.2928041418220766,0.2610331736465529,0.7150851260809985,option_left,True
2738,R07,P07,I07,T07_07,1.3287153679838009,0.38060359735405236,0.7922155072419048,option_left,True
2739,R07,P07,I07,T07_07,1.3646265941455251,0.3113309868825276,0.7835332110877705,option_left,True
2740,R07,P07,I07,T07_07,1.4005378203072496,0.3424239233782021,0.7181683967322119,option_left,True
2741,R07,P07,I07,T07_07,1.4364490464689739,0.2794307404953194,0.7048646493990055,option_left,False
2742,R07,P07,I07,T07_07,1.4723602726306981,0.39147110010454367,0.750483846599521,option_left,True
2743,R07,P07,I07,T07_07,1.5082714987924226,0.2156248383631048,0.6272981149016943,option_left,True
2744,R07,P07,I07,T07_07,1.5441827249541469,0.28197614605986077,0.7733115008291224,option_left,True
2745,R07,P07,I07,T07_07,1.5800939511158711,0.3876119674787408,0.6774977418334137,option_left,True
2746,R07,P07,I07,T07_07,1.6160051772775956,0.285510981898314,0.7068127902491818,option_left,True
2747,R07,P07,I07,T07_07,1.65191640343932,0.32190037247452474,0.7367920703604447,option_left,True
2748,R07,P07,I07,T07_07,1.6878276296010444,0.24119302253685712,0.8209381984884675,option_left,True
2749,R07,P07,I07,T07_07,1.7237388557627686,0.28344047871241,0.6622427375785012,option_left,True
2750,R07,P07,I07,T07_07,1.759650081924493,0.36713908684476015,0.6677352782415468,option_left,True
2751,R07,P07,I08,T07_08,0.0,0.5631949213733836,0.26604995644080287,prompt,True
2752,R07,P07,I08,T07_08,0.02973976208077773,0.6888006697721584,0.3372994641108297,prompt,True
2753,R07,P07,I08,T07_08,0.05947952416155546,0.5362723972423835,0.21959977728925656,prompt,True
2754,R07,P07,I08,T07_08,0.08921928624233319,0.4290159972705228,0.19701022746800934,prompt,True
2755,R07,P07,I08,T07_08,0.11895904832311092,0.5305934991805377,0.18822382865691198,prompt,True
2756,R07,P07,I08,T07_08,0.14869881040388866,0.42010041145560867,0.2733984500903944,prompt,True
2757,R07,P07,I08,T07_08,0.17843857248466638,0.3739022599442086,0.25863870055703125,prompt,True
2758,R07,P07,I08,T07_08,0.20817833456544413,0.5135525586618976,0.39910270118718905,prompt,True
2759,R07,P07,I08,T07_08,0.23791809664622185,0.41028988847755576,0.13714309116013057,prompt,True
2760,R07,P07,I08,T07_08,0.2676578587269996,0.5169195309866095,0.2698457205242764,prompt,True
2761,R07,P07,I08,T07_08,0.2973976208077773,0.5425505337944247,0.1626842639478795,prompt,True
2762,R07,P07,I08,T07_08,0.32713738288855504,0.33820886627744107,0.23443398145415617,prompt,True
2763,R07,P07,I08,T07_08,0.35687714496933276,0.4329605054954002,0.28187329521091314,prompt,True
2764,R07,P07,I08,T07_08,0.3866169070501105,0.5375270173934004,0.16740520158565134,prompt,True
2765,R07,P07,I08,T07_08,0.41635666913088826,0.31114746842471497,0.020336536115422132,prompt,True
2766,R07,P07,I08,T07_08,0.446096431211666,0.741243108920649,0.7267261738671648,option_right,True
2767,R07,P07,I08,T07_08,0.4758361932924437,0.7839015643402227,0.5694003213071741,option_right,True
2768,R07,P07,I08,T07_08,0.5055759553732214,0.8731083846485194,0.8074494300417292,option_right,True
2769,R07,P07,I08,T07_08,0.5353157174539992,0.7150722160483431,0.7905584136332515,option_right,True
2770,R07,P07,I08,T07_08,0.5650554795347769,0.7777867584411957,0.6997132601910855,option_right,True
2771,R07,P07,I08,T07_08,0.5947952416155546,0.7271980627474243,0.7459212206178831,option_right,True
2772,R07,P07,I08,T07_08,0.6245350036963323,0.8895965322259338,0.6771373173429125,option_right,True
2773,R07,P07,I08,T07_08,0.6542747657771101,0.7882848293374233,0.7093529822822879,option_right,True
2774,R07,P07,I08,T07_08,0.6840145278578879,0.7799100756458254,0.7227754934250856,option_right,True
2775,R07,P07,I08,T07_08,0.7137542899386655,0.6852333586370978,0.7801153534253112,option_right,True
2776,R07,P07,I08,T07_08,0.7434940520194433,0.7633941223060012,0.7202722194440059,option_right,True
2777,R07,P07,I08,T07_08,0.773233814100221,0.8509006298313689,0.7880194771964069,option_right,True
2778,R07,P07,I08,T07_08,0.8029735761809987,0.653294613694686,0.8142442184853618,option_right,True
2779,R07,P07,I08,T07_08,0.8327133382617765,0.7580514191871712,0.6730089758373536,option_right,True
2780,R07,P07,I08,T07_08,0.8624531003425542,0.7544593017117743,0.7433537198703998,option_right,True
2781,R07,P07,I08,T07_08,0.892192862423332,0.6774767576007147,0.6857744347752166,option_right,True
2782,R07,P07,I08,T07_08,0.9219326245041096,0.8310021172688695,0.7745434940683598,option_right,True
2783,R07,P07,I08,T07_08,0.9516723865848874,0.7858572677193045,0.8366805017102031,option_right,True
2784,R07,P07,I08,T07_08,0.9814121486656652,0.6987508318695292,0.8184758140026669,option_right,True
2785,R07,P07,I08,T07_08,1.0111519107464428,0.8532714174355158,0.8062885878141002,option_right,True
2786,R07,P07,I08,T07_08,1.0408916728272206,0.7697924711795364,0.8573750771346411,option_right,True
2787,R07,P07,I08,T07_08,1.0706314349079984,0.7192446412701915,0.6690042467283256,option_right,False
2788,R07,P07,I08,T07_08,1.100371196988776,0.791690986428205,0.6352017392380515,option_right,True
2789,R07,P07,I08,T07_08,1.1301109590695537,0.7279208025238612,0.8727183651027717,option_right,True
2790,R07,P07,I08,T07_08,1.1598507211503315,0.9099172471384236,0.6701781172631462,option_right,True
2791,R07,P07,I08,T07_08,1.1895904832311093,0.8081537543318774,0.6136063031671484,option_right,False
2792,R07,P07,I08,T07_08,1.219330245311887,0.7742930936011452,0.5337155937957194,option_right,True
2793,R07,P07,I08,T07_08,1.2490700073926646,0.7805275994709696,0.7624323935898104,option_right,True
2794,R07,P07,I08,T07_08,1.2788097694734424,0.5934992641887974,0.9512212512011624,option_right,True
2795,R07,P07,I08,T07_08,1.3085495315542202,0.8029879233665547,0.6787377996075118,option_right,True
2796,R07,P07,I08,T07_08,1.338289293634998,0.7281900499979141,0.8574560396595552,option_right,True
2797,R07,P07,I08,T07_08,1.3680290557157757,0.7096154313322556,0.6703676383689943,option_right,True
2798,R07,P07,I08,T07_08,1.3977688177965533,0.855259187616213,0.7616377807389049,option_right,True
2799,R07,P07,I08,T07_08,1.427508579877331,0.7098601158637953,0.6164493290922689,option_right,True
2800,R07,P07,I08,T07_08,1.4572483419581088,0.7639946748729602,0.779059161984916,option_right,True
2801,R08,P08,I01,T08_01,0.0,0.4184794614216163,0.20221321520391022,prompt,True
2802,R08,P08,I01,T08_01,0.015843618820897614,0.6339973865367907,0.21700906252928043,prompt,True
2803,R08,P08,I01,T08_01,0.03168723764179523,0.5301201174704235,0.30712521385500197,prompt,True
2804,R08,P08,I01,T08_01,0.04753085646269284,0.5579098165888713,0.2986494407554904,prompt,True
2805,R08,P08,I01,T08_01,0.06337447528359046,0.4474591340166588,0.2080466908890644,prompt,True
2806,R08,P08,I01,T08_01,0.07921809410448807,0.5207106879914684,0.21313391990790742,prompt,True
2807,R08,P08,I01,T08_01,0.09506171292538568,0.42861053410671957,0.12682415834314165,prompt,True
2808,R08,P08,I01,T08_01,0.1109053317462833,0.4398245309061093,0.0861861697148733,prompt,True
2809,R08,P08,I01,T08_01,0.1267489505671809,0.384637588153919,0.08692721079769625,prompt,True
2810,R08,P08,I01,T08_01,0.14259256938807852,0.5821654526151872,0.30184633851384113,prompt,True
2811,R08,P08,I01,T08_01,0.15843618820897615,0.5871411883477613,0.2140646324848078,prompt,True
2812,R08,P08,I01,T08_01,0.17427980702987375,0.6346019742262601,0.4288293187284162,prompt,True
2813,R08,P08,I01,T08_01,0.19012342585077135,0.6341278653177732,0.12124244212242946,prompt,True
2814,R08,P08,I01,T08_01,0.205967044671669,0.5007169408549433,0.43195798459947643,prompt,True
2815,R08,P08,I01,T08_01,0.2218106634925666,0.31922284075668367,0.1812482610355891,prompt,False
2816,R08,P08,I01,T08_01,0.23765428231346422,0.30912681367445627,0.9907702443821359,option_left,True
2817,R08,P08,I01,T08_01,0.2534979011343618,0.2678128862786195,0.7459675764874367,option_left,True
2818,R08,P08,I01,T08_01,0.26934151995525946,0.324486940425723,0.783054095241298,option_left,True
2819,R08,P08,I01,T08_01,0.28518513877615703,0.19192565868705594,0.8307278842435387,option_left,True
2820,R08,P08,I01,T08_01,0.30102875759705466,0.2708367249515804,0.8674713997041534,option_left,True
2821,R08,P08,I01,T08_01,0.3168723764179523,0.2691344237658583,0.8896268386605843,option_left,True
2822,R08,P08,I01,T08_01,0.33271599523884987,0.3063162532319731,0.7162258228623853,option_left,True
2823,R08,P08,I01,T08_01,0.3485596140597475,0.2383797228101545,0.6846821546416211,option_left,True
2824,R08,P08,I01,T08_01,0.36440323288064513,0.07971346523784018,0.7713394407349723,option_left,True
2825,R08,P08,I01,T08_01,0.3802468517015427,0.033454572432255136,0.9250307882772163,option_left,True
2826,R08,P08,I01,T08_01,0.39609047052244034,0.11815991090712133,0.7108174021639913,option_left,True
2827,R08,P08,I01,T08_01,0.411934089343338,0.3554190329241682,0.8431499893858072,option_left,True
2828,R08,P08,I01,T08_01,0.4277777081642356,0.19602040031799733,0.7520338350698303,option_left,True
2829,R08,P08,I01,T08_01,0.4436213269851332,0.392912406884677,0.7407956350154241,option_left,True
2830,R08,P08,I01,T08_01,0.4594649458060308,0.32158974746917546,0.8771064353997147,option_left,True
2831,R08,P08,I01,T08_01,0.47530856462692844,0.25466315302413983,0.8148117565658735,option_left,True
2832,R08,P08,I01,T08_01,0.491152183447826,0.18977409040065812,0.7684520679189505,option_left,True
2833,R08,P08,I01,T08_01,0.5069958022687236,0.24023135035453963,0.8178845026770295,option_left,True
2834,R08,P08,I01,T08_01,0.5228394210896212,0.3465395805287218,0.7608672998834235,option_left,True
2835,R08,P08,I01,T08_01,0.5386830399105189,0.2398151367995428,0.7216436621503945,option_left,True
2836,R08,P08,I01,T08_01,0.5545266587314165,0.09344070890630102,0.7455040596787872,option_left,True
2837,R08,P08,I01,T08_01,0.5703702775523141,0.4124802470525686,0.8251847134446418,option_left,True
2838,R08,P08,I01,T08_01,0.5862138963732118,0.1522689650884076,0.6835507646832285,option_left,True
2839,R08,P08,I01,T08_01,0.6020575151941093,0.21740253322511735,0.7484771544403198,option_left,True
2840,R08,P08,I01,T08_01,0.6179011340150069,0.3254264481825245,0.7302852808179072,option_left,True
2841,R08,P08,I01,T08_01,0.6337447528359046,0.46982395471065513,0.6266905469488201,option_left,True
2842,R08,P08,I01,T08_01,0.6495883716568022,0.32569962909401673,0.5092000465793458,option_left,True
2843,R08,P08,I01,T08_01,0.6654319904776997,0.28303861337549724,0.7014789348186727,option_left,True
2844,R08,P08,I01,T08_01,0.6812756092985974,0.43629435213210405,1.0,option_left,True
2845,R08,P08,I01,T08_01,0.697119228119495,0.3334513454232373,0.6499876597491637,option_left,True
2846,R08,P08,I01,T08_01,0.7129628469403926,0.18125944058524157,0.699084024902547,option_left,True
2847,R08,P08,I01,T08_01,0.7288064657612903,0.299543300817572,0.779867618368044,option_left,True
2848,R08,P08,I01,T08_01,0.7446500845821878,0.16375724371386913,0.7849092043913481,option_left,True
2849,R08,P08,I01,T08_01,0.7604937034030854,0.28506612239244794,0.6597095072011905,option_left,True
2850,R08,P08,I01,T08_01,0.7763373222239831,0.14087577633867893,0.7805751024341896,option_left,False
2851,R08,P08,I02,T08_02,0.0,0.637075504590885,0.24647794734668688,prompt,True
2852,R08,P08,I02,T08_02,0.023455725353848704,0.5340241711333973,0.31275971314757667,prompt,True
2853,R08,P08,I02,T08_02,0.04691145070769741,0.5404366542751655,0.1751224363006349,prompt,True
2854,R08,P08,I02,T08_02,0.0703671760615461,0.39227335420826276,0.22391406830887745,prompt,True
2855,R08,P08,I02,T08_02,0.09382290141539482,0.36524047337709176,0.2681383621279217,prompt,True
2856,R08,P08,I02,T08_02,0.11727862676924353,0.3829507261546326,0.23283426544183267,prompt,True
2857,R08,P08,I02,T08_02,0.1407343521230922,0.4850583082748365,0.3326258776229396,prompt,True
2858,R08,P08,I02,T08_02,0.16419007747694092,0.40957627133476865,0.27229031432255374,prompt,True
2859,R08,P08,I02,T08_02,0.18764580283078963,0.5327527479557034,0.3449757238469777,prompt,True
2860,R08,P08,I02,T08_02,0.21110152818463834,0.5122033664830358,0.21920159271746548,prompt,True
2861,R08,P08,I02,T08_02,0.23455725353848705,0.3906039549558526,0.17781643998079544,prompt,True
2862,R08,P08,I02,T08_02,0.25801297889233576,0.6331723997753543,0.26309158538980193,prompt,True
2863,R08,P08,I02,T08_02,0.2814687042461844,0.66111020978578,0.2177761606913415,prompt,True
2864,R08,P08,I02,T08_02,0.30492442960003313,0.3694450994733043,0.2645243688370357,prompt,True
2865,R08,P08,I02,T08_02,0.32838015495388184,0.4365283368589094,0.3675123540682529,prompt,True
2866,R08,P08,I02,T08_02,0.35183588030773055,0.8265746418980092,0.82142084405942,option_right,True
2867,R08,P08,I02,T08_02,0.37529160566157926,0.6722229535544082,0.7982724202381621,option_right,True
2868,R08,P08,I02,T08_02,0.398747331015428,0.334676525023038,0.8127082952381861,option_left,True
2869,R08,P08,I02,T08_02,0.4222030563692767,0.33380722312126265,0.9023217604451499,option_left,True
2870,R08,P08,I02,T08_02,0.4456587817231254,0.7625616008244747,0.8329077986921185,option_right,True
2871,R08,P08,I02,T08_02,0.4691145070769741,0.6868937431943191,0.8170307189160297,option_right,True
2872,R08,P08,I02,T08_02,0.49257023243082276,0.20146008635096446,0.7720067770834043,option_left,True
2873,R08,P08,I02,T08_02,0.5160259577846715,0.282882710564824,0.6511620551779917,option_left,True
2874,R08,P08,I02,T08_02,0.5394816831385202,0.37048513278775197,0.7436389850104621,option_left,True
2875,R08,P08,I02,T08_02,0.5629374084923688,0.1102274767819103,0.6785369787151264,option_left,True
2876,R08,P08,I02,T08_02,0.5863931338462176,0.2775994183658966,0.8097002576080402,option_left,True
2877,R08,P08,I02,T08_02,0.6098488592000663,0.7141064548180953,0.689235719821914,option_right,False
2878,R08,P08,I02,T08_02,0.633304584553915,0.7420484553885367,0.7362621222129891,option_right,True
2879,R08,P08,I02,T08_02,0.6567603099077637,0.7110378899451208,0.5623664789017777,option_right,True
2880,R08,P08,I02,T08_02,0.6802160352616125,0.1297343068982999,0.7352058660167073,option_left,True
2881,R08,P08,I02,T08_02,0.7036717606154611,0.8005325687729323,0.5873406375985621,option_right,True
2882,R08,P08,I02,T08_02,0.7271274859693099,0.8720649572458069,0.7985227944743148,option_right,True
2883,R08,P08,I02,T08_02,0.7505832113231585,0.5980480785948408,0.7472568017521867,option_right,True
2884,R08,P08,I02,T08_02,0.7740389366770072,0.9562714174736971,0.7100667461334096,option_right,True
2885,R08,P08,I02,T08_02,0.797494662030856,0.7639991036101369,0.8428113661809511,option_right,True
2886,R08,P08,I02,T08_02,0.8209503873847046,0.06921029662031206,0.781305799318979,option_left,True
2887,R08,P08,I02,T08_02,0.8444061127385534,0.09482606850894845,0.5905913001582019,option_left,True
2888,R08,P08,I02,T08_02,0.867861838092402,0.3259721141625727,0.7557202951651082,option_left,False
2889,R08,P08,I02,T08_02,0.8913175634462508,0.5655800387483765,0.8219204751341258,option_right,True
2890,R08,P08,I02,T08_02,0.9147732888000994,0.20702914189754645,0.7456519766296399,option_left,True
2891,R08,P08,I02,T08_02,0.9382290141539482,0.6989564996563831,0.7476987581413737,option_right,True
2892,R08,P08,I02,T08_02,0.9616847395077969,0.5699965097037757,0.8277061833001692,option_right,True
2893,R08,P08,I02,T08_02,0.9851404648616455,0.6785300275662927,0.7579875012706951,option_right,True
2894,R08,P08,I02,T08_02,1.0085961902154943,0.7251394292392443,0.7759594985962791,option_right,True
2895,R08,P08,I02,T08_02,1.032051915569343,0.25692243047903446,0.6354349557594696,option_left,True
2896,R08,P08,I02,T08_02,1.0555076409231916,0.7608417063459072,0.7250208793751123,option_right,True
2897,R08,P08,I02,T08_02,1.0789633662770404,0.2547294571021024,0.7898581897032328,option_left,True
2898,R08,P08,I02,T08_02,1.1024190916308891,0.7473664220469589,0.8164896321310272,option_right,True
2899,R08,P08,I02,T08_02,1.1258748169847377,0.24360157201559168,0.7219683105576606,option_left,True
2900,R08,P08,I02,T08_02,1.1493305423385864,0.585438397671779,0.7155361126170088,option_right,True
2901,R08,P08,I03,T08_03,0.0,0.7238674630640203,0.30020271790704944,prompt,True
2902,R08,P08,I03,T08_03,0.01788001142940189,0.6522051459495574,0.2505665171091467,prompt,True
2903,R08,P08,I03,T08_03,0.03576002285880378,0.7293069299811847,0.2829354638913836,prompt,True
2904,R08,P08,I03,T08_03,0.05364003428820567,0.5772332295471831,0.26267626128143756,prompt,True
2905,R08,P08,I03,T08_03,0.07152004571760756,0.6169016191468848,0.22413298911623453,prompt,True
2906,R08,P08,I03,T08_03,0.08940005714700945,0.43368891923216585,0.14404882359425097,prompt,True
2907,R08,P08,I03,T08_03,0.10728006857641134,0.4549397644442994,0.1780411381972717,prompt,True
2908,R08,P08,I03,T08_03,0.12516008000581325,0.5181186113825532,0.2738934734421224,prompt,True
2909,R08,P08,I03,T08_03,0.14304009143521512,0.48179783656450564,0.46898670569457374,prompt,True
2910,R08,P08,I03,T08_03,0.160920102864617,0.46462751661153295,0.1158522064888563,prompt,True
2911,R08,P08,I03,T08_03,0.1788001142940189,0.40920751379812953,0.21455628113927283,prompt,True
2912,R08,P08,I03,T08_03,0.1966801257234208,0.32145621756134257,0.1196942980126828,prompt,True
2913,R08,P08,I03,T08_03,0.21456013715282268,0.4646531087718201,0.27309149514598,prompt,True
2914,R08,P08,I03,T08_03,0.23244014858222456,0.46197867535374687,0.1627080618250754,prompt,True
2915,R08,P08,I03,T08_03,0.2503201600116265,0.4205299432228721,0.2913627477964378,prompt,True
2916,R08,P08,I03,T08_03,0.26820017144102837,0.21749334246342308,0.7352216761810457,option_left,True
2917,R08,P08,I03,T08_03,0.28608018287043024,0.21576910359281426,0.6709855124732702,option_left,True
2918,R08,P08,I03,T08_03,0.3039601942998321,0.27407626029220167,0.6634748545537104,option_left,True
2919,R08,P08,I03,T08_03,0.321840205729234,0.26409608819378677,0.8692087411855198,option_left,True
2920,R08,P08,I03,T08_03,0.33972021715863593,0.3299982187571029,0.7530175719386962,option_left,True
2921,R08,P08,I03,T08_03,0.3576002285880378,0.3401586423657288,0.7581671120899429,option_left,True
2922,R08,P08,I03,T08_03,0.3754802400174397,0.3042357038567086,0.689471683338706,option_left,True
2923,R08,P08,I03,T08_03,0.3933602514468416,0.2251523703756266,0.6294958547834049,option_left,True
2924,R08,P08,I03,T08_03,0.4112402628762435,0.23183660263164338,0.9554293037893459,option_left,True
2925,R08,P08,I03,T08_03,0.42912027430564537,0.4073819396051056,0.5983559271723624,option_left,True
2926,R08,P08,I03,T08_03,0.44700028573504724,0.1404233314980983,0.6545205171779375,option_left,True
2927,R08,P08,I03,T08_03,0.4648802971644491,0.28777631672159465,0.6969247060615336,option_left,True
2928,R08,P08,I03,T08_03,0.48276030859385105,0.25304696427389495,0.7771407585806556,option_left,True
2929,R08,P08,I03,T08_03,0.500640320023253,0.2580115691951506,0.6742454177514899,option_left,False
2930,R08,P08,I03,T08_03,0.5185203314526549,0.2989633875929329,0.7454137225514711,option_left,True
2931,R08,P08,I03,T08_03,0.5364003428820567,0.33704509572065244,0.7539290953099503,option_left,False
2932,R08,P08,I03,T08_03,0.5542803543114586,0.29786552787273224,0.6976095226713614,option_left,True
2933,R08,P08,I03,T08_03,0.5721603657408605,0.2575749570478925,0.9211023140734963,option_left,True
2934,R08,P08,I03,T08_03,0.5900403771702624,0.27889179027648164,0.8166664036078836,option_left,True
2935,R08,P08,I03,T08_03,0.6079203885996642,0.1004532605276757,0.6989049273971688,option_left,True
2936,R08,P08,I03,T08_03,0.6258004000290661,0.26371968819249114,0.7469242841357941,option_left,True
2937,R08,P08,I03,T08_03,0.643680411458468,0.16422796475987028,0.6805890069955695,option_left,True
2938,R08,P08,I03,T08_03,0.66156042288787,0.18687760846548596,0.7071606483638493,option_left,True
2939,R08,P08,I03,T08_03,0.6794404343172719,0.2029263119117907,0.6950831554711122,option_left,True
2940,R08,P08,I03,T08_03,0.6973204457466737,0.3004756354027822,0.958588026956015,option_left,True
2941,R08,P08,I03,T08_03,0.7152004571760756,0.26206630022833133,0.7482038791949327,option_left,True
2942,R08,P08,I03,T08_03,0.7330804686054775,0.1723919320497382,0.7555836616920418,option_left,True
2943,R08,P08,I03,T08_03,0.7509604800348794,0.4050207861705748,0.7507505179616195,option_left,True
2944,R08,P08,I03,T08_03,0.7688404914642812,0.20338227677671852,0.7685907327316022,option_left,True
2945,R08,P08,I03,T08_03,0.7867205028936832,0.26604798278929953,0.6895395249990008,option_left,True
2946,R08,P08,I03,T08_03,0.8046005143230851,0.3099491482114771,0.7699654255674044,option_left,True
2947,R08,P08,I03,T08_03,0.822480525752487,0.30529241309532174,0.7877744236253009,option_left,True
2948,R08,P08,I03,T08_03,0.8403605371818889,0.24128642520541296,0.8727109004453318,option_left,True
2949,R08,P08,I03,T08_03,0.8582405486112907,0.1392618878956766,0.8335335065624612,option_left,True
2950,R08,P08,I03,T08_03,0.8761205600406926,0.26982860050221813,0.5434169543164017,option_left,True
2951,R08,P08,I04,T08_04,0.0,0.4302684787313933,0.019176582671356412,prompt,True
2952,R08,P08,I04,T08_04,0.028970273776620193,0.6869067600359736,0.2394951264269385,prompt,True
2953,R08,P08,I04,T08_04,0.057940547553240386,0.6009962201315683,0.2452123795307611,prompt,False
2954,R08,P08,I04,T08_04,0.08691082132986058,0.6160708287146507,0.2041453428508081,prompt,True
2955,R08,P08,I04,T08_04,0.11588109510648077,0.5199552746897447,0.10142670727999345,prompt,True
2956,R08,P08,I04,T08_04,0.14485136888310096,0.7856035978283535,0.25808817791198424,prompt,True
2957,R08,P08,I04,T08_04,0.17382164265972117,0.4324850688780719,0.2550554104776795,prompt,True
2958,R08,P08,I04,T08_04,0.20279191643634134,0.523058161599117,0.3351086808911102,prompt,True
2959,R08,P08,I04,T08_04,0.23176219021296154,0.5575633732927798,0.18549033991446653,prompt,True
2960,R08,P08,I04,T08_04,0.2607324639895817,0.5385715755250987,0.27104491912811396,prompt,True
2961,R08,P08,I04,T08_04,0.2897027377662019,0.5312573332071473,0.31328550011702516,prompt,True
2962,R08,P08,I04,T08_04,0.3186730115428221,0.4268050782183646,0.2160342906774704,prompt,True
2963,R08,P08,I04,T08_04,0.34764328531944233,0.7320330712626553,0.26406990016955717,prompt,True
2964,R08,P08,I04,T08_04,0.37661355909606253,0.5656002798775561,0.14765891122502495,prompt,True
2965,R08,P08,I04,T08_04,0.4055838328726827,0.4390442590766803,0.19293299428931454,prompt,True
2966,R08,P08,I04,T08_04,0.4345541066493029,0.7597792675685923,0.7186036656467845,option_right,True
2967,R08,P08,I04,T08_04,0.4635243804259231,0.3159866415079814,0.750831659490788,option_left,True
2968,R08,P08,I04,T08_04,0.4924946542025433,0.07265058619729839,0.7885042332572196,option_left,True
2969,R08,P08,I04,T08_04,0.5214649279791634,0.28888978802792625,0.8197122529404635,option_left,True
2970,R08,P08,I04,T08_04,0.5504352017557836,0.673077707339476,0.7935262597381556,option_right,True
2971,R08,P08,I04,T08_04,0.5794054755324038,0.1883022212268028,0.7132837927134653,option_left,True
2972,R08,P08,I04,T08_04,0.608375749309024,0.17041694824303402,0.6665735795882359,option_left,True
2973,R08,P08,I04,T08_04,0.6373460230856443,0.29566056222983955,0.8898436614899714,option_left,True
2974,R08,P08,I04,T08_04,0.6663162968622645,0.19052991213420378,0.796913477137171,option_left,True
2975,R08,P08,I04,T08_04,0.6952865706388847,0.9142979176966084,0.7335179655851577,option_right,True
2976,R08,P08,I04,T08_04,0.7242568444155049,0.7731415254887203,0.8571402802332488,option_right,True
2977,R08,P08,I04,T08_04,0.7532271181921251,0.7944993983451116,0.8055273578184194,option_right,True
2978,R08,P08,I04,T08_04,0.7821973919687452,0.7434969398523612,0.7303366236292722,option_right,True
2979,R08,P08,I04,T08_04,0.8111676657453654,0.7708244342347542,0.7465286150692716,option_right,True
2980,R08,P08,I04,T08_04,0.8401379395219856,0.17311989725521387,0.8361969964238591,option_left,True
2981,R08,P08,I04,T08_04,0.8691082132986058,0.2246469485098583,0.5790535290626964,option_left,True
2982,R08,P08,I04,T08_04,0.898078487075226,0.7219201898388462,0.7805318301084924,option_right,True
2983,R08,P08,I04,T08_04,0.9270487608518462,0.2940124630622463,0.6644338111206765,option_left,True
2984,R08,P08,I04,T08_04,0.9560190346284664,0.724220449288472,0.7221886321767457,option_right,True
2985,R08,P08,I04,T08_04,0.9849893084050866,0.27538188451186163,0.7825468120457559,option_left,True
2986,R08,P08,I04,T08_04,1.0139595821817067,0.28776892972643214,0.8166715291628345,option_left,True
2987,R08,P08,I04,T08_04,1.0429298559583269,0.7852998900112249,0.7219197138960781,option_right,True
2988,R08,P08,I04,T08_04,1.071900129734947,0.746824822671366,0.7744667499499207,option_right,True
2989,R08,P08,I04,T08_04,1.1008704035115673,0.7533013563256067,0.9229324362061779,option_right,True
2990,R08,P08,I04,T08_04,1.1298406772881875,0.8444457745014875,0.8533130914196654,option_right,True
2991,R08,P08,I04,T08_04,1.1588109510648077,0.25881689440072797,0.6691716937108023,option_left,True
2992,R08,P08,I04,T08_04,1.187781224841428,0.7580532711259887,0.6621636269704627,option_right,True
2993,R08,P08,I04,T08_04,1.216751498618048,0.7194183962583719,0.7443289869874696,option_right,True
2994,R08,P08,I04,T08_04,1.2457217723946683,0.6705959260602523,0.8068714507198249,option_right,True
2995,R08,P08,I04,T08_04,1.2746920461712885,0.7025418506217342,0.6037284949601486,option_right,True
2996,R08,P08,I04,T08_04,1.3036623199479087,0.26295512531231513,0.7841905324640588,option_left,True
2997,R08,P08,I04,T08_04,1.332632593724529,0.19756581707931622,0.6913996718173199,option_left,True
2998,R08,P08,I04,T08_04,1.3616028675011491,0.7752519104547039,0.6052491896465151,option_right,True
2999,R08,P08,I04,T08_04,1.3905731412777693,0.5775750358341375,0.7802358872848841,option_right,True
3000,R08,P08,I04,T08_04,1.4195434150543895,0.7706911274501176,0.7887569643513466,option_right,True
3001,R08,P08,I05,T08_05,0.0,0.5790691666353003,0.2734466191901247,prompt,True
3002,R08,P08,I05,T08_05,0.025804098320431443,0.4820433926166342,0.3432218021171041,prompt,True
3003,R08,P08,I05,T08_05,0.051608196640862886,0.5764384450938589,0.2906438325258846,prompt,True
3004,R08,P08,I05,T08_05,0.07741229496129433,0.46148140619036054,0.26660181552875295,prompt,True
3005,R08,P08,I05,T08_05,0.10321639328172577,0.4708944162759991,0.30526689673675855,prompt,True
3006,R08,P08,I05,T08_05,0.12902049160215723,0.4914686076490666,0.27723471118913795,prompt,True
3007,R08,P08,I05,T08_05,0.15482458992258866,0.5698702355592256,0.28518850237698884,prompt,True
3008,R08,P08,I05,T08_05,0.18062868824302009,0.4969027739470884,0.16018904244160992,prompt,True
3009,R08,P08,I05,T08_05,0.20643278656345154,0.5155387206068189,0.2671338396857813,prompt,True
3010,R08,P08,I05,T08_05,0.232236884883883,0.4112704589507663,0.14417103409249965,prompt,True
3011,R08,P08,I05,T08_05,0.25804098320431446,0.5590699948261745,0.3064742799111002,prompt,True
3012,R08,P08,I05,T08_05,0.28384508152474586,0.3917610577486477,0.19211907836745237,prompt,True
3013,R08,P08,I05,T08_05,0.3096491798451773,0.5810201267991346,0.29618673624457736,prompt,True
3014,R08,P08,I05,T08_05,0.33545327816560877,0.5897373786510409,0.13132056909892353,prompt,True
3015,R08,P08,I05,T08_05,0.36125737648604017,0.7125347941911409,0.24440607639231327,prompt,False
3016,R08,P08,I05,T08_05,0.38706147480647163,0.3168643812715791,0.7553560187116418,option_left,True
3017,R08,P08,I05,T08_05,0.4128655731269031,0.3078503429044016,0.8037635929786655,option_left,False
3018,R08,P08,I05,T08_05,0.43866967144733454,0.7551071142708893,0.7268704858530927,option_right,False
3019,R08,P08,I05,T08_05,0.464473769767766,0.5106843817392567,0.6521871383438264,option_right,True
3020,R08,P08,I05,T08_05,0.4902778680881974,0.6697610786031907,0.8371425350310048,option_right,True
3021,R08,P08,I05,T08_05,0.5160819664086289,0.20701429147634753,0.9245378131968398,option_left,True
3022,R08,P08,I05,T08_05,0.5418860647290603,0.41605750456094726,0.6500118653920032,option_left,True
3023,R08,P08,I05,T08_05,0.5676901630494917,0.20396877615508485,0.7425711314314284,option_left,True
3024,R08,P08,I05,T08_05,0.5934942613699232,0.3041618128842921,1.0,option_left,True
3025,R08,P08,I05,T08_05,0.6192983596903546,0.31744325767519915,0.7275243565273359,option_left,True
3026,R08,P08,I05,T08_05,0.645102458010786,0.2888649617923089,0.746554923053689,option_left,True
3027,R08,P08,I05,T08_05,0.6709065563312175,0.7608585728469504,0.7213789274983023,option_right,True
3028,R08,P08,I05,T08_05,0.6967106546516489,0.6766579023786234,0.7122515426206524,option_right,True
3029,R08,P08,I05,T08_05,0.7225147529720803,0.6352870870440832,0.7473770761639845,option_right,True
3030,R08,P08,I05,T08_05,0.7483188512925119,0.7168044487677522,0.6902708798863258,option_right,True
3031,R08,P08,I05,T08_05,0.7741229496129433,0.9344772097716455,0.7900574457567927,option_right,True
3032,R08,P08,I05,T08_05,0.7999270479333748,0.28550898161140825,0.7540479828833416,option_left,True
3033,R08,P08,I05,T08_05,0.8257311462538062,0.8909002276184451,0.7005030928627209,option_right,True
3034,R08,P08,I05,T08_05,0.8515352445742376,0.7430483397701625,0.7251645934851425,option_right,True
3035,R08,P08,I05,T08_05,0.8773393428946691,0.7086328164075002,0.7961424239013795,option_right,True
3036,R08,P08,I05,T08_05,0.9031434412151005,0.8049703782632589,0.8074022370947831,option_right,True
3037,R08,P08,I05,T08_05,0.928947539535532,0.7556765908542354,0.8709355958790144,option_right,True
3038,R08,P08,I05,T08_05,0.9547516378559634,0.8466271123002931,0.8500357222087697,option_right,True
3039,R08,P08,I05,T08_05,0.9805557361763948,0.2594059159556905,0.849920686408958,option_left,True
3040,R08,P08,I05,T08_05,1.0063598344968263,0.6569828787620683,0.6826346067737377,option_right,True
3041,R08,P08,I05,T08_05,1.0321639328172578,0.301639600222893,0.7180345297194345,option_left,True
3042,R08,P08,I05,T08_05,1.0579680311376891,0.42089002734799846,0.7522408001819858,option_left,True
3043,R08,P08,I05,T08_05,1.0837721294581206,0.8993004899750059,0.839010571164136,option_right,True
3044,R08,P08,I05,T08_05,1.1095762277785521,0.6289642862905973,0.9318974159839692,option_right,True
3045,R08,P08,I05,T08_05,1.1353803260989834,0.6679848585261835,0.6631277897522941,option_right,True
3046,R08,P08,I05,T08_05,1.161184424419415,0.22245186034063796,0.6770093295280366,option_left,True
3047,R08,P08,I05,T08_05,1.1869885227398465,0.7092851540407623,0.7773967073990977,option_right,True
3048,R08,P08,I05,T08_05,1.2127926210602777,0.2594122949920064,0.8486858390338884,option_left,True
3049,R08,P08,I05,T08_05,1.2385967193807093,0.6217269054869978,0.8352372863334916,option_right,True
3050,R08,P08,I05,T08_05,1.2644008177011408,0.8052230684490504,0.897090346045965,option_right,True
3051,R08,P08,I06,T08_06,0.0,0.6873678206454982,0.22179029208195816,prompt,True
3052,R08,P08,I06,T08_06,0.030777131459680595,0.5047411603484584,0.2521036254821247,prompt,True
3053,R08,P08,I06,T08_06,0.06155426291936119,0.6504250559226182,0.26035740888196,prompt,True
3054,R08,P08,I06,T08_06,0.09233139437904178,0.32615587826873327,0.2719698220596515,prompt,True
3055,R08,P08,I06,T08_06,0.12310852583872238,0.6133070706929443,0.2331342440569829,prompt,True
3056,R08,P08,I06,T08_06,0.15388565729840298,0.5846673737799081,0.2829920107089642,prompt,True
3057,R08,P08,I06,T08_06,0.18466278875808356,0.6283848182516859,0.1969842655632399,prompt,True
3058,R08,P08,I06,T08_06,0.21543992021776417,0.46442164617939163,0.2199254953721187,prompt,True
3059,R08,P08,I06,T08_06,0.24621705167744476,0.3700670512197945,0.25047515683905536,prompt,True
3060,R08,P08,I06,T08_06,0.27699418313712537,0.578003565421676,0.2774265677156407,prompt,True
3061,R08,P08,I06,T08_06,0.30777131459680596,0.5015199991673303,0.18978342589451186,prompt,True
3062,R08,P08,I06,T08_06,0.33854844605648654,0.43837928756398525,0.37131313045591585,prompt,True
3063,R08,P08,I06,T08_06,0.3693255775161671,0.43178183382482993,0.2576593260359218,prompt,True
3064,R08,P08,I06,T08_06,0.4001027089758477,0.39175726620468465,0.2270838559245999,prompt,True
3065,R08,P08,I06,T08_06,0.43087984043552835,0.3447426569670297,0.2690604050415037,prompt,True
3066,R08,P08,I06,T08_06,0.46165697189520893,0.3718855480731518,0.6905323721456477,option_left,True
3067,R08,P08,I06,T08_06,0.4924341033548895,0.24055510539771768,0.6608287737071941,option_left,True
3068,R08,P08,I06,T08_06,0.5232112348145701,0.2377767298192993,0.7882428508444319,option_left,True
3069,R08,P08,I06,T08_06,0.5539883662742507,0.4424878461515356,0.6322566863636188,option_left,False
3070,R08,P08,I06,T08_06,0.5847654977339313,0.288455528907773,0.7989825445603012,option_left,True
3071,R08,P08,I06,T08_06,0.6155426291936119,0.7278328337317258,0.6640202063151763,option_right,True
3072,R08,P08,I06,T08_06,0.6463197606532924,0.2467252698093151,0.768824169146022,option_left,True
3073,R08,P08,I06,T08_06,0.6770968921129731,0.25940294152497223,0.8338111693344187,option_left,True
3074,R08,P08,I06,T08_06,0.7078740235726537,0.3501639394429584,0.8339893142223938,option_left,True
3075,R08,P08,I06,T08_06,0.7386511550323343,0.6682944760174175,0.8959159650671927,option_right,True
3076,R08,P08,I06,T08_06,0.7694282864920149,0.2194733868385704,0.8538519920626451,option_left,True
3077,R08,P08,I06,T08_06,0.8002054179516954,0.7167248606252627,0.8386205848758946,option_right,True
3078,R08,P08,I06,T08_06,0.8309825494113761,0.6985850707942254,0.5876227253011327,option_right,True
3079,R08,P08,I06,T08_06,0.8617596808710567,0.8221850713098378,0.7789178481112748,option_right,False
3080,R08,P08,I06,T08_06,0.8925368123307372,0.3118702809072432,0.7118598713666829,option_left,True
3081,R08,P08,I06,T08_06,0.9233139437904179,0.8153735967573812,0.610042962459358,option_right,True
3082,R08,P08,I06,T08_06,0.9540910752500984,0.7484790416968912,0.6693816470548761,option_right,True
3083,R08,P08,I06,T08_06,0.984868206709779,0.23908604659521446,0.6791017369797154,option_left,True
3084,R08,P08,I06,T08_06,1.0156453381694597,0.6690504689924951,0.7526353947260269,option_right,True
3085,R08,P08,I06,T08_06,1.0464224696291402,0.8143523517018298,0.7433451275207829,option_right,True
3086,R08,P08,I06,T08_06,1.0771996010888207,0.7506950918593136,0.719881414162181,option_right,True
3087,R08,P08,I06,T08_06,1.1079767325485015,0.7069981825512749,0.8052304832039074,option_right,False
3088,R08,P08,I06,T08_06,1.138753864008182,0.7899450923287191,0.7143362388228672,option_right,True
3089,R08,P08,I06,T08_06,1.1695309954678625,0.23369306682725063,0.8286915641155452,option_left,True
3090,R08,P08,I06,T08_06,1.2003081269275433,0.7728521882067689,0.8574324749149125,option_right,True
3091,R08,P08,I06,T08_06,1.2310852583872238,0.8256383697928571,0.8827502007468253,option_right,True
3092,R08,P08,I06,T08_06,1.2618623898469044,0.7764043746538841,0.749004935445528,option_right,True
3093,R08,P08,I06,T08_06,1.2926395213065849,0.25178013661417376,0.7533733087150812,option_left,True
3094,R08,P08,I06,T08_06,1.3234166527662656,0.09356716492694764,0.7129791056169807,option_left,True
3095,R08,P08,I06,T08_06,1.3541937842259462,0.33871098728631194,0.7052943884989956,option_left,False
3096,R08,P08,I06,T08_06,1.3849709156856267,0.7809868235150468,0.8074740768292779,option_right,True
3097,R08,P08,I06,T08_06,1.4157480471453074,0.21979511268450785,0.702873897827762,option_left,True
3098,R08,P08,I06,T08_06,1.446525178604988,0.19792841536700503,0.7545146412350654,option_left,True
3099,R08,P08,I06,T08_06,1.4773023100646685,0.36482403075216085,0.7680757500675417,option_left,False
3100,R08,P08,I06,T08_06,1.5080794415243493,0.5805340349642482,0.7092047203537323,option_right,True
3101,R08,P08,I07,T08_07,0.0,0.49839527851946736,0.23702304881174477,prompt,True
3102,R08,P08,I07,T08_07,0.046821673803342456,0.3477146605166803,0.24781442555607225,prompt,True
3103,R08,P08,I07,T08_07,0.09364334760668491,0.5626788308837701,0.137282823636311,prompt,True
3104,R08,P08,I07,T08_07,0.14046502141002737,0.5710278969009093,0.3741403574796792,prompt,True
3105,R08,P08,I07,T08_07,0.18728669521336982,0.48341889816477257,0.29909387102724305,prompt,True
3106,R08,P08,I07,T08_07,0.23410836901671228,0.4772331609944651,0.3496999299970719,prompt,True
3107,R08,P08,I07,T08_07,0.28093004282005474,0.4245960521094206,0.24143155315777884,prompt,True
3108,R08,P08,I07,T08_07,0.3277517166233972,0.3348181806209167,0.2507655752023591,prompt,True
3109,R08,P08,I07,T08_07,0.37457339042673965,0.4369000312702569,0.18949323558056086,prompt,True
3110,R08,P08,I07,T08_07,0.4213950642300821,0.5735746294481806,0.28655201010771164,prompt,True
3111,R08,P08,I07,T08_07,0.46821673803342456,0.4379861923580113,0.32272327770670295,prompt,True
3112,R08,P08,I07,T08_07,0.515038411836767,0.32479603319196326,0.437432738221655,prompt,True
3113,R08,P08,I07,T08_07,0.5618600856401095,0.4788855307347405,0.34573442316921293,prompt,True
3114,R08,P08,I07,T08_07,0.6086817594434519,0.30371150961267834,0.18923594408606223,prompt,True
3115,R08,P08,I07,T08_07,0.6555034332467944,0.5104458591985801,0.20945494548763063,prompt,True
3116,R08,P08,I07,T08_07,0.7023251070501368,0.8267773744620572,0.6594014452603243,option_right,True
3117,R08,P08,I07,T08_07,0.7491467808534793,0.3968894507473765,0.7788896329860062,option_left,True
3118,R08,P08,I07,T08_07,0.7959684546568218,0.29627140675833163,0.808442388882735,option_left,False
3119,R08,P08,I07,T08_07,0.8427901284601642,0.1817082623043998,0.8170402611896876,option_left,True
3120,R08,P08,I07,T08_07,0.8896118022635067,0.609564448125966,0.6292833060250331,option_right,True
3121,R08,P08,I07,T08_07,0.9364334760668491,0.9040916555225081,0.830256305412629,option_right,True
3122,R08,P08,I07,T08_07,0.9832551498701916,0.21542880546934298,0.8232633032947311,option_left,True
3123,R08,P08,I07,T08_07,1.030076823673534,0.1687983667539914,0.7705184931276622,option_left,True
3124,R08,P08,I07,T08_07,1.0768984974768765,0.8251166150762262,0.7014959939424736,option_right,True
3125,R08,P08,I07,T08_07,1.123720171280219,0.7809856950308531,0.7589211997457564,option_right,True
3126,R08,P08,I07,T08_07,1.1705418450835614,0.4597657998065605,0.8888169107709714,option_left,True
3127,R08,P08,I07,T08_07,1.2173635188869039,0.23368508555306872,0.7641265373721731,option_left,True
3128,R08,P08,I07,T08_07,1.2641851926902463,0.1595688830086579,0.7072135923871178,option_left,True
3129,R08,P08,I07,T08_07,1.3110068664935888,0.3032912174383084,0.7840718760017148,option_left,True
3130,R08,P08,I07,T08_07,1.3578285402969312,0.6297078127153922,0.9613321362035756,option_right,True
3131,R08,P08,I07,T08_07,1.4046502141002737,0.2637916356198186,0.7641968090076431,option_left,True
3132,R08,P08,I07,T08_07,1.4514718879036161,0.8048724397204341,0.5953887443687531,option_right,False
3133,R08,P08,I07,T08_07,1.4982935617069586,0.32604552050578167,0.7230528443408867,option_left,True
3134,R08,P08,I07,T08_07,1.545115235510301,0.22942070019962324,0.788391059739591,option_left,True
3135,R08,P08,I07,T08_07,1.5919369093136435,0.2875282463291782,0.7332865790035031,option_left,True
3136,R08,P08,I07,T08_07,1.638758583116986,0.6677406105976543,0.7924266540398877,option_right,False
3137,R08,P08,I07,T08_07,1.6855802569203284,0.773983536965711,0.763952186181093,option_right,True
3138,R08,P08,I07,T08_07,1.7324019307236709,0.17232021907654088,0.8216747674185516,option_left,True
3139,R08,P08,I07,T08_07,1.7792236045270133,0.2658228077698586,0.7240421056741442,option_left,True
3140,R08,P08,I07,T08_07,1.8260452783303558,0.6788255436006626,0.6421838503165969,option_right,True
3141,R08,P08,I07,T08_07,1.8728669521336982,0.21466407553486172,0.8046321476314293,option_left,True
3142,R08,P08,I07,T08_07,1.9196886259370407,0.19303186949178328,0.7453474908090387,option_left,True
3143,R08,P08,I07,T08_07,1.9665102997403832,0.273087350738465,0.718949973725601,option_left,True
3144,R08,P08,I07,T08_07,2.0133319735437256,0.18110548688279837,0.7010110261903806,option_left,True
3145,R08,P08,I07,T08_07,2.060153647347068,0.10816043842278275,0.741530756001988,option_left,True
3146,R08,P08,I07,T08_07,2.1069753211504105,0.5963649676386369,0.7524068114004533,option_right,True
3147,R08,P08,I07,T08_07,2.153796994953753,0.23363108487275866,0.6507380576637511,option_left,True
3148,R08,P08,I07,T08_07,2.2006186687570954,0.3946488721456536,0.6413095866186314,option_left,True
3149,R08,P08,I07,T08_07,2.247440342560438,0.7336446797915518,0.7035146857464804,option_right,True
3150,R08,P08,I07,T08_07,2.2942620163637804,0.33680195632306364,0.7160255284693879,option_left,True
3151,R08,P08,I08,T08_08,0.0,0.4813822180409268,0.3600987255551966,prompt,True
3152,R08,P08,I08,T08_08,0.02760594392912788,0.6156650242449526,0.3424244647030412,prompt,True
3153,R08,P08,I08,T08_08,0.05521188785825576,0.2757481449952354,0.2772365823090364,prompt,True
3154,R08,P08,I08,T08_08,0.08281783178738364,0.45127020274755886,0.264344606987637,prompt,True
3155,R08,P08,I08,T08_08,0.11042377571651152,0.5314840522830396,0.28770452428981064,prompt,True
3156,R08,P08,I08,T08_08,0.1380297196456394,0.569090663176257,0.18728999099680227,prompt,True
3157,R08,P08,I08,T08_08,0.16563566357476728,0.5049289696803531,0.1707713750007792,prompt,True
3158,R08,P08,I08,T08_08,0.19324160750389516,0.3517938457150316,0.20753974567450495,prompt,True
3159,R08,P08,I08,T08_08,0.22084755143302304,0.3375086405227091,0.30693166968635194,prompt,True
3160,R08,P08,I08,T08_08,0.24845349536215092,0.303166574615538,0.18333258343086978,prompt,True
3161,R08,P08,I08,T08_08,0.2760594392912788,0.44114180002954834,0.2603567059811052,prompt,True
3162,R08,P08,I08,T08_08,0.3036653832204067,0.6480234428513105,0.15208890128206035,prompt,True
3163,R08,P08,I08,T08_08,0.33127132714953456,0.5928841465193615,0.19994297669019526,prompt,True
3164,R08,P08,I08,T08_08,0.3588772710786624,0.612740909995305,0.21159470957149518,prompt,True
3165,R08,P08,I08,T08_08,0.3864832150077903,0.4721213532095696,0.25448257519944917,prompt,True
3166,R08,P08,I08,T08_08,0.4140891589369182,0.293396933584644,0.7558225402862567,option_left,True
3167,R08,P08,I08,T08_08,0.4416951028660461,0.2796863848185567,0.6638296638020839,option_left,False
3168,R08,P08,I08,T08_08,0.4693010467951739,0.635257987804185,0.8019385922729305,option_right,True
3169,R08,P08,I08,T08_08,0.49690699072430183,0.7709042791781603,0.7581104985029892,option_right,True
3170,R08,P08,I08,T08_08,0.5245129346534297,0.26052636550222225,0.7032896217589143,option_left,True
3171,R08,P08,I08,T08_08,0.5521188785825576,0.29885754155020594,0.9339207865896249,option_left,True
3172,R08,P08,I08,T08_08,0.5797248225116854,0.2816847523047966,0.6459808638806944,option_left,True
3173,R08,P08,I08,T08_08,0.6073307664408134,0.7818145811843593,0.6058896423001456,option_right,True
3174,R08,P08,I08,T08_08,0.6349367103699413,0.22923750087878952,0.708488170179919,option_left,True
3175,R08,P08,I08,T08_08,0.6625426542990691,0.6584353877073044,0.814148429004084,option_right,True
3176,R08,P08,I08,T08_08,0.690148598228197,0.6768333515558662,0.6937131460992552,option_right,True
3177,R08,P08,I08,T08_08,0.7177545421573248,0.7010584389702423,0.8450674546076833,option_right,True
3178,R08,P08,I08,T08_08,0.7453604860864528,0.270912583633281,0.7225616897888963,option_left,True
3179,R08,P08,I08,T08_08,0.7729664300155806,0.1242173989096767,0.7485203284076121,option_left,True
3180,R08,P08,I08,T08_08,0.8005723739447085,0.8245227341933682,0.7076312424490376,option_right,True
3181,R08,P08,I08,T08_08,0.8281783178738364,0.4442878098642443,0.8762731049480419,option_left,True
3182,R08,P08,I08,T08_08,0.8557842618029643,0.243033670333486,0.9543869067628629,option_left,True
3183,R08,P08,I08,T08_08,0.8833902057320921,0.7548642938185519,0.7629710534348404,option_right,True
3184,R08,P08,I08,T08_08,0.91099614966122,0.17522296374707633,0.8295891724691231,option_left,True
3185,R08,P08,I08,T08_08,0.9386020935903479,0.780537217598234,0.7124196509133744,option_right,True
3186,R08,P08,I08,T08_08,0.9662080375194758,0.909371697822415,0.7271854435121303,option_right,True
3187,R08,P08,I08,T08_08,0.9938139814486037,0.6549800892101629,0.6812546647741347,option_right,True
3188,R08,P08,I08,T08_08,1.0214199253777316,0.4268423205446419,0.748543972531089,option_left,True
3189,R08,P08,I08,T08_08,1.0490258693068595,0.7849683037025497,0.862411724346989,option_right,True
3190,R08,P08,I08,T08_08,1.0766318132359873,0.707165589879005,0.796770358391933,option_right,True
3191,R08,P08,I08,T08_08,1.1042377571651152,0.3800522189230875,0.6543032188433527,option_left,True
3192,R08,P08,I08,T08_08,1.131843701094243,0.7891315112884137,0.7903399484049944,option_right,True
3193,R08,P08,I08,T08_08,1.159449645023371,0.31359342942534557,0.6720887340517971,option_left,True
3194,R08,P08,I08,T08_08,1.1870555889524987,0.20303731908690806,0.7400811027724664,option_left,True
3195,R08,P08,I08,T08_08,1.2146615328816268,0.7618114957559848,0.6582834334062243,option_right,True
3196,R08,P08,I08,T08_08,1.2422674768107547,0.5826569967554902,0.6041315780302453,option_right,True
3197,R08,P08,I08,T08_08,1.2698734207398825,0.3909225515164605,0.6867001836876703,option_left,False
3198,R08,P08,I08,T08_08,1.2974793646690104,0.3181181849408351,0.835958270179767,option_left,True
3199,R08,P08,I08,T08_08,1.3250853085981382,0.6062931231873913,0.7683715753780832,option_right,True
3200,R08,P08,I08,T08_08,1.352691252527266,0.17789221904055402,0.8149285552783075,option_left,True
3201,R09,P09,I01,T09_01,0.0,0.3844489096435031,0.26657408840943747,prompt,True
3202,R09,P09,I01,T09_01,0.024106277954612253,0.514057222095813,0.3428955250488151,prompt,True
3203,R09,P09,I01,T09_01,0.048212555909224505,0.30533454721605535,0.34011209322152663,prompt,True
3204,R09,P09,I01,T09_01,0.07231883386383675,0.5493106004243757,0.40639765274672773,prompt,True
3205,R09,P09,I01,T09_01,0.09642511181844901,0.509485440447375,0.3265889080897931,prompt,True
3206,R09,P09,I01,T09_01,0.12053138977306127,0.4602134858950147,0.4101430244967424,prompt,True
3207,R09,P09,I01,T09_01,0.1446376677276735,0.48384408201449997,0.3456268649452418,prompt,True
3208,R09,P09,I01,T09_01,0.16874394568228576,0.46915853362111665,0.27132221269927387,prompt,True
3209,R09,P09,I01,T09_01,0.19285022363689802,0.4154850342624926,0.2229852651528777,prompt,True
3210,R09,P09,I01,T09_01,0.21695650159151028,0.4271251666968823,0.24326336414872338,prompt,True
3211,R09,P09,I01,T09_01,0.24106277954612254,0.3991461700733018,0.30843760424449823,prompt,True
3212,R09,P09,I01,T09_01,0.2651690575007348,0.3854390399530254,0.2546498382145746,prompt,True
3213,R09,P09,I01,T09_01,0.289275335455347,0.5912639119705643,0.1851672054271929,prompt,True
3214,R09,P09,I01,T09_01,0.3133816134099593,0.6877343679745151,0.1753929708196985,prompt,True
3215,R09,P09,I01,T09_01,0.3374878913645715,0.380702634280729,0.3356380544947163,prompt,True
3216,R09,P09,I01,T09_01,0.3615941693191838,0.22360581014017075,0.743767450783732,option_left,True
3217,R09,P09,I01,T09_01,0.38570044727379604,0.2042134953714595,0.8855596451655561,option_left,True
3218,R09,P09,I01,T09_01,0.4098067252284083,0.24793474607873092,0.7582153682423546,option_left,True
3219,R09,P09,I01,T09_01,0.43391300318302056,0.09556490992640868,0.8021112283886305,option_left,True
3220,R09,P09,I01,T09_01,0.4580192811376328,0.15829982378789884,0.7423619424892595,option_left,True
3221,R09,P09,I01,T09_01,0.4821255590922451,0.24795589860017656,0.7518825330503222,option_left,True
3222,R09,P09,I01,T09_01,0.5062318370468573,0.25661394434498813,0.8759410721497425,option_left,True
3223,R09,P09,I01,T09_01,0.5303381150014695,0.16815369479345396,0.6995118074002866,option_left,True
3224,R09,P09,I01,T09_01,0.5544443929560818,0.15662776114372362,0.8538655739974677,option_left,True
3225,R09,P09,I01,T09_01,0.578550670910694,0.1499990010167362,0.8160983621073832,option_left,True
3226,R09,P09,I01,T09_01,0.6026569488653063,0.21529664501493573,0.8477401526311884,option_left,True
3227,R09,P09,I01,T09_01,0.6267632268199186,0.29746986960525484,0.6757933980298377,option_left,True
3228,R09,P09,I01,T09_01,0.6508695047745309,0.34289373265517564,0.6575578335220755,option_left,True
3229,R09,P09,I01,T09_01,0.674975782729143,0.2688023341246259,0.7268690966174991,option_left,True
3230,R09,P09,I01,T09_01,0.6990820606837553,0.21947455622954304,0.8460559489111098,option_left,True
3231,R09,P09,I01,T09_01,0.7231883386383676,0.35744995191662776,0.7900155836837114,option_left,True
3232,R09,P09,I01,T09_01,0.7472946165929798,0.17836565550469777,0.7634650589597791,option_left,True
3233,R09,P09,I01,T09_01,0.7714008945475921,0.2302441970506838,0.8399613159101825,option_left,True
3234,R09,P09,I01,T09_01,0.7955071725022044,0.24857097040104825,0.7212499937796228,option_left,True
3235,R09,P09,I01,T09_01,0.8196134504568166,0.21251097279286124,0.8310188011989765,option_left,True
3236,R09,P09,I01,T09_01,0.8437197284114288,0.2772363805330057,0.7533467606100254,option_left,True
3237,R09,P09,I01,T09_01,0.8678260063660411,0.2556386019071098,0.6246096250925928,option_left,True
3238,R09,P09,I01,T09_01,0.8919322843206533,0.18367592196614813,0.7829367414180972,option_left,True
3239,R09,P09,I01,T09_01,0.9160385622752656,0.2307284105627868,0.6181956763665009,option_left,True
3240,R09,P09,I01,T09_01,0.9401448402298779,0.3330383200597892,0.7298287847638363,option_left,True
3241,R09,P09,I01,T09_01,0.9642511181844902,0.3185967289883964,0.6618705365164526,option_left,True
3242,R09,P09,I01,T09_01,0.9883573961391023,0.21510500155773726,0.776401369722849,option_left,True
3243,R09,P09,I01,T09_01,1.0124636740937145,0.21159225138213122,0.6874037996194755,option_left,True
3244,R09,P09,I01,T09_01,1.036569952048327,0.22900725709720388,0.7968772641133856,option_left,True
3245,R09,P09,I01,T09_01,1.060676230002939,0.4079864935188814,0.7148796832186405,option_left,True
3246,R09,P09,I01,T09_01,1.0847825079575513,0.25401067196871097,0.7036014188825297,option_left,True
3247,R09,P09,I01,T09_01,1.1088887859121637,0.46443656246371934,0.7646869379847933,option_left,True
3248,R09,P09,I01,T09_01,1.1329950638667758,0.21192298778739802,0.7818877539931287,option_left,True
3249,R09,P09,I01,T09_01,1.157101341821388,0.21054330527112042,0.7878925549101037,option_left,True
3250,R09,P09,I01,T09_01,1.1812076197760004,0.023368950319560322,0.7291426983263704,option_left,True
3251,R09,P09,I02,T09_02,0.0,0.4255329130478217,0.28824104953065877,prompt,True
3252,R09,P09,I02,T09_02,0.02545897933120698,0.4300545879556626,0.34193302185662994,prompt,True
3253,R09,P09,I02,T09_02,0.05091795866241396,0.4061532831381929,0.1749982736997013,prompt,True
3254,R09,P09,I02,T09_02,0.07637693799362094,0.45553477344438986,0.23443708212022799,prompt,True
3255,R09,P09,I02,T09_02,0.10183591732482793,0.5588970734733874,0.08931673656842629,prompt,True
3256,R09,P09,I02,T09_02,0.1272948966560349,0.4801913844405644,0.3647002394212775,prompt,True
3257,R09,P09,I02,T09_02,0.15275387598724188,0.5834244226981307,0.3133868503491235,prompt,True
3258,R09,P09,I02,T09_02,0.17821285531844888,0.4488059195794892,0.17232603584927125,prompt,True
3259,R09,P09,I02,T09_02,0.20367183464965585,0.5884324548609888,0.19896063196935454,prompt,True
3260,R09,P09,I02,T09_02,0.22913081398086282,0.5203625921425372,0.2854772026248523,prompt,True
3261,R09,P09,I02,T09_02,0.2545897933120698,0.5214547204809835,0.2155513997489355,prompt,True
3262,R09,P09,I02,T09_02,0.2800487726432768,0.39541229803803823,0.3984392860427716,prompt,True
3263,R09,P09,I02,T09_02,0.30550775197448377,0.506516077997546,0.3478125842521409,prompt,True
3264,R09,P09,I02,T09_02,0.33096673130569076,0.44794358026177,0.29557724090214654,prompt,True
3265,R09,P09,I02,T09_02,0.35642571063689776,0.6446119433395827,0.24763646597742148,prompt,True
3266,R09,P09,I02,T09_02,0.3818846899681047,0.22924005436816866,0.6817464035620946,option_left,True
3267,R09,P09,I02,T09_02,0.4073436692993117,0.2642061242697374,1.0,option_left,True
3268,R09,P09,I02,T09_02,0.4328026486305187,0.8420353446675091,0.8134353579773448,option_right,True
3269,R09,P09,I02,T09_02,0.45826162796172565,0.812179643803793,0.7297519636751817,option_right,True
3270,R09,P09,I02,T09_02,0.48372060729293265,0.8275728573661374,0.7219971496954667,option_right,True
3271,R09,P09,I02,T09_02,0.5091795866241396,0.2976584009744039,0.7859296180391798,option_left,True
3272,R09,P09,I02,T09_02,0.5346385659553466,0.25702683548267835,0.6356458247428416,option_left,True
3273,R09,P09,I02,T09_02,0.5600975452865536,0.8365302987236571,0.7857659931905155,option_right,True
3274,R09,P09,I02,T09_02,0.5855565246177605,0.22788024844129087,0.7295152568265958,option_left,True
3275,R09,P09,I02,T09_02,0.6110155039489675,0.1985807015170859,0.8139544712499874,option_left,True
3276,R09,P09,I02,T09_02,0.6364744832801745,0.8576711619070813,0.6079562080735051,option_right,True
3277,R09,P09,I02,T09_02,0.6619334626113815,0.11730379866861723,0.8810260857530886,option_left,True
3278,R09,P09,I02,T09_02,0.6873924419425885,0.8996818188503626,0.8299265001445986,option_right,True
3279,R09,P09,I02,T09_02,0.7128514212737955,0.7949035220976168,0.6404056653787356,option_right,True
3280,R09,P09,I02,T09_02,0.7383104006050024,0.4137262535265649,0.6378359180642962,option_left,True
3281,R09,P09,I02,T09_02,0.7637693799362094,0.7574605098319698,0.6954318409463143,option_right,True
3282,R09,P09,I02,T09_02,0.7892283592674164,0.8178648745588261,0.6834927073006931,option_right,True
3283,R09,P09,I02,T09_02,0.8146873385986234,0.6845942060301439,0.7866241702149334,option_right,True
3284,R09,P09,I02,T09_02,0.8401463179298304,0.8803869844650511,0.7384539675324067,option_right,True
3285,R09,P09,I02,T09_02,0.8656052972610374,0.16782522936976452,0.8277709738399587,option_left,True
3286,R09,P09,I02,T09_02,0.8910642765922444,0.07578854563682746,0.720120142417888,option_left,True
3287,R09,P09,I02,T09_02,0.9165232559234513,0.6124509576871814,0.7806682289238165,option_right,True
3288,R09,P09,I02,T09_02,0.9419822352546583,0.2667445647855074,0.6870718061885766,option_left,True
3289,R09,P09,I02,T09_02,0.9674412145858653,0.8769045116233375,0.7310957030027845,option_right,True
3290,R09,P09,I02,T09_02,0.9929001939170723,0.7396155896263544,0.6942212235312979,option_right,True
3291,R09,P09,I02,T09_02,1.0183591732482793,0.7563793833104694,0.8185828799260231,option_right,True
3292,R09,P09,I02,T09_02,1.0438181525794863,0.7918985564458179,0.7490222802413165,option_right,True
3293,R09,P09,I02,T09_02,1.0692771319106933,0.8216249443833906,0.7915570802909458,option_right,True
3294,R09,P09,I02,T09_02,1.0947361112419003,0.7099895155848958,0.7145398142569661,option_right,True
3295,R09,P09,I02,T09_02,1.1201950905731073,0.27880521146588866,0.7154646322633398,option_left,True
3296,R09,P09,I02,T09_02,1.145654069904314,0.7792600590356723,0.8594914548186676,option_right,True
3297,R09,P09,I02,T09_02,1.171113049235521,0.09768657348610874,0.755024820305029,option_left,True
3298,R09,P09,I02,T09_02,1.196572028566728,0.7072830471339994,0.700223260785263,option_right,True
3299,R09,P09,I02,T09_02,1.222031007897935,0.16647133973949696,0.7069763299027637,option_left,True
3300,R09,P09,I02,T09_02,1.247489987229142,0.7410765232780412,0.7639308406070904,option_right,True
3301,R09,P09,I03,T09_03,0.0,0.39458352656551077,0.37084615847563424,prompt,True
3302,R09,P09,I03,T09_03,0.02439059285863186,0.5701621269873097,0.21199423077801693,prompt,True
3303,R09,P09,I03,T09_03,0.04878118571726372,0.6053800602129847,0.30136683246036117,prompt,True
3304,R09,P09,I03,T09_03,0.07317177857589557,0.5633191551527744,0.14516657731800797,prompt,True
3305,R09,P09,I03,T09_03,0.09756237143452744,0.5202276010585728,0.15741766378154706,prompt,True
3306,R09,P09,I03,T09_03,0.1219529642931593,0.44996297853094913,0.47764534265799174,prompt,True
3307,R09,P09,I03,T09_03,0.14634355715179115,0.5415667100754994,0.3209197942932823,prompt,True
3308,R09,P09,I03,T09_03,0.17073415001042302,0.6270168519020491,0.22160582364999384,prompt,True
3309,R09,P09,I03,T09_03,0.19512474286905487,0.5755320385775999,0.06094117321889167,prompt,True
3310,R09,P09,I03,T09_03,0.21951533572768672,0.5643212846813752,0.2356972249804502,prompt,False
3311,R09,P09,I03,T09_03,0.2439059285863186,0.5192171358962607,0.1505660063456189,prompt,True
3312,R09,P09,I03,T09_03,0.2682965214449505,0.5442897209555556,0.3003813287092646,prompt,True
3313,R09,P09,I03,T09_03,0.2926871143035823,0.48814991591790324,0.2307894341055647,prompt,True
3314,R09,P09,I03,T09_03,0.3170777071622142,0.3647241337428201,0.43780566620377825,prompt,True
3315,R09,P09,I03,T09_03,0.34146830002084605,0.4620114969661449,0.0360584164545138,prompt,True
3316,R09,P09,I03,T09_03,0.36585889287947787,0.2723829880902765,0.8364521613764132,option_left,True
3317,R09,P09,I03,T09_03,0.39024948573810975,0.30848555133956895,0.8080599225373901,option_left,True
3318,R09,P09,I03,T09_03,0.4146400785967416,0.8328312007480446,0.7706766835635545,option_right,True
3319,R09,P09,I03,T09_03,0.43903067145537344,0.3464066480571616,0.6852465629965812,option_left,True
3320,R09,P09,I03,T09_03,0.4634212643140053,0.7601820509604885,0.7310522233570471,option_right,True
3321,R09,P09,I03,T09_03,0.4878118571726372,0.2781059297310745,0.6615053971400945,option_left,True
3322,R09,P09,I03,T09_03,0.5122024500312691,0.7613924316888513,0.8033027640274635,option_right,True
3323,R09,P09,I03,T09_03,0.536593042889901,0.7506546502024052,0.5970159237561393,option_right,True
3324,R09,P09,I03,T09_03,0.5609836357485327,0.878631100114337,0.7093462868432417,option_right,True
3325,R09,P09,I03,T09_03,0.5853742286071646,0.7662687577616617,0.7101860063585042,option_right,True
3326,R09,P09,I03,T09_03,0.6097648214657965,0.3212162688724426,0.834259326090472,option_left,True
3327,R09,P09,I03,T09_03,0.6341554143244283,0.2760976911542397,0.7132403418155764,option_left,True
3328,R09,P09,I03,T09_03,0.6585460071830602,0.6211926725433748,0.7207238862733804,option_right,True
3329,R09,P09,I03,T09_03,0.6829366000416921,0.7900404998603248,0.6882879990198536,option_right,True
3330,R09,P09,I03,T09_03,0.7073271929003239,0.7170841616781367,0.6175415991421731,option_right,True
3331,R09,P09,I03,T09_03,0.7317177857589557,0.759237008826226,0.7420110849400547,option_right,True
3332,R09,P09,I03,T09_03,0.7561083786175876,0.8861524783624476,0.6411039017613928,option_right,True
3333,R09,P09,I03,T09_03,0.7804989714762195,0.14271103539078905,0.6967368398629894,option_left,True
3334,R09,P09,I03,T09_03,0.8048895643348514,0.7127361432960381,0.833422315524809,option_right,True
3335,R09,P09,I03,T09_03,0.8292801571934832,0.7786795268287549,0.7720597355439021,option_right,True
3336,R09,P09,I03,T09_03,0.8536707500521151,0.27448006832338334,0.7642925149819574,option_left,True
3337,R09,P09,I03,T09_03,0.8780613429107469,0.38838572393984366,0.7965868538260925,option_left,True
3338,R09,P09,I03,T09_03,0.9024519357693788,0.29033588409924804,0.7022989991564355,option_left,True
3339,R09,P09,I03,T09_03,0.9268425286280106,0.6927257117177638,0.754852100322687,option_right,True
3340,R09,P09,I03,T09_03,0.9512331214866425,0.31271847475481807,0.6760048550482253,option_left,True
3341,R09,P09,I03,T09_03,0.9756237143452744,0.6787571890515423,0.6606073254828136,option_right,True
3342,R09,P09,I03,T09_03,1.0000143072039063,0.8555037698069288,0.6870680592436091,option_right,True
3343,R09,P09,I03,T09_03,1.0244049000625381,0.2391849058552791,0.9487513835777152,option_left,False
3344,R09,P09,I03,T09_03,1.04879549292117,0.23916577425119395,0.661720110850736,option_left,True
3345,R09,P09,I03,T09_03,1.073186085779802,0.8656840641953257,0.7512571719356881,option_right,True
3346,R09,P09,I03,T09_03,1.0975766786384336,0.7259138883486326,0.7821879033745782,option_right,True
3347,R09,P09,I03,T09_03,1.1219672714970654,0.665734779066756,0.87191346400569,option_right,True
3348,R09,P09,I03,T09_03,1.1463578643556973,0.768102170424044,0.7745608890591837,option_right,True
3349,R09,P09,I03,T09_03,1.1707484572143292,0.32581912260134904,0.7769764293233234,option_left,True
3350,R09,P09,I03,T09_03,1.195139050072961,0.7358918650683176,0.6747982903504532,option_right,True
3351,R09,P09,I04,T09_04,0.0,0.7048830454221492,0.24777508353409577,prompt,False
3352,R09,P09,I04,T09_04,0.028202617720066187,0.516108605754686,0.28462685646601094,prompt,True
3353,R09,P09,I04,T09_04,0.05640523544013237,0.49917287458136156,0.21450968974343848,prompt,True
3354,R09,P09,I04,T09_04,0.08460785316019856,0.3131521713351175,0.3590579490259324,prompt,True
3355,R09,P09,I04,T09_04,0.11281047088026475,0.534056970500769,0.36630511699672386,prompt,True
3356,R09,P09,I04,T09_04,0.14101308860033093,0.6306139216562263,0.23512534236113286,prompt,True
3357,R09,P09,I04,T09_04,0.16921570632039712,0.3401747798950024,0.19568123903785792,prompt,True
3358,R09,P09,I04,T09_04,0.1974183240404633,0.6135047861107223,0.19905870519052812,prompt,False
3359,R09,P09,I04,T09_04,0.2256209417605295,0.4598249739640381,0.40518931737583047,prompt,True
3360,R09,P09,I04,T09_04,0.25382355948059565,0.5432508923680547,0.21904690810991384,prompt,True
3361,R09,P09,I04,T09_04,0.28202617720066187,0.4258412803299601,0.14293649519651427,prompt,False
3362,R09,P09,I04,T09_04,0.3102287949207281,0.5418295433933805,0.34576789049934753,prompt,True
3363,R09,P09,I04,T09_04,0.33843141264079424,0.42895941235767576,0.3004415725635705,prompt,True
3364,R09,P09,I04,T09_04,0.3666340303608604,0.46484995352618386,0.2479659859794607,prompt,True
3365,R09,P09,I04,T09_04,0.3948366480809266,0.5299039280057796,0.3124638717503361,prompt,True
3366,R09,P09,I04,T09_04,0.4230392658009928,0.7482425119658248,0.6691116410938295,option_right,True
3367,R09,P09,I04,T09_04,0.451241883521059,0.6667632883539056,0.7948255668824209,option_right,True
3368,R09,P09,I04,T09_04,0.47944450124112514,0.7099368840935851,0.9922374707928625,option_right,True
3369,R09,P09,I04,T09_04,0.5076471189611913,0.7054100631899298,0.8638167660041358,option_right,True
3370,R09,P09,I04,T09_04,0.5358497366812576,0.7376147155963056,0.7702696411329938,option_right,True
3371,R09,P09,I04,T09_04,0.5640523544013237,0.7438603407585725,0.645887788736783,option_right,True
3372,R09,P09,I04,T09_04,0.5922549721213899,0.8026431759218533,0.6753472225022786,option_right,True
3373,R09,P09,I04,T09_04,0.6204575898414562,0.7119388350873563,0.8978115291279497,option_right,True
3374,R09,P09,I04,T09_04,0.6486602075615223,0.8194726380171957,0.6933460385244813,option_right,True
3375,R09,P09,I04,T09_04,0.6768628252815885,0.6238354859576662,0.8787780213193133,option_right,True
3376,R09,P09,I04,T09_04,0.7050654430016546,0.8545835781211641,0.6861457592592082,option_right,True
3377,R09,P09,I04,T09_04,0.7332680607217208,0.888128494359689,0.7089741812561963,option_right,True
3378,R09,P09,I04,T09_04,0.7614706784417871,0.7402987845144828,0.8166822078980654,option_right,True
3379,R09,P09,I04,T09_04,0.7896732961618532,0.7795863791430637,0.6736925937278857,option_right,True
3380,R09,P09,I04,T09_04,0.8178759138819194,0.7866790518669072,0.8414356792553445,option_right,True
3381,R09,P09,I04,T09_04,0.8460785316019857,0.7995144158885429,0.5609118410845533,option_right,True
3382,R09,P09,I04,T09_04,0.8742811493220518,0.7044822911609814,0.7228391408252308,option_right,True
3383,R09,P09,I04,T09_04,0.902483767042118,0.8097984196917577,0.7823261074750515,option_right,True
3384,R09,P09,I04,T09_04,0.9306863847621841,0.7698517273668379,0.9350841590004132,option_right,True
3385,R09,P09,I04,T09_04,0.9588890024822503,0.8443961740163535,0.7776900420391142,option_right,True
3386,R09,P09,I04,T09_04,0.9870916202023166,0.7744406658218175,0.7645086758698965,option_right,True
3387,R09,P09,I04,T09_04,1.0152942379223826,0.6470760673845299,0.8243718917675542,option_right,True
3388,R09,P09,I04,T09_04,1.0434968556424489,0.8234077278391799,0.7349654286582581,option_right,True
3389,R09,P09,I04,T09_04,1.0716994733625151,0.8993852844352627,0.7413887384737634,option_right,True
3390,R09,P09,I04,T09_04,1.0999020910825812,0.6948716934001671,0.7034760167188676,option_right,True
3391,R09,P09,I04,T09_04,1.1281047088026475,0.9205199839942795,0.6498866699749613,option_right,True
3392,R09,P09,I04,T09_04,1.1563073265227137,0.7899123678820292,0.7089218942729486,option_right,True
3393,R09,P09,I04,T09_04,1.1845099442427798,0.8386860478240535,0.7520560311812609,option_right,True
3394,R09,P09,I04,T09_04,1.212712561962846,0.746418090029029,0.7715810226274362,option_right,True
3395,R09,P09,I04,T09_04,1.2409151796829123,0.7091934531170566,0.8665608171925224,option_right,True
3396,R09,P09,I04,T09_04,1.2691177974029784,0.5902011230711381,0.7270900635050372,option_right,True
3397,R09,P09,I04,T09_04,1.2973204151230446,0.8414555738263726,0.7372583292959639,option_right,True
3398,R09,P09,I04,T09_04,1.3255230328431107,0.7704048564338979,0.8936053536287452,option_right,True
3399,R09,P09,I04,T09_04,1.353725650563177,0.7710874239244617,0.7150940061311255,option_right,True
3400,R09,P09,I04,T09_04,1.3819282682832432,0.6551528226470935,0.8109477777603693,option_right,True
3401,R09,P09,I05,T09_05,0.0,0.6044516502807346,0.25499684961033287,prompt,True
3402,R09,P09,I05,T09_05,0.028678219509940543,0.5620095375577542,0.34518910874242603,prompt,True
3403,R09,P09,I05,T09_05,0.057356439019881085,0.6811813922699095,0.41068027194381007,prompt,True
3404,R09,P09,I05,T09_05,0.08603465852982163,0.3975097123778299,0.23543772747468436,prompt,True
3405,R09,P09,I05,T09_05,0.11471287803976217,0.3513386753576344,0.1713239747666287,prompt,True
3406,R09,P09,I05,T09_05,0.14339109754970272,0.5124363838815363,0.3402077219072992,prompt,True
3407,R09,P09,I05,T09_05,0.17206931705964326,0.7033450172657145,0.23927381291399039,prompt,True
3408,R09,P09,I05,T09_05,0.2007475365695838,0.46781231111284827,0.10548293865947808,prompt,True
3409,R09,P09,I05,T09_05,0.22942575607952434,0.6077812864457519,0.2441429439057086,prompt,True
3410,R09,P09,I05,T09_05,0.2581039755894649,0.5181563426513706,0.30328855588455156,prompt,True
3411,R09,P09,I05,T09_05,0.28678219509940545,0.4994250023521962,0.26356441930895097,prompt,True
3412,R09,P09,I05,T09_05,0.315460414609346,0.5560956306638603,0.29081532798765286,prompt,True
3413,R09,P09,I05,T09_05,0.3441386341192865,0.5179549946262854,0.4146846814014099,prompt,True
3414,R09,P09,I05,T09_05,0.37281685362922706,0.5880536655584536,0.24553457265671022,prompt,True
3415,R09,P09,I05,T09_05,0.4014950731391676,0.6702297131539956,0.2707195494081415,prompt,True
3416,R09,P09,I05,T09_05,0.43017329264910814,0.7254065300726498,0.8309964067217585,option_right,False
3417,R09,P09,I05,T09_05,0.4588515121590487,0.30872080979908145,0.8486717348941781,option_left,True
3418,R09,P09,I05,T09_05,0.4875297316689892,0.3518413429905866,0.8052421536041486,option_left,True
3419,R09,P09,I05,T09_05,0.5162079511789298,0.8175347722564301,0.660991315403511,option_right,True
3420,R09,P09,I05,T09_05,0.5448861706888704,0.161126772730384,0.9508803153009558,option_left,True
3421,R09,P09,I05,T09_05,0.5735643901988109,0.39337005244706447,0.5599165732484828,option_left,True
3422,R09,P09,I05,T09_05,0.6022426097087514,0.8166627257025825,0.6782595110936763,option_right,True
3423,R09,P09,I05,T09_05,0.630920829218692,0.6979003418338088,0.6643758075760676,option_right,True
3424,R09,P09,I05,T09_05,0.6595990487286325,0.2750733172069402,0.7100834092610561,option_left,True
3425,R09,P09,I05,T09_05,0.688277268238573,0.8212718498840451,0.6547649416552285,option_right,True
3426,R09,P09,I05,T09_05,0.7169554877485136,0.18332953184827805,0.7598789122753234,option_left,True
3427,R09,P09,I05,T09_05,0.7456337072584541,0.167587623256846,0.8081296662223972,option_left,True
3428,R09,P09,I05,T09_05,0.7743119267683947,0.7995263081213241,0.7098732412927519,option_right,True
3429,R09,P09,I05,T09_05,0.8029901462783352,0.33484791063081965,0.7047131811300867,option_left,True
3430,R09,P09,I05,T09_05,0.8316683657882757,0.3612047237894262,0.7364169929909445,option_left,True
3431,R09,P09,I05,T09_05,0.8603465852982163,0.08592867507188981,0.8419859086115377,option_left,True
3432,R09,P09,I05,T09_05,0.8890248048081568,0.6552850212507842,0.7751210722563822,option_right,False
3433,R09,P09,I05,T09_05,0.9177030243180974,0.2628657078658163,0.6954368973524832,option_left,True
3434,R09,P09,I05,T09_05,0.9463812438280379,0.6896773780409887,0.6896835541313,option_right,True
3435,R09,P09,I05,T09_05,0.9750594633379784,0.7422542166577248,0.7712992441777732,option_right,True
3436,R09,P09,I05,T09_05,1.003737682847919,0.893993728528045,0.6159042533193599,option_right,True
3437,R09,P09,I05,T09_05,1.0324159023578596,0.19403686195096048,0.7216955479365804,option_left,True
3438,R09,P09,I05,T09_05,1.0610941218678,0.6707194302444056,0.7838390143469866,option_right,True
3439,R09,P09,I05,T09_05,1.0897723413777407,0.755172821823073,0.7145603751039874,option_right,True
3440,R09,P09,I05,T09_05,1.1184505608876811,0.1185580697416714,0.7225908625873396,option_left,True
3441,R09,P09,I05,T09_05,1.1471287803976218,0.6219384390848203,0.7295014019673283,option_right,True
3442,R09,P09,I05,T09_05,1.1758069999075622,0.1435951282552113,0.7105532081404543,option_left,True
3443,R09,P09,I05,T09_05,1.2044852194175029,0.7699337500469028,0.7265968443235408,option_right,True
3444,R09,P09,I05,T09_05,1.2331634389274433,0.23555976908389661,0.7305264728094683,option_left,True
3445,R09,P09,I05,T09_05,1.261841658437384,0.7050790777422453,0.9278750408482941,option_right,True
3446,R09,P09,I05,T09_05,1.2905198779473244,0.6681015886095568,0.8404664237586017,option_right,True
3447,R09,P09,I05,T09_05,1.319198097457265,0.22655668805420423,0.7148561230042628,option_left,True
3448,R09,P09,I05,T09_05,1.3478763169672054,0.84403867657778,0.8443131336981748,option_right,True
3449,R09,P09,I05,T09_05,1.376554536477146,0.3530935939175026,0.6421598647802219,option_left,True
3450,R09,P09,I05,T09_05,1.4052327559870865,0.7093130473102122,0.5752899667011444,option_right,True
3451,R09,P09,I06,T09_06,0.0,0.6015989496985495,0.3859996656438388,prompt,True
3452,R09,P09,I06,T09_06,0.03814544435091827,0.45569824953561,0.28751752457043706,prompt,True
3453,R09,P09,I06,T09_06,0.07629088870183653,0.3067849020606974,0.3163377140713811,prompt,True
3454,R09,P09,I06,T09_06,0.1144363330527548,0.606888826554152,0.16933873597885846,prompt,True
3455,R09,P09,I06,T09_06,0.15258177740367307,0.45635955911134957,0.19660971659986473,prompt,True
3456,R09,P09,I06,T09_06,0.19072722175459134,0.5460558172558072,0.27791128497947504,prompt,True
3457,R09,P09,I06,T09_06,0.2288726661055096,0.4274139963872827,0.3786639535471925,prompt,True
3458,R09,P09,I06,T09_06,0.26701811045642787,0.5907908807128635,0.318603975120887,prompt,False
3459,R09,P09,I06,T09_06,0.30516355480734614,0.3600231325509592,0.08452546248328247,prompt,True
3460,R09,P09,I06,T09_06,0.3433089991582644,0.45732053335238204,0.1507160592262135,prompt,True
3461,R09,P09,I06,T09_06,0.3814544435091827,0.39054363745723647,0.20817526252031085,prompt,True
3462,R09,P09,I06,T09_06,0.41959988786010094,0.535715024345817,0.25511448172396073,prompt,True
3463,R09,P09,I06,T09_06,0.4577453322110192,0.5025077501979044,0.24785627994389142,prompt,True
3464,R09,P09,I06,T09_06,0.4958907765619375,0.4428274856436475,0.19712243459700723,prompt,True
3465,R09,P09,I06,T09_06,0.5340362209128557,0.3721013577645369,0.3610968417170327,prompt,True
3466,R09,P09,I06,T09_06,0.572181665263774,0.06774403961460032,0.7321089200311746,option_left,True
3467,R09,P09,I06,T09_06,0.6103271096146923,0.3514227241188564,0.769067540763042,option_left,True
3468,R09,P09,I06,T09_06,0.6484725539656105,0.06408799190542741,0.732224315637364,option_left,True
3469,R09,P09,I06,T09_06,0.6866179983165288,0.26823943776841624,0.6418402273881574,option_left,True
3470,R09,P09,I06,T09_06,0.7247634426674471,0.44798861209565616,0.8548792967044384,option_left,True
3471,R09,P09,I06,T09_06,0.7629088870183653,0.23968659632626763,0.8318141500834305,option_left,True
3472,R09,P09,I06,T09_06,0.8010543313692836,0.3336653184902166,0.5864105166820263,option_left,True
3473,R09,P09,I06,T09_06,0.8391997757202019,0.7162462350202583,0.6150682669567975,option_right,True
3474,R09,P09,I06,T09_06,0.8773452200711201,0.7677803629154132,0.7183785009552048,option_right,True
3475,R09,P09,I06,T09_06,0.9154906644220384,0.7369532032329962,0.6339910147845833,option_right,True
3476,R09,P09,I06,T09_06,0.9536361087729567,0.3399845890054421,0.8077327196108947,option_left,True
3477,R09,P09,I06,T09_06,0.991781553123875,0.19218368218140305,0.7023872635376334,option_left,True
3478,R09,P09,I06,T09_06,1.029926997474793,0.34400230111881014,0.8169372370169239,option_left,True
3479,R09,P09,I06,T09_06,1.0680724418257115,0.8683072505810565,0.7683335830300799,option_right,True
3480,R09,P09,I06,T09_06,1.1062178861766299,0.3139016867559351,0.7668961826629599,option_left,True
3481,R09,P09,I06,T09_06,1.144363330527548,0.3527701562186716,0.7250268718427202,option_left,True
3482,R09,P09,I06,T09_06,1.1825087748784662,0.19415941367590556,0.7156269004770895,option_left,True
3483,R09,P09,I06,T09_06,1.2206542192293846,0.9011048114531488,0.7001894336784164,option_right,True
3484,R09,P09,I06,T09_06,1.258799663580303,0.14523368698307554,0.7061823489680467,option_left,True
3485,R09,P09,I06,T09_06,1.296945107931221,0.1902441820060991,0.6895613465069969,option_left,True
3486,R09,P09,I06,T09_06,1.3350905522821392,0.22323453479589347,0.7385087673762926,option_left,True
3487,R09,P09,I06,T09_06,1.3732359966330576,0.6920288811170341,0.7870761878118869,option_right,True
3488,R09,P09,I06,T09_06,1.411381440983976,0.7278836578099249,0.7301706701038457,option_right,True
3489,R09,P09,I06,T09_06,1.4495268853348942,0.8923359114938076,0.6487967374092375,option_right,True
3490,R09,P09,I06,T09_06,1.4876723296858123,0.4215835252392732,0.6864070161627853,option_left,True
3491,R09,P09,I06,T09_06,1.5258177740367307,0.22593811755687512,0.7042128228089195,option_left,True
3492,R09,P09,I06,T09_06,1.563963218387649,0.15949316373465802,0.8661650627825205,option_left,True
3493,R09,P09,I06,T09_06,1.6021086627385672,0.8772723681154497,0.6554746957984562,option_right,True
3494,R09,P09,I06,T09_06,1.6402541070894854,0.7675185642469975,0.6620232469056759,option_right,True
3495,R09,P09,I06,T09_06,1.6783995514404038,0.8874263482327325,0.7037501522648961,option_right,True
3496,R09,P09,I06,T09_06,1.7165449957913221,0.2923582460929974,0.7123209963244151,option_left,True
3497,R09,P09,I06,T09_06,1.7546904401422403,0.8163164892007848,0.718701262945831,option_right,True
3498,R09,P09,I06,T09_06,1.7928358844931584,0.2942652988083542,0.8841280133377838,option_left,True
3499,R09,P09,I06,T09_06,1.8309813288440768,0.2470159035338277,0.7172167120075703,option_left,True
3500,R09,P09,I06,T09_06,1.8691267731949952,0.7166059347683729,0.7394509401940577,option_right,True
3501,R09,P09,I07,T09_07,0.0,0.7915500291235353,0.2760112374404249,prompt,False
3502,R09,P09,I07,T09_07,0.03942923150225193,0.31983084969407904,0.2337503806765751,prompt,True
3503,R09,P09,I07,T09_07,0.07885846300450386,0.48571700401628165,0.34889964157375547,prompt,True
3504,R09,P09,I07,T09_07,0.11828769450675579,0.3435789626032592,0.3304594241626558,prompt,True
3505,R09,P09,I07,T09_07,0.15771692600900772,0.5697640633753333,0.2027374874575483,prompt,True
3506,R09,P09,I07,T09_07,0.19714615751125963,0.42791864705768606,0.2706926002225616,prompt,True
3507,R09,P09,I07,T09_07,0.23657538901351158,0.35440808560302245,0.10453887037622542,prompt,True
3508,R09,P09,I07,T09_07,0.2760046205157635,0.5440799971672923,0.3316949730660399,prompt,True
3509,R09,P09,I07,T09_07,0.31543385201801544,0.5090167927075275,0.19780021241839196,prompt,True
3510,R09,P09,I07,T09_07,0.35486308352026735,0.5954899686762145,0.10759498759921465,prompt,True
3511,R09,P09,I07,T09_07,0.39429231502251927,0.5719069770641636,0.22526021320754666,prompt,True
3512,R09,P09,I07,T09_07,0.43372154652477124,0.477971833349499,0.225978334733665,prompt,True
3513,R09,P09,I07,T09_07,0.47315077802702316,0.43666972685739674,0.3091639306367856,prompt,True
3514,R09,P09,I07,T09_07,0.5125800095292751,0.4688933564976124,0.2956460992395225,prompt,True
3515,R09,P09,I07,T09_07,0.552009241031527,0.4881364646266268,0.3161397365543579,prompt,True
3516,R09,P09,I07,T09_07,0.5914384725337789,0.22191062349591897,0.7505209418590173,option_left,True
3517,R09,P09,I07,T09_07,0.6308677040360309,0.3456311821164894,0.6795868402345819,option_left,True
3518,R09,P09,I07,T09_07,0.6702969355382828,0.874615095080651,0.6994272599931092,option_right,True
3519,R09,P09,I07,T09_07,0.7097261670405347,0.33123613412120795,0.8311814079710323,option_left,True
3520,R09,P09,I07,T09_07,0.7491553985427867,0.8150816122764335,0.7914209090483056,option_right,True
3521,R09,P09,I07,T09_07,0.7885846300450385,0.5813295367619229,0.8658682309719009,option_right,True
3522,R09,P09,I07,T09_07,0.8280138615472905,0.29683169969512857,0.6452327542718569,option_left,True
3523,R09,P09,I07,T09_07,0.8674430930495425,0.644893701831043,0.8026880357182821,option_right,True
3524,R09,P09,I07,T09_07,0.9068723245517943,0.2276666771735189,0.9283264284770987,option_left,True
3525,R09,P09,I07,T09_07,0.9463015560540463,0.25577583307576374,0.696020656467117,option_left,True
3526,R09,P09,I07,T09_07,0.9857307875562983,0.5634971113901809,0.7950379747404244,option_right,True
3527,R09,P09,I07,T09_07,1.0251600190585501,0.22250020526713668,0.7936200697128577,option_left,False
3528,R09,P09,I07,T09_07,1.0645892505608021,0.7269041019836242,0.7225734353035035,option_right,True
3529,R09,P09,I07,T09_07,1.104018482063054,0.08385570054350452,0.773886761111437,option_left,True
3530,R09,P09,I07,T09_07,1.143447713565306,0.7721025796881402,0.7046246909580954,option_right,True
3531,R09,P09,I07,T09_07,1.1828769450675578,0.617648653497397,0.7028973526513835,option_right,True
3532,R09,P09,I07,T09_07,1.2223061765698098,0.2710782093868877,0.7788343064455638,option_left,True
3533,R09,P09,I07,T09_07,1.2617354080720617,0.7791819225593521,0.7572682985870987,option_right,True
3534,R09,P09,I07,T09_07,1.3011646395743137,0.7998028805066982,0.5944210283635596,option_right,True
3535,R09,P09,I07,T09_07,1.3405938710765657,0.4309498117465118,0.8320558192399986,option_left,True
3536,R09,P09,I07,T09_07,1.3800231025788174,0.2362658583582986,0.7659597428262114,option_left,True
3537,R09,P09,I07,T09_07,1.4194523340810694,0.2511333282232643,0.7360574158207276,option_left,True
3538,R09,P09,I07,T09_07,1.4588815655833214,0.2457782868069023,0.7926972280549396,option_left,False
3539,R09,P09,I07,T09_07,1.4983107970855734,0.28987190384257305,0.7396007317016033,option_left,True
3540,R09,P09,I07,T09_07,1.5377400285878253,0.9040545339422956,0.6939319102768583,option_right,True
3541,R09,P09,I07,T09_07,1.577169260090077,0.7408158297335486,0.7735858361484949,option_right,True
3542,R09,P09,I07,T09_07,1.616598491592329,0.25075829554492635,0.7396095554192726,option_left,True
3543,R09,P09,I07,T09_07,1.656027723094581,0.2688107152493129,0.6808549555693031,option_left,True
3544,R09,P09,I07,T09_07,1.695456954596833,0.253136462644708,0.7038504518809398,option_left,True
3545,R09,P09,I07,T09_07,1.734886186099085,0.5919496651161161,0.7719810963955097,option_right,True
3546,R09,P09,I07,T09_07,1.774315417601337,0.6275289335664491,0.8027487843735124,option_right,True
3547,R09,P09,I07,T09_07,1.8137446491035887,0.6544803122767491,0.8291541984498962,option_right,True
3548,R09,P09,I07,T09_07,1.8531738806058407,0.6939529034783336,0.68713953041681,option_right,True
3549,R09,P09,I07,T09_07,1.8926031121080926,0.38417531463201426,0.7316489117478923,option_left,True
3550,R09,P09,I07,T09_07,1.9320323436103446,0.3492404644755211,0.6590453679614496,option_left,True
3551,R09,P09,I08,T09_08,0.0,0.5953884141162974,0.11854962762351193,prompt,True
3552,R09,P09,I08,T09_08,0.03219723527057598,0.4564734342711474,0.3874056835967754,prompt,True
3553,R09,P09,I08,T09_08,0.06439447054115197,0.5446400777308167,0.2574619810486788,prompt,True
3554,R09,P09,I08,T09_08,0.09659170581172795,0.46280334090818864,0.32266672135685504,prompt,True
3555,R09,P09,I08,T09_08,0.12878894108230393,0.45741918264076875,0.358444379887167,prompt,True
3556,R09,P09,I08,T09_08,0.16098617635287993,0.6005176813653738,0.06036280461814644,prompt,True
3557,R09,P09,I08,T09_08,0.1931834116234559,0.4777410679414168,0.277660099498255,prompt,True
3558,R09,P09,I08,T09_08,0.22538064689403187,0.485900874049861,0.37013946479943205,prompt,True
3559,R09,P09,I08,T09_08,0.25757788216460786,0.4635328823202639,0.2588211266026829,prompt,True
3560,R09,P09,I08,T09_08,0.28977511743518386,0.4784585780868073,0.037032381038402784,prompt,True
3561,R09,P09,I08,T09_08,0.32197235270575986,0.5953604032784632,0.10450025440412322,prompt,True
3562,R09,P09,I08,T09_08,0.3541695879763358,0.6240878249143157,0.22796765005853328,prompt,True
3563,R09,P09,I08,T09_08,0.3863668232469118,0.37930825244171007,0.3003999852236182,prompt,True
3564,R09,P09,I08,T09_08,0.4185640585174878,0.47758201851118315,0.3655046190377367,prompt,True
3565,R09,P09,I08,T09_08,0.45076129378806373,0.35680471651833523,0.41523049392067735,prompt,True
3566,R09,P09,I08,T09_08,0.48295852905863973,0.827064270306926,0.8405174159255663,option_right,True
3567,R09,P09,I08,T09_08,0.5151557643292157,0.7089142062950444,0.6347582664007511,option_right,True
3568,R09,P09,I08,T09_08,0.5473529995997917,0.6635053561770726,0.760375990163212,option_right,True
3569,R09,P09,I08,T09_08,0.5795502348703677,0.2892632343393128,0.7799175990158932,option_left,True
3570,R09,P09,I08,T09_08,0.6117474701409437,0.6978407189263727,0.6699425299247623,option_right,True
3571,R09,P09,I08,T09_08,0.6439447054115197,0.6496176372493809,0.735829233041831,option_right,True
3572,R09,P09,I08,T09_08,0.6761419406820957,0.5636320536375663,0.8225996994614089,option_right,True
3573,R09,P09,I08,T09_08,0.7083391759526716,0.2196366347591613,0.6565213380564306,option_left,True
3574,R09,P09,I08,T09_08,0.7405364112232476,0.3326045646933096,0.6935333787181707,option_left,True
3575,R09,P09,I08,T09_08,0.7727336464938236,0.8106529205463547,0.8199390135348074,option_right,True
3576,R09,P09,I08,T09_08,0.8049308817643995,0.8396096977267303,0.8242928312012284,option_right,True
3577,R09,P09,I08,T09_08,0.8371281170349756,0.032168678144659124,0.7841585395424655,option_left,True
3578,R09,P09,I08,T09_08,0.8693253523055515,0.7586946441238195,0.7880722271361007,option_right,True
3579,R09,P09,I08,T09_08,0.9015225875761275,0.1459258716310964,0.7816529206244389,option_left,True
3580,R09,P09,I08,T09_08,0.9337198228467035,0.22754486928323636,0.6032062031943195,option_left,True
3581,R09,P09,I08,T09_08,0.9659170581172795,0.8391992797645776,0.6582072383627453,option_right,True
3582,R09,P09,I08,T09_08,0.9981142933878555,0.576451864057869,0.6410400836959526,option_right,True
3583,R09,P09,I08,T09_08,1.0303115286584315,0.8143977448160808,0.6868173898360017,option_right,True
3584,R09,P09,I08,T09_08,1.0625087639290074,0.6179071787084949,0.7604380983193879,option_right,True
3585,R09,P09,I08,T09_08,1.0947059991995833,0.8279081996249485,0.7615148676637256,option_right,True
3586,R09,P09,I08,T09_08,1.1269032344701595,0.7216520720855989,0.6780664954283512,option_right,True
3587,R09,P09,I08,T09_08,1.1591004697407354,0.18069724208741306,0.7489028341019651,option_left,True
3588,R09,P09,I08,T09_08,1.1912977050113114,0.9479120711575063,0.8860595686588011,option_right,True
3589,R09,P09,I08,T09_08,1.2234949402818873,0.18710368926031434,0.7848034990383954,option_left,True
3590,R09,P09,I08,T09_08,1.2556921755524633,0.9482048085425436,0.7846482801657116,option_right,True
3591,R09,P09,I08,T09_08,1.2878894108230394,0.188008976535057,0.8019109887019242,option_left,True
3592,R09,P09,I08,T09_08,1.3200866460936154,0.7648908574582737,0.6525298053078503,option_right,True
3593,R09,P09,I08,T09_08,1.3522838813641913,0.28535255855454067,0.8789811054900494,option_left,True
3594,R09,P09,I08,T09_08,1.3844811166347673,0.7598321695451359,0.8148783567602591,option_right,True
3595,R09,P09,I08,T09_08,1.4166783519053432,0.8236958107953368,0.8902992862854413,option_right,True
3596,R09,P09,I08,T09_08,1.4488755871759191,0.6668483064962242,0.7581817141846626,option_right,True
3597,R09,P09,I08,T09_08,1.4810728224464953,0.7970747549058743,0.8563763835594386,option_right,True
3598,R09,P09,I08,T09_08,1.5132700577170712,0.23255676769733988,0.7357176227579688,option_left,True
3599,R09,P09,I08,T09_08,1.5454672929876472,0.19846435331516174,0.6307773408781635,option_left,True
3600,R09,P09,I08,T09_08,1.5776645282582231,0.8551812040284814,0.8058818270511867,option_right,True
3601,R10,P10,I01,T10_01,0.0,0.3552801835273075,0.21858946468187074,prompt,True
3602,R10,P10,I01,T10_01,0.022124309068696797,0.5937484273530174,0.16826322627583148,prompt,True
3603,R10,P10,I01,T10_01,0.04424861813739359,0.5123459981500255,0.2997621024353084,prompt,True
3604,R10,P10,I01,T10_01,0.06637292720609039,0.44437552856461976,0.3323152579412232,prompt,True
3605,R10,P10,I01,T10_01,0.08849723627478719,0.5879850195042411,0.3516413033695858,prompt,True
3606,R10,P10,I01,T10_01,0.11062154534348398,0.4382896625509587,0.33669496322169834,prompt,True
3607,R10,P10,I01,T10_01,0.13274585441218079,0.5106391342199377,0.1952653230526632,prompt,True
3608,R10,P10,I01,T10_01,0.15487016348087757,0.6501984915982588,0.15002404195296837,prompt,True
3609,R10,P10,I01,T10_01,0.17699447254957437,0.44143420637072117,0.2305178814968,prompt,True
3610,R10,P10,I01,T10_01,0.19911878161827118,0.6674947895634267,0.2212097871382896,prompt,True
3611,R10,P10,I01,T10_01,0.22124309068696796,0.48736720496169966,0.1699661797377109,prompt,True
3612,R10,P10,I01,T10_01,0.24336739975566477,0.6312923555472212,0.30773241807600893,prompt,True
3613,R10,P10,I01,T10_01,0.26549170882436157,0.4602057502261573,0.3116726995933359,prompt,True
3614,R10,P10,I01,T10_01,0.28761601789305835,0.5420931807585806,0.2026870886572319,prompt,True
3615,R10,P10,I01,T10_01,0.30974032696175513,0.5452456876854124,0.4813602079944205,prompt,True
3616,R10,P10,I01,T10_01,0.33186463603045196,0.33389124109236873,0.6234819089413668,option_left,True
3617,R10,P10,I01,T10_01,0.35398894509914874,0.25036274294255734,0.7059789819748596,option_left,True
3618,R10,P10,I01,T10_01,0.3761132541678455,0.2922784030314398,0.6934885320250712,option_left,True
3619,R10,P10,I01,T10_01,0.39823756323654236,0.23377726826131595,0.6457988625352407,option_left,True
3620,R10,P10,I01,T10_01,0.42036187230523914,0.20808678687110813,0.798992209803962,option_left,True
3621,R10,P10,I01,T10_01,0.4424861813739359,0.3219847030932167,0.6541823900759932,option_left,True
3622,R10,P10,I01,T10_01,0.46461049044263275,0.3119399298922879,0.7814190469377827,option_left,False
3623,R10,P10,I01,T10_01,0.48673479951132953,0.33247499478366166,0.8364757293188054,option_left,True
3624,R10,P10,I01,T10_01,0.5088591085800264,0.2553639146194229,0.6973653179047725,option_left,True
3625,R10,P10,I01,T10_01,0.5309834176487231,0.21541321509387745,0.84106999465356,option_left,True
3626,R10,P10,I01,T10_01,0.5531077267174199,0.3564125231477059,0.8274491671237989,option_left,True
3627,R10,P10,I01,T10_01,0.5752320357861167,0.23536265794862268,0.760062194170873,option_left,True
3628,R10,P10,I01,T10_01,0.5973563448548135,0.2951182194747981,0.8713773459802697,option_left,True
3629,R10,P10,I01,T10_01,0.6194806539235103,0.29424817678219894,0.7525361365710835,option_left,True
3630,R10,P10,I01,T10_01,0.6416049629922072,0.27723093134794335,0.7714434493369919,option_left,True
3631,R10,P10,I01,T10_01,0.6637292720609039,0.05910619094474984,0.5667727867679506,option_left,True
3632,R10,P10,I01,T10_01,0.6858535811296007,0.25694333284724313,0.8096734578359096,option_left,True
3633,R10,P10,I01,T10_01,0.7079778901982975,0.2349554147416466,0.9356576165932275,option_left,True
3634,R10,P10,I01,T10_01,0.7301021992669943,0.17651843264920553,0.7243264267715516,option_left,True
3635,R10,P10,I01,T10_01,0.752226508335691,0.3746669042299311,0.6865798435941587,option_left,True
3636,R10,P10,I01,T10_01,0.7743508174043878,0.23478616462596888,0.765509896470652,option_left,True
3637,R10,P10,I01,T10_01,0.7964751264730847,0.2459953436926134,0.6798842005626882,option_left,True
3638,R10,P10,I01,T10_01,0.8185994355417815,0.28782346343271387,0.6073388112236159,option_left,True
3639,R10,P10,I01,T10_01,0.8407237446104783,0.17214623610295343,0.7687127823938273,option_left,True
3640,R10,P10,I01,T10_01,0.862848053679175,0.1436153181594505,0.7508874930033016,option_left,True
3641,R10,P10,I01,T10_01,0.8849723627478718,0.2772682067370989,0.7707884174383187,option_left,True
3642,R10,P10,I01,T10_01,0.9070966718165686,0.27760105130487667,0.7509975576560031,option_left,True
3643,R10,P10,I01,T10_01,0.9292209808852655,0.31043288587183404,0.6673985375918731,option_left,True
3644,R10,P10,I01,T10_01,0.9513452899539623,0.37285847686218526,0.9632348604742109,option_left,True
3645,R10,P10,I01,T10_01,0.9734695990226591,0.16590073648822212,0.6719549469311326,option_left,True
3646,R10,P10,I01,T10_01,0.9955939080913558,0.28549079075450084,0.7282191462917106,option_left,True
3647,R10,P10,I01,T10_01,1.0177182171600527,0.08876010749622168,0.8290634562127128,option_left,True
3648,R10,P10,I01,T10_01,1.0398425262287494,0.3590404636062145,0.7886247480149067,option_left,True
3649,R10,P10,I01,T10_01,1.0619668352974463,0.19778212571250628,0.7429837543018881,option_left,True
3650,R10,P10,I01,T10_01,1.084091144366143,0.158223692798712,0.6779461664063404,option_left,True
3651,R10,P10,I02,T10_02,0.0,0.46547770647545406,0.24219440357707223,prompt,True
3652,R10,P10,I02,T10_02,0.021323735202769645,0.4117545038880259,0.16589810182652226,prompt,True
3653,R10,P10,I02,T10_02,0.04264747040553929,0.45410792809488587,0.1860522396851287,prompt,True
3654,R10,P10,I02,T10_02,0.06397120560830893,0.4403342544684051,0.2413707273421607,prompt,True
3655,R10,P10,I02,T10_02,0.08529494081107858,0.4242499049515331,0.28103473018906416,prompt,True
3656,R10,P10,I02,T10_02,0.10661867601384822,0.4381562297622865,0.2735006279328685,prompt,True
3657,R10,P10,I02,T10_02,0.12794241121661787,0.61962332068223,0.3570274190429312,prompt,True
3658,R10,P10,I02,T10_02,0.1492661464193875,0.5427346186504425,0.22041560773364385,prompt,True
3659,R10,P10,I02,T10_02,0.17058988162215716,0.3748323515137105,0.20780513739514767,prompt,True
3660,R10,P10,I02,T10_02,0.1919136168249268,0.39480650397202466,0.23699334790424118,prompt,True
3661,R10,P10,I02,T10_02,0.21323735202769645,0.39491336079851447,0.13614872372047707,prompt,True
3662,R10,P10,I02,T10_02,0.2345610872304661,0.519664514029844,0.20705810681543166,prompt,True
3663,R10,P10,I02,T10_02,0.25588482243323574,0.46763527971566066,0.12795754715301422,prompt,True
3664,R10,P10,I02,T10_02,0.2772085576360054,0.4684009003167495,0.24949821939901923,prompt,True
3665,R10,P10,I02,T10_02,0.298532292838775,0.49104836591306417,0.2693394464677791,prompt,True
3666,R10,P10,I02,T10_02,0.31985602804154467,0.8240079003915204,0.7689070805111033,option_right,True
3667,R10,P10,I02,T10_02,0.3411797632443143,0.3838873374639701,0.7378955470658662,option_left,True
3668,R10,P10,I02,T10_02,0.36250349844708396,0.1512432614784807,0.6744792504459802,option_left,True
3669,R10,P10,I02,T10_02,0.3838272336498536,0.7669721898147517,0.703742312551737,option_right,False
3670,R10,P10,I02,T10_02,0.40515096885262325,0.7737971792261938,0.565744916949704,option_right,True
3671,R10,P10,I02,T10_02,0.4264747040553929,0.2541340428372785,0.7150104598050441,option_left,True
3672,R10,P10,I02,T10_02,0.44779843925816254,0.23041189825239922,0.8790346694031688,option_left,True
3673,R10,P10,I02,T10_02,0.4691221744609322,0.32224560571878996,0.7633328680288143,option_left,True
3674,R10,P10,I02,T10_02,0.49044590966370183,0.8255774127614546,0.7452466594513558,option_right,True
3675,R10,P10,I02,T10_02,0.5117696448664715,0.38928449024341816,0.6670541405567785,option_left,True
3676,R10,P10,I02,T10_02,0.5330933800692411,0.27016803689695157,0.7071440134344951,option_left,True
3677,R10,P10,I02,T10_02,0.5544171152720108,0.692134801799074,0.5886972875297973,option_right,True
3678,R10,P10,I02,T10_02,0.5757408504747804,0.9090644447899701,0.7886892962975074,option_right,True
3679,R10,P10,I02,T10_02,0.59706458567755,0.6993855588127194,0.7425001645359195,option_right,True
3680,R10,P10,I02,T10_02,0.6183883208803197,0.6765856503012213,0.7100422348049975,option_right,True
3681,R10,P10,I02,T10_02,0.6397120560830893,0.8107862532471122,0.6688126474821711,option_right,True
3682,R10,P10,I02,T10_02,0.661035791285859,0.8216478443003266,0.8125271032411525,option_right,True
3683,R10,P10,I02,T10_02,0.6823595264886286,0.8912887572769814,0.8288563691474571,option_right,True
3684,R10,P10,I02,T10_02,0.7036832616913983,0.1718012944785816,0.7894396331499117,option_left,True
3685,R10,P10,I02,T10_02,0.7250069968941679,0.29906950076314154,0.6981284059121236,option_left,True
3686,R10,P10,I02,T10_02,0.7463307320969376,0.13186725159022133,0.8680479293649004,option_left,False
3687,R10,P10,I02,T10_02,0.7676544672997072,0.8754183779778765,0.8254817821514874,option_right,True
3688,R10,P10,I02,T10_02,0.7889782025024769,0.19825886826709102,0.7091301882761281,option_left,True
3689,R10,P10,I02,T10_02,0.8103019377052465,0.6707032461688557,0.7024846905650108,option_right,True
3690,R10,P10,I02,T10_02,0.8316256729080161,0.2620848940554962,0.7902633928234599,option_left,False
3691,R10,P10,I02,T10_02,0.8529494081107858,0.32032423981503333,0.7218713364394393,option_left,True
3692,R10,P10,I02,T10_02,0.8742731433135554,0.21968575005881405,0.5951030636562957,option_left,True
3693,R10,P10,I02,T10_02,0.8955968785163251,0.23073430210455478,0.6984291059208947,option_left,True
3694,R10,P10,I02,T10_02,0.9169206137190947,0.8461765727509896,0.729912890408315,option_right,True
3695,R10,P10,I02,T10_02,0.9382443489218644,0.7144039500731376,0.8222742679960657,option_right,True
3696,R10,P10,I02,T10_02,0.959568084124634,0.2839990988297648,0.8016728148999159,option_left,True
3697,R10,P10,I02,T10_02,0.9808918193274037,0.4175345087996176,0.7737959379349566,option_left,True
3698,R10,P10,I02,T10_02,1.0022155545301734,0.25361405155802175,0.7358862700630947,option_left,True
3699,R10,P10,I02,T10_02,1.023539289732943,0.6022604263801696,0.6916150190247603,option_right,True
3700,R10,P10,I02,T10_02,1.0448630249357125,0.31404586440470217,0.6006677138847633,option_left,False
3701,R10,P10,I03,T10_03,0.0,0.446465341512243,0.21309556102637545,prompt,True
3702,R10,P10,I03,T10_03,0.027253946518040695,0.4390446383652009,0.16786257540634947,prompt,True
3703,R10,P10,I03,T10_03,0.05450789303608139,0.46450374780738113,0.29799052179854113,prompt,True
3704,R10,P10,I03,T10_03,0.08176183955412208,0.3922956639759843,0.2385136445256721,prompt,True
3705,R10,P10,I03,T10_03,0.10901578607216278,0.4148776845435625,0.17134371655265834,prompt,True
3706,R10,P10,I03,T10_03,0.13626973259020347,0.3468978946715292,0.07218294183130827,prompt,True
3707,R10,P10,I03,T10_03,0.16352367910824417,0.44987307175101876,0.22437486873105278,prompt,True
3708,R10,P10,I03,T10_03,0.19077762562628486,0.43878846418767214,0.32940463804535536,prompt,True
3709,R10,P10,I03,T10_03,0.21803157214432556,0.49004273482435684,0.2573971269272855,prompt,True
3710,R10,P10,I03,T10_03,0.24528551866236625,0.46215451084675874,0.22630538581899656,prompt,False
3711,R10,P10,I03,T10_03,0.27253946518040695,0.820954011061956,0.24510681795293313,prompt,True
3712,R10,P10,I03,T10_03,0.29979341169844764,0.6242564584978427,0.25033068500850436,prompt,True
3713,R10,P10,I03,T10_03,0.32704735821648834,0.39607101797746036,0.22276563064432178,prompt,True
3714,R10,P10,I03,T10_03,0.35430130473452903,0.6851381800049489,0.2678874361567826,prompt,True
3715,R10,P10,I03,T10_03,0.3815552512525697,0.5721630869221972,0.20321120999510262,prompt,True
3716,R10,P10,I03,T10_03,0.4088091977706104,0.40399752811409173,0.7172597733514335,option_left,True
3717,R10,P10,I03,T10_03,0.4360631442886511,0.7566333005256434,0.7367625611438116,option_right,True
3718,R10,P10,I03,T10_03,0.4633170908066918,0.7631060157011154,0.5686264120156751,option_right,True
3719,R10,P10,I03,T10_03,0.4905710373247325,0.8430557440912068,0.8527928544553103,option_right,True
3720,R10,P10,I03,T10_03,0.5178249838427732,0.2009796775671793,0.808354056579616,option_left,True
3721,R10,P10,I03,T10_03,0.5450789303608139,0.2908110858725863,0.8007986267972007,option_left,True
3722,R10,P10,I03,T10_03,0.5723328768788546,0.2755639796785701,0.7580781129835306,option_left,True
3723,R10,P10,I03,T10_03,0.5995868233968953,0.8010459985136194,0.752834009705084,option_right,True
3724,R10,P10,I03,T10_03,0.626840769914936,0.8017870276758337,0.8049550487057514,option_right,True
3725,R10,P10,I03,T10_03,0.6540947164329767,0.15874303212575108,0.7669242152455059,option_left,True
3726,R10,P10,I03,T10_03,0.6813486629510174,0.6118457793835512,0.8611150302825975,option_right,False
3727,R10,P10,I03,T10_03,0.7086026094690581,0.5899847907358231,0.7131478159986913,option_right,True
3728,R10,P10,I03,T10_03,0.7358565559870988,0.24481486353476828,0.7912697624399131,option_left,True
3729,R10,P10,I03,T10_03,0.7631105025051395,0.1583318321020513,0.6805383840605379,option_left,True
3730,R10,P10,I03,T10_03,0.7903644490231801,0.18727702410798241,0.907423722383298,option_left,True
3731,R10,P10,I03,T10_03,0.8176183955412208,0.42902518004346335,0.8206822890565327,option_left,True
3732,R10,P10,I03,T10_03,0.8448723420592615,0.2954475764982495,0.8603988674539489,option_left,True
3733,R10,P10,I03,T10_03,0.8721262885773022,0.28461537557204863,0.8170712569360083,option_left,True
3734,R10,P10,I03,T10_03,0.8993802350953429,0.3444142262728015,0.7545398446864422,option_left,True
3735,R10,P10,I03,T10_03,0.9266341816133836,0.8088785171051794,0.7221644260020202,option_right,True
3736,R10,P10,I03,T10_03,0.9538881281314243,0.6299964107404229,0.7315511231160399,option_right,True
3737,R10,P10,I03,T10_03,0.981142074649465,0.6901252046437273,0.7458452569593675,option_right,True
3738,R10,P10,I03,T10_03,1.0083960211675058,0.33467465798428037,0.6468280554558112,option_left,True
3739,R10,P10,I03,T10_03,1.0356499676855464,0.36139756391867506,0.801632863884286,option_left,True
3740,R10,P10,I03,T10_03,1.062903914203587,0.8002918690519494,0.8557007010345923,option_right,True
3741,R10,P10,I03,T10_03,1.0901578607216278,0.23219391471383832,0.9253890965245748,option_left,True
3742,R10,P10,I03,T10_03,1.1174118072396686,0.34516454227694016,0.814864725224898,option_left,True
3743,R10,P10,I03,T10_03,1.1446657537577092,0.7442128017213118,0.8241442295774626,option_right,True
3744,R10,P10,I03,T10_03,1.1719197002757498,0.7131449701007606,0.8535461159437149,option_right,True
3745,R10,P10,I03,T10_03,1.1991736467937906,0.6060601839808265,0.7794076843543034,option_right,True
3746,R10,P10,I03,T10_03,1.2264275933118314,0.21596268568779575,0.7406051109444537,option_left,True
3747,R10,P10,I03,T10_03,1.253681539829872,0.8788667024969434,0.6579170159035476,option_right,True
3748,R10,P10,I03,T10_03,1.2809354863479125,0.6685442814176594,0.7501374186360874,option_right,True
3749,R10,P10,I03,T10_03,1.3081894328659533,0.726619980935514,0.8225945967796732,option_right,True
3750,R10,P10,I03,T10_03,1.3354433793839942,0.2884678650675495,0.7101295800538086,option_left,True
3751,R10,P10,I04,T10_04,0.0,0.6314220827543022,0.2791755855812079,prompt,True
3752,R10,P10,I04,T10_04,0.02959019093388871,0.5755271657275813,0.2406786110926441,prompt,True
3753,R10,P10,I04,T10_04,0.05918038186777742,0.5761540920034459,0.14850553259389926,prompt,True
3754,R10,P10,I04,T10_04,0.08877057280166613,0.4846954731360881,0.3223384095190332,prompt,True
3755,R10,P10,I04,T10_04,0.11836076373555483,0.58352489695863,0.3016545597058062,prompt,True
3756,R10,P10,I04,T10_04,0.14795095466944355,0.4456487156141642,0.23152568309486965,prompt,True
3757,R10,P10,I04,T10_04,0.17754114560333226,0.5665039796564784,0.37748612398437653,prompt,True
3758,R10,P10,I04,T10_04,0.20713133653722096,0.6320524723192821,0.37301512539508513,prompt,True
3759,R10,P10,I04,T10_04,0.23672152747110967,0.4665876064418853,0.3587087087819888,prompt,True
3760,R10,P10,I04,T10_04,0.2663117184049984,0.4450823601076475,0.16241335455689376,prompt,True
3761,R10,P10,I04,T10_04,0.2959019093388871,0.511276271638701,0.15273486033976724,prompt,True
3762,R10,P10,I04,T10_04,0.3254921002727758,0.4821936822360161,0.24522522972212787,prompt,True
3763,R10,P10,I04,T10_04,0.3550822912066645,0.5608540253078599,0.2138651296787801,prompt,True
3764,R10,P10,I04,T10_04,0.3846724821405532,0.4958250554435791,0.24323309637624732,prompt,True
3765,R10,P10,I04,T10_04,0.4142626730744419,0.4335372285215574,0.238325962872044,prompt,True
3766,R10,P10,I04,T10_04,0.4438528640083306,0.805884507401145,0.7618965512112089,option_right,True
3767,R10,P10,I04,T10_04,0.47344305494221933,0.774419306198779,0.7669756274662177,option_right,True
3768,R10,P10,I04,T10_04,0.5030332458761081,0.6411214878072151,0.7656708422967562,option_right,True
3769,R10,P10,I04,T10_04,0.5326234368099968,0.9168660873590357,0.6775067486689176,option_right,False
3770,R10,P10,I04,T10_04,0.5622136277438855,0.776096031582718,0.7682290771176394,option_right,True
3771,R10,P10,I04,T10_04,0.5918038186777742,0.6710071250503983,0.7160324936573573,option_right,True
3772,R10,P10,I04,T10_04,0.6213940096116629,0.765463683320419,0.9267078970269957,option_right,True
3773,R10,P10,I04,T10_04,0.6509842005455516,0.6871337402784409,0.691008822591082,option_right,True
3774,R10,P10,I04,T10_04,0.6805743914794403,1.0,0.6750319112070657,option_right,True
3775,R10,P10,I04,T10_04,0.710164582413329,0.7054426205168687,0.6451616008299387,option_right,True
3776,R10,P10,I04,T10_04,0.7397547733472177,0.6793041936706439,0.7946737709160536,option_right,True
3777,R10,P10,I04,T10_04,0.7693449642811064,0.5952595557513348,0.6512160639687284,option_right,True
3778,R10,P10,I04,T10_04,0.7989351552149951,0.8718253816720176,0.7539437117502529,option_right,True
3779,R10,P10,I04,T10_04,0.8285253461488838,0.7155576950425566,0.7701593456803907,option_right,True
3780,R10,P10,I04,T10_04,0.8581155370827726,0.8267337508684249,0.8518483613256258,option_right,True
3781,R10,P10,I04,T10_04,0.8877057280166613,0.7201017091808142,0.8775997826059608,option_right,True
3782,R10,P10,I04,T10_04,0.91729591895055,0.5927021061043103,0.7287767405078642,option_right,True
3783,R10,P10,I04,T10_04,0.9468861098844387,0.6908128863844215,0.7017858134763049,option_right,True
3784,R10,P10,I04,T10_04,0.9764763008183274,0.7192752575061813,0.7920236366779525,option_right,True
3785,R10,P10,I04,T10_04,1.0060664917522162,0.6544639271315594,0.8907949266100516,option_right,True
3786,R10,P10,I04,T10_04,1.035656682686105,0.6067049860892197,0.8306256937505986,option_right,True
3787,R10,P10,I04,T10_04,1.0652468736199936,0.7895699233221591,0.7549169442276407,option_right,True
3788,R10,P10,I04,T10_04,1.0948370645538823,0.6720834757824259,0.9134526586045337,option_right,True
3789,R10,P10,I04,T10_04,1.124427255487771,0.7192474862138729,0.9083337880874849,option_right,True
3790,R10,P10,I04,T10_04,1.1540174464216597,0.7503279728527062,0.9220373270901221,option_right,True
3791,R10,P10,I04,T10_04,1.1836076373555484,0.6702487565735397,0.7461615062848171,option_right,True
3792,R10,P10,I04,T10_04,1.2131978282894371,0.7653660616253208,0.666283304974319,option_right,True
3793,R10,P10,I04,T10_04,1.2427880192233258,0.8135450356403634,0.7804772335020707,option_right,True
3794,R10,P10,I04,T10_04,1.2723782101572145,0.9120838569655806,0.8005951671311297,option_right,True
3795,R10,P10,I04,T10_04,1.3019684010911032,0.757812694964709,0.7291596278459915,option_right,True
3796,R10,P10,I04,T10_04,1.331558592024992,0.9078120526083693,0.7850931402706787,option_right,True
3797,R10,P10,I04,T10_04,1.3611487829588806,0.7342289960727229,0.731231121262263,option_right,True
3798,R10,P10,I04,T10_04,1.3907389738927693,0.6966577262477397,0.8608715591409867,option_right,True
3799,R10,P10,I04,T10_04,1.420329164826658,0.6686824259731344,0.7000755851590286,option_right,True
3800,R10,P10,I04,T10_04,1.4499193557605468,0.794523937324785,0.7010156224681808,option_right,False
3801,R10,P10,I05,T10_05,0.0,0.5219197872931928,0.3459154869767063,prompt,True
3802,R10,P10,I05,T10_05,0.032381546153787084,0.5554804748811187,0.3202336349972125,prompt,True
3803,R10,P10,I05,T10_05,0.06476309230757417,0.5696763368194155,0.18289372218757938,prompt,True
3804,R10,P10,I05,T10_05,0.09714463846136126,0.5291705523848641,0.3234951268013103,prompt,True
3805,R10,P10,I05,T10_05,0.12952618461514834,0.6099889458553929,0.24116361581452941,prompt,True
3806,R10,P10,I05,T10_05,0.16190773076893542,0.40534434537426034,0.3253067042893776,prompt,True
3807,R10,P10,I05,T10_05,0.19428927692272252,0.5027721624643109,0.22719486922723156,prompt,True
3808,R10,P10,I05,T10_05,0.2266708230765096,0.3393208602597634,0.3600525183293307,prompt,True
3809,R10,P10,I05,T10_05,0.2590523692302967,0.5116241633831845,0.3217490383078133,prompt,True
3810,R10,P10,I05,T10_05,0.29143391538408375,0.6046033188947709,0.19410307254364617,prompt,True
3811,R10,P10,I05,T10_05,0.32381546153787083,0.4711758428808589,0.3253306374981756,prompt,True
3812,R10,P10,I05,T10_05,0.3561970076916579,0.4312780328997612,0.22040865456907244,prompt,True
3813,R10,P10,I05,T10_05,0.38857855384544504,0.6504054849334825,0.2375682838857133,prompt,True
3814,R10,P10,I05,T10_05,0.4209600999992321,0.4852389562732683,0.23061922574371602,prompt,True
3815,R10,P10,I05,T10_05,0.4533416461530192,0.48246981041733855,0.32893621945045937,prompt,True
3816,R10,P10,I05,T10_05,0.4857231923068063,0.08991403307165241,0.797533667131891,option_left,True
3817,R10,P10,I05,T10_05,0.5181047384605934,0.35374328687657075,0.8203448528032484,option_left,True
3818,R10,P10,I05,T10_05,0.5504862846143804,0.3034769422883524,0.6668387187073781,option_left,True
3819,R10,P10,I05,T10_05,0.5828678307681675,0.17242260157265515,0.8685126862748677,option_left,True
3820,R10,P10,I05,T10_05,0.6152493769219546,0.060525404078081685,0.7140121494432204,option_left,True
3821,R10,P10,I05,T10_05,0.6476309230757417,0.28554188937465086,0.7115807214697922,option_left,True
3822,R10,P10,I05,T10_05,0.6800124692295287,0.2680987978225152,0.7353649443146673,option_left,True
3823,R10,P10,I05,T10_05,0.7123940153833158,0.259550427168634,0.5586845051284444,option_left,True
3824,R10,P10,I05,T10_05,0.7447755615371029,0.24999577502037168,0.744851071621793,option_left,True
3825,R10,P10,I05,T10_05,0.7771571076908901,0.21675535765406856,0.8148269007667285,option_left,True
3826,R10,P10,I05,T10_05,0.8095386538446772,0.3439811227845514,0.7103230972879299,option_left,True
3827,R10,P10,I05,T10_05,0.8419201999984642,0.3608604963902464,0.7495873090234363,option_left,True
3828,R10,P10,I05,T10_05,0.8743017461522513,0.22567230777727412,0.8608143936227632,option_left,True
3829,R10,P10,I05,T10_05,0.9066832923060384,0.21898294727008166,0.6919843271748594,option_left,False
3830,R10,P10,I05,T10_05,0.9390648384598255,0.30536619685404487,0.7315443474163783,option_left,False
3831,R10,P10,I05,T10_05,0.9714463846136125,0.2631860246947826,0.7832586718565848,option_left,True
3832,R10,P10,I05,T10_05,1.0038279307673996,0.35563198407143043,0.6809650971981158,option_left,True
3833,R10,P10,I05,T10_05,1.0362094769211867,0.1568672105142502,0.6251904920246094,option_left,True
3834,R10,P10,I05,T10_05,1.0685910230749738,0.2708066556763378,0.7647691721049202,option_left,True
3835,R10,P10,I05,T10_05,1.1009725692287609,0.31365846447876794,0.798234289808009,option_left,True
3836,R10,P10,I05,T10_05,1.133354115382548,0.1825167769123363,0.7374819609106702,option_left,True
3837,R10,P10,I05,T10_05,1.165735661536335,0.2639706405677231,0.8116862825591779,option_left,True
3838,R10,P10,I05,T10_05,1.198117207690122,0.34986980197142653,0.7253525712823845,option_left,True
3839,R10,P10,I05,T10_05,1.2304987538439092,0.28434541727275703,0.7426586805629376,option_left,True
3840,R10,P10,I05,T10_05,1.2628802999976962,0.2254177909877881,0.6608781932867651,option_left,True
3841,R10,P10,I05,T10_05,1.2952618461514833,0.2812054340025014,0.7323865855028732,option_left,True
3842,R10,P10,I05,T10_05,1.3276433923052704,0.33517248410101497,0.6457393321929439,option_left,True
3843,R10,P10,I05,T10_05,1.3600249384590575,0.19705358794315478,0.7788992505527318,option_left,True
3844,R10,P10,I05,T10_05,1.3924064846128446,0.23707161370722585,0.7905974472445446,option_left,True
3845,R10,P10,I05,T10_05,1.4247880307666316,0.23596421091525513,0.7696725383698555,option_left,True
3846,R10,P10,I05,T10_05,1.4571695769204187,0.22070421848165678,0.7980680589251933,option_left,True
3847,R10,P10,I05,T10_05,1.4895511230742058,0.30440209661361994,0.7460733105967565,option_left,True
3848,R10,P10,I05,T10_05,1.5219326692279929,0.219745259704756,0.8955103634785089,option_left,True
3849,R10,P10,I05,T10_05,1.5543142153817802,0.2358148718305778,0.7134881616912294,option_left,True
3850,R10,P10,I05,T10_05,1.5866957615355672,0.32343974506669965,0.8438848928350864,option_left,True
3851,R10,P10,I06,T10_06,0.0,0.44668522885327133,0.24098739358511717,prompt,True
3852,R10,P10,I06,T10_06,0.034297523432428485,0.6251489448935835,0.20494248651507946,prompt,True
3853,R10,P10,I06,T10_06,0.06859504686485697,0.5239470179189155,0.2631923700575766,prompt,True
3854,R10,P10,I06,T10_06,0.10289257029728546,0.327063174473478,0.3898966628390339,prompt,True
3855,R10,P10,I06,T10_06,0.13719009372971394,0.24699989643418002,0.36879447635168366,prompt,True
3856,R10,P10,I06,T10_06,0.17148761716214242,0.4903556115170843,0.32571619020814774,prompt,True
3857,R10,P10,I06,T10_06,0.20578514059457093,0.5725297459281937,0.43594225887363103,prompt,True
3858,R10,P10,I06,T10_06,0.2400826640269994,0.45641358001272214,0.35026566031717316,prompt,True
3859,R10,P10,I06,T10_06,0.2743801874594279,0.7635092919100666,0.27212526244714186,prompt,True
3860,R10,P10,I06,T10_06,0.30867771089185636,0.5772516816274305,0.41513274090583935,prompt,True
3861,R10,P10,I06,T10_06,0.34297523432428484,0.4295370398518742,0.38482775598526164,prompt,True
3862,R10,P10,I06,T10_06,0.3772727577567133,0.4310420330352845,0.3296828567630249,prompt,True
3863,R10,P10,I06,T10_06,0.41157028118914185,0.5225324487318883,0.209179946823739,prompt,True
3864,R10,P10,I06,T10_06,0.44586780462157033,0.6096122283350738,0.15510598851318078,prompt,True
3865,R10,P10,I06,T10_06,0.4801653280539988,0.5802097536612703,0.32916410890334696,prompt,True
3866,R10,P10,I06,T10_06,0.5144628514864272,0.33007229717624204,0.7711176696168327,option_left,True
3867,R10,P10,I06,T10_06,0.5487603749188558,0.6951057961220329,0.7284916235680484,option_right,True
3868,R10,P10,I06,T10_06,0.5830578983512843,0.8475703321974183,0.8247023559149423,option_right,True
3869,R10,P10,I06,T10_06,0.6173554217837127,0.2619876157169674,0.6808699823335645,option_left,True
3870,R10,P10,I06,T10_06,0.6516529452161413,0.11146363106494164,0.764676676443671,option_left,True
3871,R10,P10,I06,T10_06,0.6859504686485697,0.28790020253238724,0.7805083561328608,option_left,True
3872,R10,P10,I06,T10_06,0.7202479920809982,0.8862406917657194,0.663284132222405,option_right,True
3873,R10,P10,I06,T10_06,0.7545455155134266,0.12406987726497884,0.7696032305954448,option_left,True
3874,R10,P10,I06,T10_06,0.7888430389458552,0.14392726890911783,0.6676044975494493,option_left,True
3875,R10,P10,I06,T10_06,0.8231405623782837,0.16894215869229007,0.717852195748846,option_left,True
3876,R10,P10,I06,T10_06,0.8574380858107121,0.2158227737195985,0.7417202438620694,option_left,True
3877,R10,P10,I06,T10_06,0.8917356092431407,0.827096802032449,0.7477595053937781,option_right,True
3878,R10,P10,I06,T10_06,0.9260331326755691,0.2931095426949392,0.9900062836829824,option_left,True
3879,R10,P10,I06,T10_06,0.9603306561079976,0.7147189458197802,0.8628233150575735,option_right,True
3880,R10,P10,I06,T10_06,0.994628179540426,0.479918089117329,0.6761770857748295,option_left,True
3881,R10,P10,I06,T10_06,1.0289257029728545,0.21814633595047395,0.8140821358290844,option_left,True
3882,R10,P10,I06,T10_06,1.063223226405283,0.27793377103666866,0.719709660668189,option_left,True
3883,R10,P10,I06,T10_06,1.0975207498377115,0.7690747627257176,0.812871116008693,option_right,True
3884,R10,P10,I06,T10_06,1.13181827327014,0.7570420382940521,0.7966868799499982,option_right,True
3885,R10,P10,I06,T10_06,1.1661157967025686,0.6039330626901047,0.7603697554095868,option_right,True
3886,R10,P10,I06,T10_06,1.200413320134997,0.8145726788869707,0.7415418802255557,option_right,True
3887,R10,P10,I06,T10_06,1.2347108435674254,0.6981753506289915,0.7862367925295308,option_right,True
3888,R10,P10,I06,T10_06,1.269008366999854,0.22517079938808687,0.6210406014650471,option_left,True
3889,R10,P10,I06,T10_06,1.3033058904322825,0.5954755307002253,0.7576417053441489,option_right,True
3890,R10,P10,I06,T10_06,1.3376034138647108,0.8012963198500128,0.7980041634792918,option_right,True
3891,R10,P10,I06,T10_06,1.3719009372971394,0.7632610940866679,0.6807166610022436,option_right,True
3892,R10,P10,I06,T10_06,1.406198460729568,0.29071826037421183,0.794314553629804,option_left,True
3893,R10,P10,I06,T10_06,1.4404959841619964,0.7049831912442506,0.755424571229424,option_right,True
3894,R10,P10,I06,T10_06,1.474793507594425,0.033906346509762514,0.6468924077888003,option_left,True
3895,R10,P10,I06,T10_06,1.5090910310268533,0.35359658420214674,0.8024248177451242,option_left,True
3896,R10,P10,I06,T10_06,1.5433885544592818,0.7458775573046963,0.6843701565961405,option_right,True
3897,R10,P10,I06,T10_06,1.5776860778917103,0.1620588777451415,0.7407692900485928,option_left,True
3898,R10,P10,I06,T10_06,1.6119836013241389,0.7410297680667747,0.7799568129944231,option_right,True
3899,R10,P10,I06,T10_06,1.6462811247565674,0.8170313278548391,0.6796607921329815,option_right,True
3900,R10,P10,I06,T10_06,1.6805786481889957,0.7230300762462506,0.7064094837021252,option_right,True
3901,R10,P10,I07,T10_07,0.0,0.5549675084827026,0.3308403176153307,prompt,True
3902,R10,P10,I07,T10_07,0.04056736928591885,0.47276726635824073,0.2646568433795581,prompt,True
3903,R10,P10,I07,T10_07,0.0811347385718377,0.48273441560014885,0.21239840158962225,prompt,True
3904,R10,P10,I07,T10_07,0.12170210785775655,0.4372140170428668,0.2165364064157632,prompt,True
3905,R10,P10,I07,T10_07,0.1622694771436754,0.5005334799116301,0.28587137507127414,prompt,False
3906,R10,P10,I07,T10_07,0.20283684642959426,0.5535937133363502,0.25496632603187064,prompt,True
3907,R10,P10,I07,T10_07,0.2434042157155131,0.5929861169399007,0.29065601209880965,prompt,True
3908,R10,P10,I07,T10_07,0.28397158500143194,0.7618783496640553,0.2229205041589876,prompt,True
3909,R10,P10,I07,T10_07,0.3245389542873508,0.4027352097397236,0.28852721132823483,prompt,True
3910,R10,P10,I07,T10_07,0.36510632357326966,0.45957159841530704,0.2649159396902463,prompt,True
3911,R10,P10,I07,T10_07,0.40567369285918853,0.517868055856051,0.377484966241082,prompt,True
3912,R10,P10,I07,T10_07,0.44624106214510734,0.45951162512102817,0.2549561258063588,prompt,True
3913,R10,P10,I07,T10_07,0.4868084314310262,0.5458647140262365,0.37586926678284294,prompt,True
3914,R10,P10,I07,T10_07,0.527375800716945,0.5841612953046187,0.15010977673693127,prompt,True
3915,R10,P10,I07,T10_07,0.5679431700028639,0.4325203662414748,0.08885243240223384,prompt,True
3916,R10,P10,I07,T10_07,0.6085105392887827,0.8998262549749794,0.7345766602638202,option_right,True
3917,R10,P10,I07,T10_07,0.6490779085747016,0.1586044072124077,0.7530753393831155,option_left,True
3918,R10,P10,I07,T10_07,0.6896452778606205,0.19636618207156192,0.7577104565438226,option_left,True
3919,R10,P10,I07,T10_07,0.7302126471465393,0.7974055089794649,0.8594898785986635,option_right,True
3920,R10,P10,I07,T10_07,0.7707800164324582,0.8280530619019891,0.6950392203912523,option_right,True
3921,R10,P10,I07,T10_07,0.8113473857183771,0.1946207901507463,1.0,option_left,True
3922,R10,P10,I07,T10_07,0.8519147550042958,0.2721491809092859,0.7055177963250473,option_left,True
3923,R10,P10,I07,T10_07,0.8924821242902147,0.15273400746452115,0.6885555692958113,option_left,True
3924,R10,P10,I07,T10_07,0.9330494935761335,0.3202655819976137,0.7821219181751702,option_left,True
3925,R10,P10,I07,T10_07,0.9736168628620524,0.34450494462310977,0.7795223367619221,option_left,True
3926,R10,P10,I07,T10_07,1.0141842321479713,0.7302816474314208,0.7102311002962269,option_right,True
3927,R10,P10,I07,T10_07,1.05475160143389,0.8323083534855253,0.976384525509796,option_right,True
3928,R10,P10,I07,T10_07,1.095318970719809,0.2218422010413423,0.6648700122081911,option_left,True
3929,R10,P10,I07,T10_07,1.1358863400057277,0.7187668512540852,0.8436602917252873,option_right,True
3930,R10,P10,I07,T10_07,1.1764537092916467,0.6557172316276395,0.7548457444606367,option_right,True
3931,R10,P10,I07,T10_07,1.2170210785775655,0.27262161138807184,0.704378554453455,option_left,True
3932,R10,P10,I07,T10_07,1.2575884478634844,0.32567356346502485,0.7820677303432148,option_left,True
3933,R10,P10,I07,T10_07,1.2981558171494032,0.17971344475507584,0.8615508581065396,option_left,True
3934,R10,P10,I07,T10_07,1.338723186435322,0.6272876267838913,0.6340600861842522,option_right,True
3935,R10,P10,I07,T10_07,1.379290555721241,0.34279820588420207,0.6996028335193389,option_left,True
3936,R10,P10,I07,T10_07,1.4198579250071597,0.23801163180984572,0.7414935600513939,option_left,True
3937,R10,P10,I07,T10_07,1.4604252942930787,0.9491767432792974,0.6760782161858698,option_right,False
3938,R10,P10,I07,T10_07,1.5009926635789974,0.2618134437570969,0.7815322107201332,option_left,False
3939,R10,P10,I07,T10_07,1.5415600328649164,0.7324921597501741,0.7399083699098358,option_right,True
3940,R10,P10,I07,T10_07,1.5821274021508351,0.778278815448028,0.7317059820413196,option_right,True
3941,R10,P10,I07,T10_07,1.6226947714367541,0.8099769115005693,0.7322628725972531,option_right,True
3942,R10,P10,I07,T10_07,1.6632621407226729,0.3503973253834696,0.7587909991128403,option_left,True
3943,R10,P10,I07,T10_07,1.7038295100085916,0.6483662809397543,0.7137995677156651,option_right,True
3944,R10,P10,I07,T10_07,1.7443968792945106,0.2626584279271244,0.7759905674308255,option_left,True
3945,R10,P10,I07,T10_07,1.7849642485804293,0.21391446491240518,0.7368933638189833,option_left,True
3946,R10,P10,I07,T10_07,1.8255316178663483,0.7001154575471144,0.7068388508388741,option_right,True
3947,R10,P10,I07,T10_07,1.866098987152267,0.23696736176621072,0.7502359837539023,option_left,True
3948,R10,P10,I07,T10_07,1.906666356438186,0.7252204504995978,0.6882299536042724,option_right,True
3949,R10,P10,I07,T10_07,1.9472337257241048,0.27614927378384263,0.7181178539678422,option_left,True
3950,R10,P10,I07,T10_07,1.9878010950100236,0.7272664867482294,0.7953900166309461,option_right,True
3951,R10,P10,I08,T10_08,0.0,0.5027229738330945,0.291063381276189,prompt,True
3952,R10,P10,I08,T10_08,0.03288378422599218,0.5894190836573812,0.20565738268855993,prompt,True
3953,R10,P10,I08,T10_08,0.06576756845198437,0.38423545169233797,0.31867427972711426,prompt,True
3954,R10,P10,I08,T10_08,0.09865135267797655,0.35462363421172716,0.3398142839180094,prompt,True
3955,R10,P10,I08,T10_08,0.13153513690396873,0.2824976230090247,0.2298472090973912,prompt,True
3956,R10,P10,I08,T10_08,0.16441892112996093,0.19519666298423377,0.2974063500859984,prompt,True
3957,R10,P10,I08,T10_08,0.1973027053559531,0.4595964836016553,0.1864552712129603,prompt,True
3958,R10,P10,I08,T10_08,0.23018648958194526,0.4135773384228058,0.32534366189813096,prompt,True
3959,R10,P10,I08,T10_08,0.26307027380793746,0.46703176431820725,0.2923860575371301,prompt,True
3960,R10,P10,I08,T10_08,0.29595405803392966,0.45630332282920427,0.2528633553537268,prompt,True
3961,R10,P10,I08,T10_08,0.32883784225992185,0.5280549849832072,0.18707860277828195,prompt,True
3962,R10,P10,I08,T10_08,0.361721626485914,0.5670639416263753,0.14913976044810573,prompt,True
3963,R10,P10,I08,T10_08,0.3946054107119062,0.6093253944861149,0.2044240984233156,prompt,True
3964,R10,P10,I08,T10_08,0.4274891949378984,0.5111878071342575,0.3452387309383308,prompt,True
3965,R10,P10,I08,T10_08,0.46037297916389053,0.353790651006338,0.31631366987908505,prompt,True
3966,R10,P10,I08,T10_08,0.4932567633898827,0.6470660603336295,0.7843526428587726,option_right,True
3967,R10,P10,I08,T10_08,0.5261405476158749,0.7910182556264431,0.6508301212106022,option_right,True
3968,R10,P10,I08,T10_08,0.5590243318418671,0.8625200065371796,0.7596718262005391,option_right,True
3969,R10,P10,I08,T10_08,0.5919081160678593,0.7504607953284155,0.7299626808701571,option_right,True
3970,R10,P10,I08,T10_08,0.6247919002938515,0.7775970616138277,0.651841312575186,option_right,True
3971,R10,P10,I08,T10_08,0.6576756845198437,0.7866768577996709,0.8155779543734765,option_right,True
3972,R10,P10,I08,T10_08,0.6905594687458358,0.7929343996202832,0.689735648624168,option_right,True
3973,R10,P10,I08,T10_08,0.723443252971828,0.7465261330084568,0.8066022530324444,option_right,True
3974,R10,P10,I08,T10_08,0.7563270371978202,0.7861749375265765,0.6317769132988411,option_right,True
3975,R10,P10,I08,T10_08,0.7892108214238124,0.7112486721556686,0.6519209541235392,option_right,True
3976,R10,P10,I08,T10_08,0.8220946056498045,0.7653982404119718,0.8185986005871713,option_right,True
3977,R10,P10,I08,T10_08,0.8549783898757968,0.6109260313592535,0.9259776424316015,option_right,True
3978,R10,P10,I08,T10_08,0.8878621741017889,0.751724211240293,0.9530238720010981,option_right,True
3979,R10,P10,I08,T10_08,0.9207459583277811,0.696092116420654,0.6912267642245864,option_right,True
3980,R10,P10,I08,T10_08,0.9536297425537733,0.7573255242632169,0.6396898956813545,option_right,True
3981,R10,P10,I08,T10_08,0.9865135267797654,0.8803097443207208,0.8610851880982568,option_right,True
3982,R10,P10,I08,T10_08,1.0193973110057577,0.7984358827780429,0.5798134136798558,option_right,True
3983,R10,P10,I08,T10_08,1.0522810952317498,0.860316255872259,0.7052234678769492,option_right,True
3984,R10,P10,I08,T10_08,1.085164879457742,0.8538261418313889,0.6455153603100366,option_right,True
3985,R10,P10,I08,T10_08,1.1180486636837341,0.6772782984246605,0.7084363251803677,option_right,True
3986,R10,P10,I08,T10_08,1.1509324479097265,0.7223702993480563,0.783348711365641,option_right,True
3987,R10,P10,I08,T10_08,1.1838162321357186,0.7482440481439743,0.6199908513638989,option_right,True
3988,R10,P10,I08,T10_08,1.2167000163617108,0.6917182290831123,0.8644515629525292,option_right,True
3989,R10,P10,I08,T10_08,1.249583800587703,0.7177498362545376,0.796455919583609,option_right,True
3990,R10,P10,I08,T10_08,1.282467584813695,0.7658181870222323,0.8871871319338441,option_right,True
3991,R10,P10,I08,T10_08,1.3153513690396874,0.7069957885471038,0.7458005277107547,option_right,True
3992,R10,P10,I08,T10_08,1.3482351532656796,0.7419624455905459,0.8182878723858753,option_right,True
3993,R10,P10,I08,T10_08,1.3811189374916717,0.7445513217610497,0.7349034521445221,option_right,True
3994,R10,P10,I08,T10_08,1.4140027217176638,0.7450222277508763,0.7937313661904494,option_right,True
3995,R10,P10,I08,T10_08,1.446886505943656,0.692067954468343,0.7414079033074479,option_right,True
3996,R10,P10,I08,T10_08,1.4797702901696481,0.7532919203123571,0.8594989093019059,option_right,True
3997,R10,P10,I08,T10_08,1.5126540743956405,0.7520765180296899,0.861204891469073,option_right,True
3998,R10,P10,I08,T10_08,1.5455378586216326,0.7695112400939393,0.7143966496544389,option_right,False
3999,R10,P10,I08,T10_08,1.5784216428476248,0.8142622686280038,0.7361392023541741,option_right,True
4000,R10,P10,I08,T10_08,1.611305427073617,0.6930444540784538,0.7310463523846176,option_right,True
4001,R11,P11,I01,T11_01,0.0,0.5609878573471081,0.22534448261622114,prompt,True
4002,R11,P11,I01,T11_01,0.022588505252562112,0.5159562719856118,0.3712506286671078,prompt,True
4003,R11,P11,I01,T11_01,0.045177010505124224,0.4525654744734272,0.2535626423412488,prompt,True
4004,R11,P11,I01,T11_01,0.06776551575768633,0.5318082834545987,0.29573034037571205,prompt,True
4005,R11,P11,I01,T11_01,0.09035402101024845,0.5413181261225313,0.10344546636840021,prompt,True
4006,R11,P11,I01,T11_01,0.11294252626281057,0.5721794731729364,0.25221282371645687,prompt,True
4007,R11,P11,I01,T11_01,0.13553103151537266,0.43395388981482425,0.1320440253620518,prompt,True
4008,R11,P11,I01,T11_01,0.15811953676793478,0.5033275536050728,0.22669884031019621,prompt,True
4009,R11,P11,I01,T11_01,0.1807080420204969,0.4180279722986372,0.4086266578596205,prompt,True
4010,R11,P11,I01,T11_01,0.20329654727305901,0.49956998136995384,0.15309405689291988,prompt,True
4011,R11,P11,I01,T11_01,0.22588505252562113,0.5451049223387738,0.17912422447030074,prompt,True
4012,R11,P11,I01,T11_01,0.24847355777818322,0.5763435744783519,0.35004421739729175,prompt,True
4013,R11,P11,I01,T11_01,0.2710620630307453,0.6441247138780961,0.2158644533674454,prompt,True
4014,R11,P11,I01,T11_01,0.29365056828330743,0.5867917854959706,0.07695096023569431,prompt,True
4015,R11,P11,I01,T11_01,0.31623907353586955,0.4170980768029112,0.3162335499654114,prompt,True
4016,R11,P11,I01,T11_01,0.33882757878843167,0.10579029984295196,0.8078853989531027,option_left,True
4017,R11,P11,I01,T11_01,0.3614160840409938,0.3105493537089136,0.7836420720051395,option_left,True
4018,R11,P11,I01,T11_01,0.3840045892935559,0.34271819378302326,0.798396413870452,option_left,True
4019,R11,P11,I01,T11_01,0.40659309454611803,0.2334659600159511,0.667335080560745,option_left,True
4020,R11,P11,I01,T11_01,0.42918159979868015,0.2888242114652412,0.6802313442900376,option_left,True
4021,R11,P11,I01,T11_01,0.45177010505124227,0.1669716542315997,0.8498066130474577,option_left,True
4022,R11,P11,I01,T11_01,0.47435861030380433,0.34123422104328155,0.7281615627003203,option_left,True
4023,R11,P11,I01,T11_01,0.49694711555636645,0.153476123597074,0.7510015119247813,option_left,True
4024,R11,P11,I01,T11_01,0.5195356208089286,0.3344882928972692,0.9058530904367873,option_left,True
4025,R11,P11,I01,T11_01,0.5421241260614906,0.2557201389741048,0.6644047746145578,option_left,True
4026,R11,P11,I01,T11_01,0.5647126313140528,0.12119452596640834,0.7162238084401316,option_left,False
4027,R11,P11,I01,T11_01,0.5873011365666149,0.3030933529198812,0.6516016690935984,option_left,True
4028,R11,P11,I01,T11_01,0.609889641819177,0.27287041170715626,0.7433080852333981,option_left,True
4029,R11,P11,I01,T11_01,0.6324781470717391,0.26358391110815926,0.9089191349944535,option_left,True
4030,R11,P11,I01,T11_01,0.6550666523243013,0.22940729715435365,0.8412429328115608,option_left,True
4031,R11,P11,I01,T11_01,0.6776551575768633,0.22473669334818225,0.754568175433655,option_left,True
4032,R11,P11,I01,T11_01,0.7002436628294255,0.3340887102291523,0.601555935790471,option_left,True
4033,R11,P11,I01,T11_01,0.7228321680819876,0.2535343589219358,0.7335467242894225,option_left,True
4034,R11,P11,I01,T11_01,0.7454206733345496,0.3931105603299947,0.7933327571610397,option_left,False
4035,R11,P11,I01,T11_01,0.7680091785871118,0.1513777553431017,0.8420872974618266,option_left,True
4036,R11,P11,I01,T11_01,0.7905976838396739,0.12746363370051428,0.7240885215066977,option_left,True
4037,R11,P11,I01,T11_01,0.8131861890922361,0.23902374209206545,0.7119563876749614,option_left,True
4038,R11,P11,I01,T11_01,0.8357746943447981,0.252833829483811,0.8001992676106058,option_left,True
4039,R11,P11,I01,T11_01,0.8583631995973603,0.3168984833650853,0.6413940582690234,option_left,True
4040,R11,P11,I01,T11_01,0.8809517048499224,0.11947466489632488,0.7772095878477051,option_left,True
4041,R11,P11,I01,T11_01,0.9035402101024845,0.3245719815115096,0.7751830776355904,option_left,True
4042,R11,P11,I01,T11_01,0.9261287153550466,0.21610545667366646,0.6458572419313645,option_left,True
4043,R11,P11,I01,T11_01,0.9487172206076087,0.17789208859918704,0.8263002884208368,option_left,True
4044,R11,P11,I01,T11_01,0.9713057258601708,0.26826773221754874,0.7463419618324234,option_left,True
4045,R11,P11,I01,T11_01,0.9938942311127329,0.31223315612223745,0.6594235186928361,option_left,True
4046,R11,P11,I01,T11_01,1.016482736365295,0.2564986575574025,0.7727223057719993,option_left,True
4047,R11,P11,I01,T11_01,1.0390712416178571,0.22184732007854702,0.6678022886841435,option_left,True
4048,R11,P11,I01,T11_01,1.0616597468704192,0.036943724488832236,0.7610096749318312,option_left,True
4049,R11,P11,I01,T11_01,1.0842482521229813,0.24619177925487562,0.9713417604291176,option_left,True
4050,R11,P11,I01,T11_01,1.1068367573755435,0.17257807114811172,0.6778288939253269,option_left,True
4051,R11,P11,I02,T11_02,0.0,0.38870661268502804,0.09934812619143457,prompt,True
4052,R11,P11,I02,T11_02,0.019999405001856402,0.4505172482658428,0.24380688663795336,prompt,True
4053,R11,P11,I02,T11_02,0.039998810003712804,0.4714933728528965,0.29752806171281665,prompt,True
4054,R11,P11,I02,T11_02,0.059998215005569205,0.5836710809937087,0.2694338067788175,prompt,True
4055,R11,P11,I02,T11_02,0.07999762000742561,0.6134833743460792,0.16792754970478374,prompt,True
4056,R11,P11,I02,T11_02,0.09999702500928201,0.5319834350469358,0.26495644991461886,prompt,True
4057,R11,P11,I02,T11_02,0.11999643001113841,0.2674939708419485,0.23801932467167464,prompt,True
4058,R11,P11,I02,T11_02,0.1399958350129948,0.5481555858776027,0.20274273508485025,prompt,True
4059,R11,P11,I02,T11_02,0.15999524001485121,0.7262985227100361,0.2138096088499265,prompt,True
4060,R11,P11,I02,T11_02,0.17999464501670762,0.5572797333190115,0.23029546854545035,prompt,True
4061,R11,P11,I02,T11_02,0.19999405001856402,0.46729830188259625,0.24745495836034492,prompt,True
4062,R11,P11,I02,T11_02,0.21999345502042042,0.5572889496183555,0.28460879441207965,prompt,True
4063,R11,P11,I02,T11_02,0.23999286002227682,0.4722611611139893,0.3415952120183342,prompt,True
4064,R11,P11,I02,T11_02,0.2599922650241332,0.46916410013754106,0.21622194646263349,prompt,True
4065,R11,P11,I02,T11_02,0.2799916700259896,0.4197561279784223,0.341903541435441,prompt,True
4066,R11,P11,I02,T11_02,0.29999107502784605,0.6988211440714505,0.6504909582644053,option_right,True
4067,R11,P11,I02,T11_02,0.31999048002970243,0.7773379108855101,0.6636185950099069,option_right,True
4068,R11,P11,I02,T11_02,0.3399898850315588,0.8323761300630701,0.6969981539335597,option_right,True
4069,R11,P11,I02,T11_02,0.35998929003341523,0.8646566936345268,0.8321117908354554,option_right,True
4070,R11,P11,I02,T11_02,0.37998869503527166,0.9705230889856988,0.6928818535074276,option_right,True
4071,R11,P11,I02,T11_02,0.39998810003712804,0.818384077912335,0.65895100940777,option_right,True
4072,R11,P11,I02,T11_02,0.4199875050389844,0.7553414649721993,0.7924539579001043,option_right,True
4073,R11,P11,I02,T11_02,0.43998691004084084,0.7764552083296242,0.8430304058372022,option_right,True
4074,R11,P11,I02,T11_02,0.45998631504269727,0.7835884377750971,0.6836892228578957,option_right,True
4075,R11,P11,I02,T11_02,0.47998572004455364,0.8054881123163399,0.7118117403576559,option_right,True
4076,R11,P11,I02,T11_02,0.49998512504641,0.6220102934086825,0.7296404352183588,option_right,True
4077,R11,P11,I02,T11_02,0.5199845300482664,0.7525649283503051,0.8311373755220546,option_right,True
4078,R11,P11,I02,T11_02,0.5399839350501229,0.6894634801102862,0.6762292400020179,option_right,True
4079,R11,P11,I02,T11_02,0.5599833400519793,0.7857700203867485,0.7965775291136772,option_right,True
4080,R11,P11,I02,T11_02,0.5799827450538356,0.9002992240130314,0.732217108633109,option_right,True
4081,R11,P11,I02,T11_02,0.5999821500556921,0.8381750031293745,0.7666506517866417,option_right,True
4082,R11,P11,I02,T11_02,0.6199815550575485,0.7224482295027708,0.829603861261623,option_right,True
4083,R11,P11,I02,T11_02,0.6399809600594049,0.6484325950770189,0.6563475398705994,option_right,True
4084,R11,P11,I02,T11_02,0.6599803650612612,0.8685459915913019,0.7842926403021737,option_right,True
4085,R11,P11,I02,T11_02,0.6799797700631176,0.6687748933266007,0.7960141157510539,option_right,True
4086,R11,P11,I02,T11_02,0.6999791750649741,0.7255289432548436,0.6805234617320348,option_right,True
4087,R11,P11,I02,T11_02,0.7199785800668305,0.6910713370222863,0.7769405060682407,option_right,True
4088,R11,P11,I02,T11_02,0.7399779850686868,0.7716603676335114,0.8713194342190339,option_right,True
4089,R11,P11,I02,T11_02,0.7599773900705433,0.7126263188514128,0.758807327076785,option_right,True
4090,R11,P11,I02,T11_02,0.7799767950723997,0.8846590924073978,0.6969161593319707,option_right,True
4091,R11,P11,I02,T11_02,0.7999762000742561,0.8342383651237898,0.6585693024520954,option_right,True
4092,R11,P11,I02,T11_02,0.8199756050761124,0.6990185131558126,0.7882680773952788,option_right,True
4093,R11,P11,I02,T11_02,0.8399750100779688,0.6924082267852436,0.8187558296419765,option_right,True
4094,R11,P11,I02,T11_02,0.8599744150798253,0.674140860320409,0.8187092262710569,option_right,True
4095,R11,P11,I02,T11_02,0.8799738200816817,0.6129195804410397,0.7914056384027472,option_right,True
4096,R11,P11,I02,T11_02,0.899973225083538,0.6336166796177577,0.7410795796096943,option_right,True
4097,R11,P11,I02,T11_02,0.9199726300853945,0.8599101117377693,0.7568742089629712,option_right,True
4098,R11,P11,I02,T11_02,0.9399720350872509,0.6824723644809125,0.888048582194721,option_right,True
4099,R11,P11,I02,T11_02,0.9599714400891073,0.6693683676514787,0.8037327375718486,option_right,True
4100,R11,P11,I02,T11_02,0.9799708450909637,0.7641044733752281,0.6245447191906078,option_right,True
4101,R11,P11,I03,T11_03,0.0,0.528892876474516,0.22931323806568726,prompt,True
4102,R11,P11,I03,T11_03,0.026720913427450314,0.3510699005552044,0.2046361225672223,prompt,True
4103,R11,P11,I03,T11_03,0.05344182685490063,0.38641938983730956,0.26436895561800144,prompt,True
4104,R11,P11,I03,T11_03,0.08016274028235094,0.570109462086987,0.19026845145896626,prompt,True
4105,R11,P11,I03,T11_03,0.10688365370980125,0.4008603468342848,0.2069640259476306,prompt,True
4106,R11,P11,I03,T11_03,0.13360456713725158,0.4361030908215102,0.23999467974238142,prompt,True
4107,R11,P11,I03,T11_03,0.1603254805647019,0.27713471720148164,0.33321071667855656,prompt,True
4108,R11,P11,I03,T11_03,0.1870463939921522,0.3539933184625721,0.31898379578217373,prompt,True
4109,R11,P11,I03,T11_03,0.2137673074196025,0.550363438065487,0.31608788136142585,prompt,True
4110,R11,P11,I03,T11_03,0.24048822084705282,0.4319743140432761,0.3234507571695327,prompt,True
4111,R11,P11,I03,T11_03,0.26720913427450316,0.48651083243558013,0.35691039184592405,prompt,True
4112,R11,P11,I03,T11_03,0.29393004770195347,0.42170881146862393,0.39446520354424486,prompt,True
4113,R11,P11,I03,T11_03,0.3206509611294038,0.4895855353364293,0.2835428963873445,prompt,True
4114,R11,P11,I03,T11_03,0.3473718745568541,0.4433232448060116,0.16689943118204398,prompt,True
4115,R11,P11,I03,T11_03,0.3740927879843044,0.4504579423843031,0.12946256205365314,prompt,True
4116,R11,P11,I03,T11_03,0.4008137014117547,0.1763864584806092,0.9014574155983086,option_left,True
4117,R11,P11,I03,T11_03,0.427534614839205,0.31109819195815996,0.7154327005965897,option_left,True
4118,R11,P11,I03,T11_03,0.45425552826665533,0.37340941634305713,0.7914751110445742,option_left,False
4119,R11,P11,I03,T11_03,0.48097644169410564,0.2173772675453115,0.7159753411556238,option_left,True
4120,R11,P11,I03,T11_03,0.507697355121556,0.1873860277716476,0.7793787577661101,option_left,True
4121,R11,P11,I03,T11_03,0.5344182685490063,0.346153809866401,0.7170046061524961,option_left,True
4122,R11,P11,I03,T11_03,0.5611391819764566,0.17562383531180836,0.8162757811815905,option_left,True
4123,R11,P11,I03,T11_03,0.5878600954039069,0.2126678198842436,0.7614530931506549,option_left,True
4124,R11,P11,I03,T11_03,0.6145810088313572,0.321618321569426,0.8019574412362042,option_left,True
4125,R11,P11,I03,T11_03,0.6413019222588076,0.30212716214470053,0.7083688198213727,option_left,True
4126,R11,P11,I03,T11_03,0.6680228356862579,0.304501227547573,0.6701039248748567,option_left,True
4127,R11,P11,I03,T11_03,0.6947437491137082,0.26487449403794133,0.5975854834371525,option_left,True
4128,R11,P11,I03,T11_03,0.7214646625411585,0.21742423535539585,0.6886086292358551,option_left,False
4129,R11,P11,I03,T11_03,0.7481855759686088,0.14633224849353063,0.7134106802306425,option_left,True
4130,R11,P11,I03,T11_03,0.7749064893960591,0.1896704942296648,0.7756982995397332,option_left,False
4131,R11,P11,I03,T11_03,0.8016274028235094,0.14048603706509535,0.6478070275700375,option_left,True
4132,R11,P11,I03,T11_03,0.8283483162509597,0.19589742510874886,0.7247671580765352,option_left,True
4133,R11,P11,I03,T11_03,0.85506922967841,0.3616993344366615,0.8031416678500374,option_left,True
4134,R11,P11,I03,T11_03,0.8817901431058603,0.25920196907561655,0.8454206605024152,option_left,True
4135,R11,P11,I03,T11_03,0.9085110565333107,0.29764538736895274,0.6610711438154112,option_left,True
4136,R11,P11,I03,T11_03,0.935231969960761,0.1723428475477123,0.8250706039243779,option_left,True
4137,R11,P11,I03,T11_03,0.9619528833882113,0.3096524492922905,0.8282904809852416,option_left,True
4138,R11,P11,I03,T11_03,0.9886737968156616,0.40839839509864045,0.8433794105250666,option_left,True
4139,R11,P11,I03,T11_03,1.015394710243112,0.2923050543202515,0.6685837170283795,option_left,True
4140,R11,P11,I03,T11_03,1.0421156236705622,0.4345206629571278,0.5407458897647242,option_left,True
4141,R11,P11,I03,T11_03,1.0688365370980126,0.30332906540021637,0.704880226928176,option_left,True
4142,R11,P11,I03,T11_03,1.0955574505254628,0.2120254593250866,0.8192629627116187,option_left,True
4143,R11,P11,I03,T11_03,1.1222783639529132,0.22497846969753008,0.7262837658287421,option_left,True
4144,R11,P11,I03,T11_03,1.1489992773803634,0.20168591570953198,0.8362638508174091,option_left,True
4145,R11,P11,I03,T11_03,1.1757201908078139,0.2495427557382966,0.8751757423847097,option_left,True
4146,R11,P11,I03,T11_03,1.202441104235264,0.13053719171774528,0.7385795735437168,option_left,True
4147,R11,P11,I03,T11_03,1.2291620176627145,0.19500104516027428,0.8208409542326975,option_left,True
4148,R11,P11,I03,T11_03,1.2558829310901647,0.31964867644922995,0.7251417024934235,option_left,True
4149,R11,P11,I03,T11_03,1.282603844517615,0.386793715471494,0.8536126844421408,option_left,True
4150,R11,P11,I03,T11_03,1.3093247579450653,0.21167739262751428,0.7634601371017875,option_left,False
4151,R11,P11,I04,T11_04,0.0,0.5411975722960957,0.20856876560270876,prompt,True
4152,R11,P11,I04,T11_04,0.01959355323893001,0.4145561614918294,0.29347755940576226,prompt,True
4153,R11,P11,I04,T11_04,0.03918710647786002,0.42899950102213147,0.33752330898746524,prompt,True
4154,R11,P11,I04,T11_04,0.05878065971679003,0.38847478723064865,0.255243674912532,prompt,True
4155,R11,P11,I04,T11_04,0.07837421295572004,0.5555538550981998,0.16437435111193777,prompt,True
4156,R11,P11,I04,T11_04,0.09796776619465006,0.444264034322835,0.30175415945593914,prompt,True
4157,R11,P11,I04,T11_04,0.11756131943358006,0.6320191522203373,0.2730984838207532,prompt,True
4158,R11,P11,I04,T11_04,0.1371548726725101,0.5730198343435318,0.3466781613474968,prompt,True
4159,R11,P11,I04,T11_04,0.1567484259114401,0.6674848229277215,0.41428663262021537,prompt,True
4160,R11,P11,I04,T11_04,0.1763419791503701,0.3495621010189957,0.37254729840695444,prompt,True
4161,R11,P11,I04,T11_04,0.19593553238930012,0.7261078315052741,0.1419465932198441,prompt,True
4162,R11,P11,I04,T11_04,0.21552908562823012,0.46827659876201655,0.20534693828994321,prompt,True
4163,R11,P11,I04,T11_04,0.23512263886716012,0.33977726844132494,0.3154541049656352,prompt,True
4164,R11,P11,I04,T11_04,0.25471619210609014,0.45742669578047207,0.2930693975787364,prompt,True
4165,R11,P11,I04,T11_04,0.2743097453450202,0.4902693170989718,0.1966581848759098,prompt,True
4166,R11,P11,I04,T11_04,0.29390329858395015,0.890720232314079,0.7787998207304587,option_right,True
4167,R11,P11,I04,T11_04,0.3134968518228802,0.969669386121572,0.7263818043919379,option_right,True
4168,R11,P11,I04,T11_04,0.3330904050618102,0.766618313501696,0.8864714651003591,option_right,True
4169,R11,P11,I04,T11_04,0.3526839583007402,0.7743518820210338,0.7399456142734855,option_right,True
4170,R11,P11,I04,T11_04,0.3722775115396702,0.8090082829586493,0.7251755259535566,option_right,True
4171,R11,P11,I04,T11_04,0.39187106477860023,0.7374293961110946,0.7829189556118916,option_right,True
4172,R11,P11,I04,T11_04,0.4114646180175302,0.656268539814548,0.8128576941312415,option_right,True
4173,R11,P11,I04,T11_04,0.43105817125646023,0.6331271202597079,0.8238819842578875,option_right,True
4174,R11,P11,I04,T11_04,0.45065172449539026,0.7622362896560668,0.6829448870947433,option_right,True
4175,R11,P11,I04,T11_04,0.47024527773432023,0.6535651782997264,0.7258810455837741,option_right,True
4176,R11,P11,I04,T11_04,0.48983883097325026,0.6759281668288597,0.7537016185735078,option_right,True
4177,R11,P11,I04,T11_04,0.5094323842121803,0.6080057969657737,0.9096407496710183,option_right,True
4178,R11,P11,I04,T11_04,0.5290259374511103,0.7374457507094219,0.9010852949074044,option_right,True
4179,R11,P11,I04,T11_04,0.5486194906900403,0.6323243754868352,0.713966777082144,option_right,True
4180,R11,P11,I04,T11_04,0.5682130439289703,0.7195005270854297,0.5874234080424341,option_right,True
4181,R11,P11,I04,T11_04,0.5878065971679003,0.7001703843111227,0.7387579282929905,option_right,True
4182,R11,P11,I04,T11_04,0.6074001504068304,0.7643234587369261,0.7408528580523934,option_right,True
4183,R11,P11,I04,T11_04,0.6269937036457603,0.7464263909345715,0.7106608223116795,option_right,True
4184,R11,P11,I04,T11_04,0.6465872568846903,0.7976819858718407,0.8323917504234538,option_right,True
4185,R11,P11,I04,T11_04,0.6661808101236204,0.7479977015393436,0.7093590046920412,option_right,True
4186,R11,P11,I04,T11_04,0.6857743633625504,0.7191103632585438,0.6830556554478752,option_right,True
4187,R11,P11,I04,T11_04,0.7053679166014803,0.7615105699105451,0.822150337241596,option_right,False
4188,R11,P11,I04,T11_04,0.7249614698404104,0.7759384581235718,0.7043285513274997,option_right,True
4189,R11,P11,I04,T11_04,0.7445550230793404,0.6211857049743317,0.7378329174651527,option_right,True
4190,R11,P11,I04,T11_04,0.7641485763182704,0.8134783081144941,0.5711145121402299,option_right,True
4191,R11,P11,I04,T11_04,0.7837421295572005,0.6370399202336777,0.7944466547163583,option_right,True
4192,R11,P11,I04,T11_04,0.8033356827961304,0.7862531456716475,0.7121665497777879,option_right,True
4193,R11,P11,I04,T11_04,0.8229292360350604,0.9264928756558072,0.8340667006042257,option_right,True
4194,R11,P11,I04,T11_04,0.8425227892739905,0.6006698503126072,0.689212143851546,option_right,True
4195,R11,P11,I04,T11_04,0.8621163425129205,0.8227221837640789,0.8467934945033787,option_right,True
4196,R11,P11,I04,T11_04,0.8817098957518504,0.8098175489035616,0.7830545597250308,option_right,True
4197,R11,P11,I04,T11_04,0.9013034489907805,0.7375962701305292,0.7638903123952758,option_right,True
4198,R11,P11,I04,T11_04,0.9208970022297105,0.748835225110808,0.8188018972400881,option_right,True
4199,R11,P11,I04,T11_04,0.9404905554686405,0.7293148863326172,0.8192577395337256,option_right,True
4200,R11,P11,I04,T11_04,0.9600841087075705,0.8007548513635017,0.6840588466901896,option_right,True
4201,R11,P11,I05,T11_05,0.0,0.4855393630133258,0.26395114343320825,prompt,True
4202,R11,P11,I05,T11_05,0.02995097043619128,0.5003224038262911,0.25752175890207113,prompt,True
4203,R11,P11,I05,T11_05,0.05990194087238256,0.41241661256551043,0.29954941069856456,prompt,True
4204,R11,P11,I05,T11_05,0.08985291130857384,0.5167393231345817,0.26750995759951557,prompt,True
4205,R11,P11,I05,T11_05,0.11980388174476513,0.41935084176269133,0.2801217607382209,prompt,True
4206,R11,P11,I05,T11_05,0.1497548521809564,0.5543988944965914,0.4090132434266157,prompt,True
4207,R11,P11,I05,T11_05,0.17970582261714768,0.5290812113490299,0.330820015594551,prompt,True
4208,R11,P11,I05,T11_05,0.20965679305333898,0.29216759459090624,0.3708196671203626,prompt,True
4209,R11,P11,I05,T11_05,0.23960776348953025,0.5105091111220822,0.2670190936703826,prompt,True
4210,R11,P11,I05,T11_05,0.26955873392572155,0.47544772210846525,0.4008856078888282,prompt,True
4211,R11,P11,I05,T11_05,0.2995097043619128,0.5340066587542879,0.3297806052138961,prompt,True
4212,R11,P11,I05,T11_05,0.3294606747981041,0.46858322970531513,0.3237282811483076,prompt,True
4213,R11,P11,I05,T11_05,0.35941164523429536,0.6188565875010084,0.2031410217495372,prompt,True
4214,R11,P11,I05,T11_05,0.38936261567048663,0.37603451211272254,0.13877216969840567,prompt,False
4215,R11,P11,I05,T11_05,0.41931358610667796,0.44598842064902494,0.2347979860248274,prompt,True
4216,R11,P11,I05,T11_05,0.44926455654286923,0.287092938089929,0.659061583508294,option_left,True
4217,R11,P11,I05,T11_05,0.4792155269790605,0.3480352306814592,0.6228200169827129,option_left,True
4218,R11,P11,I05,T11_05,0.5091664974152518,0.21368409050724338,0.6910839713757126,option_left,True
4219,R11,P11,I05,T11_05,0.5391174678514431,0.19656493292607913,0.8193087214442332,option_left,True
4220,R11,P11,I05,T11_05,0.5690684382876343,0.3598154704877682,0.7521027326211613,option_left,True
4221,R11,P11,I05,T11_05,0.5990194087238256,0.17120914675683296,0.8130977246712735,option_left,True
4222,R11,P11,I05,T11_05,0.6289703791600169,0.2631229797504016,0.846849537247969,option_left,True
4223,R11,P11,I05,T11_05,0.6589213495962082,0.25517760361837755,0.7906380593039004,option_left,True
4224,R11,P11,I05,T11_05,0.6888723200323995,0.22499734280345493,0.6602522005402368,option_left,True
4225,R11,P11,I05,T11_05,0.7188232904685907,0.3069821801345764,0.6195482684972697,option_left,True
4226,R11,P11,I05,T11_05,0.748774260904782,0.2534909903501502,0.7589473405845698,option_left,True
4227,R11,P11,I05,T11_05,0.7787252313409733,0.14286786670620305,0.6881102260973492,option_left,True
4228,R11,P11,I05,T11_05,0.8086762017771646,0.1687460785740666,0.5809743666722631,option_left,True
4229,R11,P11,I05,T11_05,0.8386271722133559,0.22981774436253188,0.7336428110004387,option_left,True
4230,R11,P11,I05,T11_05,0.8685781426495471,0.2227583870801028,0.6940583308943049,option_left,True
4231,R11,P11,I05,T11_05,0.8985291130857385,0.2366579760481789,0.719937792046945,option_left,True
4232,R11,P11,I05,T11_05,0.9284800835219297,0.3992523480371435,0.8494241299453079,option_left,True
4233,R11,P11,I05,T11_05,0.958431053958121,0.24570741054453177,0.835586150088828,option_left,True
4234,R11,P11,I05,T11_05,0.9883820243943123,0.21141173874041944,0.7364082675835402,option_left,True
4235,R11,P11,I05,T11_05,1.0183329948305035,0.2926182625058775,0.8502017562264781,option_left,True
4236,R11,P11,I05,T11_05,1.0482839652666949,0.34009741330481724,0.6378637755661957,option_left,True
4237,R11,P11,I05,T11_05,1.0782349357028862,0.16215687591538586,0.6703498771302743,option_left,True
4238,R11,P11,I05,T11_05,1.1081859061390773,0.3472309523344817,0.8120010309846926,option_left,True
4239,R11,P11,I05,T11_05,1.1381368765752686,0.1486240142366942,0.7479330558676498,option_left,True
4240,R11,P11,I05,T11_05,1.16808784701146,0.3015051862101437,0.6894703165316767,option_left,True
4241,R11,P11,I05,T11_05,1.1980388174476513,0.4256744370026936,0.6915463890278113,option_left,True
4242,R11,P11,I05,T11_05,1.2279897878838426,0.15818897206241958,0.967120596390456,option_left,True
4243,R11,P11,I05,T11_05,1.2579407583200337,0.2259369925673399,0.6953071933683659,option_left,True
4244,R11,P11,I05,T11_05,1.287891728756225,0.3523012802379717,0.8093960496223987,option_left,True
4245,R11,P11,I05,T11_05,1.3178426991924164,0.07385181077050856,0.7949130693019768,option_left,True
4246,R11,P11,I05,T11_05,1.3477936696286077,0.1807004639684973,0.7746946740604614,option_left,False
4247,R11,P11,I05,T11_05,1.377744640064799,0.20978137484171233,0.723912394085526,option_left,True
4248,R11,P11,I05,T11_05,1.4076956105009901,0.29564986650701647,0.6624385880108454,option_left,True
4249,R11,P11,I05,T11_05,1.4376465809371815,0.20742949505108677,0.7116216666069816,option_left,True
4250,R11,P11,I05,T11_05,1.4675975513733728,0.21614289199816816,0.7561877001003126,option_left,True
4251,R11,P11,I06,T11_06,0.0,0.35851088017459276,0.18284198644596075,prompt,True
4252,R11,P11,I06,T11_06,0.03450040239638355,0.4295838852891119,0.32391497067041297,prompt,True
4253,R11,P11,I06,T11_06,0.0690008047927671,0.4731821838682383,0.21478594100331483,prompt,True
4254,R11,P11,I06,T11_06,0.10350120718915065,0.4589995490345037,0.1983371663358951,prompt,True
4255,R11,P11,I06,T11_06,0.1380016095855342,0.24292671149728245,0.14923150187540168,prompt,True
4256,R11,P11,I06,T11_06,0.17250201198191775,0.5657146269738024,0.25608058511886894,prompt,True
4257,R11,P11,I06,T11_06,0.2070024143783013,0.5207336601148055,0.33213828149853664,prompt,True
4258,R11,P11,I06,T11_06,0.24150281677468485,0.6570965158118837,0.24955214896849412,prompt,True
4259,R11,P11,I06,T11_06,0.2760032191710684,0.4469404881240939,0.40247063849828313,prompt,True
4260,R11,P11,I06,T11_06,0.3105036215674519,0.4166153871242211,0.17014386041929497,prompt,True
4261,R11,P11,I06,T11_06,0.3450040239638355,0.6368471337693167,0.18617485147174725,prompt,True
4262,R11,P11,I06,T11_06,0.3795044263602191,0.5197302182073681,0.1699833750294422,prompt,True
4263,R11,P11,I06,T11_06,0.4140048287566026,0.5742925622596615,0.12470291982337645,prompt,True
4264,R11,P11,I06,T11_06,0.44850523115298613,0.5957131529769977,0.24682267770796365,prompt,True
4265,R11,P11,I06,T11_06,0.4830056335493697,0.5368343550255107,0.29040037431474197,prompt,True
4266,R11,P11,I06,T11_06,0.5175060359457533,0.7455662562200243,0.6985467703266254,option_right,False
4267,R11,P11,I06,T11_06,0.5520064383421368,0.6657089570978952,0.7973216330335231,option_right,True
4268,R11,P11,I06,T11_06,0.5865068407385203,0.7963038346141607,0.9650358718777607,option_right,True
4269,R11,P11,I06,T11_06,0.6210072431349039,0.014247237661905832,0.8127449539898427,option_left,True
4270,R11,P11,I06,T11_06,0.6555076455312875,0.22992482982310156,0.7233468387541417,option_left,True
4271,R11,P11,I06,T11_06,0.690008047927671,0.7280403144759059,0.7637346776135661,option_right,True
4272,R11,P11,I06,T11_06,0.7245084503240545,0.3132069283273533,0.7495447212315471,option_left,False
4273,R11,P11,I06,T11_06,0.7590088527204382,0.6912050259666089,0.7692000736021346,option_right,True
4274,R11,P11,I06,T11_06,0.7935092551168217,0.7850279233058253,0.6486271386106763,option_right,True
4275,R11,P11,I06,T11_06,0.8280096575132052,0.7715999959125469,0.6716343937014098,option_right,True
4276,R11,P11,I06,T11_06,0.8625100599095887,0.0985865035216876,0.7471760146036508,option_left,True
4277,R11,P11,I06,T11_06,0.8970104623059723,0.6934988795114743,0.6914415069322153,option_right,True
4278,R11,P11,I06,T11_06,0.9315108647023559,0.27703579783084425,0.7510549806116863,option_left,True
4279,R11,P11,I06,T11_06,0.9660112670987394,0.871425848354215,0.7017251803034775,option_right,True
4280,R11,P11,I06,T11_06,1.000511669495123,0.29971166829475837,0.7793730932306842,option_left,True
4281,R11,P11,I06,T11_06,1.0350120718915066,0.7339765257863844,0.734872076016189,option_right,True
4282,R11,P11,I06,T11_06,1.06951247428789,0.3471534283173922,0.5974064216779134,option_left,True
4283,R11,P11,I06,T11_06,1.1040128766842736,0.7669252169671948,0.7630284319154014,option_right,True
4284,R11,P11,I06,T11_06,1.1385132790806571,0.1802998642699238,0.6115935603364692,option_left,True
4285,R11,P11,I06,T11_06,1.1730136814770407,0.15096206776964433,0.625648571024774,option_left,False
4286,R11,P11,I06,T11_06,1.2075140838734242,0.16456529362451588,0.7410501257172774,option_left,True
4287,R11,P11,I06,T11_06,1.2420144862698077,0.2693977625041946,0.8250734793790478,option_left,True
4288,R11,P11,I06,T11_06,1.2765148886661914,0.26001016550471423,0.772895023221485,option_left,True
4289,R11,P11,I06,T11_06,1.311015291062575,0.2065773911260784,0.7673508779323277,option_left,True
4290,R11,P11,I06,T11_06,1.3455156934589585,0.9379873253171973,0.8639385745436025,option_right,True
4291,R11,P11,I06,T11_06,1.380016095855342,0.7922826621893029,0.8393320452643495,option_right,True
4292,R11,P11,I06,T11_06,1.4145164982517255,0.40117395815307555,0.7999334365557187,option_left,True
4293,R11,P11,I06,T11_06,1.449016900648109,0.2583564737943538,0.8931456545497328,option_left,True
4294,R11,P11,I06,T11_06,1.4835173030444926,0.7768512420289395,0.7719652812710011,option_right,True
4295,R11,P11,I06,T11_06,1.5180177054408763,0.6853959939200575,0.7416779949837536,option_right,True
4296,R11,P11,I06,T11_06,1.5525181078372599,0.26209854149797857,0.681986974534726,option_left,True
4297,R11,P11,I06,T11_06,1.5870185102336434,0.23185811061503633,0.783605148190202,option_left,True
4298,R11,P11,I06,T11_06,1.621518912630027,0.7348861234866557,0.6437095803994098,option_right,True
4299,R11,P11,I06,T11_06,1.6560193150264104,0.8021019904889176,0.7098563980640273,option_right,True
4300,R11,P11,I06,T11_06,1.690519717422794,0.22396988618503613,0.6330581663301552,option_left,True
4301,R11,P11,I07,T11_07,0.0,0.49579718429334474,0.28994384859817696,prompt,True
4302,R11,P11,I07,T11_07,0.018456550684117223,0.5807925259782323,0.34855037363686636,prompt,True
4303,R11,P11,I07,T11_07,0.03691310136823445,0.3428034489990717,0.2665948402732065,prompt,True
4304,R11,P11,I07,T11_07,0.05536965205235167,0.5306430629422098,0.3762652540905861,prompt,True
4305,R11,P11,I07,T11_07,0.0738262027364689,0.3996776935341713,0.24391327025502296,prompt,True
4306,R11,P11,I07,T11_07,0.09228275342058612,0.47825825440830355,0.29014989887500314,prompt,True
4307,R11,P11,I07,T11_07,0.11073930410470334,0.5446759796043311,0.3015630650612404,prompt,True
4308,R11,P11,I07,T11_07,0.12919585478882056,0.5609616963984854,0.34614054859259746,prompt,True
4309,R11,P11,I07,T11_07,0.1476524054729378,0.5277379043086089,0.2851907307109606,prompt,True
4310,R11,P11,I07,T11_07,0.166108956157055,0.46730375225664383,0.1850826437684765,prompt,True
4311,R11,P11,I07,T11_07,0.18456550684117223,0.5731645056706357,0.31243118336779435,prompt,True
4312,R11,P11,I07,T11_07,0.20302205752528946,0.60510906127094,0.15668958814795375,prompt,True
4313,R11,P11,I07,T11_07,0.22147860820940668,0.479909488000285,0.24130310536380817,prompt,True
4314,R11,P11,I07,T11_07,0.2399351588935239,0.32569190529909864,0.18889828251843765,prompt,True
4315,R11,P11,I07,T11_07,0.2583917095776411,0.3542490751532,0.2819904866420601,prompt,True
4316,R11,P11,I07,T11_07,0.27684826026175835,0.22930675492129976,0.6767082838047579,option_left,True
4317,R11,P11,I07,T11_07,0.2953048109458756,0.6015874934985473,0.8442206550924526,option_right,True
4318,R11,P11,I07,T11_07,0.3137613616299928,0.8055323898007114,0.6455664787491098,option_right,True
4319,R11,P11,I07,T11_07,0.33221791231411,0.15678319329692258,0.6869654994172957,option_left,True
4320,R11,P11,I07,T11_07,0.35067446299822724,0.7456876098422213,0.7934657001997439,option_right,True
4321,R11,P11,I07,T11_07,0.36913101368234447,0.2750035681129569,0.6640804468726841,option_left,True
4322,R11,P11,I07,T11_07,0.3875875643664617,0.8644506666353883,0.6348090833782196,option_right,True
4323,R11,P11,I07,T11_07,0.4060441150505789,0.2485967896565918,0.7739455710644582,option_left,True
4324,R11,P11,I07,T11_07,0.42450066573469614,0.6195895261809848,0.7885161182926796,option_right,True
4325,R11,P11,I07,T11_07,0.44295721641881336,0.725759460970234,0.6299971864758188,option_right,True
4326,R11,P11,I07,T11_07,0.4614137671029306,0.7474742133177762,0.6645596471094621,option_right,True
4327,R11,P11,I07,T11_07,0.4798703177870478,0.19185584064883587,0.826316295534733,option_left,True
4328,R11,P11,I07,T11_07,0.49832686847116503,0.897035089544231,0.9303244928299528,option_right,True
4329,R11,P11,I07,T11_07,0.5167834191552823,0.2664355363557437,0.8332592040799615,option_left,True
4330,R11,P11,I07,T11_07,0.5352399698393995,0.16960180940085912,0.7348238300462807,option_left,True
4331,R11,P11,I07,T11_07,0.5536965205235167,0.29039218126957805,0.6724338418301588,option_left,True
4332,R11,P11,I07,T11_07,0.5721530712076339,0.5811555967967581,0.8176205827785695,option_right,True
4333,R11,P11,I07,T11_07,0.5906096218917511,0.6906669002810291,0.6844542554997955,option_right,True
4334,R11,P11,I07,T11_07,0.6090661725758684,0.8086051527753371,0.8295845920267748,option_right,True
4335,R11,P11,I07,T11_07,0.6275227232599856,0.2409334195160228,0.617055889161818,option_left,True
4336,R11,P11,I07,T11_07,0.6459792739441028,0.6678228915493452,0.8786529852259414,option_right,True
4337,R11,P11,I07,T11_07,0.66443582462822,0.2565573437704904,0.6800574845017927,option_left,True
4338,R11,P11,I07,T11_07,0.6828923753123373,0.6992093016924771,0.6269388925289603,option_right,True
4339,R11,P11,I07,T11_07,0.7013489259964545,0.11421768572987012,0.7432207600200871,option_left,True
4340,R11,P11,I07,T11_07,0.7198054766805717,0.1282392300488855,0.7399205475553045,option_left,True
4341,R11,P11,I07,T11_07,0.7382620273646889,0.6658054087485239,0.9068790279956465,option_right,True
4342,R11,P11,I07,T11_07,0.7567185780488062,0.9152761360950077,0.8085271273771392,option_right,True
4343,R11,P11,I07,T11_07,0.7751751287329234,0.4563209415411127,0.7609492387672944,option_left,True
4344,R11,P11,I07,T11_07,0.7936316794170406,0.7004347006269694,0.7586522004838003,option_right,True
4345,R11,P11,I07,T11_07,0.8120882301011578,0.622228401236641,0.8185458758281361,option_right,True
4346,R11,P11,I07,T11_07,0.830544780785275,0.686466758846792,0.7863124368350876,option_right,True
4347,R11,P11,I07,T11_07,0.8490013314693923,0.12184361886842462,0.7680302767069644,option_left,True
4348,R11,P11,I07,T11_07,0.8674578821535095,0.1880819796255531,0.6546043531947396,option_left,True
4349,R11,P11,I07,T11_07,0.8859144328376267,0.7830731258091156,0.7722704297772184,option_right,True
4350,R11,P11,I07,T11_07,0.9043709835217439,0.7218577200221458,0.7939341231791347,option_right,True
4351,R11,P11,I08,T11_08,0.0,0.2685954541588107,0.28671447919171755,prompt,True
4352,R11,P11,I08,T11_08,0.036654386853080534,0.37253831578653285,0.23658643536796065,prompt,True
4353,R11,P11,I08,T11_08,0.07330877370616107,0.46736605185436664,0.3191851042502106,prompt,True
4354,R11,P11,I08,T11_08,0.1099631605592416,0.6193656631924405,0.3127580577403172,prompt,True
4355,R11,P11,I08,T11_08,0.14661754741232214,0.5729191277260082,0.31016369403005045,prompt,True
4356,R11,P11,I08,T11_08,0.18327193426540267,0.592179944331499,0.23922231117593323,prompt,True
4357,R11,P11,I08,T11_08,0.2199263211184832,0.36939673866468314,0.2692397954456341,prompt,True
4358,R11,P11,I08,T11_08,0.25658070797156374,0.6419236420423313,0.20334353491134735,prompt,True
4359,R11,P11,I08,T11_08,0.29323509482464427,0.40769022180808645,0.23209954896141796,prompt,True
4360,R11,P11,I08,T11_08,0.3298894816777248,0.5884899184281276,0.24080895787585305,prompt,True
4361,R11,P11,I08,T11_08,0.36654386853080534,0.41976806851376464,0.19533115509921214,prompt,True
4362,R11,P11,I08,T11_08,0.4031982553838859,0.7211065918486725,0.2631058386183563,prompt,True
4363,R11,P11,I08,T11_08,0.4398526422369664,0.40226487723752036,0.37353159835533656,prompt,True
4364,R11,P11,I08,T11_08,0.47650702909004694,0.44540873797165953,0.20905887296462494,prompt,True
4365,R11,P11,I08,T11_08,0.5131614159431275,0.410289516793961,0.16235990308870207,prompt,False
4366,R11,P11,I08,T11_08,0.549815802796208,0.7737922249355383,0.7499921079183237,option_right,True
4367,R11,P11,I08,T11_08,0.5864701896492885,0.7538031393490937,0.7638444463265256,option_right,True
4368,R11,P11,I08,T11_08,0.6231245765023691,0.7228668354887913,0.7327251741484107,option_right,True
4369,R11,P11,I08,T11_08,0.6597789633554496,0.700389550374725,0.7791530838552613,option_right,True
4370,R11,P11,I08,T11_08,0.6964333502085301,0.7198561209603151,0.7631406710925656,option_right,True
4371,R11,P11,I08,T11_08,0.7330877370616107,0.669359677025164,0.70976826688661,option_right,True
4372,R11,P11,I08,T11_08,0.7697421239146912,0.7669486393006079,0.6509775166001791,option_right,True
4373,R11,P11,I08,T11_08,0.8063965107677717,0.8207134542321193,0.6681606175217625,option_right,True
4374,R11,P11,I08,T11_08,0.8430508976208523,0.7976392299627306,0.6768224643293584,option_right,True
4375,R11,P11,I08,T11_08,0.8797052844739328,0.8460688329750056,0.8751178056751773,option_right,True
4376,R11,P11,I08,T11_08,0.9163596713270133,0.5927262564955844,0.8017593602426638,option_right,True
4377,R11,P11,I08,T11_08,0.9530140581800939,0.6499078173674386,0.7418059994657525,option_right,True
4378,R11,P11,I08,T11_08,0.9896684450331744,0.5639919193217378,0.7000340176960164,option_right,True
4379,R11,P11,I08,T11_08,1.026322831886255,0.862502647654713,0.8707657250673387,option_right,True
4380,R11,P11,I08,T11_08,1.0629772187393356,0.7083079710149733,0.7874498373412991,option_right,True
4381,R11,P11,I08,T11_08,1.099631605592416,0.6656217277304958,0.77972289936073,option_right,True
4382,R11,P11,I08,T11_08,1.1362859924454964,0.6473475435652113,0.8331987484077039,option_right,True
4383,R11,P11,I08,T11_08,1.172940379298577,0.7606675263880549,0.7807779264074576,option_right,True
4384,R11,P11,I08,T11_08,1.2095947661516577,0.809840410567186,0.7864918578232865,option_right,True
4385,R11,P11,I08,T11_08,1.2462491530047382,0.7535209092203584,0.7670551494160887,option_right,True
4386,R11,P11,I08,T11_08,1.2829035398578186,0.7522959653560191,0.7157569183956524,option_right,True
4387,R11,P11,I08,T11_08,1.3195579267108992,0.6691035475147056,0.7320792131062915,option_right,True
4388,R11,P11,I08,T11_08,1.3562123135639799,0.8923564172314811,0.7284741536636548,option_right,True
4389,R11,P11,I08,T11_08,1.3928667004170603,0.7742223153314103,0.7755451192712305,option_right,True
4390,R11,P11,I08,T11_08,1.4295210872701407,0.6061829389652272,0.6397616699453638,option_right,True
4391,R11,P11,I08,T11_08,1.4661754741232214,0.8120956373810557,0.7677972716443484,option_right,True
4392,R11,P11,I08,T11_08,1.502829860976302,0.8002464522195826,0.7094126497636531,option_right,True
4393,R11,P11,I08,T11_08,1.5394842478293824,0.7378024363434302,0.6563168631349071,option_right,True
4394,R11,P11,I08,T11_08,1.5761386346824628,0.7086351813361875,0.8016864210922351,option_right,True
4395,R11,P11,I08,T11_08,1.6127930215355435,0.8128284942557009,0.7225893294109876,option_right,True
4396,R11,P11,I08,T11_08,1.6494474083886241,0.8133753801765008,0.6083319546220507,option_right,True
4397,R11,P11,I08,T11_08,1.6861017952417046,0.7313531371667507,0.7856550450923249,option_right,True
4398,R11,P11,I08,T11_08,1.722756182094785,0.5911002044358531,0.7533949050290263,option_right,True
4399,R11,P11,I08,T11_08,1.7594105689478656,0.785993589042957,0.6965605916016099,option_right,True
4400,R11,P11,I08,T11_08,1.7960649558009463,0.7901157767824915,0.7649255923174159,option_right,True
4401,R12,P12,I01,T12_01,0.0,0.4685283025385393,0.2789671609320062,prompt,True
4402,R12,P12,I01,T12_01,0.012213274026801522,0.6193714387202975,0.4070071280737964,prompt,False
4403,R12,P12,I01,T12_01,0.024426548053603045,0.4532814288034792,0.1867933252516199,prompt,True
4404,R12,P12,I01,T12_01,0.03663982208040457,0.5557816049102333,0.17927861817782004,prompt,True
4405,R12,P12,I01,T12_01,0.04885309610720609,0.5978935741790146,0.2718949878957803,prompt,True
4406,R12,P12,I01,T12_01,0.06106637013400761,0.5935606692244904,0.13266145598770773,prompt,True
4407,R12,P12,I01,T12_01,0.07327964416080913,0.6503313930623186,0.2339575571211209,prompt,False
4408,R12,P12,I01,T12_01,0.08549291818761065,0.6462026116230029,0.2759632013648142,prompt,True
4409,R12,P12,I01,T12_01,0.09770619221441218,0.6399483067962576,0.2243388236518558,prompt,True
4410,R12,P12,I01,T12_01,0.10991946624121371,0.4195583015555691,0.18565971901055628,prompt,True
4411,R12,P12,I01,T12_01,0.12213274026801522,0.4873203889511168,0.35740653922872584,prompt,True
4412,R12,P12,I01,T12_01,0.13434601429481674,0.6681953899145061,0.17256098038350418,prompt,True
4413,R12,P12,I01,T12_01,0.14655928832161827,0.5379028013193279,0.3122231526272101,prompt,True
4414,R12,P12,I01,T12_01,0.1587725623484198,0.48791384794840037,0.17482283157439651,prompt,True
4415,R12,P12,I01,T12_01,0.1709858363752213,0.6447364285753469,0.14693626092863915,prompt,True
4416,R12,P12,I01,T12_01,0.18319911040202283,0.16680118436673025,0.8694346197457091,option_left,True
4417,R12,P12,I01,T12_01,0.19541238442882436,0.3058736165086088,0.6530803736494242,option_left,True
4418,R12,P12,I01,T12_01,0.2076256584556259,0.19485894090373682,0.8379285123722828,option_left,True
4419,R12,P12,I01,T12_01,0.21983893248242742,0.19202042909789568,0.7929683302824737,option_left,True
4420,R12,P12,I01,T12_01,0.23205220650922892,0.2673762759762461,0.8664266621782616,option_left,True
4421,R12,P12,I01,T12_01,0.24426548053603045,0.4723123666657175,0.8278074143941438,option_left,True
4422,R12,P12,I01,T12_01,0.256478754562832,0.18597865855547727,0.6688191566779821,option_left,True
4423,R12,P12,I01,T12_01,0.2686920285896335,0.3070587921962316,0.7927143239586956,option_left,True
4424,R12,P12,I01,T12_01,0.28090530261643504,0.2013317880918846,0.8231524565166627,option_left,True
4425,R12,P12,I01,T12_01,0.29311857664323654,0.07518697332053162,0.7567855662305261,option_left,True
4426,R12,P12,I01,T12_01,0.30533185067003804,0.29068986689030624,0.797178539037773,option_left,True
4427,R12,P12,I01,T12_01,0.3175451246968396,0.22891845301251867,0.8993893087687502,option_left,True
4428,R12,P12,I01,T12_01,0.3297583987236411,0.35151597803223106,0.6948583336902214,option_left,True
4429,R12,P12,I01,T12_01,0.3419716727504426,0.14839087820395974,0.6606729684902305,option_left,True
4430,R12,P12,I01,T12_01,0.35418494677724416,0.12712284767123405,0.7611549909073813,option_left,True
4431,R12,P12,I01,T12_01,0.36639822080404566,0.17266799312519363,0.7594707744265244,option_left,True
4432,R12,P12,I01,T12_01,0.3786114948308472,0.27726958993965767,0.7500703332280129,option_left,True
4433,R12,P12,I01,T12_01,0.3908247688576487,0.16984891664638008,0.6147957593273106,option_left,True
4434,R12,P12,I01,T12_01,0.4030380428844502,0.1437126706126266,0.903983599007582,option_left,True
4435,R12,P12,I01,T12_01,0.4152513169112518,0.194106668876523,0.7586243399546405,option_left,True
4436,R12,P12,I01,T12_01,0.4274645909380533,0.2720521025093823,0.8254446712792325,option_left,True
4437,R12,P12,I01,T12_01,0.43967786496485484,0.1957055387270355,0.7922381171891394,option_left,True
4438,R12,P12,I01,T12_01,0.45189113899165634,0.26920461787717853,0.7683806187873107,option_left,True
4439,R12,P12,I01,T12_01,0.46410441301845784,0.20758962735034076,0.7654565774646694,option_left,True
4440,R12,P12,I01,T12_01,0.4763176870452594,0.15161470020375056,0.6552636343286922,option_left,True
4441,R12,P12,I01,T12_01,0.4885309610720609,0.17031427402976446,0.748822368986141,option_left,True
4442,R12,P12,I01,T12_01,0.5007442350988625,0.20267679292427765,0.8877247042516544,option_left,True
4443,R12,P12,I01,T12_01,0.512957509125664,0.31252251490443556,0.7105102205053553,option_left,True
4444,R12,P12,I01,T12_01,0.5251707831524655,0.18313620944340064,0.6391858934911762,option_left,True
4445,R12,P12,I01,T12_01,0.537384057179267,0.2868143928816698,0.7822959003918992,option_left,True
4446,R12,P12,I01,T12_01,0.5495973312060685,0.14856742516442356,0.7847414051542904,option_left,True
4447,R12,P12,I01,T12_01,0.5618106052328701,0.09468532710809432,0.8519645235388864,option_left,True
4448,R12,P12,I01,T12_01,0.5740238792596716,0.22991517954054413,0.6844880686352731,option_left,True
4449,R12,P12,I01,T12_01,0.5862371532864731,0.31063350908714676,0.7539688877767834,option_left,True
4450,R12,P12,I01,T12_01,0.5984504273132746,0.10231447531108132,0.7745841442931637,option_left,True
4451,R12,P12,I02,T12_02,0.0,0.5541779358006618,0.20437091713424693,prompt,True
4452,R12,P12,I02,T12_02,0.015037794338923114,0.4211466896421548,0.2824617507790615,prompt,True
4453,R12,P12,I02,T12_02,0.030075588677846227,0.49004885408887766,0.25599374560130195,prompt,True
4454,R12,P12,I02,T12_02,0.04511338301676934,0.4229615614799485,0.24402560942188642,prompt,True
4455,R12,P12,I02,T12_02,0.060151177355692455,0.5014123628297825,0.32887356764572684,prompt,True
4456,R12,P12,I02,T12_02,0.07518897169461557,0.4852551516580827,0.31095920915313735,prompt,True
4457,R12,P12,I02,T12_02,0.09022676603353869,0.4582414488346984,0.21836929692265147,prompt,True
4458,R12,P12,I02,T12_02,0.10526456037246179,0.42331372707304693,0.1450425457565109,prompt,True
4459,R12,P12,I02,T12_02,0.12030235471138491,0.41120882482381743,0.21736185840103697,prompt,True
4460,R12,P12,I02,T12_02,0.13534014905030803,0.5350716942678968,0.3424191414444591,prompt,True
4461,R12,P12,I02,T12_02,0.15037794338923113,0.40376216274047383,0.19555438850977303,prompt,True
4462,R12,P12,I02,T12_02,0.16541573772815424,0.6437846064921035,0.21517983087851666,prompt,True
4463,R12,P12,I02,T12_02,0.18045353206707737,0.4645562849385872,0.2832520505244805,prompt,True
4464,R12,P12,I02,T12_02,0.19549132640600048,0.5056068888850516,0.25654261529991507,prompt,True
4465,R12,P12,I02,T12_02,0.21052912074492358,0.47344247689777036,0.20903768725949418,prompt,True
4466,R12,P12,I02,T12_02,0.22556691508384671,0.9325035361446551,0.8640059659186535,option_right,True
4467,R12,P12,I02,T12_02,0.24060470942276982,0.7274792609532464,0.7319294672512537,option_right,True
4468,R12,P12,I02,T12_02,0.25564250376169295,0.6800974649279293,0.7914122687288709,option_right,True
4469,R12,P12,I02,T12_02,0.27068029810061606,0.8003060923426327,0.51343168346607,option_right,True
4470,R12,P12,I02,T12_02,0.28571809243953916,0.7809187703572078,0.7718751802256522,option_right,True
4471,R12,P12,I02,T12_02,0.30075588677846227,0.8283935626239761,0.7078318520751175,option_right,True
4472,R12,P12,I02,T12_02,0.31579368111738537,0.7321411568877193,0.7839185636327584,option_right,True
4473,R12,P12,I02,T12_02,0.3308314754563085,0.8058540935717988,0.7207829593934475,option_right,True
4474,R12,P12,I02,T12_02,0.34586926979523164,0.8698969240416788,0.720989095117567,option_right,True
4475,R12,P12,I02,T12_02,0.36090706413415474,0.6114774679371148,0.6894778751966815,option_right,True
4476,R12,P12,I02,T12_02,0.37594485847307785,0.6802780401592365,0.6207044004412098,option_right,True
4477,R12,P12,I02,T12_02,0.39098265281200095,0.7257353496554455,0.6706126507033369,option_right,True
4478,R12,P12,I02,T12_02,0.40602044715092406,0.8368185182196201,0.7110611747304263,option_right,True
4479,R12,P12,I02,T12_02,0.42105824148984716,0.8253153211421669,0.7896424854989914,option_right,True
4480,R12,P12,I02,T12_02,0.4360960358287703,0.7835214281190641,0.6971266377693373,option_right,True
4481,R12,P12,I02,T12_02,0.45113383016769343,0.7452024321616465,0.7756843177345741,option_right,True
4482,R12,P12,I02,T12_02,0.46617162450661653,0.8135925838914517,0.645119020706954,option_right,True
4483,R12,P12,I02,T12_02,0.48120941884553964,0.7277215324727443,0.7196040972814303,option_right,True
4484,R12,P12,I02,T12_02,0.49624721318446274,0.7939395823556364,0.6581559313946009,option_right,True
4485,R12,P12,I02,T12_02,0.5112850075233859,0.6688425412354861,0.7034856163225331,option_right,False
4486,R12,P12,I02,T12_02,0.526322801862309,0.8229581279702339,0.7282341966094157,option_right,True
4487,R12,P12,I02,T12_02,0.5413605962012321,0.7423098777252837,0.7999425072615328,option_right,True
4488,R12,P12,I02,T12_02,0.5563983905401552,0.7073813362407777,0.7295628478871683,option_right,True
4489,R12,P12,I02,T12_02,0.5714361848790783,0.7477549881453118,0.8645566315661293,option_right,True
4490,R12,P12,I02,T12_02,0.5864739792180015,0.7212718435373926,0.7703444445104043,option_right,True
4491,R12,P12,I02,T12_02,0.6015117735569245,0.756838658987672,0.810117678891826,option_right,True
4492,R12,P12,I02,T12_02,0.6165495678958477,0.6794599659440002,0.7524162644683688,option_right,True
4493,R12,P12,I02,T12_02,0.6315873622347707,0.7313309333715,0.6826441688820581,option_right,True
4494,R12,P12,I02,T12_02,0.6466251565736939,0.7266387201299987,0.609635241573617,option_right,True
4495,R12,P12,I02,T12_02,0.661662950912617,0.8254567587940868,0.8469548035800599,option_right,True
4496,R12,P12,I02,T12_02,0.6767007452515401,0.8035771646762543,0.7950070585178161,option_right,True
4497,R12,P12,I02,T12_02,0.6917385395904633,0.6969151463926584,0.7073645739742789,option_right,False
4498,R12,P12,I02,T12_02,0.7067763339293863,0.7274538816206243,0.8034899485710488,option_right,True
4499,R12,P12,I02,T12_02,0.7218141282683095,0.7249503203608013,0.744650054327974,option_right,True
4500,R12,P12,I02,T12_02,0.7368519226072325,0.751939716858567,0.7014142816948933,option_right,True
4501,R12,P12,I03,T12_03,0.0,0.6772204565451675,0.22031745271904285,prompt,True
4502,R12,P12,I03,T12_03,0.022122155669197646,0.6659020174503324,0.2063422005331124,prompt,True
4503,R12,P12,I03,T12_03,0.04424431133839529,0.47271557914955076,0.19441154512810377,prompt,True
4504,R12,P12,I03,T12_03,0.06636646700759294,0.6684135900313569,0.1495014838044217,prompt,True
4505,R12,P12,I03,T12_03,0.08848862267679058,0.5419892384015875,0.19360674614953716,prompt,True
4506,R12,P12,I03,T12_03,0.11061077834598823,0.3271228755487595,0.29536165720775276,prompt,True
4507,R12,P12,I03,T12_03,0.13273293401518588,0.545008426768372,0.3240123203280182,prompt,True
4508,R12,P12,I03,T12_03,0.15485508968438352,0.4367512899552281,0.4158630638922207,prompt,True
4509,R12,P12,I03,T12_03,0.17697724535358117,0.6652153087281641,0.2355422437354302,prompt,True
4510,R12,P12,I03,T12_03,0.19909940102277882,0.4211047088153171,0.29030870470001663,prompt,True
4511,R12,P12,I03,T12_03,0.22122155669197646,0.5485168296924585,0.1652702708140286,prompt,True
4512,R12,P12,I03,T12_03,0.2433437123611741,0.6133020305042092,0.1830920163289145,prompt,True
4513,R12,P12,I03,T12_03,0.26546586803037175,0.41851913361625304,0.24851186020709723,prompt,True
4514,R12,P12,I03,T12_03,0.2875880236995694,0.34501114512572995,0.3580008365394278,prompt,True
4515,R12,P12,I03,T12_03,0.30971017936876705,0.5881178119784761,0.3559505074860692,prompt,True
4516,R12,P12,I03,T12_03,0.3318323350379647,0.22419175908941452,0.7172045509378937,option_left,True
4517,R12,P12,I03,T12_03,0.35395449070716234,0.18880655189002835,0.7375494651029929,option_left,True
4518,R12,P12,I03,T12_03,0.37607664637635996,0.3932507836197483,0.7462931501786163,option_left,True
4519,R12,P12,I03,T12_03,0.39819880204555763,0.2969970173603016,0.7931864486529447,option_left,True
4520,R12,P12,I03,T12_03,0.4203209577147553,0.2802564332050068,0.88507449759285,option_left,True
4521,R12,P12,I03,T12_03,0.4424431133839529,0.4481183706288966,0.7741939950857244,option_left,True
4522,R12,P12,I03,T12_03,0.46456526905315054,0.27652023903713235,0.7215455662217649,option_left,True
4523,R12,P12,I03,T12_03,0.4866874247223482,0.3819534041340291,0.7112802749602607,option_left,True
4524,R12,P12,I03,T12_03,0.5088095803915459,0.32582645304578006,0.7141776636974824,option_left,True
4525,R12,P12,I03,T12_03,0.5309317360607435,0.18675411806699074,0.7578441614160154,option_left,True
4526,R12,P12,I03,T12_03,0.5530538917299411,0.2460169128205002,0.8415899375950839,option_left,True
4527,R12,P12,I03,T12_03,0.5751760473991387,0.22572486427737473,0.8707113747648997,option_left,True
4528,R12,P12,I03,T12_03,0.5972982030683365,0.2366604779665106,0.6402242414562995,option_left,True
4529,R12,P12,I03,T12_03,0.6194203587375341,0.1625803284379062,0.8094850877231969,option_left,True
4530,R12,P12,I03,T12_03,0.6415425144067317,0.34953450452438617,0.7337645229231197,option_left,True
4531,R12,P12,I03,T12_03,0.6636646700759294,0.0,0.7551897057026022,option_left,True
4532,R12,P12,I03,T12_03,0.6857868257451271,0.3333378994826606,0.8070465235297948,option_left,True
4533,R12,P12,I03,T12_03,0.7079089814143247,0.28900780890584393,0.8701531777547657,option_left,True
4534,R12,P12,I03,T12_03,0.7300311370835223,0.3006275823395943,0.7305603381801264,option_left,True
4535,R12,P12,I03,T12_03,0.7521532927527199,0.31626767432176234,0.7210144149585286,option_left,True
4536,R12,P12,I03,T12_03,0.7742754484219176,0.33469387432633546,0.6057037477763116,option_left,True
4537,R12,P12,I03,T12_03,0.7963976040911153,0.1751617773423227,0.8563168924579392,option_left,True
4538,R12,P12,I03,T12_03,0.8185197597603129,0.377138763170496,0.7548663320742707,option_left,True
4539,R12,P12,I03,T12_03,0.8406419154295106,0.3625292408626504,0.8156702722341964,option_left,True
4540,R12,P12,I03,T12_03,0.8627640710987082,0.3513745364208909,0.7688191297912208,option_left,True
4541,R12,P12,I03,T12_03,0.8848862267679058,0.34504328450678867,0.8798639409247621,option_left,False
4542,R12,P12,I03,T12_03,0.9070083824371035,0.23530691091920733,0.7542797352792261,option_left,True
4543,R12,P12,I03,T12_03,0.9291305381063011,0.22578518063695308,0.6902957533846499,option_left,True
4544,R12,P12,I03,T12_03,0.9512526937754988,0.12948482553735916,0.6790295734771595,option_left,True
4545,R12,P12,I03,T12_03,0.9733748494446964,0.14013873348579597,0.7797378197613551,option_left,True
4546,R12,P12,I03,T12_03,0.995497005113894,0.1698071365100952,0.744581308806335,option_left,False
4547,R12,P12,I03,T12_03,1.0176191607830918,0.21029691858178443,0.8333924186747171,option_left,True
4548,R12,P12,I03,T12_03,1.0397413164522893,0.15543941485500365,0.7369165848777851,option_left,True
4549,R12,P12,I03,T12_03,1.061863472121487,0.2268846643695462,0.7586104800480806,option_left,True
4550,R12,P12,I03,T12_03,1.0839856277906847,0.15466680603460986,0.6601094867685227,option_left,True
4551,R12,P12,I04,T12_04,0.0,0.4464630684771755,0.28946595113801443,prompt,True
4552,R12,P12,I04,T12_04,0.02744696355743736,0.4898823744067806,0.1316695351906121,prompt,True
4553,R12,P12,I04,T12_04,0.05489392711487472,0.5175375544729548,0.3270510890288484,prompt,True
4554,R12,P12,I04,T12_04,0.08234089067231208,0.5893489317855397,0.1281127809035959,prompt,True
4555,R12,P12,I04,T12_04,0.10978785422974945,0.6594501427587994,0.1651066896776499,prompt,True
4556,R12,P12,I04,T12_04,0.1372348177871868,0.5382150205680505,0.33866130443063425,prompt,True
4557,R12,P12,I04,T12_04,0.16468178134462416,0.6265485956402848,0.24004255119566859,prompt,True
4558,R12,P12,I04,T12_04,0.19212874490206153,0.5093129685579291,0.41092896964821757,prompt,True
4559,R12,P12,I04,T12_04,0.2195757084594989,0.4475635313061811,0.30105123677070583,prompt,True
4560,R12,P12,I04,T12_04,0.24702267201693626,0.6556378370951171,0.1803135179533908,prompt,True
4561,R12,P12,I04,T12_04,0.2744696355743736,0.4643603509679898,0.2657763027668159,prompt,True
4562,R12,P12,I04,T12_04,0.30191659913181096,0.5719084392670842,0.28945076976699785,prompt,True
4563,R12,P12,I04,T12_04,0.3293635626892483,0.42224409508175176,0.24135686647501345,prompt,True
4564,R12,P12,I04,T12_04,0.3568105262466857,0.2826413762714196,0.32290055831263853,prompt,False
4565,R12,P12,I04,T12_04,0.38425748980412305,0.4059265088375512,0.23774956035279893,prompt,True
4566,R12,P12,I04,T12_04,0.4117044533615604,0.7559723314059213,0.9242961505650142,option_right,True
4567,R12,P12,I04,T12_04,0.4391514169189978,0.8184657889692031,0.6640792782838632,option_right,True
4568,R12,P12,I04,T12_04,0.46659838047643515,0.7590681322134067,0.5837400214100436,option_right,True
4569,R12,P12,I04,T12_04,0.4940453440338725,0.634415777680019,0.731271096019595,option_right,True
4570,R12,P12,I04,T12_04,0.5214923075913098,0.630596462442483,0.7035975702150491,option_right,True
4571,R12,P12,I04,T12_04,0.5489392711487472,0.7349835356098418,0.7910730962921201,option_right,True
4572,R12,P12,I04,T12_04,0.5763862347061846,0.8699295326758106,0.8541413754095364,option_right,True
4573,R12,P12,I04,T12_04,0.6038331982636219,0.685214421321408,0.8353149186348385,option_right,False
4574,R12,P12,I04,T12_04,0.6312801618210593,0.631026758446433,0.8855629311154962,option_right,True
4575,R12,P12,I04,T12_04,0.6587271253784966,0.6469186531039112,0.7498984051411642,option_right,False
4576,R12,P12,I04,T12_04,0.686174088935934,0.7403202457609479,0.699249024295793,option_right,True
4577,R12,P12,I04,T12_04,0.7136210524933714,0.6982486179621391,0.8618758805647374,option_right,True
4578,R12,P12,I04,T12_04,0.7410680160508087,0.6972164785209152,0.6209597086368381,option_right,True
4579,R12,P12,I04,T12_04,0.7685149796082461,0.7836015398941161,0.7861296886922394,option_right,True
4580,R12,P12,I04,T12_04,0.7959619431656835,0.8310727213144692,0.7930660315811338,option_right,True
4581,R12,P12,I04,T12_04,0.8234089067231208,0.6946766819625777,0.843975888519242,option_right,True
4582,R12,P12,I04,T12_04,0.8508558702805582,0.688470248398696,0.8280078562399403,option_right,True
4583,R12,P12,I04,T12_04,0.8783028338379956,0.8562169332935039,0.7374636205326915,option_right,True
4584,R12,P12,I04,T12_04,0.9057497973954329,0.8384005641892887,0.725306404065689,option_right,True
4585,R12,P12,I04,T12_04,0.9331967609528703,0.7921245688991714,0.6851134234244936,option_right,True
4586,R12,P12,I04,T12_04,0.9606437245103077,0.8971229418325599,0.7992125244660168,option_right,True
4587,R12,P12,I04,T12_04,0.988090688067745,0.8131723712807118,0.6184596943782901,option_right,True
4588,R12,P12,I04,T12_04,1.0155376516251824,0.7131379431518472,0.7546148332144245,option_right,True
4589,R12,P12,I04,T12_04,1.0429846151826196,0.6991712974145485,0.8785276525533551,option_right,True
4590,R12,P12,I04,T12_04,1.0704315787400571,0.7824085800926086,0.8249840196199629,option_right,True
4591,R12,P12,I04,T12_04,1.0978785422974944,0.740097658036395,0.8406222409901916,option_right,True
4592,R12,P12,I04,T12_04,1.1253255058549319,0.7464252333536758,0.7325418062283363,option_right,True
4593,R12,P12,I04,T12_04,1.152772469412369,0.6947377280700415,0.6951169538517616,option_right,True
4594,R12,P12,I04,T12_04,1.1802194329698066,0.7956377960915308,0.7717140137116806,option_right,True
4595,R12,P12,I04,T12_04,1.2076663965272438,0.8127636863235588,0.7842415444834667,option_right,True
4596,R12,P12,I04,T12_04,1.2351133600846813,0.7142033332468816,0.8027823947067367,option_right,True
4597,R12,P12,I04,T12_04,1.2625603236421186,0.7720868569820553,0.721176667436727,option_right,True
4598,R12,P12,I04,T12_04,1.290007287199556,0.6753632200386613,0.6887912741578858,option_right,True
4599,R12,P12,I04,T12_04,1.3174542507569933,0.5687835377748379,0.7582037000806043,option_right,True
4600,R12,P12,I04,T12_04,1.3449012143144308,0.7178684362403838,0.6770232858704425,option_right,True
4601,R12,P12,I05,T12_05,0.0,0.49511606544727854,0.3314390706563226,prompt,True
4602,R12,P12,I05,T12_05,0.021676992845738173,0.48561451722491195,0.030754170980328066,prompt,True
4603,R12,P12,I05,T12_05,0.043353985691476346,0.6783302275965113,0.2961669286958643,prompt,True
4604,R12,P12,I05,T12_05,0.06503097853721451,0.5760279455583348,0.3148923794786474,prompt,True
4605,R12,P12,I05,T12_05,0.08670797138295269,0.4685381543864968,0.2907858406367602,prompt,True
4606,R12,P12,I05,T12_05,0.10838496422869087,0.40783317304190714,0.17098664500609712,prompt,True
4607,R12,P12,I05,T12_05,0.13006195707442902,0.5342646082252944,0.3435754862880902,prompt,True
4608,R12,P12,I05,T12_05,0.1517389499201672,0.5732645868179163,0.14311830035337872,prompt,False
4609,R12,P12,I05,T12_05,0.17341594276590538,0.4871767471580262,0.2745155011694645,prompt,True
4610,R12,P12,I05,T12_05,0.19509293561164356,0.37224363125591176,0.20027499012781497,prompt,True
4611,R12,P12,I05,T12_05,0.21676992845738174,0.43654303690792245,0.2320948719152763,prompt,True
4612,R12,P12,I05,T12_05,0.2384469213031199,0.6840711262359216,0.32062156883027504,prompt,True
4613,R12,P12,I05,T12_05,0.26012391414885805,0.33034675426869897,0.12395448241829754,prompt,True
4614,R12,P12,I05,T12_05,0.28180090699459626,0.39203390790973996,0.16629650800731555,prompt,True
4615,R12,P12,I05,T12_05,0.3034778998403344,0.40083793564719833,0.15766340886723412,prompt,True
4616,R12,P12,I05,T12_05,0.3251548926860726,0.24829268175665917,0.7779282682421463,option_left,True
4617,R12,P12,I05,T12_05,0.34683188553181077,0.36514587183241254,0.7253805382072925,option_left,False
4618,R12,P12,I05,T12_05,0.3685088783775489,0.33323659853230236,0.7835611312788887,option_left,True
4619,R12,P12,I05,T12_05,0.39018587122328713,0.20182006844284744,0.534138800641191,option_left,True
4620,R12,P12,I05,T12_05,0.4118628640690253,0.8361616515221297,0.7914544822912728,option_right,True
4621,R12,P12,I05,T12_05,0.4335398569147635,0.6736283671689826,0.7253198429665852,option_right,False
4622,R12,P12,I05,T12_05,0.45521684976050164,0.8591722997784838,0.7736202411783653,option_right,True
4623,R12,P12,I05,T12_05,0.4768938426062398,0.7705624421952242,0.9235464666156017,option_right,True
4624,R12,P12,I05,T12_05,0.498570835451978,0.649147189910822,0.8703572147880483,option_right,True
4625,R12,P12,I05,T12_05,0.5202478282977161,0.21143351152746973,0.8467087744364841,option_left,True
4626,R12,P12,I05,T12_05,0.5419248211434543,0.20086437959068038,0.7298948992736168,option_left,True
4627,R12,P12,I05,T12_05,0.5636018139891925,0.2530606510250761,0.7627774843915623,option_left,True
4628,R12,P12,I05,T12_05,0.5852788068349307,0.8425912231396185,0.7592791211981318,option_right,True
4629,R12,P12,I05,T12_05,0.6069557996806688,0.6900170877960079,0.6961414707684503,option_right,True
4630,R12,P12,I05,T12_05,0.628632792526407,0.7520574694810389,0.8137291544800961,option_right,True
4631,R12,P12,I05,T12_05,0.6503097853721452,0.30799274073128446,0.7859823746610304,option_left,True
4632,R12,P12,I05,T12_05,0.6719867782178833,0.7968578991614648,0.8102315757494007,option_right,True
4633,R12,P12,I05,T12_05,0.6936637710636215,0.7219406091238358,0.8191986963597033,option_right,True
4634,R12,P12,I05,T12_05,0.7153407639093597,0.09392734903081953,0.727843823871045,option_left,True
4635,R12,P12,I05,T12_05,0.7370177567550978,0.7064078684496794,0.8041094797321413,option_right,True
4636,R12,P12,I05,T12_05,0.758694749600836,0.2638567266126404,0.7046614813386325,option_left,True
4637,R12,P12,I05,T12_05,0.7803717424465743,0.7637657303333523,0.6192542851838424,option_right,True
4638,R12,P12,I05,T12_05,0.8020487352923124,0.698344829372004,0.7394430656470448,option_right,True
4639,R12,P12,I05,T12_05,0.8237257281380506,0.6814713980107097,0.8092639610559449,option_right,True
4640,R12,P12,I05,T12_05,0.8454027209837888,0.2526378743251239,0.9676343931725069,option_left,True
4641,R12,P12,I05,T12_05,0.867079713829527,0.19235916730164204,0.6536033908187106,option_left,True
4642,R12,P12,I05,T12_05,0.8887567066752651,0.30075841587058555,0.7969232021317202,option_left,True
4643,R12,P12,I05,T12_05,0.9104336995210033,0.7509388643629168,0.7179111565777826,option_right,True
4644,R12,P12,I05,T12_05,0.9321106923667415,0.25609857377811973,0.5956176624221347,option_left,True
4645,R12,P12,I05,T12_05,0.9537876852124796,0.7205657526631674,0.8024360923124814,option_right,True
4646,R12,P12,I05,T12_05,0.9754646780582178,0.766860712832579,0.7556580130828806,option_right,True
4647,R12,P12,I05,T12_05,0.997141670903956,0.35466058044929955,0.74324984356852,option_left,True
4648,R12,P12,I05,T12_05,1.018818663749694,0.7878082096044768,0.7021673408188183,option_right,True
4649,R12,P12,I05,T12_05,1.0404956565954322,0.7245147363709964,0.7233801750020685,option_right,True
4650,R12,P12,I05,T12_05,1.0621726494411705,0.17598997515826964,0.801212469212353,option_left,True
4651,R12,P12,I06,T12_06,0.0,0.5557611210971626,0.2690501037490404,prompt,True
4652,R12,P12,I06,T12_06,0.02214836203569583,0.5236671928459604,0.19505351944557175,prompt,True
4653,R12,P12,I06,T12_06,0.04429672407139166,0.5760338392203357,0.2956517929274837,prompt,True
4654,R12,P12,I06,T12_06,0.06644508610708749,0.6203388840572592,0.3405713742244937,prompt,False
4655,R12,P12,I06,T12_06,0.08859344814278332,0.43146521766622725,0.14721491124084116,prompt,True
4656,R12,P12,I06,T12_06,0.11074181017847914,0.6068349437849327,0.2116045576525094,prompt,True
4657,R12,P12,I06,T12_06,0.13289017221417498,0.486742528532289,0.22066894209036006,prompt,True
4658,R12,P12,I06,T12_06,0.1550385342498708,0.4440085511938616,0.2570458543714818,prompt,True
4659,R12,P12,I06,T12_06,0.17718689628556664,0.5854098202711029,0.29930408480028714,prompt,True
4660,R12,P12,I06,T12_06,0.19933525832126248,0.44145314901037314,0.3078505958392747,prompt,False
4661,R12,P12,I06,T12_06,0.2214836203569583,0.5746549277233026,0.31317421042192783,prompt,True
4662,R12,P12,I06,T12_06,0.24363198239265413,0.7054618762576714,0.2566194392864608,prompt,True
4663,R12,P12,I06,T12_06,0.26578034442834997,0.5226578258430753,0.3165995973769684,prompt,True
4664,R12,P12,I06,T12_06,0.2879287064640458,0.5238811675338811,0.06307076146234425,prompt,False
4665,R12,P12,I06,T12_06,0.3100770684997416,0.39572912628691814,0.2537787186076946,prompt,True
4666,R12,P12,I06,T12_06,0.33222543053543746,0.7889993515460909,0.727277870145538,option_right,True
4667,R12,P12,I06,T12_06,0.3543737925711333,0.7893569266595093,0.8319230698387489,option_right,True
4668,R12,P12,I06,T12_06,0.3765221546068291,0.7103041789024321,0.8859107541741134,option_right,True
4669,R12,P12,I06,T12_06,0.39867051664252495,0.7152352724909876,0.927376108770289,option_right,True
4670,R12,P12,I06,T12_06,0.42081887867822076,0.6920731601577935,0.6855827925401339,option_right,True
4671,R12,P12,I06,T12_06,0.4429672407139166,0.8328683617874321,0.7609444002345112,option_right,True
4672,R12,P12,I06,T12_06,0.46511560274961244,0.7533905107858317,0.7439391532010116,option_right,True
4673,R12,P12,I06,T12_06,0.48726396478530826,0.5594709109026034,0.7053363985459663,option_right,True
4674,R12,P12,I06,T12_06,0.5094123268210041,0.8356388425077574,0.9254785565356912,option_right,True
4675,R12,P12,I06,T12_06,0.5315606888566999,0.8540882266948054,0.8361813383341531,option_right,True
4676,R12,P12,I06,T12_06,0.5537090508923957,0.8776509833820954,0.6066467219502604,option_right,True
4677,R12,P12,I06,T12_06,0.5758574129280916,0.7779124518620175,0.8736192255183396,option_right,True
4678,R12,P12,I06,T12_06,0.5980057749637874,0.7238858511569103,0.6928406986453698,option_right,True
4679,R12,P12,I06,T12_06,0.6201541369994832,0.7348191362458235,0.7292332428222061,option_right,True
4680,R12,P12,I06,T12_06,0.6423024990351791,0.8450367195271359,0.6318175052586522,option_right,True
4681,R12,P12,I06,T12_06,0.6644508610708749,0.6225750635034502,0.7267025069112751,option_right,True
4682,R12,P12,I06,T12_06,0.6865992231065707,0.6839062670663612,0.7506811704990155,option_right,True
4683,R12,P12,I06,T12_06,0.7087475851422665,0.7310436222194527,0.8648525338925627,option_right,True
4684,R12,P12,I06,T12_06,0.7308959471779624,0.843201771634583,0.7849320304318878,option_right,True
4685,R12,P12,I06,T12_06,0.7530443092136582,0.7382056912869686,0.7407769561352596,option_right,True
4686,R12,P12,I06,T12_06,0.775192671249354,0.8541224917815673,0.7996456516880287,option_right,True
4687,R12,P12,I06,T12_06,0.7973410332850499,0.8643507490908302,0.7030329260028523,option_right,True
4688,R12,P12,I06,T12_06,0.8194893953207457,0.6857258368317255,0.7994246022277675,option_right,True
4689,R12,P12,I06,T12_06,0.8416377573564415,0.7448248019813393,0.6290640467958016,option_right,True
4690,R12,P12,I06,T12_06,0.8637861193921373,0.6903996395860186,0.6985401635865105,option_right,True
4691,R12,P12,I06,T12_06,0.8859344814278332,0.8391406488187227,0.596764975283561,option_right,False
4692,R12,P12,I06,T12_06,0.908082843463529,0.8262876672484463,0.9886978045906951,option_right,True
4693,R12,P12,I06,T12_06,0.9302312054992249,0.8250791623264749,0.7453323239735059,option_right,True
4694,R12,P12,I06,T12_06,0.9523795675349207,0.6825537090566575,0.7869272121230447,option_right,True
4695,R12,P12,I06,T12_06,0.9745279295706165,0.6996362509534082,0.719047300903421,option_right,True
4696,R12,P12,I06,T12_06,0.9966762916063123,0.7358914281047936,0.9290582860412436,option_right,True
4697,R12,P12,I06,T12_06,1.0188246536420082,0.8034963009887824,0.6639610993088954,option_right,True
4698,R12,P12,I06,T12_06,1.040973015677704,0.7297593858968703,0.7676593451192832,option_right,True
4699,R12,P12,I06,T12_06,1.0631213777133999,0.6904496558945622,0.6916353300334661,option_right,True
4700,R12,P12,I06,T12_06,1.0852697397490956,0.7557453971311473,0.5904040159717441,option_right,True
4701,R12,P12,I07,T12_07,0.0,0.40538492657017033,0.263994421456949,prompt,True
4702,R12,P12,I07,T12_07,0.024208566971985684,0.48023080252716466,0.22688413463956345,prompt,True
4703,R12,P12,I07,T12_07,0.04841713394397137,0.6030059156663267,0.1747032903104904,prompt,True
4704,R12,P12,I07,T12_07,0.07262570091595705,0.45187894672114925,0.19282010423972615,prompt,True
4705,R12,P12,I07,T12_07,0.09683426788794273,0.5701763114576273,0.23018153384829693,prompt,True
4706,R12,P12,I07,T12_07,0.12104283485992842,0.5012250373768988,0.1798451895047336,prompt,True
4707,R12,P12,I07,T12_07,0.1452514018319141,0.5704376789661256,0.08074443152988714,prompt,True
4708,R12,P12,I07,T12_07,0.1694599688038998,0.5162870935647985,0.19026311275668473,prompt,False
4709,R12,P12,I07,T12_07,0.19366853577588547,0.48029780746702383,0.18121321265249457,prompt,True
4710,R12,P12,I07,T12_07,0.21787710274787114,0.5917217702977284,0.2909184794480742,prompt,True
4711,R12,P12,I07,T12_07,0.24208566971985684,0.5771158324418988,0.2315025891287572,prompt,True
4712,R12,P12,I07,T12_07,0.26629423669184255,0.44497825720673423,0.26806671536812465,prompt,True
4713,R12,P12,I07,T12_07,0.2905028036638282,0.5262684064200099,0.3110525132032192,prompt,True
4714,R12,P12,I07,T12_07,0.3147113706358139,0.36275628646082037,0.21300371480869898,prompt,True
4715,R12,P12,I07,T12_07,0.3389199376077996,0.4398674329320476,0.2989676598525543,prompt,True
4716,R12,P12,I07,T12_07,0.36312850457978524,0.2754436467443358,0.7657216145787566,option_left,True
4717,R12,P12,I07,T12_07,0.38733707155177094,0.14246687766847643,0.6963906546672513,option_left,True
4718,R12,P12,I07,T12_07,0.41154563852375664,0.14928366677979849,0.7900821820255168,option_left,True
4719,R12,P12,I07,T12_07,0.4357542054957423,0.32315853023675933,0.7918790143470278,option_left,True
4720,R12,P12,I07,T12_07,0.459962772467728,0.30815578953324685,0.8473427255363142,option_left,True
4721,R12,P12,I07,T12_07,0.4841713394397137,0.3595880003438242,0.9033240177746873,option_left,True
4722,R12,P12,I07,T12_07,0.5083799064116994,0.2555502130444557,0.6756497945553734,option_left,True
4723,R12,P12,I07,T12_07,0.5325884733836851,0.2914596858629483,0.7998577911601311,option_left,True
4724,R12,P12,I07,T12_07,0.5567970403556707,0.3066126151937305,0.7840123439088408,option_left,True
4725,R12,P12,I07,T12_07,0.5810056073276564,0.23202929935248764,0.8177108199716913,option_left,True
4726,R12,P12,I07,T12_07,0.6052141742996421,0.23631761571626309,0.7658257558152995,option_left,True
4727,R12,P12,I07,T12_07,0.6294227412716278,0.22318625498852243,0.684900277355686,option_left,True
4728,R12,P12,I07,T12_07,0.6536313082436135,0.2321252766358337,0.7192919808699024,option_left,True
4729,R12,P12,I07,T12_07,0.6778398752155992,0.22407830671782997,0.7994357419010738,option_left,True
4730,R12,P12,I07,T12_07,0.7020484421875848,0.23088377984903735,0.7343042354262007,option_left,True
4731,R12,P12,I07,T12_07,0.7262570091595705,0.34878806993144884,0.794584991708949,option_left,True
4732,R12,P12,I07,T12_07,0.7504655761315562,0.2978704954164205,0.7139781287472204,option_left,True
4733,R12,P12,I07,T12_07,0.7746741431035419,0.2726541782874447,0.5925902703729915,option_left,True
4734,R12,P12,I07,T12_07,0.7988827100755276,0.24162820624427894,0.8121100480487433,option_left,True
4735,R12,P12,I07,T12_07,0.8230912770475133,0.30146643264422524,0.8235017361365421,option_left,True
4736,R12,P12,I07,T12_07,0.847299844019499,0.15126092828331783,0.7596467335266637,option_left,True
4737,R12,P12,I07,T12_07,0.8715084109914846,0.21020510025507744,0.7275422282222892,option_left,True
4738,R12,P12,I07,T12_07,0.8957169779634703,0.37140079392137487,0.7395515629060028,option_left,True
4739,R12,P12,I07,T12_07,0.919925544935456,0.18792700186669473,0.7121366024432395,option_left,True
4740,R12,P12,I07,T12_07,0.9441341119074417,0.32175297778185724,0.7035289552524943,option_left,True
4741,R12,P12,I07,T12_07,0.9683426788794274,0.25716518439286473,0.7584813197437545,option_left,True
4742,R12,P12,I07,T12_07,0.9925512458514131,0.20970954090302293,0.6569430747232343,option_left,True
4743,R12,P12,I07,T12_07,1.0167598128233988,0.20145320104913556,0.7151293592789377,option_left,True
4744,R12,P12,I07,T12_07,1.0409683797953844,0.3357012420083588,0.8460187434385188,option_left,True
4745,R12,P12,I07,T12_07,1.0651769467673702,0.28406045429878796,0.6583864046865867,option_left,True
4746,R12,P12,I07,T12_07,1.0893855137393558,0.2686839218879422,0.7713578777039555,option_left,True
4747,R12,P12,I07,T12_07,1.1135940807113414,0.31804617259745854,0.6665959418453892,option_left,True
4748,R12,P12,I07,T12_07,1.1378026476833272,0.2825949786672613,0.717149864298506,option_left,True
4749,R12,P12,I07,T12_07,1.1620112146553128,0.20003580579070818,0.7160567993317118,option_left,True
4750,R12,P12,I07,T12_07,1.1862197816272986,0.26327960302816794,0.7247063460812481,option_left,True
4751,R12,P12,I08,T12_08,0.0,0.6629173591361512,0.09659735996231306,prompt,True
4752,R12,P12,I08,T12_08,0.027064989399633196,0.591305846929038,0.20855797256602004,prompt,True
4753,R12,P12,I08,T12_08,0.05412997879926639,0.6064034617030324,0.25076817526901846,prompt,True
4754,R12,P12,I08,T12_08,0.08119496819889958,0.36080994619758755,0.3491674246748085,prompt,True
4755,R12,P12,I08,T12_08,0.10825995759853278,0.5337570479612046,0.27212513230520263,prompt,True
4756,R12,P12,I08,T12_08,0.13532494699816597,0.46113461280981977,0.14813377924448792,prompt,True
4757,R12,P12,I08,T12_08,0.16238993639779917,0.5785764620068167,0.21691886155323484,prompt,True
4758,R12,P12,I08,T12_08,0.18945492579743237,0.38687086343840427,0.132158497554038,prompt,True
4759,R12,P12,I08,T12_08,0.21651991519706557,0.573123460763633,0.08839952098237566,prompt,True
4760,R12,P12,I08,T12_08,0.24358490459669876,0.4147603425581221,0.20902926682299433,prompt,True
4761,R12,P12,I08,T12_08,0.27064989399633194,0.44681520989901885,0.15118246031845872,prompt,True
4762,R12,P12,I08,T12_08,0.29771488339596514,0.6461710258780399,0.2364726570106251,prompt,True
4763,R12,P12,I08,T12_08,0.32477987279559833,0.3051755131895355,0.2718182678628308,prompt,True
4764,R12,P12,I08,T12_08,0.35184486219523153,0.544350864036831,0.29248540070267737,prompt,True
4765,R12,P12,I08,T12_08,0.37890985159486473,0.4324451429248122,0.19170083001149385,prompt,True
4766,R12,P12,I08,T12_08,0.40597484099449793,0.15506216105089654,0.853105684222137,option_left,True
4767,R12,P12,I08,T12_08,0.43303983039413113,0.2875168573348585,0.7742512464387239,option_left,True
4768,R12,P12,I08,T12_08,0.46010481979376433,0.7200836336028676,0.7385177983687208,option_right,False
4769,R12,P12,I08,T12_08,0.48716980919339753,0.13020744517534205,0.755130137428465,option_left,True
4770,R12,P12,I08,T12_08,0.5142347985930307,0.21528089059215014,0.7378630960214646,option_left,True
4771,R12,P12,I08,T12_08,0.5412997879926639,0.1577372304048847,0.8276498396232073,option_left,True
4772,R12,P12,I08,T12_08,0.5683647773922971,0.65497820591604,0.9093636660573883,option_right,True
4773,R12,P12,I08,T12_08,0.5954297667919303,0.7395510633781752,0.7067564847490905,option_right,True
4774,R12,P12,I08,T12_08,0.6224947561915635,0.29544832199360604,0.8315961501136055,option_left,True
4775,R12,P12,I08,T12_08,0.6495597455911967,0.6599291796142019,0.7721235103932028,option_right,True
4776,R12,P12,I08,T12_08,0.6766247349908299,0.21489939761342064,0.7253864334673343,option_left,True
4777,R12,P12,I08,T12_08,0.7036897243904631,0.8434251280307693,0.8003761962446937,option_right,True
4778,R12,P12,I08,T12_08,0.7307547137900963,0.2771936979456349,0.7688858857929278,option_left,True
4779,R12,P12,I08,T12_08,0.7578197031897295,0.6681061465072684,0.6587503733201724,option_right,True
4780,R12,P12,I08,T12_08,0.7848846925893627,0.27590740719452894,0.7780597387115092,option_left,True
4781,R12,P12,I08,T12_08,0.8119496819889959,0.7011588230445686,0.687207233633368,option_right,True
4782,R12,P12,I08,T12_08,0.8390146713886291,0.18940481697231082,0.8149517020390578,option_left,True
4783,R12,P12,I08,T12_08,0.8660796607882623,0.23915868394528209,0.918813951523622,option_left,True
4784,R12,P12,I08,T12_08,0.8931446501878955,0.655416423417984,0.6650926570394688,option_right,True
4785,R12,P12,I08,T12_08,0.9202096395875287,0.30737519142341063,0.7487151024985238,option_left,True
4786,R12,P12,I08,T12_08,0.9472746289871619,0.3295080634590738,0.793892518599714,option_left,False
4787,R12,P12,I08,T12_08,0.9743396183867951,0.8501177315534401,0.7854299199652012,option_right,True
4788,R12,P12,I08,T12_08,1.0014046077864283,0.1233462085426775,0.6747912695817389,option_left,True
4789,R12,P12,I08,T12_08,1.0284695971860613,0.8554680681947174,0.8023748880050662,option_right,True
4790,R12,P12,I08,T12_08,1.0555345865856947,0.8089921869786627,0.5824134975312313,option_right,True
4791,R12,P12,I08,T12_08,1.0825995759853277,0.4879602458261669,0.8115072010979365,option_left,True
4792,R12,P12,I08,T12_08,1.109664565384961,0.881177542486178,0.6714917410374568,option_right,True
4793,R12,P12,I08,T12_08,1.1367295547845941,0.10226437389355708,0.6295421719336514,option_left,True
4794,R12,P12,I08,T12_08,1.1637945441842275,0.6836149832253499,0.8494585912241547,option_right,True
4795,R12,P12,I08,T12_08,1.1908595335838605,0.8409970520545338,0.596189221194579,option_right,True
4796,R12,P12,I08,T12_08,1.2179245229834939,0.34999256510721877,0.8350666527834827,option_left,True
4797,R12,P12,I08,T12_08,1.244989512383127,0.6667787793793444,0.7562084783638298,option_right,True
4798,R12,P12,I08,T12_08,1.2720545017827602,0.2353808805566564,0.6049876599070438,option_left,True
4799,R12,P12,I08,T12_08,1.2991194911823933,0.2775218608070637,0.7552660616725446,option_left,True
4800,R12,P12,I08,T12_08,1.3261844805820266,0.8677696026341699,0.6922558057057127,option_right,True
