pupil_sample_id,recording_id,participant_id,item_id,trial_id,time,pupil,luminance,blink,valid
1,R01,P01,I01,T01_01,-0.2,2.704675245135913,0.45,False,True
2,R01,P01,I01,T01_01,-0.16908533615624552,2.709487426952958,0.45997397867081824,False,True
3,R01,P01,I01,T01_01,-0.138170672312491,2.743602379792757,0.46979231674036187,False,True
4,R01,P01,I01,T01_01,-0.10725600846873651,2.697631338814174,0.4793018023268838,False,True
5,R01,P01,I01,T01_01,-0.076341344624982,2.7500868531037646,0.48835404308833624,False,True
6,R01,P01,I01,T01_01,-0.045426680781227496,2.7785872165922405,0.496807781835237,False,True
7,R01,P01,I01,T01_01,-0.014512016937473005,2.8087016645599223,0.5045311008018667,False,True
8,R01,P01,I01,T01_01,0.016402646906281515,2.7270793012317833,0.5114034801788822,False,True
9,R01,P01,I01,T01_01,0.04731731075003601,2.72046828955483,0.5173176787846318,False,True
10,R01,P01,I01,T01_01,0.0782319745937905,2.7715332781762445,0.5221814075279276,False,True
11,R01,P01,I01,T01_01,0.10914663843754502,,0.5259187695484469,True,False
12,R01,P01,I01,T01_01,0.14006130228129954,2.742103497247272,0.5284714445618525,False,True
13,R01,P01,I01,T01_01,0.170975966125054,2.7351406603334407,0.5297995989283244,False,True
14,R01,P01,I01,T01_01,0.20189062996880852,2.7795131456153332,0.5298825072431865,False,True
15,R01,P01,I01,T01_01,0.23280529381256304,2.7617778970889075,0.5287188757499149,False,True
16,R01,P01,I01,T01_01,0.2637199576563175,2.843759049401672,0.5263268625287755,False,True
17,R01,P01,I01,T01_01,0.294634621500072,2.795000893990194,0.5227437941460545,False,True
18,R01,P01,I01,T01_01,0.3255492853438265,2.880592169821901,0.5180255831854762,False,True
19,R01,P01,I01,T01_01,0.356463949187581,2.884390802278362,0.5122458557510337,False,True
20,R01,P01,I01,T01_01,0.38737861303133553,2.847069036235886,0.5054948025562618,False,True
21,R01,P01,I01,T01_01,0.41829327687509005,2.9119882548980054,0.4978777715283165,False,True
22,R01,P01,I01,T01_01,0.44920794071884457,2.8918314953404276,0.48951362388880715,False,True
23,R01,P01,I01,T01_01,0.4801226045625991,2.9311962238459794,0.48053287936418654,False,True
24,R01,P01,I01,T01_01,0.5110372684063536,2.9515426854994535,0.4710756794690737,False,True
25,R01,P01,I01,T01_01,0.5419519322501081,2.979503400261414,0.4612896006447894,False,True
26,R01,P01,I01,T01_01,0.5728665960938626,2.951922313705584,0.45132735137834784,False,True
27,R01,P01,I01,T01_01,0.6037812599376171,2.9792231226657124,0.44134438923759134,False,True
28,R01,P01,I01,T01_01,0.6346959237813716,2.9187989240618597,0.43149649500783827,False,True
29,R01,P01,I01,T01_01,0.6656105876251261,2.9813218973446816,0.42193734178483044,False,True
30,R01,P01,I01,T01_01,0.6965252514688804,2.9719260898696107,0.4128160969574713,False,True
31,R01,P01,I01,T01_01,0.727439915312635,2.907148389955125,0.4042750945006125,False,True
32,R01,P01,I01,T01_01,0.7583545791563895,2.931123412923654,0.39644761390098116,False,True
33,R01,P01,I01,T01_01,0.789269243000144,3.027079652677885,0.38945580037536576,False,True
34,R01,P01,I01,T01_01,0.8201839068438985,2.8915817784998343,0.383408758835361,False,True
35,R01,P01,I01,T01_01,0.851098570687653,2.9111838741701774,0.3784008513417133,False,True
36,R01,P01,I01,T01_01,0.8820132345314076,2.9031419230607227,0.374510224615923,False,True
37,R01,P01,I01,T01_01,0.9129278983751621,2.784426530033394,0.37179759058679224,False,True
38,R01,P01,I01,T01_01,0.9438425622189166,2.8809468131795852,0.3703052790010817,False,True
39,R01,P01,I01,T01_01,0.9747572260626711,2.7912848792074247,0.3700565768819698,False,True
40,R01,P01,I01,T01_01,1.0056718899064256,2.882892564686589,0.3710553651428447,False,True
41,R01,P01,I02,T01_02,-0.2,3.1650768801980993,0.45,False,True
42,R01,P01,I02,T01_02,-0.1644728010770974,3.18250934344576,0.45997397867081824,False,True
43,R01,P01,I02,T01_02,-0.12894560215419482,3.15907225514142,0.46979231674036187,False,True
44,R01,P01,I02,T01_02,-0.09341840323129225,3.1703235296926744,0.4793018023268838,False,True
45,R01,P01,I02,T01_02,-0.05789120430838965,3.2115525168958836,0.48835404308833624,False,True
46,R01,P01,I02,T01_02,-0.02236400538548705,3.2606224655391696,0.496807781835237,False,True
47,R01,P01,I02,T01_02,0.013163193537415518,3.2151610967935613,0.5045311008018667,False,True
48,R01,P01,I02,T01_02,0.048690392460318116,3.175601911718741,0.5114034801788822,False,True
49,R01,P01,I02,T01_02,0.08421759138322071,3.1220883388692178,0.5173176787846318,False,True
50,R01,P01,I02,T01_02,0.11974479030612328,3.1605554451552664,0.5221814075279276,False,True
51,R01,P01,I02,T01_02,0.1552719892290259,3.271651438280579,0.5259187695484469,False,True
52,R01,P01,I02,T01_02,0.19079918815192848,3.226952063269117,0.5284714445618525,False,True
53,R01,P01,I02,T01_02,0.22632638707483105,3.2845008607610207,0.5297995989283244,False,True
54,R01,P01,I02,T01_02,0.2618535859977337,3.2200796838841375,0.5298825072431865,False,True
55,R01,P01,I02,T01_02,0.29738078492063624,3.238842278915958,0.5287188757499149,False,True
56,R01,P01,I02,T01_02,0.33290798384353887,3.3705671724453836,0.5263268625287755,False,True
57,R01,P01,I02,T01_02,0.36843518276644144,3.305202016589607,0.5227437941460545,False,True
58,R01,P01,I02,T01_02,0.403962381689344,3.252139249690816,0.5180255831854762,False,True
59,R01,P01,I02,T01_02,0.4394895806122466,,0.5122458557510337,True,False
60,R01,P01,I02,T01_02,0.47501677953514926,3.381874281177906,0.5054948025562618,False,True
61,R01,P01,I02,T01_02,0.5105439784580519,3.359257565054837,0.4978777715283165,False,True
62,R01,P01,I02,T01_02,0.5460711773809543,3.402696381921083,0.48951362388880715,False,True
63,R01,P01,I02,T01_02,0.581598376303857,3.433076008528752,0.48053287936418654,False,True
64,R01,P01,I02,T01_02,0.6171255752267595,3.393785850626861,0.4710756794690737,False,True
65,R01,P01,I02,T01_02,0.6526527741496622,3.4262998170986605,0.4612896006447894,False,True
66,R01,P01,I02,T01_02,0.6881799730725648,3.4738580226791878,0.45132735137834784,False,True
67,R01,P01,I02,T01_02,0.7237071719954673,3.5240650967931844,0.44134438923759134,False,True
68,R01,P01,I02,T01_02,0.75923437091837,3.489874071499838,0.43149649500783827,False,True
69,R01,P01,I02,T01_02,0.7947615698412724,3.346107056210483,0.42193734178483044,False,True
70,R01,P01,I02,T01_02,0.8302887687641751,3.3698050737837932,0.4128160969574713,False,True
71,R01,P01,I02,T01_02,0.8658159676870778,3.3182427467769497,0.4042750945006125,False,True
72,R01,P01,I02,T01_02,0.9013431666099803,3.303149570927257,0.39644761390098116,False,True
73,R01,P01,I02,T01_02,0.9368703655328829,3.3598232236893537,0.38945580037536576,False,True
74,R01,P01,I02,T01_02,0.9723975644557856,3.2689894256822725,0.383408758835361,False,True
75,R01,P01,I02,T01_02,1.007924763378688,3.1909779332607,0.3784008513417133,False,True
76,R01,P01,I02,T01_02,1.0434519623015908,3.2340539813604234,0.374510224615923,False,True
77,R01,P01,I02,T01_02,1.0789791612244932,3.3016055611997555,0.37179759058679224,False,True
78,R01,P01,I02,T01_02,1.114506360147396,3.199680055894573,0.3703052790010817,False,True
79,R01,P01,I02,T01_02,1.1500335590702986,3.2297869818669094,0.3700565768819698,False,True
80,R01,P01,I02,T01_02,1.185560757993201,3.1402470707549597,0.3710553651428447,False,True
81,R01,P01,I03,T01_03,-0.2,,0.45,True,False
82,R01,P01,I03,T01_03,-0.1603396501676113,3.1125860706403703,0.45997397867081824,False,True
83,R01,P01,I03,T01_03,-0.12067930033522256,3.0778550261350257,0.46979231674036187,False,True
84,R01,P01,I03,T01_03,-0.08101895050283384,3.091262452500797,0.4793018023268838,False,True
85,R01,P01,I03,T01_03,-0.04135860067044511,3.0730772262457506,0.48835404308833624,False,True
86,R01,P01,I03,T01_03,-0.0016982508380563865,3.1199402293992993,0.496807781835237,False,True
87,R01,P01,I03,T01_03,0.03796209899433234,3.107751692752001,0.5045311008018667,False,True
88,R01,P01,I03,T01_03,0.07762244882672104,3.1562751524873707,0.5114034801788822,False,True
89,R01,P01,I03,T01_03,0.11728279865910979,3.1739859924886327,0.5173176787846318,False,True
90,R01,P01,I03,T01_03,0.15694314849149854,,0.5221814075279276,True,False
91,R01,P01,I03,T01_03,0.19660349832388724,3.134710009518602,0.5259187695484469,False,True
92,R01,P01,I03,T01_03,0.23626384815627594,3.0822647219005668,0.5284714445618525,False,True
93,R01,P01,I03,T01_03,0.2759241979886647,3.1382677142808806,0.5297995989283244,False,True
94,R01,P01,I03,T01_03,0.31558454782105344,3.275677958997178,0.5298825072431865,False,True
95,R01,P01,I03,T01_03,0.3552448976534421,3.1982533966649513,0.5287188757499149,False,True
96,R01,P01,I03,T01_03,0.39490524748583083,3.2383851846297578,0.5263268625287755,False,True
97,R01,P01,I03,T01_03,0.4345655973182196,3.2950019489153695,0.5227437941460545,False,True
98,R01,P01,I03,T01_03,0.47422594715060834,3.261430848506357,0.5180255831854762,False,True
99,R01,P01,I03,T01_03,0.5138862969829971,3.2398058739234377,0.5122458557510337,False,True
100,R01,P01,I03,T01_03,0.5535466468153858,3.393617418728278,0.5054948025562618,False,True
101,R01,P01,I03,T01_03,0.5932069966477744,3.33877292138034,0.4978777715283165,False,True
102,R01,P01,I03,T01_03,0.6328673464801633,3.332428852691041,0.48951362388880715,False,True
103,R01,P01,I03,T01_03,0.6725276963125519,3.3993179010544314,0.48053287936418654,False,True
104,R01,P01,I03,T01_03,0.7121880461449406,3.4023561365861537,0.4710756794690737,False,True
105,R01,P01,I03,T01_03,0.7518483959773294,3.316733058120915,0.4612896006447894,False,True
106,R01,P01,I03,T01_03,0.7915087458097181,3.3433226137501615,0.45132735137834784,False,True
107,R01,P01,I03,T01_03,0.831169095642107,3.289206921766195,0.44134438923759134,False,True
108,R01,P01,I03,T01_03,0.8708294454744956,3.2849093666945306,0.43149649500783827,False,True
109,R01,P01,I03,T01_03,0.9104897953068842,3.2369524393874247,0.42193734178483044,False,True
110,R01,P01,I03,T01_03,0.9501501451392731,3.245121427713924,0.4128160969574713,False,True
111,R01,P01,I03,T01_03,0.9898104949716617,3.255724313472534,0.4042750945006125,False,True
112,R01,P01,I03,T01_03,1.0294708448040506,3.1947192845218146,0.39644761390098116,False,True
113,R01,P01,I03,T01_03,1.0691311946364392,3.170043136843834,0.38945580037536576,False,True
114,R01,P01,I03,T01_03,1.1087915444688279,3.1385380063731443,0.383408758835361,False,True
115,R01,P01,I03,T01_03,1.1484518943012167,3.1445627218191614,0.3784008513417133,False,True
116,R01,P01,I03,T01_03,1.1881122441336054,3.0618705939023445,0.374510224615923,False,True
117,R01,P01,I03,T01_03,1.2277725939659943,3.0860595203373054,0.37179759058679224,False,True
118,R01,P01,I03,T01_03,1.267432943798383,3.099294903570794,0.3703052790010817,False,True
119,R01,P01,I03,T01_03,1.3070932936307715,3.1729027210232656,0.3700565768819698,False,True
120,R01,P01,I03,T01_03,1.3467536434631604,3.1140312551775318,0.3710553651428447,False,True
121,R01,P01,I04,T01_04,-0.2,3.2832406415525863,0.45,False,True
122,R01,P01,I04,T01_04,-0.1585185996493892,3.2599179847388906,0.45997397867081824,False,True
123,R01,P01,I04,T01_04,-0.11703719929877837,3.248466574290029,0.46979231674036187,False,True
124,R01,P01,I04,T01_04,-0.07555579894816755,3.217660124259082,0.4793018023268838,False,True
125,R01,P01,I04,T01_04,-0.03407439859755673,3.222702225919941,0.48835404308833624,False,True
126,R01,P01,I04,T01_04,0.007407001753054088,3.2564311251217712,0.496807781835237,False,True
127,R01,P01,I04,T01_04,0.04888840210366491,3.2578980842394296,0.5045311008018667,False,True
128,R01,P01,I04,T01_04,0.09036980245427573,3.344636186154339,0.5114034801788822,False,True
129,R01,P01,I04,T01_04,0.13185120280488655,3.299727790701867,0.5173176787846318,False,True
130,R01,P01,I04,T01_04,0.17333260315549737,3.2375392832064076,0.5221814075279276,False,True
131,R01,P01,I04,T01_04,0.2148140035061082,3.343647306890898,0.5259187695484469,False,True
132,R01,P01,I04,T01_04,0.256295403856719,3.3597976316468885,0.5284714445618525,False,True
133,R01,P01,I04,T01_04,0.2977768042073298,3.404866101824666,0.5297995989283244,False,True
134,R01,P01,I04,T01_04,0.3392582045579406,3.3791652407616284,0.5298825072431865,False,True
135,R01,P01,I04,T01_04,0.38073960490855147,3.3649669989622173,0.5287188757499149,False,True
136,R01,P01,I04,T01_04,0.42222100525916234,3.385895897500326,0.5263268625287755,False,True
137,R01,P01,I04,T01_04,0.4637024056097731,3.4480929610639577,0.5227437941460545,False,True
138,R01,P01,I04,T01_04,0.5051838059603839,3.432421092436575,0.5180255831854762,False,True
139,R01,P01,I04,T01_04,0.5466652063109947,3.5014866071870494,0.5122458557510337,False,True
140,R01,P01,I04,T01_04,0.5881466066616057,3.5120976336191134,0.5054948025562618,False,True
141,R01,P01,I04,T01_04,0.6296280070122164,3.5177950818816615,0.4978777715283165,False,True
142,R01,P01,I04,T01_04,0.6711094073628272,3.4263659823041017,0.48951362388880715,False,True
143,R01,P01,I04,T01_04,0.712590807713438,3.4922572421000435,0.48053287936418654,False,True
144,R01,P01,I04,T01_04,0.754072208064049,3.4298661156640966,0.4710756794690737,False,True
145,R01,P01,I04,T01_04,0.7955536084146597,3.439198721752844,0.4612896006447894,False,True
146,R01,P01,I04,T01_04,0.8370350087652705,3.3604154062349565,0.45132735137834784,False,True
147,R01,P01,I04,T01_04,0.8785164091158812,3.430899555778267,0.44134438923759134,False,True
148,R01,P01,I04,T01_04,0.9199978094664922,3.366280047580271,0.43149649500783827,False,True
149,R01,P01,I04,T01_04,0.961479209817103,3.313964262450502,0.42193734178483044,False,True
150,R01,P01,I04,T01_04,1.0029606101677138,3.3924371274206546,0.4128160969574713,False,True
151,R01,P01,I04,T01_04,1.0444420105183247,3.3515508379172916,0.4042750945006125,False,True
152,R01,P01,I04,T01_04,1.0859234108689355,3.2550835602486634,0.39644761390098116,False,True
153,R01,P01,I04,T01_04,1.1274048112195463,3.28840842114971,0.38945580037536576,False,True
154,R01,P01,I04,T01_04,1.168886211570157,3.2998810207225477,0.383408758835361,False,True
155,R01,P01,I04,T01_04,1.2103676119207678,3.328510055638244,0.3784008513417133,False,True
156,R01,P01,I04,T01_04,1.2518490122713788,3.2698429774478455,0.374510224615923,False,True
157,R01,P01,I04,T01_04,1.2933304126219896,3.204924849137328,0.37179759058679224,False,True
158,R01,P01,I04,T01_04,1.3348118129726003,3.2951400669633166,0.3703052790010817,False,True
159,R01,P01,I04,T01_04,1.3762932133232113,3.1396660118795223,0.3700565768819698,False,True
160,R01,P01,I04,T01_04,1.417774613673822,3.2946019051791966,0.3710553651428447,False,True
161,R01,P01,I05,T01_05,-0.2,3.4003989860716684,0.45,False,True
162,R01,P01,I05,T01_05,-0.15253464079150755,,0.45997397867081824,True,False
163,R01,P01,I05,T01_05,-0.10506928158301511,3.3879439507153113,0.46979231674036187,False,True
164,R01,P01,I05,T01_05,-0.057603922374522665,3.398002259536921,0.4793018023268838,False,True
165,R01,P01,I05,T01_05,-0.010138563166030207,3.4481063218930754,0.48835404308833624,False,True
166,R01,P01,I05,T01_05,0.03732679604246225,3.422242030195877,0.496807781835237,False,True
167,R01,P01,I05,T01_05,0.08479215525095468,3.459809049359931,0.5045311008018667,False,True
168,R01,P01,I05,T01_05,0.13225751445944717,3.448328311040725,0.5114034801788822,False,True
169,R01,P01,I05,T01_05,0.1797228736679396,3.4506759695464253,0.5173176787846318,False,True
170,R01,P01,I05,T01_05,0.22718823287643203,3.4917542531537866,0.5221814075279276,False,True
171,R01,P01,I05,T01_05,0.2746535920849245,3.4210377710224606,0.5259187695484469,False,True
172,R01,P01,I05,T01_05,0.322118951293417,3.455448329064103,0.5284714445618525,False,True
173,R01,P01,I05,T01_05,0.3695843105019094,3.5125980381755526,0.5297995989283244,False,True
174,R01,P01,I05,T01_05,0.41704966971040186,3.646673958143797,0.5298825072431865,False,True
175,R01,P01,I05,T01_05,0.46451502891889435,3.6114028893130663,0.5287188757499149,False,True
176,R01,P01,I05,T01_05,0.5119803881273868,3.611602559769147,0.5263268625287755,False,True
177,R01,P01,I05,T01_05,0.5594457473358792,3.6596634121715343,0.5227437941460545,False,True
178,R01,P01,I05,T01_05,0.6069111065443717,3.688738045463484,0.5180255831854762,False,True
179,R01,P01,I05,T01_05,0.6543764657528641,3.647844319203026,0.5122458557510337,False,True
180,R01,P01,I05,T01_05,0.7018418249613565,3.6748417220158704,0.5054948025562618,False,True
181,R01,P01,I05,T01_05,0.7493071841698491,3.651289589415285,0.4978777715283165,False,True
182,R01,P01,I05,T01_05,0.7967725433783415,3.6495268403752283,0.48951362388880715,False,True
183,R01,P01,I05,T01_05,0.8442379025868341,3.6133396696474693,0.48053287936418654,False,True
184,R01,P01,I05,T01_05,0.8917032617953264,3.606320905809765,0.4710756794690737,False,True
185,R01,P01,I05,T01_05,0.9391686210038188,3.5168788043507093,0.4612896006447894,False,True
186,R01,P01,I05,T01_05,0.9866339802123114,3.5517135050671405,0.45132735137834784,False,True
187,R01,P01,I05,T01_05,1.0340993394208038,3.4354887571696464,0.44134438923759134,False,True
188,R01,P01,I05,T01_05,1.0815646986292962,3.415078767768856,0.43149649500783827,False,True
189,R01,P01,I05,T01_05,1.1290300578377888,3.4393312716910827,0.42193734178483044,False,True
190,R01,P01,I05,T01_05,1.1764954170462811,3.402203753569118,0.4128160969574713,False,True
191,R01,P01,I05,T01_05,1.2239607762547735,3.5359533739857154,0.4042750945006125,False,True
192,R01,P01,I05,T01_05,1.271426135463266,3.456983781476562,0.39644761390098116,False,True
193,R01,P01,I05,T01_05,1.3188914946717585,3.4805836283833247,0.38945580037536576,False,True
194,R01,P01,I05,T01_05,1.3663568538802509,3.430532557315861,0.383408758835361,False,True
195,R01,P01,I05,T01_05,1.4138222130887435,3.4822358170227905,0.3784008513417133,False,True
196,R01,P01,I05,T01_05,1.4612875722972358,3.4264229561979187,0.374510224615923,False,True
197,R01,P01,I05,T01_05,1.5087529315057282,3.46774027402397,0.37179759058679224,False,True
198,R01,P01,I05,T01_05,1.5562182907142208,3.3317354945494,0.3703052790010817,False,True
199,R01,P01,I05,T01_05,1.6036836499227132,3.387899657551616,0.3700565768819698,False,True
200,R01,P01,I05,T01_05,1.6511490091312055,3.421630367980059,0.3710553651428447,False,True
201,R01,P01,I06,T01_06,-0.2,2.8978617603137016,0.45,False,True
202,R01,P01,I06,T01_06,-0.1555135448168365,2.8908332146439353,0.45997397867081824,False,True
203,R01,P01,I06,T01_06,-0.11102708963367294,2.9736773440315747,0.46979231674036187,False,True
204,R01,P01,I06,T01_06,-0.0665406344505094,2.939527469070536,0.4793018023268838,False,True
205,R01,P01,I06,T01_06,-0.022054179267345875,2.9301331905774695,0.48835404308833624,False,True
206,R01,P01,I06,T01_06,0.022432275915817645,2.865338502251893,0.496807781835237,False,True
207,R01,P01,I06,T01_06,0.06691873109898122,2.970016252194853,0.5045311008018667,False,True
208,R01,P01,I06,T01_06,0.11140518628214474,2.9397705544066826,0.5114034801788822,False,True
209,R01,P01,I06,T01_06,0.15589164146530826,3.0247454331267036,0.5173176787846318,False,True
210,R01,P01,I06,T01_06,0.20037809664847178,2.9975774158578252,0.5221814075279276,False,True
211,R01,P01,I06,T01_06,0.2448645518316353,2.901824781496571,0.5259187695484469,False,True
212,R01,P01,I06,T01_06,0.2893510070147989,3.038314717562759,0.5284714445618525,False,True
213,R01,P01,I06,T01_06,0.33383746219796245,3.0479501227096515,0.5297995989283244,False,True
214,R01,P01,I06,T01_06,0.378323917381126,3.017647575385901,0.5298825072431865,False,True
215,R01,P01,I06,T01_06,0.4228103725642895,3.023890879610707,0.5287188757499149,False,True
216,R01,P01,I06,T01_06,0.467296827747453,3.0791436364619114,0.5263268625287755,False,True
217,R01,P01,I06,T01_06,0.5117832829306166,3.0380600689263986,0.5227437941460545,False,True
218,R01,P01,I06,T01_06,0.55626973811378,3.1449085171869036,0.5180255831854762,False,True
219,R01,P01,I06,T01_06,0.6007561932969436,3.1703911525758,0.5122458557510337,False,True
220,R01,P01,I06,T01_06,0.645242648480107,3.1113243874228194,0.5054948025562618,False,True
221,R01,P01,I06,T01_06,0.6897291036632707,3.1967160795234957,0.4978777715283165,False,True
222,R01,P01,I06,T01_06,0.7342155588464343,3.147058766163803,0.48951362388880715,False,True
223,R01,P01,I06,T01_06,0.7787020140295977,3.1079217451370984,0.48053287936418654,False,True
224,R01,P01,I06,T01_06,0.8231884692127613,3.194056211741083,0.4710756794690737,False,True
225,R01,P01,I06,T01_06,0.867674924395925,3.106904890342826,0.4612896006447894,False,True
226,R01,P01,I06,T01_06,0.9121613795790884,3.0342043257181768,0.45132735137834784,False,True
227,R01,P01,I06,T01_06,0.956647834762252,3.062261500588179,0.44134438923759134,False,True
228,R01,P01,I06,T01_06,1.0011342899454154,3.004438505693455,0.43149649500783827,False,True
229,R01,P01,I06,T01_06,1.045620745128579,2.9617955723793887,0.42193734178483044,False,True
230,R01,P01,I06,T01_06,1.0901072003117425,2.8941138320073145,0.4128160969574713,False,True
231,R01,P01,I06,T01_06,1.134593655494906,2.9005822622140816,0.4042750945006125,False,True
232,R01,P01,I06,T01_06,1.1790801106780695,2.943817746561164,0.39644761390098116,False,True
233,R01,P01,I06,T01_06,1.2235665658612331,2.9076784170473777,0.38945580037536576,False,True
234,R01,P01,I06,T01_06,1.2680530210443968,2.9076562551019016,0.383408758835361,False,True
235,R01,P01,I06,T01_06,1.3125394762275602,2.8448931445954497,0.3784008513417133,False,True
236,R01,P01,I06,T01_06,1.3570259314107238,2.974920806345433,0.374510224615923,False,True
237,R01,P01,I06,T01_06,1.4015123865938872,2.840858494356266,0.37179759058679224,False,True
238,R01,P01,I06,T01_06,1.4459988417770508,2.9542815302789207,0.3703052790010817,False,True
239,R01,P01,I06,T01_06,1.4904852969602143,2.80438050625783,0.3700565768819698,False,True
240,R01,P01,I06,T01_06,1.5349717521433779,2.8789475161267406,0.3710553651428447,False,True
241,R01,P01,I07,T01_07,-0.2,3.0649688138083375,0.45,False,True
242,R01,P01,I07,T01_07,-0.15739703415238196,3.098986403739174,0.45997397867081824,False,True
243,R01,P01,I07,T01_07,-0.11479406830476391,3.0658718746929474,0.46979231674036187,False,True
244,R01,P01,I07,T01_07,-0.07219110245714586,3.076952976964981,0.4793018023268838,False,True
245,R01,P01,I07,T01_07,-0.029588136609527804,3.116426719840486,0.48835404308833624,False,True
246,R01,P01,I07,T01_07,0.013014829238090247,,0.496807781835237,True,False
247,R01,P01,I07,T01_07,0.0556177950857083,3.0811859070165366,0.5045311008018667,False,True
248,R01,P01,I07,T01_07,0.09822076093332638,2.992954253930317,0.5114034801788822,False,True
249,R01,P01,I07,T01_07,0.1408237267809444,3.047160161993958,0.5173176787846318,False,True
250,R01,P01,I07,T01_07,0.18342669262856243,3.133561220256773,0.5221814075279276,False,True
251,R01,P01,I07,T01_07,0.2260296584761805,3.1407917723935137,0.5259187695484469,False,True
252,R01,P01,I07,T01_07,0.2686326243237986,3.136702923939791,0.5284714445618525,False,True
253,R01,P01,I07,T01_07,0.3112355901714166,3.239974947587246,0.5297995989283244,False,True
254,R01,P01,I07,T01_07,0.35383855601903463,3.267642291170641,0.5298825072431865,False,True
255,R01,P01,I07,T01_07,0.39644152186665277,3.132636507961318,0.5287188757499149,False,True
256,R01,P01,I07,T01_07,0.4390444877142708,3.2578901109197393,0.5263268625287755,False,True
257,R01,P01,I07,T01_07,0.4816474535618888,3.289660713435959,0.5227437941460545,False,True
258,R01,P01,I07,T01_07,0.5242504194095068,3.330260298172685,0.5180255831854762,False,True
259,R01,P01,I07,T01_07,0.5668533852571249,3.3104466005736306,0.5122458557510337,False,True
260,R01,P01,I07,T01_07,0.609456351104743,3.291611511606275,0.5054948025562618,False,True
261,R01,P01,I07,T01_07,0.652059316952361,3.3087870780584923,0.4978777715283165,False,True
262,R01,P01,I07,T01_07,0.6946622827999791,3.2771506294579607,0.48951362388880715,False,True
263,R01,P01,I07,T01_07,0.7372652486475972,3.323970650813281,0.48053287936418654,False,True
264,R01,P01,I07,T01_07,0.7798682144952152,,0.4710756794690737,True,False
265,R01,P01,I07,T01_07,0.8224711803428333,3.2653444845223354,0.4612896006447894,False,True
266,R01,P01,I07,T01_07,0.8650741461904514,3.152186485771568,0.45132735137834784,False,True
267,R01,P01,I07,T01_07,0.9076771120380693,3.1889338019251148,0.44134438923759134,False,True
268,R01,P01,I07,T01_07,0.9502800778856875,3.177415332548931,0.43149649500783827,False,True
269,R01,P01,I07,T01_07,0.9928830437333056,3.1180118734106697,0.42193734178483044,False,True
270,R01,P01,I07,T01_07,1.0354860095809235,3.097906997088893,0.4128160969574713,False,True
271,R01,P01,I07,T01_07,1.0780889754285417,3.1722069797579597,0.4042750945006125,False,True
272,R01,P01,I07,T01_07,1.1206919412761596,3.0502142851070237,0.39644761390098116,False,True
273,R01,P01,I07,T01_07,1.1632949071237777,3.0684281984520427,0.38945580037536576,False,True
274,R01,P01,I07,T01_07,1.2058978729713958,3.032242965925683,0.383408758835361,False,True
275,R01,P01,I07,T01_07,1.2485008388190137,2.992694326015581,0.3784008513417133,False,True
276,R01,P01,I07,T01_07,1.2911038046666319,3.052408318373041,0.374510224615923,False,True
277,R01,P01,I07,T01_07,1.3337067705142498,3.0461329234686065,0.37179759058679224,False,True
278,R01,P01,I07,T01_07,1.376309736361868,3.038816226747973,0.3703052790010817,False,True
279,R01,P01,I07,T01_07,1.418912702209486,3.0626426240065254,0.3700565768819698,False,True
280,R01,P01,I07,T01_07,1.461515668057104,2.982351365322236,0.3710553651428447,False,True
281,R01,P01,I08,T01_08,-0.2,3.202532436106655,0.45,False,True
282,R01,P01,I08,T01_08,-0.16337879723205562,3.2665998302354105,0.45997397867081824,False,True
283,R01,P01,I08,T01_08,-0.12675759446411122,3.142651353531019,0.46979231674036187,False,True
284,R01,P01,I08,T01_08,-0.0901363916961668,3.246729963434943,0.4793018023268838,False,True
285,R01,P01,I08,T01_08,-0.05351518892822241,3.1786731554465364,0.48835404308833624,False,True
286,R01,P01,I08,T01_08,-0.016893986160278013,3.1910599939582953,0.496807781835237,False,True
287,R01,P01,I08,T01_08,0.01972721660766641,3.2084674173815086,0.5045311008018667,False,True
288,R01,P01,I08,T01_08,0.0563484193756108,3.233457480832095,0.5114034801788822,False,True
289,R01,P01,I08,T01_08,0.0929696221435552,3.196446664416768,0.5173176787846318,False,True
290,R01,P01,I08,T01_08,0.1295908249114996,3.327065931974941,0.5221814075279276,False,True
291,R01,P01,I08,T01_08,0.16621202767944399,3.2577475433632364,0.5259187695484469,False,True
292,R01,P01,I08,T01_08,0.20283323044738838,3.239072842390289,0.5284714445618525,False,True
293,R01,P01,I08,T01_08,0.23945443321533283,3.2290566675299957,0.5297995989283244,False,True
294,R01,P01,I08,T01_08,0.2760756359832772,3.3008866170081625,0.5298825072431865,False,True
295,R01,P01,I08,T01_08,0.3126968387512216,3.3756848358874536,0.5287188757499149,False,True
296,R01,P01,I08,T01_08,0.34931804151916596,3.3284444751902296,0.5263268625287755,False,True
297,R01,P01,I08,T01_08,0.3859392442871104,3.321759697174953,0.5227437941460545,False,True
298,R01,P01,I08,T01_08,0.42256044705505486,3.3029648585414995,0.5180255831854762,False,True
299,R01,P01,I08,T01_08,0.4591816498229992,3.414272878880823,0.5122458557510337,False,True
300,R01,P01,I08,T01_08,0.49580285259094364,3.391815722832979,0.5054948025562618,False,True
301,R01,P01,I08,T01_08,0.5324240553588879,3.464180386949614,0.4978777715283165,False,True
302,R01,P01,I08,T01_08,0.5690452581268324,3.436819241592746,0.48951362388880715,False,True
303,R01,P01,I08,T01_08,0.6056664608947768,3.518020535297655,0.48053287936418654,False,True
304,R01,P01,I08,T01_08,0.6422876636627213,3.4873119557129617,0.4710756794690737,False,True
305,R01,P01,I08,T01_08,0.6789088664306657,3.4887635155275465,0.4612896006447894,False,True
306,R01,P01,I08,T01_08,0.71553006919861,3.4087001572238407,0.45132735137834784,False,True
307,R01,P01,I08,T01_08,0.7521512719665544,3.4126293785489676,0.44134438923759134,False,True
308,R01,P01,I08,T01_08,0.7887724747344989,3.383515705566498,0.43149649500783827,False,True
309,R01,P01,I08,T01_08,0.8253936775024433,3.405534434665638,0.42193734178483044,False,True
310,R01,P01,I08,T01_08,0.8620148802703878,3.3909323235358886,0.4128160969574713,False,True
311,R01,P01,I08,T01_08,0.898636083038332,3.3818803593349545,0.4042750945006125,False,True
312,R01,P01,I08,T01_08,0.9352572858062764,3.3490723368475384,0.39644761390098116,False,True
313,R01,P01,I08,T01_08,0.9718784885742209,3.3791982091950548,0.38945580037536576,False,True
314,R01,P01,I08,T01_08,1.0084996913421653,3.199399819715066,0.383408758835361,False,True
315,R01,P01,I08,T01_08,1.0451208941101098,,0.3784008513417133,True,False
316,R01,P01,I08,T01_08,1.081742096878054,3.233265975907314,0.374510224615923,False,True
317,R01,P01,I08,T01_08,1.1183632996459985,3.1460730091868805,0.37179759058679224,False,True
318,R01,P01,I08,T01_08,1.154984502413943,3.3011284289479437,0.3703052790010817,False,True
319,R01,P01,I08,T01_08,1.1916057051818874,3.196905521218964,0.3700565768819698,False,True
320,R01,P01,I08,T01_08,1.2282269079498318,3.288607192010859,0.3710553651428447,False,True
321,R02,P02,I01,T02_01,-0.2,3.2630706854746467,0.45,False,True
322,R02,P02,I01,T02_01,-0.17435314665663681,3.260619098215282,0.45997397867081824,False,True
323,R02,P02,I01,T02_01,-0.14870629331327362,3.236152255581497,0.46979231674036187,False,True
324,R02,P02,I01,T02_01,-0.12305943996991044,3.256277015089345,0.4793018023268838,False,True
325,R02,P02,I01,T02_01,-0.09741258662654724,3.3106896107694763,0.48835404308833624,False,True
326,R02,P02,I01,T02_01,-0.07176573328318406,3.2502066254409017,0.496807781835237,False,True
327,R02,P02,I01,T02_01,-0.04611887993982086,3.211826417384237,0.5045311008018667,False,True
328,R02,P02,I01,T02_01,-0.020472026596457665,3.295411742351539,0.5114034801788822,False,True
329,R02,P02,I01,T02_01,0.005174826746905531,3.2577690778071013,0.5173176787846318,False,True
330,R02,P02,I01,T02_01,0.030821680090268727,3.369568484675237,0.5221814075279276,False,True
331,R02,P02,I01,T02_01,0.056468533433631896,3.3104482077308823,0.5259187695484469,False,True
332,R02,P02,I01,T02_01,0.08211538677699509,3.36400270267001,0.5284714445618525,False,True
333,R02,P02,I01,T02_01,0.10776224012035829,3.2805085941359815,0.5297995989283244,False,True
334,R02,P02,I01,T02_01,0.13340909346372148,3.1956551044661774,0.5298825072431865,False,True
335,R02,P02,I01,T02_01,0.15905594680708468,3.2937652787179825,0.5287188757499149,False,True
336,R02,P02,I01,T02_01,0.18470280015044788,3.2376115647559915,0.5263268625287755,False,True
337,R02,P02,I01,T02_01,0.21034965349381107,3.2706485161682988,0.5227437941460545,False,True
338,R02,P02,I01,T02_01,0.23599650683717427,3.385806410877615,0.5180255831854762,False,True
339,R02,P02,I01,T02_01,0.26164336018053747,3.3866553108462893,0.5122458557510337,False,True
340,R02,P02,I01,T02_01,0.28729021352390066,3.2217436431646194,0.5054948025562618,False,True
341,R02,P02,I01,T02_01,0.3129370668672638,3.3940086228607402,0.4978777715283165,False,True
342,R02,P02,I01,T02_01,0.33858392021062705,3.380469331149576,0.48951362388880715,False,True
343,R02,P02,I01,T02_01,0.3642307735539902,3.2968352871019375,0.48053287936418654,False,True
344,R02,P02,I01,T02_01,0.38987762689735345,3.4657987223293003,0.4710756794690737,False,True
345,R02,P02,I01,T02_01,0.4155244802407166,3.4106706025052516,0.4612896006447894,False,True
346,R02,P02,I01,T02_01,0.44117133358407984,3.4859463271626323,0.45132735137834784,False,True
347,R02,P02,I01,T02_01,0.466818186927443,3.440358985797419,0.44134438923759134,False,True
348,R02,P02,I01,T02_01,0.49246504027080623,,0.43149649500783827,True,False
349,R02,P02,I01,T02_01,0.5181118936141693,3.4292187284469926,0.42193734178483044,False,True
350,R02,P02,I01,T02_01,0.5437587469575327,3.4759393739285107,0.4128160969574713,False,True
351,R02,P02,I01,T02_01,0.5694056003008958,3.4603770823496354,0.4042750945006125,False,True
352,R02,P02,I01,T02_01,0.595052453644259,3.4291939898031307,0.39644761390098116,False,True
353,R02,P02,I01,T02_01,0.6206993069876221,3.515369944300697,0.38945580037536576,False,True
354,R02,P02,I01,T02_01,0.6463461603309852,3.4859848615992997,0.383408758835361,False,True
355,R02,P02,I01,T02_01,0.6719930136743486,3.489355068443996,0.3784008513417133,False,True
356,R02,P02,I01,T02_01,0.6976398670177117,3.5353995973648793,0.374510224615923,False,True
357,R02,P02,I01,T02_01,0.7232867203610749,3.5017063632827488,0.37179759058679224,False,True
358,R02,P02,I01,T02_01,0.748933573704438,3.5367293422717543,0.3703052790010817,False,True
359,R02,P02,I01,T02_01,0.7745804270478014,3.3710551439785785,0.3700565768819698,False,True
360,R02,P02,I01,T02_01,0.8002272803911645,3.463439413065032,0.3710553651428447,False,True
361,R02,P02,I02,T02_02,-0.2,3.1169400650813204,0.45,False,True
362,R02,P02,I02,T02_02,-0.1699931711798984,3.111747781562791,0.45997397867081824,False,True
363,R02,P02,I02,T02_02,-0.1399863423597968,3.043501163004065,0.46979231674036187,False,True
364,R02,P02,I02,T02_02,-0.1099795135396952,3.0965827733797724,0.4793018023268838,False,True
365,R02,P02,I02,T02_02,-0.0799726847195936,3.120171788939568,0.48835404308833624,False,True
366,R02,P02,I02,T02_02,-0.049965855899491984,3.1200472171151166,0.496807781835237,False,True
367,R02,P02,I02,T02_02,-0.0199590270793904,3.028066462295458,0.5045311008018667,False,True
368,R02,P02,I02,T02_02,0.01004780174071121,3.04871604077987,0.5114034801788822,False,True
369,R02,P02,I02,T02_02,0.04005463056081282,3.042747319800021,0.5173176787846318,False,True
370,R02,P02,I02,T02_02,0.0700614593809144,,0.5221814075279276,True,False
371,R02,P02,I02,T02_02,0.10006828820101604,3.1037360911280167,0.5259187695484469,False,True
372,R02,P02,I02,T02_02,0.13007511702111763,3.137570664854616,0.5284714445618525,False,True
373,R02,P02,I02,T02_02,0.1600819458412192,3.125176502242445,0.5297995989283244,False,True
374,R02,P02,I02,T02_02,0.19008877466132085,3.0521820375683735,0.5298825072431865,False,True
375,R02,P02,I02,T02_02,0.22009560348142243,3.175596584483976,0.5287188757499149,False,True
376,R02,P02,I02,T02_02,0.25010243230152407,3.1086208512492965,0.5263268625287755,False,True
377,R02,P02,I02,T02_02,0.28010926112162565,3.0852932321658373,0.5227437941460545,False,True
378,R02,P02,I02,T02_02,0.3101160899417273,3.2101735222211247,0.5180255831854762,False,True
379,R02,P02,I02,T02_02,0.3401229187618288,3.202990025874474,0.5122458557510337,False,True
380,R02,P02,I02,T02_02,0.37012974758193046,3.1755875777155165,0.5054948025562618,False,True
381,R02,P02,I02,T02_02,0.4001365764020321,3.1517697951891783,0.4978777715283165,False,True
382,R02,P02,I02,T02_02,0.4301434052221336,3.228740500649778,0.48951362388880715,False,True
383,R02,P02,I02,T02_02,0.46015023404223526,3.2826889405293533,0.48053287936418654,False,True
384,R02,P02,I02,T02_02,0.4901570628623369,3.229206818307307,0.4710756794690737,False,True
385,R02,P02,I02,T02_02,0.5201638916824385,3.21651465390196,0.4612896006447894,False,True
386,R02,P02,I02,T02_02,0.5501707205025401,3.352589384817817,0.45132735137834784,False,True
387,R02,P02,I02,T02_02,0.5801775493226418,3.3138460279908517,0.44134438923759134,False,True
388,R02,P02,I02,T02_02,0.6101843781427434,3.3287637445020173,0.43149649500783827,False,True
389,R02,P02,I02,T02_02,0.6401912069628448,3.336245779088986,0.42193734178483044,False,True
390,R02,P02,I02,T02_02,0.6701980357829465,3.3066559918636846,0.4128160969574713,False,True
391,R02,P02,I02,T02_02,0.7002048646030481,3.357068053373073,0.4042750945006125,False,True
392,R02,P02,I02,T02_02,0.7302116934231497,3.3418420041807053,0.39644761390098116,False,True
393,R02,P02,I02,T02_02,0.7602185222432514,3.2480085901315787,0.38945580037536576,False,True
394,R02,P02,I02,T02_02,0.790225351063353,3.3127630428524126,0.383408758835361,False,True
395,R02,P02,I02,T02_02,0.8202321798834546,3.288281318757801,0.3784008513417133,False,True
396,R02,P02,I02,T02_02,0.8502390087035563,3.2461896747805956,0.374510224615923,False,True
397,R02,P02,I02,T02_02,0.8802458375236577,3.1812484241812355,0.37179759058679224,False,True
398,R02,P02,I02,T02_02,0.9102526663437593,3.1935997033160555,0.3703052790010817,False,True
399,R02,P02,I02,T02_02,0.940259495163861,3.1348648434543867,0.3700565768819698,False,True
400,R02,P02,I02,T02_02,0.9702663239839625,3.202001952275208,0.3710553651428447,False,True
401,R02,P02,I03,T02_03,-0.2,3.0829203705297146,0.45,False,True
402,R02,P02,I03,T02_03,-0.16887466802754075,3.097705153136294,0.45997397867081824,False,True
403,R02,P02,I03,T02_03,-0.1377493360550815,3.156311402704905,0.46979231674036187,False,True
404,R02,P02,I03,T02_03,-0.10662400408262225,3.14531769807215,0.4793018023268838,False,True
405,R02,P02,I03,T02_03,-0.07549867211016299,3.1682303320428247,0.48835404308833624,False,True
406,R02,P02,I03,T02_03,-0.04437334013770375,3.186478260124555,0.496807781835237,False,True
407,R02,P02,I03,T02_03,-0.01324800816524449,3.1571461804386414,0.5045311008018667,False,True
408,R02,P02,I03,T02_03,0.017877323807214768,3.1864120543495607,0.5114034801788822,False,True
409,R02,P02,I03,T02_03,0.049002655779674026,3.137122060921384,0.5173176787846318,False,True
410,R02,P02,I03,T02_03,0.08012798775213326,3.3071530192081404,0.5221814075279276,False,True
411,R02,P02,I03,T02_03,0.11125331972459251,3.0945355531368213,0.5259187695484469,False,True
412,R02,P02,I03,T02_03,0.14237865169705177,3.182252839628648,0.5284714445618525,False,True
413,R02,P02,I03,T02_03,0.17350398366951103,3.237990883401752,0.5297995989283244,False,True
414,R02,P02,I03,T02_03,0.2046293156419703,3.191331331106957,0.5298825072431865,False,True
415,R02,P02,I03,T02_03,0.23575464761442955,3.195785931213338,0.5287188757499149,False,True
416,R02,P02,I03,T02_03,0.2668799795868888,3.1588568014589025,0.5263268625287755,False,True
417,R02,P02,I03,T02_03,0.29800531155934806,3.2638198438050594,0.5227437941460545,False,True
418,R02,P02,I03,T02_03,0.32913064353180727,3.21565733983896,0.5180255831854762,False,True
419,R02,P02,I03,T02_03,0.3602559755042665,3.2639957706837,0.5122458557510337,False,True
420,R02,P02,I03,T02_03,0.3913813074767258,3.3202439079350032,0.5054948025562618,False,True
421,R02,P02,I03,T02_03,0.42250663944918504,3.2857004175798425,0.4978777715283165,False,True
422,R02,P02,I03,T02_03,0.4536319714216443,3.2639359530869547,0.48951362388880715,False,True
423,R02,P02,I03,T02_03,0.48475730339410356,3.3495427757740215,0.48053287936418654,False,True
424,R02,P02,I03,T02_03,0.5158826353665629,3.4119584406276307,0.4710756794690737,False,True
425,R02,P02,I03,T02_03,0.547007967339022,3.450242649464469,0.4612896006447894,False,True
426,R02,P02,I03,T02_03,0.5781332993114814,3.3744977530316644,0.45132735137834784,False,True
427,R02,P02,I03,T02_03,0.6092586312839405,3.369538612708029,0.44134438923759134,False,True
428,R02,P02,I03,T02_03,0.6403839632563999,3.453576874935741,0.43149649500783827,False,True
429,R02,P02,I03,T02_03,0.671509295228859,3.3772103642010576,0.42193734178483044,False,True
430,R02,P02,I03,T02_03,0.7026346272013184,3.4039386551272663,0.4128160969574713,False,True
431,R02,P02,I03,T02_03,0.7337599591737776,3.316889415271866,0.4042750945006125,False,True
432,R02,P02,I03,T02_03,0.7648852911462369,3.3475150690909468,0.39644761390098116,False,True
433,R02,P02,I03,T02_03,0.7960106231186961,3.4311967919329267,0.38945580037536576,False,True
434,R02,P02,I03,T02_03,0.8271359550911555,3.3962526531245802,0.383408758835361,False,True
435,R02,P02,I03,T02_03,0.8582612870636146,,0.3784008513417133,True,False
436,R02,P02,I03,T02_03,0.889386619036074,3.297579859066271,0.374510224615923,False,True
437,R02,P02,I03,T02_03,0.9205119510085331,3.255886200319322,0.37179759058679224,False,True
438,R02,P02,I03,T02_03,0.9516372829809925,3.2572924847157685,0.3703052790010817,False,True
439,R02,P02,I03,T02_03,0.9827626149534516,3.2103572820721284,0.3700565768819698,False,True
440,R02,P02,I03,T02_03,1.013887946925911,3.2538500939419523,0.3710553651428447,False,True
441,R02,P02,I04,T02_04,-0.2,2.9619441740031682,0.45,False,True
442,R02,P02,I04,T02_04,-0.1616227922440786,2.9343455327244987,0.45997397867081824,False,True
443,R02,P02,I04,T02_04,-0.12324558448815717,2.902930215785678,0.46979231674036187,False,True
444,R02,P02,I04,T02_04,-0.08486837673223575,2.875270008745517,0.4793018023268838,False,True
445,R02,P02,I04,T02_04,-0.046491168976314334,2.8756671287268762,0.48835404308833624,False,True
446,R02,P02,I04,T02_04,-0.008113961220392929,2.942432670272846,0.496807781835237,False,True
447,R02,P02,I04,T02_04,0.030263246535528504,2.897693278851033,0.5045311008018667,False,True
448,R02,P02,I04,T02_04,0.06864045429144994,2.9148803044352265,0.5114034801788822,False,True
449,R02,P02,I04,T02_04,0.10701766204737134,2.8913619219112183,0.5173176787846318,False,True
450,R02,P02,I04,T02_04,0.14539486980329275,2.869430666838211,0.5221814075279276,False,True
451,R02,P02,I04,T02_04,0.18377207755921415,2.8598869955123694,0.5259187695484469,False,True
452,R02,P02,I04,T02_04,0.22214928531513561,2.97203850401688,0.5284714445618525,False,True
453,R02,P02,I04,T02_04,0.260526493071057,2.916600847050062,0.5297995989283244,False,True
454,R02,P02,I04,T02_04,0.2989037008269784,3.0395112656104453,0.5298825072431865,False,True
455,R02,P02,I04,T02_04,0.3372809085828999,3.025628359019637,0.5287188757499149,False,True
456,R02,P02,I04,T02_04,0.37565811633882124,3.0112614630044905,0.5263268625287755,False,True
457,R02,P02,I04,T02_04,0.4140353240947427,3.0051820143237173,0.5227437941460545,False,True
458,R02,P02,I04,T02_04,0.45241253185066416,3.158292879680346,0.5180255831854762,False,True
459,R02,P02,I04,T02_04,0.4907897396065855,3.100529567205495,0.5122458557510337,False,True
460,R02,P02,I04,T02_04,0.5291669473625069,3.2247399556252265,0.5054948025562618,False,True
461,R02,P02,I04,T02_04,0.5675441551184284,3.1598406591868358,0.4978777715283165,False,True
462,R02,P02,I04,T02_04,0.6059213628743498,3.1185770756345894,0.48951362388880715,False,True
463,R02,P02,I04,T02_04,0.6442985706302713,3.2037137303255023,0.48053287936418654,False,True
464,R02,P02,I04,T02_04,0.6826757783861925,3.1640093320315734,0.4710756794690737,False,True
465,R02,P02,I04,T02_04,0.721052986142114,3.2257692656440984,0.4612896006447894,False,True
466,R02,P02,I04,T02_04,0.7594301938980355,3.1313526086193066,0.45132735137834784,False,True
467,R02,P02,I04,T02_04,0.7978074016539569,3.1047087048201756,0.44134438923759134,False,True
468,R02,P02,I04,T02_04,0.8361846094098784,,0.43149649500783827,True,False
469,R02,P02,I04,T02_04,0.8745618171657998,3.046986375642666,0.42193734178483044,False,True
470,R02,P02,I04,T02_04,0.9129390249217213,3.0015697090631765,0.4128160969574713,False,True
471,R02,P02,I04,T02_04,0.9513162326776425,3.05796232299816,0.4042750945006125,False,True
472,R02,P02,I04,T02_04,0.989693440433564,2.969551553262063,0.39644761390098116,False,True
473,R02,P02,I04,T02_04,1.0280706481894855,2.9686854600469874,0.38945580037536576,False,True
474,R02,P02,I04,T02_04,1.066447855945407,2.99468993666621,0.383408758835361,False,True
475,R02,P02,I04,T02_04,1.1048250637013284,2.957751831124578,0.3784008513417133,False,True
476,R02,P02,I04,T02_04,1.1432022714572496,2.944441121753488,0.374510224615923,False,True
477,R02,P02,I04,T02_04,1.181579479213171,2.932559735372078,0.37179759058679224,False,True
478,R02,P02,I04,T02_04,1.2199566869690925,2.9565148457119452,0.3703052790010817,False,True
479,R02,P02,I04,T02_04,1.258333894725014,2.946151944910816,0.3700565768819698,False,True
480,R02,P02,I04,T02_04,1.2967111024809355,2.8827938021458515,0.3710553651428447,False,True
481,R02,P02,I05,T02_05,-0.2,2.9912048952079826,0.45,False,True
482,R02,P02,I05,T02_05,-0.1636200612105669,2.9460743448708615,0.45997397867081824,False,True
483,R02,P02,I05,T02_05,-0.1272401224211338,2.9430523116830765,0.46979231674036187,False,True
484,R02,P02,I05,T02_05,-0.09086018363170073,2.9504619237611704,0.4793018023268838,False,True
485,R02,P02,I05,T02_05,-0.05448024484226763,2.9632657358943386,0.48835404308833624,False,True
486,R02,P02,I05,T02_05,-0.018100306052834525,2.907438043505761,0.496807781835237,False,True
487,R02,P02,I05,T02_05,0.01827963273659855,2.967911688372109,0.5045311008018667,False,True
488,R02,P02,I05,T02_05,0.05465957152603168,3.0329495540083404,0.5114034801788822,False,True
489,R02,P02,I05,T02_05,0.09103951031546476,2.9501393083371386,0.5173176787846318,False,True
490,R02,P02,I05,T02_05,0.12741944910489783,3.0747232338067434,0.5221814075279276,False,True
491,R02,P02,I05,T02_05,0.16379938789433096,3.1027060973748712,0.5259187695484469,False,True
492,R02,P02,I05,T02_05,0.20017932668376404,2.9948885108812453,0.5284714445618525,False,True
493,R02,P02,I05,T02_05,0.2365592654731971,3.0024652773951694,0.5297995989283244,False,True
494,R02,P02,I05,T02_05,0.27293920426263024,3.0313272233382,0.5298825072431865,False,True
495,R02,P02,I05,T02_05,0.30931914305206337,3.0686247825260833,0.5287188757499149,False,True
496,R02,P02,I05,T02_05,0.3456990818414964,3.1797731536920173,0.5263268625287755,False,True
497,R02,P02,I05,T02_05,0.3820790206309295,3.0687809408267275,0.5227437941460545,False,True
498,R02,P02,I05,T02_05,0.41845895942036265,3.1656875966344358,0.5180255831854762,False,True
499,R02,P02,I05,T02_05,0.4548388982097957,3.098849907815433,0.5122458557510337,False,True
500,R02,P02,I05,T02_05,0.4912188369992288,3.221494512546973,0.5054948025562618,False,True
501,R02,P02,I05,T02_05,0.527598775788662,3.2724806333240064,0.4978777715283165,False,True
502,R02,P02,I05,T02_05,0.563978714578095,3.1671474057734126,0.48951362388880715,False,True
503,R02,P02,I05,T02_05,0.600358653367528,3.179182427030573,0.48053287936418654,False,True
504,R02,P02,I05,T02_05,0.6367385921569613,3.209510551414071,0.4710756794690737,False,True
505,R02,P02,I05,T02_05,0.6731185309463943,3.167793952757517,0.4612896006447894,False,True
506,R02,P02,I05,T02_05,0.7094984697358273,3.162462069469911,0.45132735137834784,False,True
507,R02,P02,I05,T02_05,0.7458784085252606,3.186443797561398,0.44134438923759134,False,True
508,R02,P02,I05,T02_05,0.7822583473146936,,0.43149649500783827,True,False
509,R02,P02,I05,T02_05,0.8186382861041268,3.169636583777823,0.42193734178483044,False,True
510,R02,P02,I05,T02_05,0.8550182248935598,3.1224149766094915,0.4128160969574713,False,True
511,R02,P02,I05,T02_05,0.8913981636829929,3.1616421031242474,0.4042750945006125,False,True
512,R02,P02,I05,T02_05,0.9277781024724261,3.15826409601754,0.39644761390098116,False,True
513,R02,P02,I05,T02_05,0.9641580412618591,3.0465533938329745,0.38945580037536576,False,True
514,R02,P02,I05,T02_05,1.0005379800512921,3.08895724140819,0.383408758835361,False,True
515,R02,P02,I05,T02_05,1.0369179188407254,3.0199521631885964,0.3784008513417133,False,True
516,R02,P02,I05,T02_05,1.0732978576301584,3.024210919424801,0.374510224615923,False,True
517,R02,P02,I05,T02_05,1.1096777964195914,3.0753680022575627,0.37179759058679224,False,True
518,R02,P02,I05,T02_05,1.1460577352090247,3.005354700033187,0.3703052790010817,False,True
519,R02,P02,I05,T02_05,1.1824376739984577,3.028077482586342,0.3700565768819698,False,True
520,R02,P02,I05,T02_05,1.218817612787891,3.024078028672812,0.3710553651428447,False,True
521,R02,P02,I06,T02_06,-0.2,3.080659067977079,0.45,False,True
522,R02,P02,I06,T02_06,-0.15791873024407066,3.0583321502065375,0.45997397867081824,False,True
523,R02,P02,I06,T02_06,-0.11583746048814132,,0.46979231674036187,True,False
524,R02,P02,I06,T02_06,-0.07375619073221198,3.0669491648549467,0.4793018023268838,False,True
525,R02,P02,I06,T02_06,-0.03167492097628263,3.0484627846892294,0.48835404308833624,False,True
526,R02,P02,I06,T02_06,0.010406348779646718,2.9734586640639282,0.496807781835237,False,True
527,R02,P02,I06,T02_06,0.05248761853557604,3.112762190964119,0.5045311008018667,False,True
528,R02,P02,I06,T02_06,0.09456888829150539,3.0839115119970293,0.5114034801788822,False,True
529,R02,P02,I06,T02_06,0.13665015804743474,3.0419009382447784,0.5173176787846318,False,True
530,R02,P02,I06,T02_06,0.1787314278033641,3.01528506057103,0.5221814075279276,False,True
531,R02,P02,I06,T02_06,0.22081269755929345,3.016032570120496,0.5259187695484469,False,True
532,R02,P02,I06,T02_06,0.2628939673152228,3.114426626964649,0.5284714445618525,False,True
533,R02,P02,I06,T02_06,0.3049752370711521,3.1043277801276425,0.5297995989283244,False,True
534,R02,P02,I06,T02_06,0.3470565068270815,3.2172262590488305,0.5298825072431865,False,True
535,R02,P02,I06,T02_06,0.3891377765830108,3.250719994392847,0.5287188757499149,False,True
536,R02,P02,I06,T02_06,0.4312190463389402,3.1442945537578435,0.5263268625287755,False,True
537,R02,P02,I06,T02_06,0.4733003160948695,3.1890590925174314,0.5227437941460545,False,True
538,R02,P02,I06,T02_06,0.5153815858507989,3.283507518420629,0.5180255831854762,False,True
539,R02,P02,I06,T02_06,0.5574628556067283,3.3550360968303483,0.5122458557510337,False,True
540,R02,P02,I06,T02_06,0.5995441253626574,3.265664181348337,0.5054948025562618,False,True
541,R02,P02,I06,T02_06,0.6416253951185868,3.3239067631931336,0.4978777715283165,False,True
542,R02,P02,I06,T02_06,0.6837066648745163,3.2471806477058283,0.48951362388880715,False,True
543,R02,P02,I06,T02_06,0.7257879346304457,3.341691192495167,0.48053287936418654,False,True
544,R02,P02,I06,T02_06,0.7678692043863748,3.257322274860605,0.4710756794690737,False,True
545,R02,P02,I06,T02_06,0.8099504741423043,3.2065822910081083,0.4612896006447894,False,True
546,R02,P02,I06,T02_06,0.8520317438982337,3.2370047396391968,0.45132735137834784,False,True
547,R02,P02,I06,T02_06,0.8941130136541631,3.1427012196580297,0.44134438923759134,False,True
548,R02,P02,I06,T02_06,0.9361942834100923,3.068301373114395,0.43149649500783827,False,True
549,R02,P02,I06,T02_06,0.9782755531660217,3.123624552512963,0.42193734178483044,False,True
550,R02,P02,I06,T02_06,1.020356822921951,3.080601263751462,0.4128160969574713,False,True
551,R02,P02,I06,T02_06,1.0624380926778805,3.0754723289803323,0.4042750945006125,False,True
552,R02,P02,I06,T02_06,1.1045193624338097,3.0420843406483713,0.39644761390098116,False,True
553,R02,P02,I06,T02_06,1.146600632189739,3.038884467483778,0.38945580037536576,False,True
554,R02,P02,I06,T02_06,1.1886819019456685,3.0408346345662673,0.383408758835361,False,True
555,R02,P02,I06,T02_06,1.2307631717015977,3.0224382247603705,0.3784008513417133,False,True
556,R02,P02,I06,T02_06,1.272844441457527,3.0432268093358097,0.374510224615923,False,True
557,R02,P02,I06,T02_06,1.3149257112134565,3.062400575825062,0.37179759058679224,False,True
558,R02,P02,I06,T02_06,1.3570069809693859,3.054529281485957,0.3703052790010817,False,True
559,R02,P02,I06,T02_06,1.399088250725315,3.017806312846475,0.3700565768819698,False,True
560,R02,P02,I06,T02_06,1.4411695204812445,2.9924145617036397,0.3710553651428447,False,True
561,R02,P02,I07,T02_07,-0.2,3.3120696737744852,0.45,False,True
562,R02,P02,I07,T02_07,-0.1652213693131267,3.3881438977025464,0.45997397867081824,False,True
563,R02,P02,I07,T02_07,-0.13044273862625336,3.3276614610853397,0.46979231674036187,False,True
564,R02,P02,I07,T02_07,-0.09566410793938003,3.374973996093658,0.4793018023268838,False,True
565,R02,P02,I07,T02_07,-0.0608854772525067,3.315270075330891,0.48835404308833624,False,True
566,R02,P02,I07,T02_07,-0.02610684656563339,3.3192041144498994,0.496807781835237,False,True
567,R02,P02,I07,T02_07,0.00867178412123995,3.2994362586280275,0.5045311008018667,False,True
568,R02,P02,I07,T02_07,0.04345041480811329,3.3444426999292847,0.5114034801788822,False,True
569,R02,P02,I07,T02_07,0.0782290454949866,3.220178760424729,0.5173176787846318,False,True
570,R02,P02,I07,T02_07,0.11300767618185992,3.327336421269912,0.5221814075279276,False,True
571,R02,P02,I07,T02_07,0.14778630686873323,3.3254657638800142,0.5259187695484469,False,True
572,R02,P02,I07,T02_07,0.1825649375556066,3.3556475196527504,0.5284714445618525,False,True
573,R02,P02,I07,T02_07,0.2173435682424799,3.344668273741338,0.5297995989283244,False,True
574,R02,P02,I07,T02_07,0.2521221989293532,3.39453232737658,0.5298825072431865,False,True
575,R02,P02,I07,T02_07,0.2869008296162266,3.45936743141302,0.5287188757499149,False,True
576,R02,P02,I07,T02_07,0.32167946030309985,3.449997448866161,0.5263268625287755,False,True
577,R02,P02,I07,T02_07,0.3564580909899732,3.3805654972114767,0.5227437941460545,False,True
578,R02,P02,I07,T02_07,0.3912367216768466,3.485511240488711,0.5180255831854762,False,True
579,R02,P02,I07,T02_07,0.42601535236371985,3.5330958894567916,0.5122458557510337,False,True
580,R02,P02,I07,T02_07,0.4607939830505932,3.50103001975561,0.5054948025562618,False,True
581,R02,P02,I07,T02_07,0.49557261373746647,3.55880620986865,0.4978777715283165,False,True
582,R02,P02,I07,T02_07,0.5303512444243399,3.5137425701061495,0.48951362388880715,False,True
583,R02,P02,I07,T02_07,0.5651298751112133,3.5045286003314966,0.48053287936418654,False,True
584,R02,P02,I07,T02_07,0.5999085057980864,3.597314140602309,0.4710756794690737,False,True
585,R02,P02,I07,T02_07,0.6346871364849598,3.564217562142357,0.4612896006447894,False,True
586,R02,P02,I07,T02_07,0.6694657671718331,3.5713783071739327,0.45132735137834784,False,True
587,R02,P02,I07,T02_07,0.7042443978587065,3.564416801600436,0.44134438923759134,False,True
588,R02,P02,I07,T02_07,0.7390230285455799,3.5917356242996634,0.43149649500783827,False,True
589,R02,P02,I07,T02_07,0.7738016592324533,3.5507756033604374,0.42193734178483044,False,True
590,R02,P02,I07,T02_07,0.8085802899193266,,0.4128160969574713,True,False
591,R02,P02,I07,T02_07,0.8433589206061998,3.52560613954465,0.4042750945006125,False,True
592,R02,P02,I07,T02_07,0.8781375512930731,3.441717732099323,0.39644761390098116,False,True
593,R02,P02,I07,T02_07,0.9129161819799465,3.4354348859214805,0.38945580037536576,False,True
594,R02,P02,I07,T02_07,0.9476948126668199,3.3997587897100727,0.383408758835361,False,True
595,R02,P02,I07,T02_07,0.9824734433536932,3.383638170086713,0.3784008513417133,False,True
596,R02,P02,I07,T02_07,1.0172520740405664,3.440656163393584,0.374510224615923,False,True
597,R02,P02,I07,T02_07,1.0520307047274398,3.2999219690312787,0.37179759058679224,False,True
598,R02,P02,I07,T02_07,1.0868093354143131,3.3866992908586258,0.3703052790010817,False,True
599,R02,P02,I07,T02_07,1.1215879661011865,3.3573569529338383,0.3700565768819698,False,True
600,R02,P02,I07,T02_07,1.1563665967880599,3.3780983705045533,0.3710553651428447,False,True
601,R02,P02,I08,T02_08,-0.2,3.0249431379806464,0.45,False,True
602,R02,P02,I08,T02_08,-0.14831798547210873,3.0510713499664077,0.45997397867081824,False,True
603,R02,P02,I08,T02_08,-0.09663597094421747,3.1639467070745644,0.46979231674036187,False,True
604,R02,P02,I08,T02_08,-0.04495395641632621,3.088636821556548,0.4793018023268838,False,True
605,R02,P02,I08,T02_08,0.006728058111565072,3.1317990461216754,0.48835404308833624,False,True
606,R02,P02,I08,T02_08,0.058410072639456356,3.1006030449203834,0.496807781835237,False,True
607,R02,P02,I08,T02_08,0.11009208716734759,3.079630129765502,0.5045311008018667,False,True
608,R02,P02,I08,T02_08,0.16177410169523887,3.1041916758988894,0.5114034801788822,False,True
609,R02,P02,I08,T02_08,0.21345611622313015,3.0834722157097265,0.5173176787846318,False,True
610,R02,P02,I08,T02_08,0.26513813075102144,3.2130917104156906,0.5221814075279276,False,True
611,R02,P02,I08,T02_08,0.3168201452789127,3.117567807487506,0.5259187695484469,False,True
612,R02,P02,I08,T02_08,0.36850215980680395,3.084604942556851,0.5284714445618525,False,True
613,R02,P02,I08,T02_08,0.4201841743346952,3.2094033641257633,0.5297995989283244,False,True
614,R02,P02,I08,T02_08,0.4718661888625865,3.20576604664112,0.5298825072431865,False,True
615,R02,P02,I08,T02_08,0.5235482033904777,3.2820624458960097,0.5287188757499149,False,True
616,R02,P02,I08,T02_08,0.575230217918369,3.3496415565750333,0.5263268625287755,False,True
617,R02,P02,I08,T02_08,0.6269122324462604,3.2342544221425404,0.5227437941460545,False,True
618,R02,P02,I08,T02_08,0.6785942469741515,3.350494089382452,0.5180255831854762,False,True
619,R02,P02,I08,T02_08,0.7302762615020428,3.294955081695714,0.5122458557510337,False,True
620,R02,P02,I08,T02_08,0.7819582760299342,3.3175666866857347,0.5054948025562618,False,True
621,R02,P02,I08,T02_08,0.8336402905578255,3.223692121329355,0.4978777715283165,False,True
622,R02,P02,I08,T02_08,0.8853223050857166,3.1767477438968528,0.48951362388880715,False,True
623,R02,P02,I08,T02_08,0.937004319613608,3.2074939971545806,0.48053287936418654,False,True
624,R02,P02,I08,T02_08,0.9886863341414993,3.2307224537647787,0.4710756794690737,False,True
625,R02,P02,I08,T02_08,1.0403683486693904,3.097910202764769,0.4612896006447894,False,True
626,R02,P02,I08,T02_08,1.0920503631972818,3.1018853213985014,0.45132735137834784,False,True
627,R02,P02,I08,T02_08,1.143732377725173,3.0763670386883164,0.44134438923759134,False,True
628,R02,P02,I08,T02_08,1.1954143922530645,2.959337751187272,0.43149649500783827,False,True
629,R02,P02,I08,T02_08,1.2470964067809556,3.0874992304735183,0.42193734178483044,False,True
630,R02,P02,I08,T02_08,1.298778421308847,3.099427001182568,0.4128160969574713,False,True
631,R02,P02,I08,T02_08,1.3504604358367382,3.1097406497097673,0.4042750945006125,False,True
632,R02,P02,I08,T02_08,1.4021424503646294,3.128420004830569,0.39644761390098116,False,True
633,R02,P02,I08,T02_08,1.4538244648925207,3.079995634737478,0.38945580037536576,False,True
634,R02,P02,I08,T02_08,1.505506479420412,3.024050031662863,0.383408758835361,False,True
635,R02,P02,I08,T02_08,1.5571884939483032,3.0209980348033523,0.3784008513417133,False,True
636,R02,P02,I08,T02_08,1.6088705084761945,3.057152260192015,0.374510224615923,False,True
637,R02,P02,I08,T02_08,1.6605525230040858,3.08419827823971,0.37179759058679224,False,True
638,R02,P02,I08,T02_08,1.712234537531977,3.049843486008619,0.3703052790010817,False,True
639,R02,P02,I08,T02_08,1.7639165520598683,3.0848314790374998,0.3700565768819698,False,True
640,R02,P02,I08,T02_08,1.8155985665877594,3.040814553017401,0.3710553651428447,False,True
641,R03,P03,I01,T03_01,-0.2,3.015655109704159,0.45,False,True
642,R03,P03,I01,T03_01,-0.1721835957349978,3.0111693784284927,0.45997397867081824,False,True
643,R03,P03,I01,T03_01,-0.1443671914699956,3.033470992742657,0.46979231674036187,False,True
644,R03,P03,I01,T03_01,-0.1165507872049934,3.128870547963591,0.4793018023268838,False,True
645,R03,P03,I01,T03_01,-0.0887343829399912,3.1262190999986097,0.48835404308833624,False,True
646,R03,P03,I01,T03_01,-0.06091797867498899,3.077629239634475,0.496807781835237,False,True
647,R03,P03,I01,T03_01,-0.03310157440998679,3.113050394267743,0.5045311008018667,False,True
648,R03,P03,I01,T03_01,-0.005285170144984586,3.000624089531909,0.5114034801788822,False,True
649,R03,P03,I01,T03_01,0.022531234120017618,3.052076587730285,0.5173176787846318,False,True
650,R03,P03,I01,T03_01,0.05034763838501982,3.119044205977721,0.5221814075279276,False,True
651,R03,P03,I01,T03_01,0.07816404265002203,3.1417076859925968,0.5259187695484469,False,True
652,R03,P03,I01,T03_01,0.10598044691502423,,0.5284714445618525,True,False
653,R03,P03,I01,T03_01,0.13379685118002643,3.0944300492108026,0.5297995989283244,False,True
654,R03,P03,I01,T03_01,0.16161325544502864,3.1163867381509927,0.5298825072431865,False,True
655,R03,P03,I01,T03_01,0.18942965971003084,3.166224665911309,0.5287188757499149,False,True
656,R03,P03,I01,T03_01,0.21724606397503304,3.1618666251536407,0.5263268625287755,False,True
657,R03,P03,I01,T03_01,0.24506246824003525,3.1252897459919105,0.5227437941460545,False,True
658,R03,P03,I01,T03_01,0.27287887250503745,3.200151730707958,0.5180255831854762,False,True
659,R03,P03,I01,T03_01,0.30069527677003965,3.1498909479602637,0.5122458557510337,False,True
660,R03,P03,I01,T03_01,0.32851168103504186,3.247050693744333,0.5054948025562618,False,True
661,R03,P03,I01,T03_01,0.35632808530004406,3.161393071598213,0.4978777715283165,False,True
662,R03,P03,I01,T03_01,0.38414448956504627,3.2293962056526504,0.48951362388880715,False,True
663,R03,P03,I01,T03_01,0.41196089383004847,3.1997663462503114,0.48053287936418654,False,True
664,R03,P03,I01,T03_01,0.4397772980950507,3.282271025794692,0.4710756794690737,False,True
665,R03,P03,I01,T03_01,0.4675937023600529,3.3543450106381094,0.4612896006447894,False,True
666,R03,P03,I01,T03_01,0.4954101066250551,3.299569841883187,0.45132735137834784,False,True
667,R03,P03,I01,T03_01,0.5232265108900573,3.2895726248521693,0.44134438923759134,False,True
668,R03,P03,I01,T03_01,0.5510429151550595,3.3286638043199566,0.43149649500783827,False,True
669,R03,P03,I01,T03_01,0.5788593194200617,3.34149691421454,0.42193734178483044,False,True
670,R03,P03,I01,T03_01,0.606675723685064,3.411174439923811,0.4128160969574713,False,True
671,R03,P03,I01,T03_01,0.6344921279500662,3.346904954469288,0.4042750945006125,False,True
672,R03,P03,I01,T03_01,0.6623085322150684,3.358127809855346,0.39644761390098116,False,True
673,R03,P03,I01,T03_01,0.6901249364800706,,0.38945580037536576,True,False
674,R03,P03,I01,T03_01,0.7179413407450728,3.3759231071888642,0.383408758835361,False,True
675,R03,P03,I01,T03_01,0.745757745010075,3.3759177792793027,0.3784008513417133,False,True
676,R03,P03,I01,T03_01,0.7735741492750772,3.308140412559725,0.374510224615923,False,True
677,R03,P03,I01,T03_01,0.8013905535400794,3.241526384256356,0.37179759058679224,False,True
678,R03,P03,I01,T03_01,0.8292069578050816,3.3287657680819613,0.3703052790010817,False,True
679,R03,P03,I01,T03_01,0.8570233620700838,3.3192623697956227,0.3700565768819698,False,True
680,R03,P03,I01,T03_01,0.8848397663350859,3.2477076299794896,0.3710553651428447,False,True
681,R03,P03,I02,T03_02,-0.2,3.1727030060100705,0.45,False,True
682,R03,P03,I02,T03_02,-0.15126622639005877,3.1988560391588803,0.45997397867081824,False,True
683,R03,P03,I02,T03_02,-0.10253245278011755,3.2948203785164174,0.46979231674036187,False,True
684,R03,P03,I02,T03_02,-0.05379867917017633,3.1712636576269193,0.4793018023268838,False,True
685,R03,P03,I02,T03_02,-0.005064905560235089,3.1977826931707645,0.48835404308833624,False,True
686,R03,P03,I02,T03_02,0.043668868049706155,3.181734585066891,0.496807781835237,False,True
687,R03,P03,I02,T03_02,0.09240264165964734,3.1486058591958996,0.5045311008018667,False,True
688,R03,P03,I02,T03_02,0.1411364152695886,3.2128187515544613,0.5114034801788822,False,True
689,R03,P03,I02,T03_02,0.18987018887952983,3.246522552996981,0.5173176787846318,False,True
690,R03,P03,I02,T03_02,0.23860396248947108,3.273056520952914,0.5221814075279276,False,True
691,R03,P03,I02,T03_02,0.2873377360994123,3.227283650492625,0.5259187695484469,False,True
692,R03,P03,I02,T03_02,0.33607150970935357,3.2847128708231144,0.5284714445618525,False,True
693,R03,P03,I02,T03_02,0.3848052833192947,3.315952967679354,0.5297995989283244,False,True
694,R03,P03,I02,T03_02,0.43353905692923594,3.3966542510355726,0.5298825072431865,False,True
695,R03,P03,I02,T03_02,0.4822728305391772,3.4896466194709004,0.5287188757499149,False,True
696,R03,P03,I02,T03_02,0.5310066041491184,3.3804688575919446,0.5263268625287755,False,True
697,R03,P03,I02,T03_02,0.5797403777590597,3.411379425738994,0.5227437941460545,False,True
698,R03,P03,I02,T03_02,0.6284741513690009,3.3830603300295072,0.5180255831854762,False,True
699,R03,P03,I02,T03_02,0.6772079249789422,3.4701501814087594,0.5122458557510337,False,True
700,R03,P03,I02,T03_02,0.7259416985888834,3.407425643853361,0.5054948025562618,False,True
701,R03,P03,I02,T03_02,0.7746754721988247,3.4071281849376605,0.4978777715283165,False,True
702,R03,P03,I02,T03_02,0.8234092458087658,3.3766511652769204,0.48951362388880715,False,True
703,R03,P03,I02,T03_02,0.8721430194187072,3.3311514136668663,0.48053287936418654,False,True
704,R03,P03,I02,T03_02,0.9208767930286483,3.391039478413921,0.4710756794690737,False,True
705,R03,P03,I02,T03_02,0.9696105666385895,3.298888472415738,0.4612896006447894,False,True
706,R03,P03,I02,T03_02,1.0183443402485308,3.195478475318119,0.45132735137834784,False,True
707,R03,P03,I02,T03_02,1.067078113858472,3.3116683371846145,0.44134438923759134,False,True
708,R03,P03,I02,T03_02,1.1158118874684133,3.2877849925769276,0.43149649500783827,False,True
709,R03,P03,I02,T03_02,1.1645456610783544,3.196835978239158,0.42193734178483044,False,True
710,R03,P03,I02,T03_02,1.2132794346882958,3.1617924662104926,0.4128160969574713,False,True
711,R03,P03,I02,T03_02,1.262013208298237,3.174208389344648,0.4042750945006125,False,True
712,R03,P03,I02,T03_02,1.3107469819081783,3.242579275669469,0.39644761390098116,False,True
713,R03,P03,I02,T03_02,1.3594807555181194,3.1615097279122346,0.38945580037536576,False,True
714,R03,P03,I02,T03_02,1.4082145291280606,3.1742733816435824,0.383408758835361,False,True
715,R03,P03,I02,T03_02,1.456948302738002,3.2184121352701203,0.3784008513417133,False,True
716,R03,P03,I02,T03_02,1.505682076347943,3.2408353662867997,0.374510224615923,False,True
717,R03,P03,I02,T03_02,1.5544158499578844,3.25503545255968,0.37179759058679224,False,True
718,R03,P03,I02,T03_02,1.6031496235678255,3.197226983412219,0.3703052790010817,False,True
719,R03,P03,I02,T03_02,1.6518833971777669,3.192720615576756,0.3700565768819698,False,True
720,R03,P03,I02,T03_02,1.700617170787708,3.1701102054583736,0.3710553651428447,False,True
721,R03,P03,I03,T03_03,-0.2,3.346972553718715,0.45,False,True
722,R03,P03,I03,T03_03,-0.1631427760724448,3.3406466667985915,0.45997397867081824,False,True
723,R03,P03,I03,T03_03,-0.12628555214488957,3.3836514767627826,0.46979231674036187,False,True
724,R03,P03,I03,T03_03,-0.08942832821733432,3.3681965702178744,0.4793018023268838,False,True
725,R03,P03,I03,T03_03,-0.0525711042897791,3.3681734463372717,0.48835404308833624,False,True
726,R03,P03,I03,T03_03,-0.015713880362223875,3.3677458557919504,0.496807781835237,False,True
727,R03,P03,I03,T03_03,0.021143343565331374,3.369229579122923,0.5045311008018667,False,True
728,R03,P03,I03,T03_03,0.05800056749288657,3.3575516918983666,0.5114034801788822,False,True
729,R03,P03,I03,T03_03,0.09485779142044182,3.442092161707592,0.5173176787846318,False,True
730,R03,P03,I03,T03_03,0.13171501534799707,3.3322697076198304,0.5221814075279276,False,True
731,R03,P03,I03,T03_03,0.16857223927555226,3.4227118311699023,0.5259187695484469,False,True
732,R03,P03,I03,T03_03,0.2054294632031075,3.4530534127018897,0.5284714445618525,False,True
733,R03,P03,I03,T03_03,0.24228668713066276,3.444332035824543,0.5297995989283244,False,True
734,R03,P03,I03,T03_03,0.27914391105821795,3.427434605090566,0.5298825072431865,False,True
735,R03,P03,I03,T03_03,0.31600113498577315,3.4729050422471985,0.5287188757499149,False,True
736,R03,P03,I03,T03_03,0.35285835891332845,3.490147746851713,0.5263268625287755,False,True
737,R03,P03,I03,T03_03,0.38971558284088365,3.471839873232452,0.5227437941460545,False,True
738,R03,P03,I03,T03_03,0.42657280676843884,3.4751844327561656,0.5180255831854762,False,True
739,R03,P03,I03,T03_03,0.46343003069599414,3.539753724291293,0.5122458557510337,False,True
740,R03,P03,I03,T03_03,0.5002872546235493,3.6221628414304248,0.5054948025562618,False,True
741,R03,P03,I03,T03_03,0.5371444785511046,3.590547975746768,0.4978777715283165,False,True
742,R03,P03,I03,T03_03,0.5740017024786599,3.564724026534797,0.48951362388880715,False,True
743,R03,P03,I03,T03_03,0.610858926406215,3.5685291538101644,0.48053287936418654,False,True
744,R03,P03,I03,T03_03,0.6477161503337703,3.6603452947974127,0.4710756794690737,False,True
745,R03,P03,I03,T03_03,0.6845733742613256,3.5960497852523434,0.4612896006447894,False,True
746,R03,P03,I03,T03_03,0.7214305981888807,3.7133948434043846,0.45132735137834784,False,True
747,R03,P03,I03,T03_03,0.758287822116436,3.583836805350073,0.44134438923759134,False,True
748,R03,P03,I03,T03_03,0.795145046043991,3.56081262232075,0.43149649500783827,False,True
749,R03,P03,I03,T03_03,0.8320022699715464,3.5888050217762415,0.42193734178483044,False,True
750,R03,P03,I03,T03_03,0.8688594938991017,3.5363009668851104,0.4128160969574713,False,True
751,R03,P03,I03,T03_03,0.905716717826657,3.555134803802163,0.4042750945006125,False,True
752,R03,P03,I03,T03_03,0.942573941754212,3.485298033075027,0.39644761390098116,False,True
753,R03,P03,I03,T03_03,0.9794311656817674,3.4640045830948902,0.38945580037536576,False,True
754,R03,P03,I03,T03_03,1.0162883896093227,3.417852217180681,0.383408758835361,False,True
755,R03,P03,I03,T03_03,1.0531456135368777,3.407329176969425,0.3784008513417133,False,True
756,R03,P03,I03,T03_03,1.090002837464433,3.3513833295413593,0.374510224615923,False,True
757,R03,P03,I03,T03_03,1.1268600613919884,3.4414384729922425,0.37179759058679224,False,True
758,R03,P03,I03,T03_03,1.1637172853195434,3.4181867441710447,0.3703052790010817,False,True
759,R03,P03,I03,T03_03,1.2005745092470987,3.349281016808872,0.3700565768819698,False,True
760,R03,P03,I03,T03_03,1.2374317331746538,3.3663040508630666,0.3710553651428447,False,True
761,R03,P03,I04,T03_04,-0.2,3.1551959331367643,0.45,False,True
762,R03,P03,I04,T03_04,-0.16607547628941327,3.116790675905846,0.45997397867081824,False,True
763,R03,P03,I04,T03_04,-0.13215095257882656,3.142821939320943,0.46979231674036187,False,True
764,R03,P03,I04,T03_04,-0.09822642886823983,2.9767047290818445,0.4793018023268838,False,True
765,R03,P03,I04,T03_04,-0.0643019051576531,3.2135623928271158,0.48835404308833624,False,True
766,R03,P03,I04,T03_04,-0.030377381447066365,3.0531330804702015,0.496807781835237,False,True
767,R03,P03,I04,T03_04,0.0035471422635203476,3.014181699541168,0.5045311008018667,False,True
768,R03,P03,I04,T03_04,0.03747166597410706,3.0391859902226313,0.5114034801788822,False,True
769,R03,P03,I04,T03_04,0.0713961896846938,3.070434067523304,0.5173176787846318,False,True
770,R03,P03,I04,T03_04,0.10532071339528054,2.9882171709176695,0.5221814075279276,False,True
771,R03,P03,I04,T03_04,0.13924523710586728,3.087578663467126,0.5259187695484469,False,True
772,R03,P03,I04,T03_04,0.17316976081645397,3.106123659217806,0.5284714445618525,False,True
773,R03,P03,I04,T03_04,0.2070942845270407,3.068281107570492,0.5297995989283244,False,True
774,R03,P03,I04,T03_04,0.24101880823762745,3.173868187482587,0.5298825072431865,False,True
775,R03,P03,I04,T03_04,0.27494333194821413,3.084875487966483,0.5287188757499149,False,True
776,R03,P03,I04,T03_04,0.30886785565880087,3.2106361697166417,0.5263268625287755,False,True
777,R03,P03,I04,T03_04,0.3427923793693876,3.134609042026814,0.5227437941460545,False,True
778,R03,P03,I04,T03_04,0.37671690307997435,3.2868349476036918,0.5180255831854762,False,True
779,R03,P03,I04,T03_04,0.4106414267905611,3.2653289730238755,0.5122458557510337,False,True
780,R03,P03,I04,T03_04,0.44456595050114783,3.249908208281599,0.5054948025562618,False,True
781,R03,P03,I04,T03_04,0.4784904742117346,3.303932594621537,0.4978777715283165,False,True
782,R03,P03,I04,T03_04,0.5124149979223211,3.2519455979734877,0.48951362388880715,False,True
783,R03,P03,I04,T03_04,0.5463395216329079,3.30708307948894,0.48053287936418654,False,True
784,R03,P03,I04,T03_04,0.5802640453434946,3.340835583662742,0.4710756794690737,False,True
785,R03,P03,I04,T03_04,0.6141885690540814,3.313593100716621,0.4612896006447894,False,True
786,R03,P03,I04,T03_04,0.6481130927646681,3.316806156952039,0.45132735137834784,False,True
787,R03,P03,I04,T03_04,0.6820376164752548,3.3745111111738058,0.44134438923759134,False,True
788,R03,P03,I04,T03_04,0.7159621401858416,3.3585423333626947,0.43149649500783827,False,True
789,R03,P03,I04,T03_04,0.7498866638964283,3.286077458440807,0.42193734178483044,False,True
790,R03,P03,I04,T03_04,0.7838111876070151,3.309737474811844,0.4128160969574713,False,True
791,R03,P03,I04,T03_04,0.8177357113176018,3.3425997135742422,0.4042750945006125,False,True
792,R03,P03,I04,T03_04,0.8516602350281886,3.222407603579393,0.39644761390098116,False,True
793,R03,P03,I04,T03_04,0.8855847587387753,3.184413746067412,0.38945580037536576,False,True
794,R03,P03,I04,T03_04,0.919509282449362,3.210659468401366,0.383408758835361,False,True
795,R03,P03,I04,T03_04,0.9534338061599488,3.2373905625602535,0.3784008513417133,False,True
796,R03,P03,I04,T03_04,0.9873583298705355,3.214789068513502,0.374510224615923,False,True
797,R03,P03,I04,T03_04,1.0212828535811223,3.1756788583471787,0.37179759058679224,False,True
798,R03,P03,I04,T03_04,1.055207377291709,3.057363196684013,0.3703052790010817,False,True
799,R03,P03,I04,T03_04,1.0891319010022957,3.0980803165254773,0.3700565768819698,False,True
800,R03,P03,I04,T03_04,1.1230564247128825,3.0983502799230465,0.3710553651428447,False,True
801,R03,P03,I05,T03_05,-0.2,2.9719224716684303,0.45,False,True
802,R03,P03,I05,T03_05,-0.1644884729354565,3.016770469638439,0.45997397867081824,False,True
803,R03,P03,I05,T03_05,-0.12897694587091296,3.008143274570287,0.46979231674036187,False,True
804,R03,P03,I05,T03_05,-0.09346541880636944,3.0251470612083478,0.4793018023268838,False,True
805,R03,P03,I05,T03_05,-0.057953891741825914,2.976325708461787,0.48835404308833624,False,True
806,R03,P03,I05,T03_05,-0.02244236467728239,3.0274570070289775,0.496807781835237,False,True
807,R03,P03,I05,T03_05,0.013069162387261135,2.9984296262637637,0.5045311008018667,False,True
808,R03,P03,I05,T03_05,0.04858068945180466,3.0285567554807735,0.5114034801788822,False,True
809,R03,P03,I05,T03_05,0.08409221651634818,3.115844970176467,0.5173176787846318,False,True
810,R03,P03,I05,T03_05,0.11960374358089171,3.0098257172013105,0.5221814075279276,False,True
811,R03,P03,I05,T03_05,0.15511527064543523,3.1245511830292467,0.5259187695484469,False,True
812,R03,P03,I05,T03_05,0.19062679770997876,3.0324380432339577,0.5284714445618525,False,True
813,R03,P03,I05,T03_05,0.22613832477452228,3.0862700265843017,0.5297995989283244,False,True
814,R03,P03,I05,T03_05,0.2616498518390658,3.024159552937564,0.5298825072431865,False,True
815,R03,P03,I05,T03_05,0.29716137890360933,3.0994348653402883,0.5287188757499149,False,True
816,R03,P03,I05,T03_05,0.33267290596815285,3.1204596957076363,0.5263268625287755,False,True
817,R03,P03,I05,T03_05,0.3681844330326964,3.1346666522084767,0.5227437941460545,False,True
818,R03,P03,I05,T03_05,0.4036959600972399,3.0833836546808593,0.5180255831854762,False,True
819,R03,P03,I05,T03_05,0.4392074871617834,3.20459740620545,0.5122458557510337,False,True
820,R03,P03,I05,T03_05,0.47471901422632695,3.1860981013694287,0.5054948025562618,False,True
821,R03,P03,I05,T03_05,0.5102305412908705,3.2354205827976847,0.4978777715283165,False,True
822,R03,P03,I05,T03_05,0.545742068355414,3.194773203277821,0.48951362388880715,False,True
823,R03,P03,I05,T03_05,0.5812535954199576,3.1877329935267618,0.48053287936418654,False,True
824,R03,P03,I05,T03_05,0.616765122484501,3.1586027980592535,0.4710756794690737,False,True
825,R03,P03,I05,T03_05,0.6522766495490446,3.19653066536584,0.4612896006447894,False,True
826,R03,P03,I05,T03_05,0.687788176613588,3.3144277001375952,0.45132735137834784,False,True
827,R03,P03,I05,T03_05,0.7232997036781317,3.2529574138228106,0.44134438923759134,False,True
828,R03,P03,I05,T03_05,0.7588112307426751,3.233790039493108,0.43149649500783827,False,True
829,R03,P03,I05,T03_05,0.7943227578072187,3.193095755262623,0.42193734178483044,False,True
830,R03,P03,I05,T03_05,0.8298342848717624,3.1658502175566787,0.4128160969574713,False,True
831,R03,P03,I05,T03_05,0.8653458119363058,3.116779449334337,0.4042750945006125,False,True
832,R03,P03,I05,T03_05,0.9008573390008492,3.1430913789328057,0.39644761390098116,False,True
833,R03,P03,I05,T03_05,0.9363688660653928,3.1504244030445703,0.38945580037536576,False,True
834,R03,P03,I05,T03_05,0.9718803931299365,3.062155719169478,0.383408758835361,False,True
835,R03,P03,I05,T03_05,1.0073919201944799,3.1034986190985583,0.3784008513417133,False,True
836,R03,P03,I05,T03_05,1.0429034472590233,3.1024290219974238,0.374510224615923,False,True
837,R03,P03,I05,T03_05,1.078414974323567,3.0662758264839374,0.37179759058679224,False,True
838,R03,P03,I05,T03_05,1.1139265013881106,3.0739313131107306,0.3703052790010817,False,True
839,R03,P03,I05,T03_05,1.149438028452654,2.9706316570878037,0.3700565768819698,False,True
840,R03,P03,I05,T03_05,1.1849495555171974,3.0579920583667226,0.3710553651428447,False,True
841,R03,P03,I06,T03_06,-0.2,3.1781321847529798,0.45,False,True
842,R03,P03,I06,T03_06,-0.1572402962700606,3.1554502416376646,0.45997397867081824,False,True
843,R03,P03,I06,T03_06,-0.11448059254012113,3.1685044778304956,0.46979231674036187,False,True
844,R03,P03,I06,T03_06,-0.07172088881018168,3.2290665399437697,0.4793018023268838,False,True
845,R03,P03,I06,T03_06,-0.028961185080242258,3.190734349181046,0.48835404308833624,False,True
846,R03,P03,I06,T03_06,0.013798518649697167,3.148355576053656,0.496807781835237,False,True
847,R03,P03,I06,T03_06,0.05655822237963665,3.2799762584686087,0.5045311008018667,False,True
848,R03,P03,I06,T03_06,0.09931792610957607,3.1858223016248184,0.5114034801788822,False,True
849,R03,P03,I06,T03_06,0.1420776298395155,3.173019959266342,0.5173176787846318,False,True
850,R03,P03,I06,T03_06,0.18483733356945492,3.2109404404193853,0.5221814075279276,False,True
851,R03,P03,I06,T03_06,0.22759703729939434,3.278110729829635,0.5259187695484469,False,True
852,R03,P03,I06,T03_06,0.2703567410293338,3.261471821742405,0.5284714445618525,False,True
853,R03,P03,I06,T03_06,0.3131164447592733,3.302211147179285,0.5297995989283244,False,True
854,R03,P03,I06,T03_06,0.35587614848921273,3.280191005300304,0.5298825072431865,False,True
855,R03,P03,I06,T03_06,0.39863585221915215,3.2931028071810777,0.5287188757499149,False,True
856,R03,P03,I06,T03_06,0.4413955559490916,3.31665895408661,0.5263268625287755,False,True
857,R03,P03,I06,T03_06,0.484155259679031,3.323816169852222,0.5227437941460545,False,True
858,R03,P03,I06,T03_06,0.5269149634089705,3.344498958707409,0.5180255831854762,False,True
859,R03,P03,I06,T03_06,0.5696746671389099,3.3736185641660006,0.5122458557510337,False,True
860,R03,P03,I06,T03_06,0.6124343708688493,3.409596127557092,0.5054948025562618,False,True
861,R03,P03,I06,T03_06,0.6551940745987888,3.4147043593890474,0.4978777715283165,False,True
862,R03,P03,I06,T03_06,0.6979537783287282,3.335282842141247,0.48951362388880715,False,True
863,R03,P03,I06,T03_06,0.7407134820586676,3.4716297277754684,0.48053287936418654,False,True
864,R03,P03,I06,T03_06,0.783473185788607,3.4318081829730396,0.4710756794690737,False,True
865,R03,P03,I06,T03_06,0.8262328895185467,3.363055251944593,0.4612896006447894,False,True
866,R03,P03,I06,T03_06,0.8689925932484861,3.37355496856849,0.45132735137834784,False,True
867,R03,P03,I06,T03_06,0.9117522969784255,3.265735325545782,0.44134438923759134,False,True
868,R03,P03,I06,T03_06,0.954512000708365,3.3673541455974147,0.43149649500783827,False,True
869,R03,P03,I06,T03_06,0.9972717044383044,3.2769706049534064,0.42193734178483044,False,True
870,R03,P03,I06,T03_06,1.0400314081682438,3.2669999715034965,0.4128160969574713,False,True
871,R03,P03,I06,T03_06,1.0827911118981832,3.2248191441022973,0.4042750945006125,False,True
872,R03,P03,I06,T03_06,1.1255508156281226,3.2130883882244543,0.39644761390098116,False,True
873,R03,P03,I06,T03_06,1.168310519358062,3.218875030728254,0.38945580037536576,False,True
874,R03,P03,I06,T03_06,1.2110702230880015,3.117262990975943,0.383408758835361,False,True
875,R03,P03,I06,T03_06,1.253829926817941,3.235751583304386,0.3784008513417133,False,True
876,R03,P03,I06,T03_06,1.2965896305478803,3.132663591411269,0.374510224615923,False,True
877,R03,P03,I06,T03_06,1.3393493342778198,3.1441184983879658,0.37179759058679224,False,True
878,R03,P03,I06,T03_06,1.3821090380077592,3.1581919078627863,0.3703052790010817,False,True
879,R03,P03,I06,T03_06,1.4248687417376986,3.2761818373496903,0.3700565768819698,False,True
880,R03,P03,I06,T03_06,1.4676284454676383,3.1620448579946348,0.3710553651428447,False,True
881,R03,P03,I07,T03_07,-0.2,2.8364685150637796,0.45,False,True
882,R03,P03,I07,T03_07,-0.16025152415310895,3.0018820172470297,0.45997397867081824,False,True
883,R03,P03,I07,T03_07,-0.1205030483062179,2.8801991526690123,0.46979231674036187,False,True
884,R03,P03,I07,T03_07,-0.08075457245932685,2.9323957927357007,0.4793018023268838,False,True
885,R03,P03,I07,T03_07,-0.04100609661243579,2.889317959508572,0.48835404308833624,False,True
886,R03,P03,I07,T03_07,-0.0012576207655447258,2.8799934257781317,0.496807781835237,False,True
887,R03,P03,I07,T03_07,0.03849085508134631,2.8868292220714658,0.5045311008018667,False,True
888,R03,P03,I07,T03_07,0.07823933092823737,2.889136171432232,0.5114034801788822,False,True
889,R03,P03,I07,T03_07,0.11798780677512843,2.9171035107416756,0.5173176787846318,False,True
890,R03,P03,I07,T03_07,0.1577362826220195,2.895736040162422,0.5221814075279276,False,True
891,R03,P03,I07,T03_07,0.19748475846891056,2.9593732119242295,0.5259187695484469,False,True
892,R03,P03,I07,T03_07,0.23723323431580162,2.9844800180387123,0.5284714445618525,False,True
893,R03,P03,I07,T03_07,0.27698171016269263,3.054311432869353,0.5297995989283244,False,True
894,R03,P03,I07,T03_07,0.31673018600958375,3.056425348311973,0.5298825072431865,False,True
895,R03,P03,I07,T03_07,0.35647866185647475,3.00863221529335,0.5287188757499149,False,True
896,R03,P03,I07,T03_07,0.3962271377033659,3.0703621276226634,0.5263268625287755,False,True
897,R03,P03,I07,T03_07,0.4359756135502569,3.033418897167261,0.5227437941460545,False,True
898,R03,P03,I07,T03_07,0.4757240893971479,3.0815702011138666,0.5180255831854762,False,True
899,R03,P03,I07,T03_07,0.5154725652440391,3.1785251990202843,0.5122458557510337,False,True
900,R03,P03,I07,T03_07,0.55522104109093,3.0976938756887016,0.5054948025562618,False,True
901,R03,P03,I07,T03_07,0.5949695169378211,3.156466910810867,0.4978777715283165,False,True
902,R03,P03,I07,T03_07,0.6347179927847122,3.1690443725972224,0.48951362388880715,False,True
903,R03,P03,I07,T03_07,0.6744664686316033,3.164740699373053,0.48053287936418654,False,True
904,R03,P03,I07,T03_07,0.7142149444784942,3.1849678659313234,0.4710756794690737,False,True
905,R03,P03,I07,T03_07,0.7539634203253853,3.1690999197857708,0.4612896006447894,False,True
906,R03,P03,I07,T03_07,0.7937118961722764,3.039914240456936,0.45132735137834784,False,True
907,R03,P03,I07,T03_07,0.8334603720191676,3.0378412961588674,0.44134438923759134,False,True
908,R03,P03,I07,T03_07,0.8732088478660585,3.1580509322337917,0.43149649500783827,False,True
909,R03,P03,I07,T03_07,0.9129573237129496,3.00818528364689,0.42193734178483044,False,True
910,R03,P03,I07,T03_07,0.9527057995598407,3.0240763716623653,0.4128160969574713,False,True
911,R03,P03,I07,T03_07,0.9924542754067318,3.0497605477953367,0.4042750945006125,False,True
912,R03,P03,I07,T03_07,1.0322027512536227,2.962989971221102,0.39644761390098116,False,True
913,R03,P03,I07,T03_07,1.0719512271005138,2.8890151535836783,0.38945580037536576,False,True
914,R03,P03,I07,T03_07,1.111699702947405,2.861685946687835,0.383408758835361,False,True
915,R03,P03,I07,T03_07,1.1514481787942958,2.9556788320564302,0.3784008513417133,False,True
916,R03,P03,I07,T03_07,1.191196654641187,,0.374510224615923,True,False
917,R03,P03,I07,T03_07,1.230945130488078,2.9147149375963943,0.37179759058679224,False,True
918,R03,P03,I07,T03_07,1.2706936063349692,2.9124757622327815,0.3703052790010817,False,True
919,R03,P03,I07,T03_07,1.31044208218186,2.8886704637821725,0.3700565768819698,False,True
920,R03,P03,I07,T03_07,1.3501905580287512,2.8788924639686724,0.3710553651428447,False,True
921,R03,P03,I08,T03_08,-0.2,3.123027991684011,0.45,False,True
922,R03,P03,I08,T03_08,-0.1415373480532373,3.090669558392809,0.45997397867081824,False,True
923,R03,P03,I08,T03_08,-0.08307469610647464,3.084300094685189,0.46979231674036187,False,True
924,R03,P03,I08,T03_08,-0.024612044159711965,3.15969997327691,0.4793018023268838,False,True
925,R03,P03,I08,T03_08,0.033850607787050735,3.1561989135080366,0.48835404308833624,False,True
926,R03,P03,I08,T03_08,0.09231325973381344,3.1060230074940693,0.496807781835237,False,True
927,R03,P03,I08,T03_08,0.15077591168057608,3.1377147870826194,0.5045311008018667,False,True
928,R03,P03,I08,T03_08,0.20923856362733878,3.1780463598050614,0.5114034801788822,False,True
929,R03,P03,I08,T03_08,0.2677012155741015,3.1913170412039262,0.5173176787846318,False,True
930,R03,P03,I08,T03_08,0.3261638675208642,3.132910673315094,0.5221814075279276,False,True
931,R03,P03,I08,T03_08,0.3846265194676269,3.1923483561065877,0.5259187695484469,False,True
932,R03,P03,I08,T03_08,0.4430891714143896,3.258908669153553,0.5284714445618525,False,True
933,R03,P03,I08,T03_08,0.5015518233611522,3.295319739072659,0.5297995989283244,False,True
934,R03,P03,I08,T03_08,0.5600144753079148,3.2434620723326515,0.5298825072431865,False,True
935,R03,P03,I08,T03_08,0.6184771272546776,3.2982407120359247,0.5287188757499149,False,True
936,R03,P03,I08,T03_08,0.6769397792014402,3.3763352970462073,0.5263268625287755,False,True
937,R03,P03,I08,T03_08,0.735402431148203,3.3832246736825837,0.5227437941460545,False,True
938,R03,P03,I08,T03_08,0.7938650830949656,3.2494627347324045,0.5180255831854762,False,True
939,R03,P03,I08,T03_08,0.8523277350417284,3.24055652389992,0.5122458557510337,False,True
940,R03,P03,I08,T03_08,0.910790386988491,3.2851065021560113,0.5054948025562618,False,True
941,R03,P03,I08,T03_08,0.9692530389352538,3.1463208004294465,0.4978777715283165,False,True
942,R03,P03,I08,T03_08,1.0277156908820164,3.220733896660904,0.48951362388880715,False,True
943,R03,P03,I08,T03_08,1.0861783428287792,3.1169193904357093,0.48053287936418654,False,True
944,R03,P03,I08,T03_08,1.1446409947755418,3.159826450139118,0.4710756794690737,False,True
945,R03,P03,I08,T03_08,1.2031036467223044,3.1378196434021275,0.4612896006447894,False,True
946,R03,P03,I08,T03_08,1.2615662986690672,3.11606920760074,0.45132735137834784,False,True
947,R03,P03,I08,T03_08,1.3200289506158298,3.1364017903037142,0.44134438923759134,False,True
948,R03,P03,I08,T03_08,1.3784916025625926,3.125448604251831,0.43149649500783827,False,True
949,R03,P03,I08,T03_08,1.4369542545093552,3.1802726129910273,0.42193734178483044,False,True
950,R03,P03,I08,T03_08,1.495416906456118,3.079702604885267,0.4128160969574713,False,True
951,R03,P03,I08,T03_08,1.5538795584028806,3.0848501007658795,0.4042750945006125,False,True
952,R03,P03,I08,T03_08,1.6123422103496434,3.0075893714300155,0.39644761390098116,False,True
953,R03,P03,I08,T03_08,1.670804862296406,3.0911181313006337,0.38945580037536576,False,True
954,R03,P03,I08,T03_08,1.7292675142431686,3.123916635518801,0.383408758835361,False,True
955,R03,P03,I08,T03_08,1.7877301661899314,3.0736133323466595,0.3784008513417133,False,True
956,R03,P03,I08,T03_08,1.846192818136694,3.0321693333142745,0.374510224615923,False,True
957,R03,P03,I08,T03_08,1.9046554700834568,3.018278964615905,0.37179759058679224,False,True
958,R03,P03,I08,T03_08,1.9631181220302196,3.1268398057446207,0.3703052790010817,False,True
959,R03,P03,I08,T03_08,2.0215807739769818,3.046950548573291,0.3700565768819698,False,True
960,R03,P03,I08,T03_08,2.0800434259237446,3.1213008662098094,0.3710553651428447,False,True
961,R04,P04,I01,T04_01,-0.2,3.1077051547335985,0.45,False,True
962,R04,P04,I01,T04_01,-0.16980537144886262,3.0616781769789005,0.45997397867081824,False,True
963,R04,P04,I01,T04_01,-0.1396107428977252,3.098432457089722,0.46979231674036187,False,True
964,R04,P04,I01,T04_01,-0.10941611434658782,3.1110989460174543,0.4793018023268838,False,True
965,R04,P04,I01,T04_01,-0.07922148579545042,3.169736018228067,0.48835404308833624,False,True
966,R04,P04,I01,T04_01,-0.04902685724431302,3.131741081209014,0.496807781835237,False,True
967,R04,P04,I01,T04_01,-0.018832228693175634,3.1406806209210636,0.5045311008018667,False,True
968,R04,P04,I01,T04_01,0.01136239985796178,3.161253225424581,0.5114034801788822,False,True
969,R04,P04,I01,T04_01,0.04155702840909917,3.139297141212542,0.5173176787846318,False,True
970,R04,P04,I01,T04_01,0.07175165696023655,3.183323480506314,0.5221814075279276,False,True
971,R04,P04,I01,T04_01,0.10194628551137397,3.1520002076736153,0.5259187695484469,False,True
972,R04,P04,I01,T04_01,0.13214091406251138,3.1430649662588444,0.5284714445618525,False,True
973,R04,P04,I01,T04_01,0.16233554261364874,3.1839838822531483,0.5297995989283244,False,True
974,R04,P04,I01,T04_01,0.19253017116478616,3.0970139999169084,0.5298825072431865,False,True
975,R04,P04,I01,T04_01,0.22272479971592357,3.1695340208217626,0.5287188757499149,False,True
976,R04,P04,I01,T04_01,0.25291942826706093,3.1941861138754097,0.5263268625287755,False,True
977,R04,P04,I01,T04_01,0.28311405681819835,3.2776679719498563,0.5227437941460545,False,True
978,R04,P04,I01,T04_01,0.3133086853693357,3.1895284429010973,0.5180255831854762,False,True
979,R04,P04,I01,T04_01,0.3435033139204731,3.2446513872238083,0.5122458557510337,False,True
980,R04,P04,I01,T04_01,0.37369794247161053,3.2794413238165943,0.5054948025562618,False,True
981,R04,P04,I01,T04_01,0.40389257102274795,3.3140501791683117,0.4978777715283165,False,True
982,R04,P04,I01,T04_01,0.43408719957388536,3.3578769698448254,0.48951362388880715,False,True
983,R04,P04,I01,T04_01,0.4642818281250228,3.306051601768504,0.48053287936418654,False,True
984,R04,P04,I01,T04_01,0.4944764566761601,3.3058687217389973,0.4710756794690737,False,True
985,R04,P04,I01,T04_01,0.5246710852272976,3.3769509397147135,0.4612896006447894,False,True
986,R04,P04,I01,T04_01,0.554865713778435,3.394205143982149,0.45132735137834784,False,True
987,R04,P04,I01,T04_01,0.5850603423295724,3.315626194653445,0.44134438923759134,False,True
988,R04,P04,I01,T04_01,0.6152549708807098,3.3721332918448894,0.43149649500783827,False,True
989,R04,P04,I01,T04_01,0.6454495994318472,3.3656139944844625,0.42193734178483044,False,True
990,R04,P04,I01,T04_01,0.6756442279829844,3.3497548024082215,0.4128160969574713,False,True
991,R04,P04,I01,T04_01,0.7058388565341218,3.3005360409476214,0.4042750945006125,False,True
992,R04,P04,I01,T04_01,0.7360334850852592,3.2917092815717863,0.39644761390098116,False,True
993,R04,P04,I01,T04_01,0.7662281136363966,3.3429009498980466,0.38945580037536576,False,True
994,R04,P04,I01,T04_01,0.7964227421875341,3.3990300402932183,0.383408758835361,False,True
995,R04,P04,I01,T04_01,0.8266173707386715,3.3118467336737614,0.3784008513417133,False,True
996,R04,P04,I01,T04_01,0.8568119992898089,3.175818514245357,0.374510224615923,False,True
997,R04,P04,I01,T04_01,0.8870066278409463,3.253720497710652,0.37179759058679224,False,True
998,R04,P04,I01,T04_01,0.9172012563920837,,0.3703052790010817,True,False
999,R04,P04,I01,T04_01,0.9473958849432211,3.178185098032006,0.3700565768819698,False,True
1000,R04,P04,I01,T04_01,0.9775905134943584,3.240597124531507,0.3710553651428447,False,True
1001,R04,P04,I02,T04_02,-0.2,2.9037917596834024,0.45,False,True
1002,R04,P04,I02,T04_02,-0.1692154766045271,2.829736195710023,0.45997397867081824,False,True
1003,R04,P04,I02,T04_02,-0.1384309532090542,2.764031755746201,0.46979231674036187,False,True
1004,R04,P04,I02,T04_02,-0.1076464298135813,2.933981124633355,0.4793018023268838,False,True
1005,R04,P04,I02,T04_02,-0.0768619064181084,2.8600593731069996,0.48835404308833624,False,True
1006,R04,P04,I02,T04_02,-0.046077383022635504,2.9328203383576583,0.496807781835237,False,True
1007,R04,P04,I02,T04_02,-0.015292859627162592,2.784715181839971,0.5045311008018667,False,True
1008,R04,P04,I02,T04_02,0.015491663768310293,2.939349076669788,0.5114034801788822,False,True
1009,R04,P04,I02,T04_02,0.046276187163783206,2.934875515028535,0.5173176787846318,False,True
1010,R04,P04,I02,T04_02,0.07706071055925612,2.905566064745983,0.5221814075279276,False,True
1011,R04,P04,I02,T04_02,0.107845233954729,2.9067647612810013,0.5259187695484469,False,True
1012,R04,P04,I02,T04_02,0.1386297573502019,2.801232905072025,0.5284714445618525,False,True
1013,R04,P04,I02,T04_02,0.16941428074567483,2.8873560624524655,0.5297995989283244,False,True
1014,R04,P04,I02,T04_02,0.2001988041411477,2.9575915615324457,0.5298825072431865,False,True
1015,R04,P04,I02,T04_02,0.2309833275366206,2.9672494093890283,0.5287188757499149,False,True
1016,R04,P04,I02,T04_02,0.26176785093209354,2.972177731575241,0.5263268625287755,False,True
1017,R04,P04,I02,T04_02,0.2925523743275664,3.0206193158729446,0.5227437941460545,False,True
1018,R04,P04,I02,T04_02,0.32333689772303936,3.038071972382293,0.5180255831854762,False,True
1019,R04,P04,I02,T04_02,0.35412142111851225,3.0753796964326736,0.5122458557510337,False,True
1020,R04,P04,I02,T04_02,0.38490594451398513,2.943644289179255,0.5054948025562618,False,True
1021,R04,P04,I02,T04_02,0.415690467909458,3.029225514782404,0.4978777715283165,False,True
1022,R04,P04,I02,T04_02,0.4464749913049309,3.0202957877106416,0.48951362388880715,False,True
1023,R04,P04,I02,T04_02,0.4772595147004038,3.049727184868178,0.48053287936418654,False,True
1024,R04,P04,I02,T04_02,0.5080440380958768,3.1021264731204363,0.4710756794690737,False,True
1025,R04,P04,I02,T04_02,0.5388285614913497,3.1737736474522467,0.4612896006447894,False,True
1026,R04,P04,I02,T04_02,0.5696130848868226,3.0815444823625953,0.45132735137834784,False,True
1027,R04,P04,I02,T04_02,0.6003976082822955,3.0366459301164603,0.44134438923759134,False,True
1028,R04,P04,I02,T04_02,0.6311821316777684,3.0951196503337854,0.43149649500783827,False,True
1029,R04,P04,I02,T04_02,0.6619666550732413,3.1495278012838206,0.42193734178483044,False,True
1030,R04,P04,I02,T04_02,0.6927511784687141,3.1202727509218717,0.4128160969574713,False,True
1031,R04,P04,I02,T04_02,0.723535701864187,3.0068940721749753,0.4042750945006125,False,True
1032,R04,P04,I02,T04_02,0.7543202252596599,3.069204976520881,0.39644761390098116,False,True
1033,R04,P04,I02,T04_02,0.7851047486551328,3.0811587184872296,0.38945580037536576,False,True
1034,R04,P04,I02,T04_02,0.8158892720506059,3.087225081292527,0.383408758835361,False,True
1035,R04,P04,I02,T04_02,0.8466737954460788,3.047731716755821,0.3784008513417133,False,True
1036,R04,P04,I02,T04_02,0.8774583188415517,2.9680348669435745,0.374510224615923,False,True
1037,R04,P04,I02,T04_02,0.9082428422370246,3.018498532648635,0.37179759058679224,False,True
1038,R04,P04,I02,T04_02,0.9390273656324974,3.025733303065799,0.3703052790010817,False,True
1039,R04,P04,I02,T04_02,0.9698118890279703,2.9832625126703585,0.3700565768819698,False,True
1040,R04,P04,I02,T04_02,1.0005964124234432,3.0358923658557426,0.3710553651428447,False,True
1041,R04,P04,I03,T04_03,-0.2,3.1852877607080297,0.45,False,True
1042,R04,P04,I03,T04_03,-0.1627288725557127,3.217076679219116,0.45997397867081824,False,True
1043,R04,P04,I03,T04_03,-0.12545774511142538,3.0975482037151254,0.46979231674036187,False,True
1044,R04,P04,I03,T04_03,-0.08818661766713803,3.1157397600464227,0.4793018023268838,False,True
1045,R04,P04,I03,T04_03,-0.05091549022285072,3.161002055552697,0.48835404308833624,False,True
1046,R04,P04,I03,T04_03,-0.013644362778563401,3.158505776422827,0.496807781835237,False,True
1047,R04,P04,I03,T04_03,0.023626764665723943,3.1855151503711507,0.5045311008018667,False,True
1048,R04,P04,I03,T04_03,0.06089789211001123,3.144588777421454,0.5114034801788822,False,True
1049,R04,P04,I03,T04_03,0.09816901955429858,3.168313917612879,0.5173176787846318,False,True
1050,R04,P04,I03,T04_03,0.13544014699858592,3.1323823521064083,0.5221814075279276,False,True
1051,R04,P04,I03,T04_03,0.1727112744428732,3.1841244898167638,0.5259187695484469,False,True
1052,R04,P04,I03,T04_03,0.20998240188716055,3.1480114281945784,0.5284714445618525,False,True
1053,R04,P04,I03,T04_03,0.2472535293314479,3.2079322053752235,0.5297995989283244,False,True
1054,R04,P04,I03,T04_03,0.2845246567757352,3.2076192306324818,0.5298825072431865,False,True
1055,R04,P04,I03,T04_03,0.3217957842200225,3.249117121665423,0.5287188757499149,False,True
1056,R04,P04,I03,T04_03,0.3590669116643099,3.330113032500093,0.5263268625287755,False,True
1057,R04,P04,I03,T04_03,0.39633803910859716,3.285612429857465,0.5227437941460545,False,True
1058,R04,P04,I03,T04_03,0.43360916655288445,3.3392093670130523,0.5180255831854762,False,True
1059,R04,P04,I03,T04_03,0.47088029399717185,3.2871759769710867,0.5122458557510337,False,True
1060,R04,P04,I03,T04_03,0.5081514214414591,3.2764365992226665,0.5054948025562618,False,True
1061,R04,P04,I03,T04_03,0.5454225488857465,3.391113439436573,0.4978777715283165,False,True
1062,R04,P04,I03,T04_03,0.5826936763300339,3.324359005936206,0.48951362388880715,False,True
1063,R04,P04,I03,T04_03,0.6199648037743211,3.3481964086324085,0.48053287936418654,False,True
1064,R04,P04,I03,T04_03,0.6572359312186085,3.32162942298668,0.4710756794690737,False,True
1065,R04,P04,I03,T04_03,0.6945070586628959,,0.4612896006447894,True,False
1066,R04,P04,I03,T04_03,0.731778186107183,3.31155391307246,0.45132735137834784,False,True
1067,R04,P04,I03,T04_03,0.7690493135514704,3.276945078023601,0.44134438923759134,False,True
1068,R04,P04,I03,T04_03,0.8063204409957578,3.333020351235947,0.43149649500783827,False,True
1069,R04,P04,I03,T04_03,0.843591568440045,3.3151613652119645,0.42193734178483044,False,True
1070,R04,P04,I03,T04_03,0.8808626958843324,3.3009014782700263,0.4128160969574713,False,True
1071,R04,P04,I03,T04_03,0.9181338233286198,3.2446543849194818,0.4042750945006125,False,True
1072,R04,P04,I03,T04_03,0.955404950772907,3.2289626766927815,0.39644761390098116,False,True
1073,R04,P04,I03,T04_03,0.9926760782171944,3.244011129144494,0.38945580037536576,False,True
1074,R04,P04,I03,T04_03,1.0299472056614818,3.1905729170391504,0.383408758835361,False,True
1075,R04,P04,I03,T04_03,1.067218333105769,3.1717019242238815,0.3784008513417133,False,True
1076,R04,P04,I03,T04_03,1.1044894605500564,3.1530968184897197,0.374510224615923,False,True
1077,R04,P04,I03,T04_03,1.1417605879943438,3.144331478576501,0.37179759058679224,False,True
1078,R04,P04,I03,T04_03,1.179031715438631,3.1896375191596,0.3703052790010817,False,True
1079,R04,P04,I03,T04_03,1.2163028428829183,3.1238952389949315,0.3700565768819698,False,True
1080,R04,P04,I03,T04_03,1.2535739703272055,3.1702169786132726,0.3710553651428447,False,True
1081,R04,P04,I04,T04_04,-0.2,3.0778009587767055,0.45,False,True
1082,R04,P04,I04,T04_04,-0.16584485251363582,3.079467114812147,0.45997397867081824,False,True
1083,R04,P04,I04,T04_04,-0.13168970502727162,2.9851540367568936,0.46979231674036187,False,True
1084,R04,P04,I04,T04_04,-0.0975345575409074,3.106810115924728,0.4793018023268838,False,True
1085,R04,P04,I04,T04_04,-0.0633794100545432,3.1037938668763614,0.48835404308833624,False,True
1086,R04,P04,I04,T04_04,-0.029224262568179005,3.0847688383294107,0.496807781835237,False,True
1087,R04,P04,I04,T04_04,0.004930884918185219,3.0757488937968254,0.5045311008018667,False,True
1088,R04,P04,I04,T04_04,0.039086032404549415,3.1283261942920317,0.5114034801788822,False,True
1089,R04,P04,I04,T04_04,0.07324117989091361,3.12278552412227,0.5173176787846318,False,True
1090,R04,P04,I04,T04_04,0.10739632737727783,3.0955642545550868,0.5221814075279276,False,True
1091,R04,P04,I04,T04_04,0.141551474863642,3.1285605400792633,0.5259187695484469,False,True
1092,R04,P04,I04,T04_04,0.17570662235000623,3.154054246658312,0.5284714445618525,False,True
1093,R04,P04,I04,T04_04,0.20986176983637045,3.1882731164741056,0.5297995989283244,False,True
1094,R04,P04,I04,T04_04,0.24401691732273462,3.1264527045707364,0.5298825072431865,False,True
1095,R04,P04,I04,T04_04,0.27817206480909884,3.1565981318035075,0.5287188757499149,False,True
1096,R04,P04,I04,T04_04,0.31232721229546306,3.167479739866187,0.5263268625287755,False,True
1097,R04,P04,I04,T04_04,0.34648235978182723,3.1396693217380562,0.5227437941460545,False,True
1098,R04,P04,I04,T04_04,0.3806375072681914,3.208987588963487,0.5180255831854762,False,True
1099,R04,P04,I04,T04_04,0.4147926547545557,3.2453197110436207,0.5122458557510337,False,True
1100,R04,P04,I04,T04_04,0.44894780224091985,3.2478521036490378,0.5054948025562618,False,True
1101,R04,P04,I04,T04_04,0.483102949727284,3.2742938330281137,0.4978777715283165,False,True
1102,R04,P04,I04,T04_04,0.5172580972136482,3.2297982214565213,0.48951362388880715,False,True
1103,R04,P04,I04,T04_04,0.5514132447000124,3.3576317830504134,0.48053287936418654,False,True
1104,R04,P04,I04,T04_04,0.5855683921863766,3.378517007322317,0.4710756794690737,False,True
1105,R04,P04,I04,T04_04,0.619723539672741,3.3904126811488244,0.4612896006447894,False,True
1106,R04,P04,I04,T04_04,0.6538786871591051,3.4111798525508408,0.45132735137834784,False,True
1107,R04,P04,I04,T04_04,0.6880338346454693,3.421443415662241,0.44134438923759134,False,True
1108,R04,P04,I04,T04_04,0.7221889821318335,3.2515478187160287,0.43149649500783827,False,True
1109,R04,P04,I04,T04_04,0.7563441296181976,3.32681619076777,0.42193734178483044,False,True
1110,R04,P04,I04,T04_04,0.7904992771045618,3.343345520446107,0.4128160969574713,False,True
1111,R04,P04,I04,T04_04,0.8246544245909262,3.2900468659642055,0.4042750945006125,False,True
1112,R04,P04,I04,T04_04,0.8588095720772904,3.3376290556124157,0.39644761390098116,False,True
1113,R04,P04,I04,T04_04,0.8929647195636545,3.192531581996887,0.38945580037536576,False,True
1114,R04,P04,I04,T04_04,0.9271198670500187,3.208192957231145,0.383408758835361,False,True
1115,R04,P04,I04,T04_04,0.9612750145363829,3.197192479729846,0.3784008513417133,False,True
1116,R04,P04,I04,T04_04,0.995430162022747,3.155406259654938,0.374510224615923,False,True
1117,R04,P04,I04,T04_04,1.0295853095091114,3.217444368905128,0.37179759058679224,False,True
1118,R04,P04,I04,T04_04,1.0637404569954756,3.149615118196331,0.3703052790010817,False,True
1119,R04,P04,I04,T04_04,1.0978956044818398,3.166747589623604,0.3700565768819698,False,True
1120,R04,P04,I04,T04_04,1.132050751968204,3.116353403847304,0.3710553651428447,False,True
1121,R04,P04,I05,T04_05,-0.2,3.1543089687416668,0.45,False,True
1122,R04,P04,I05,T04_05,-0.166233478107772,3.219208924959007,0.45997397867081824,False,True
1123,R04,P04,I05,T04_05,-0.132466956215544,3.22185232912843,0.46979231674036187,False,True
1124,R04,P04,I05,T04_05,-0.09870043432331599,3.1568429526456576,0.4793018023268838,False,True
1125,R04,P04,I05,T04_05,-0.06493391243108798,3.2481174386778333,0.48835404308833624,False,True
1126,R04,P04,I05,T04_05,-0.031167390538859974,,0.496807781835237,True,False
1127,R04,P04,I05,T04_05,0.002599131353368034,3.1510349243560367,0.5045311008018667,False,True
1128,R04,P04,I05,T04_05,0.03636565324559604,3.2431033448011726,0.5114034801788822,False,True
1129,R04,P04,I05,T04_05,0.07013217513782405,3.2029427945984628,0.5173176787846318,False,True
1130,R04,P04,I05,T04_05,0.10389869703005206,3.1576376745605605,0.5221814075279276,False,True
1131,R04,P04,I05,T04_05,0.13766521892228006,3.192343719586304,0.5259187695484469,False,True
1132,R04,P04,I05,T04_05,0.17143174081450807,3.1448980539917364,0.5284714445618525,False,True
1133,R04,P04,I05,T04_05,0.20519826270673608,3.222626433805327,0.5297995989283244,False,True
1134,R04,P04,I05,T04_05,0.2389647845989641,3.214149500785683,0.5298825072431865,False,True
1135,R04,P04,I05,T04_05,0.2727313064911921,3.243752976788825,0.5287188757499149,False,True
1136,R04,P04,I05,T04_05,0.30649782838342005,3.3082350360788477,0.5263268625287755,False,True
1137,R04,P04,I05,T04_05,0.3402643502756481,3.38528893569039,0.5227437941460545,False,True
1138,R04,P04,I05,T04_05,0.37403087216787617,3.3993622002205885,0.5180255831854762,False,True
1139,R04,P04,I05,T04_05,0.4077973940601041,3.3589234276373947,0.5122458557510337,False,True
1140,R04,P04,I05,T04_05,0.4415639159523321,3.4472233943541597,0.5054948025562618,False,True
1141,R04,P04,I05,T04_05,0.47533043784456014,3.4301639158655353,0.4978777715283165,False,True
1142,R04,P04,I05,T04_05,0.5090969597367883,3.3462409655343324,0.48951362388880715,False,True
1143,R04,P04,I05,T04_05,0.5428634816290161,3.4808168987334867,0.48053287936418654,False,True
1144,R04,P04,I05,T04_05,0.5766300035212442,3.4858268505143273,0.4710756794690737,False,True
1145,R04,P04,I05,T04_05,0.6103965254134722,3.4851116503762465,0.4612896006447894,False,True
1146,R04,P04,I05,T04_05,0.6441630473057003,3.4474641614787798,0.45132735137834784,False,True
1147,R04,P04,I05,T04_05,0.6779295691979281,3.5132457961016255,0.44134438923759134,False,True
1148,R04,P04,I05,T04_05,0.7116960910901562,3.471911746399341,0.43149649500783827,False,True
1149,R04,P04,I05,T04_05,0.7454626129823843,3.532123691009209,0.42193734178483044,False,True
1150,R04,P04,I05,T04_05,0.7792291348746123,3.4668383501074924,0.4128160969574713,False,True
1151,R04,P04,I05,T04_05,0.8129956567668402,3.484647939162251,0.4042750945006125,False,True
1152,R04,P04,I05,T04_05,0.8467621786590682,3.435647591901848,0.39644761390098116,False,True
1153,R04,P04,I05,T04_05,0.8805287005512963,3.331233607819985,0.38945580037536576,False,True
1154,R04,P04,I05,T04_05,0.9142952224435243,3.322856572509206,0.383408758835361,False,True
1155,R04,P04,I05,T04_05,0.9480617443357524,3.3626867466876877,0.3784008513417133,False,True
1156,R04,P04,I05,T04_05,0.9818282662279803,3.2595259327505754,0.374510224615923,False,True
1157,R04,P04,I05,T04_05,1.0155947881202083,3.251739114940311,0.37179759058679224,False,True
1158,R04,P04,I05,T04_05,1.0493613100124364,3.225526296313754,0.3703052790010817,False,True
1159,R04,P04,I05,T04_05,1.0831278319046642,3.2186333470249218,0.3700565768819698,False,True
1160,R04,P04,I05,T04_05,1.1168943537968923,3.311065748004376,0.3710553651428447,False,True
1161,R04,P04,I06,T04_06,-0.2,3.4401653887408634,0.45,False,True
1162,R04,P04,I06,T04_06,-0.14827123576370804,3.501479309943508,0.45997397867081824,False,True
1163,R04,P04,I06,T04_06,-0.09654247152741609,3.4405847582290385,0.46979231674036187,False,True
1164,R04,P04,I06,T04_06,-0.04481370729112413,3.4983345671997506,0.4793018023268838,False,True
1165,R04,P04,I06,T04_06,0.006915056945167836,3.389475888330998,0.48835404308833624,False,True
1166,R04,P04,I06,T04_06,0.058643821181459777,3.511451037528773,0.496807781835237,False,True
1167,R04,P04,I06,T04_06,0.11037258541775175,3.496121770915458,0.5045311008018667,False,True
1168,R04,P04,I06,T04_06,0.1621013496540437,3.5192918485169975,0.5114034801788822,False,True
1169,R04,P04,I06,T04_06,0.21383011389033568,,0.5173176787846318,True,False
1170,R04,P04,I06,T04_06,0.26555887812662765,3.4747222255128825,0.5221814075279276,False,True
1171,R04,P04,I06,T04_06,0.31728764236291956,3.5592278400354314,0.5259187695484469,False,True
1172,R04,P04,I06,T04_06,0.3690164065992116,3.5867068299894562,0.5284714445618525,False,True
1173,R04,P04,I06,T04_06,0.4207451708355035,3.659093600569412,0.5297995989283244,False,True
1174,R04,P04,I06,T04_06,0.4724739350717955,,0.5298825072431865,True,False
1175,R04,P04,I06,T04_06,0.5242026993080875,3.7157959444333257,0.5287188757499149,False,True
1176,R04,P04,I06,T04_06,0.5759314635443795,3.658900270220577,0.5263268625287755,False,True
1177,R04,P04,I06,T04_06,0.6276602277806713,3.6672632945912556,0.5227437941460545,False,True
1178,R04,P04,I06,T04_06,0.6793889920169633,3.748489400307386,0.5180255831854762,False,True
1179,R04,P04,I06,T04_06,0.7311177562532554,3.6475628908141533,0.5122458557510337,False,True
1180,R04,P04,I06,T04_06,0.7828465204895472,3.6171885557812438,0.5054948025562618,False,True
1181,R04,P04,I06,T04_06,0.8345752847258392,3.598306232441226,0.4978777715283165,False,True
1182,R04,P04,I06,T04_06,0.8863040489621312,3.6751946065203454,0.48951362388880715,False,True
1183,R04,P04,I06,T04_06,0.9380328131984232,3.5488797792965823,0.48053287936418654,False,True
1184,R04,P04,I06,T04_06,0.9897615774347153,3.5866970213112674,0.4710756794690737,False,True
1185,R04,P04,I06,T04_06,1.041490341671007,3.4593772071943096,0.4612896006447894,False,True
1186,R04,P04,I06,T04_06,1.093219105907299,3.496805321708412,0.45132735137834784,False,True
1187,R04,P04,I06,T04_06,1.1449478701435911,3.455251870020729,0.44134438923759134,False,True
1188,R04,P04,I06,T04_06,1.196676634379883,3.4789250428907303,0.43149649500783827,False,True
1189,R04,P04,I06,T04_06,1.248405398616175,3.4400064917769444,0.42193734178483044,False,True
1190,R04,P04,I06,T04_06,1.300134162852467,3.4780459397937253,0.4128160969574713,False,True
1191,R04,P04,I06,T04_06,1.351862927088759,3.490868974197099,0.4042750945006125,False,True
1192,R04,P04,I06,T04_06,1.4035916913250508,3.4451334043228825,0.39644761390098116,False,True
1193,R04,P04,I06,T04_06,1.4553204555613428,3.4726960105346523,0.38945580037536576,False,True
1194,R04,P04,I06,T04_06,1.5070492197976348,3.4302538247729606,0.383408758835361,False,True
1195,R04,P04,I06,T04_06,1.5587779840339266,3.450489832560639,0.3784008513417133,False,True
1196,R04,P04,I06,T04_06,1.6105067482702187,3.40737549244461,0.374510224615923,False,True
1197,R04,P04,I06,T04_06,1.6622355125065107,3.5365521820319787,0.37179759058679224,False,True
1198,R04,P04,I06,T04_06,1.7139642767428027,3.530984057097292,0.3703052790010817,False,True
1199,R04,P04,I06,T04_06,1.7656930409790945,3.520381968996962,0.3700565768819698,False,True
1200,R04,P04,I06,T04_06,1.8174218052153863,3.4224386208749067,0.3710553651428447,False,True
1201,R04,P04,I07,T04_07,-0.2,3.3421520170698398,0.45,False,True
1202,R04,P04,I07,T04_07,-0.16984387813342644,3.3142745166375662,0.45997397867081824,False,True
1203,R04,P04,I07,T04_07,-0.13968775626685284,3.3596995069690254,0.46979231674036187,False,True
1204,R04,P04,I07,T04_07,-0.10953163440027927,3.4441571075204775,0.4793018023268838,False,True
1205,R04,P04,I07,T04_07,-0.07937551253370569,3.450467600418546,0.48835404308833624,False,True
1206,R04,P04,I07,T04_07,-0.0492193906671321,3.3609596567992166,0.496807781835237,False,True
1207,R04,P04,I07,T04_07,-0.01906326880055853,3.3586964587428967,0.5045311008018667,False,True
1208,R04,P04,I07,T04_07,0.011092853066015068,3.4280182558355636,0.5114034801788822,False,True
1209,R04,P04,I07,T04_07,0.04124897493258864,3.393056360701849,0.5173176787846318,False,True
1210,R04,P04,I07,T04_07,0.07140509679916224,3.2712065147325147,0.5221814075279276,False,True
1211,R04,P04,I07,T04_07,0.10156121866573581,3.398277292960259,0.5259187695484469,False,True
1212,R04,P04,I07,T04_07,0.13171734053230938,3.487428576606302,0.5284714445618525,False,True
1213,R04,P04,I07,T04_07,0.16187346239888295,3.46013342533643,0.5297995989283244,False,True
1214,R04,P04,I07,T04_07,0.19202958426545652,3.406436941604068,0.5298825072431865,False,True
1215,R04,P04,I07,T04_07,0.22218570613203015,3.3990087664180617,0.5287188757499149,False,True
1216,R04,P04,I07,T04_07,0.2523418279986037,3.453569053002007,0.5263268625287755,False,True
1217,R04,P04,I07,T04_07,0.2824979498651773,3.4755961089155716,0.5227437941460545,False,True
1218,R04,P04,I07,T04_07,0.3126540717317509,3.475763532003143,0.5180255831854762,False,True
1219,R04,P04,I07,T04_07,0.3428101935983245,3.457776471363792,0.5122458557510337,False,True
1220,R04,P04,I07,T04_07,0.37296631546489806,3.5516776865347577,0.5054948025562618,False,True
1221,R04,P04,I07,T04_07,0.40312243733147163,3.5291784517333107,0.4978777715283165,False,True
1222,R04,P04,I07,T04_07,0.4332785591980452,3.5795511929273727,0.48951362388880715,False,True
1223,R04,P04,I07,T04_07,0.46343468106461877,3.475186546824508,0.48053287936418654,False,True
1224,R04,P04,I07,T04_07,0.49359080293119234,3.5640548165153723,0.4710756794690737,False,True
1225,R04,P04,I07,T04_07,0.523746924797766,3.535535716842352,0.4612896006447894,False,True
1226,R04,P04,I07,T04_07,0.5539030466643395,3.5956005098619235,0.45132735137834784,False,True
1227,R04,P04,I07,T04_07,0.5840591685309131,3.659383776088861,0.44134438923759134,False,True
1228,R04,P04,I07,T04_07,0.6142152903974867,3.5605375413653464,0.43149649500783827,False,True
1229,R04,P04,I07,T04_07,0.6443714122640603,3.68107526509262,0.42193734178483044,False,True
1230,R04,P04,I07,T04_07,0.6745275341306338,3.5653274478392367,0.4128160969574713,False,True
1231,R04,P04,I07,T04_07,0.7046836559972074,3.63291361275178,0.4042750945006125,False,True
1232,R04,P04,I07,T04_07,0.734839777863781,3.6362461497806233,0.39644761390098116,False,True
1233,R04,P04,I07,T04_07,0.7649958997303545,3.6264624223582915,0.38945580037536576,False,True
1234,R04,P04,I07,T04_07,0.7951520215969281,3.5427831654411954,0.383408758835361,False,True
1235,R04,P04,I07,T04_07,0.8253081434635019,3.5870456437265936,0.3784008513417133,False,True
1236,R04,P04,I07,T04_07,0.8554642653300755,3.5194497278465477,0.374510224615923,False,True
1237,R04,P04,I07,T04_07,0.885620387196649,3.5076772976719357,0.37179759058679224,False,True
1238,R04,P04,I07,T04_07,0.9157765090632226,3.516687794454996,0.3703052790010817,False,True
1239,R04,P04,I07,T04_07,0.9459326309297962,3.534794726824786,0.3700565768819698,False,True
1240,R04,P04,I07,T04_07,0.9760887527963698,3.5196674292652097,0.3710553651428447,False,True
1241,R04,P04,I08,T04_08,-0.2,3.073112642908182,0.45,False,True
1242,R04,P04,I08,T04_08,-0.14707171558087662,3.16204230944159,0.45997397867081824,False,True
1243,R04,P04,I08,T04_08,-0.09414343116175325,3.0533795790696394,0.46979231674036187,False,True
1244,R04,P04,I08,T04_08,-0.04121514674262988,3.1456320315356736,0.4793018023268838,False,True
1245,R04,P04,I08,T04_08,0.011713137676493512,3.133651749376577,0.48835404308833624,False,True
1246,R04,P04,I08,T04_08,0.06464142209561691,3.1644666391063665,0.496807781835237,False,True
1247,R04,P04,I08,T04_08,0.11756970651474025,3.18729848932584,0.5045311008018667,False,True
1248,R04,P04,I08,T04_08,0.17049799093386364,3.157347110260779,0.5114034801788822,False,True
1249,R04,P04,I08,T04_08,0.22342627535298704,3.2221783681865297,0.5173176787846318,False,True
1250,R04,P04,I08,T04_08,0.27635455977211043,3.2111043827365444,0.5221814075279276,False,True
1251,R04,P04,I08,T04_08,0.3292828441912338,3.2161963259589954,0.5259187695484469,False,True
1252,R04,P04,I08,T04_08,0.38221112861035716,3.2923678094010933,0.5284714445618525,False,True
1253,R04,P04,I08,T04_08,0.4351394130294805,3.30041137958535,0.5297995989283244,False,True
1254,R04,P04,I08,T04_08,0.48806769744860395,3.3890056730512406,0.5298825072431865,False,True
1255,R04,P04,I08,T04_08,0.5409959818677272,3.283081384906684,0.5287188757499149,False,True
1256,R04,P04,I08,T04_08,0.5939242662868507,3.4129882473373248,0.5263268625287755,False,True
1257,R04,P04,I08,T04_08,0.6468525507059741,3.357462314151643,0.5227437941460545,False,True
1258,R04,P04,I08,T04_08,0.6997808351250974,3.3433934083552597,0.5180255831854762,False,True
1259,R04,P04,I08,T04_08,0.7527091195442208,3.3968757506872413,0.5122458557510337,False,True
1260,R04,P04,I08,T04_08,0.8056374039633443,,0.5054948025562618,True,False
1261,R04,P04,I08,T04_08,0.8585656883824677,3.292425796856074,0.4978777715283165,False,True
1262,R04,P04,I08,T04_08,0.911493972801591,3.3451612551210648,0.48951362388880715,False,True
1263,R04,P04,I08,T04_08,0.9644222572207144,3.184555818063041,0.48053287936418654,False,True
1264,R04,P04,I08,T04_08,1.0173505416398378,3.2365045334649354,0.4710756794690737,False,True
1265,R04,P04,I08,T04_08,1.070278826058961,3.1961192431660614,0.4612896006447894,False,True
1266,R04,P04,I08,T04_08,1.1232071104780845,3.1791390503173274,0.45132735137834784,False,True
1267,R04,P04,I08,T04_08,1.176135394897208,3.1015461676364695,0.44134438923759134,False,True
1268,R04,P04,I08,T04_08,1.2290636793163314,3.1325433364757056,0.43149649500783827,False,True
1269,R04,P04,I08,T04_08,1.2819919637354547,3.121388526421708,0.42193734178483044,False,True
1270,R04,P04,I08,T04_08,1.334920248154578,3.154514832237295,0.4128160969574713,False,True
1271,R04,P04,I08,T04_08,1.3878485325737016,3.1180666479673014,0.4042750945006125,False,True
1272,R04,P04,I08,T04_08,1.4407768169928248,3.138602637493376,0.39644761390098116,False,True
1273,R04,P04,I08,T04_08,1.4937051014119482,3.1114851251217015,0.38945580037536576,False,True
1274,R04,P04,I08,T04_08,1.5466333858310717,3.109136321132521,0.383408758835361,False,True
1275,R04,P04,I08,T04_08,1.599561670250195,3.1414948943558474,0.3784008513417133,False,True
1276,R04,P04,I08,T04_08,1.6524899546693184,3.1869389851319303,0.374510224615923,False,True
1277,R04,P04,I08,T04_08,1.7054182390884418,3.1495966667625184,0.37179759058679224,False,True
1278,R04,P04,I08,T04_08,1.758346523507565,3.0119644869667797,0.3703052790010817,False,True
1279,R04,P04,I08,T04_08,1.8112748079266885,3.0640816432838074,0.3700565768819698,False,True
1280,R04,P04,I08,T04_08,1.864203092345812,3.070944283947113,0.3710553651428447,False,True
1281,R05,P05,I01,T05_01,-0.2,2.9740847415548246,0.45,False,True
1282,R05,P05,I01,T05_01,-0.15905338312384087,3.0531077742778265,0.45997397867081824,False,True
1283,R05,P05,I01,T05_01,-0.11810676624768172,3.0336702271535656,0.46979231674036187,False,True
1284,R05,P05,I01,T05_01,-0.07716014937152257,2.936760051990396,0.4793018023268838,False,True
1285,R05,P05,I01,T05_01,-0.03621353249536344,3.021110885677716,0.48835404308833624,False,True
1286,R05,P05,I01,T05_01,0.004733084380795699,3.0245216032013085,0.496807781835237,False,True
1287,R05,P05,I01,T05_01,0.04567970125695486,3.0302812756921735,0.5045311008018667,False,True
1288,R05,P05,I01,T05_01,0.086626318133114,3.0373262535455017,0.5114034801788822,False,True
1289,R05,P05,I01,T05_01,0.12757293500927314,2.9315270398033904,0.5173176787846318,False,True
1290,R05,P05,I01,T05_01,0.16851955188543227,3.104307914524022,0.5221814075279276,False,True
1291,R05,P05,I01,T05_01,0.2094661687615914,3.0610578447754406,0.5259187695484469,False,True
1292,R05,P05,I01,T05_01,0.25041278563775055,3.078279489423995,0.5284714445618525,False,True
1293,R05,P05,I01,T05_01,0.29135940251390974,3.0385140227436644,0.5297995989283244,False,True
1294,R05,P05,I01,T05_01,0.3323060193900688,3.002407251021116,0.5298825072431865,False,True
1295,R05,P05,I01,T05_01,0.373252636266228,3.037869114926034,0.5287188757499149,False,True
1296,R05,P05,I01,T05_01,0.4141992531423871,3.1630665086389245,0.5263268625287755,False,True
1297,R05,P05,I01,T05_01,0.4551458700185463,3.154821101659208,0.5227437941460545,False,True
1298,R05,P05,I01,T05_01,0.4960924868947055,3.2524316869911014,0.5180255831854762,False,True
1299,R05,P05,I01,T05_01,0.5370391037708646,3.253728512626536,0.5122458557510337,False,True
1300,R05,P05,I01,T05_01,0.5779857206470238,3.221084678159495,0.5054948025562618,False,True
1301,R05,P05,I01,T05_01,0.6189323375231828,3.1991815041695126,0.4978777715283165,False,True
1302,R05,P05,I01,T05_01,0.659878954399342,3.2087684532890886,0.48951362388880715,False,True
1303,R05,P05,I01,T05_01,0.7008255712755012,3.27183322380987,0.48053287936418654,False,True
1304,R05,P05,I01,T05_01,0.7417721881516603,3.1867906388721305,0.4710756794690737,False,True
1305,R05,P05,I01,T05_01,0.7827188050278195,3.2074804432521304,0.4612896006447894,False,True
1306,R05,P05,I01,T05_01,0.8236654219039787,3.258068623097448,0.45132735137834784,False,True
1307,R05,P05,I01,T05_01,0.8646120387801377,3.245828671481214,0.44134438923759134,False,True
1308,R05,P05,I01,T05_01,0.9055586556562969,3.033112485986029,0.43149649500783827,False,True
1309,R05,P05,I01,T05_01,0.9465052725324561,3.09038366311731,0.42193734178483044,False,True
1310,R05,P05,I01,T05_01,0.9874518894086153,3.1614592190972224,0.4128160969574713,False,True
1311,R05,P05,I01,T05_01,1.0283985062847742,3.0901071545815557,0.4042750945006125,False,True
1312,R05,P05,I01,T05_01,1.0693451231609334,3.0622723585052123,0.39644761390098116,False,True
1313,R05,P05,I01,T05_01,1.1102917400370926,3.1586957865561747,0.38945580037536576,False,True
1314,R05,P05,I01,T05_01,1.1512383569132518,2.897126659565137,0.383408758835361,False,True
1315,R05,P05,I01,T05_01,1.192184973789411,3.0305924538597884,0.3784008513417133,False,True
1316,R05,P05,I01,T05_01,1.23313159066557,2.9745868605810974,0.374510224615923,False,True
1317,R05,P05,I01,T05_01,1.2740782075417292,2.9906425037433038,0.37179759058679224,False,True
1318,R05,P05,I01,T05_01,1.3150248244178884,2.96775339748995,0.3703052790010817,False,True
1319,R05,P05,I01,T05_01,1.3559714412940476,2.973436826790738,0.3700565768819698,False,True
1320,R05,P05,I01,T05_01,1.3969180581702065,2.997746433884464,0.3710553651428447,False,True
1321,R05,P05,I02,T05_02,-0.2,3.4808189929333393,0.45,False,True
1322,R05,P05,I02,T05_02,-0.1576839012929758,3.4417222670644487,0.45997397867081824,False,True
1323,R05,P05,I02,T05_02,-0.11536780258595158,3.4302507436630334,0.46979231674036187,False,True
1324,R05,P05,I02,T05_02,-0.07305170387892737,3.528028186727785,0.4793018023268838,False,True
1325,R05,P05,I02,T05_02,-0.030735605171903158,3.4599042262368793,0.48835404308833624,False,True
1326,R05,P05,I02,T05_02,0.011580493535121056,3.5608065417058934,0.496807781835237,False,True
1327,R05,P05,I02,T05_02,0.05389659224214527,3.4593881249998444,0.5045311008018667,False,True
1328,R05,P05,I02,T05_02,0.09621269094916945,3.483858050440623,0.5114034801788822,False,True
1329,R05,P05,I02,T05_02,0.1385287896561937,3.4498832776803647,0.5173176787846318,False,True
1330,R05,P05,I02,T05_02,0.18084488836321794,3.4624055190131497,0.5221814075279276,False,True
1331,R05,P05,I02,T05_02,0.22316098707024212,3.5686964797665737,0.5259187695484469,False,True
1332,R05,P05,I02,T05_02,0.2654770857772663,3.5202345689301353,0.5284714445618525,False,True
1333,R05,P05,I02,T05_02,0.30779318448429055,3.6069284742844188,0.5297995989283244,False,True
1334,R05,P05,I02,T05_02,0.3501092831913148,3.5417801264766506,0.5298825072431865,False,True
1335,R05,P05,I02,T05_02,0.3924253818983389,3.5243456371930817,0.5287188757499149,False,True
1336,R05,P05,I02,T05_02,0.43474148060536316,3.614566979243961,0.5263268625287755,False,True
1337,R05,P05,I02,T05_02,0.4770575793123874,3.532894709537874,0.5227437941460545,False,True
1338,R05,P05,I02,T05_02,0.5193736780194116,3.6359460944447735,0.5180255831854762,False,True
1339,R05,P05,I02,T05_02,0.5616897767264359,3.6172690534426644,0.5122458557510337,False,True
1340,R05,P05,I02,T05_02,0.6040058754334601,3.7441689514796144,0.5054948025562618,False,True
1341,R05,P05,I02,T05_02,0.6463219741404842,3.729172213141865,0.4978777715283165,False,True
1342,R05,P05,I02,T05_02,0.6886380728475086,3.5713801522327433,0.48951362388880715,False,True
1343,R05,P05,I02,T05_02,0.7309541715545327,3.652110419646119,0.48053287936418654,False,True
1344,R05,P05,I02,T05_02,0.7732702702615568,3.619209097983657,0.4710756794690737,False,True
1345,R05,P05,I02,T05_02,0.8155863689685812,3.604722240428674,0.4612896006447894,False,True
1346,R05,P05,I02,T05_02,0.8579024676756053,3.6549185548034764,0.45132735137834784,False,True
1347,R05,P05,I02,T05_02,0.9002185663826296,,0.44134438923759134,True,False
1348,R05,P05,I02,T05_02,0.9425346650896538,3.5836080390194027,0.43149649500783827,False,True
1349,R05,P05,I02,T05_02,0.9848507637966779,3.5520551328062857,0.42193734178483044,False,True
1350,R05,P05,I02,T05_02,1.0271668625037023,3.497530566177362,0.4128160969574713,False,True
1351,R05,P05,I02,T05_02,1.0694829612107264,3.48830605573159,0.4042750945006125,False,True
1352,R05,P05,I02,T05_02,1.1117990599177507,3.5096470610440904,0.39644761390098116,False,True
1353,R05,P05,I02,T05_02,1.1541151586247749,3.439380128476351,0.38945580037536576,False,True
1354,R05,P05,I02,T05_02,1.196431257331799,3.4697018652790996,0.383408758835361,False,True
1355,R05,P05,I02,T05_02,1.2387473560388234,3.463614347084867,0.3784008513417133,False,True
1356,R05,P05,I02,T05_02,1.2810634547458475,3.483305199329664,0.374510224615923,False,True
1357,R05,P05,I02,T05_02,1.3233795534528718,3.389024723149649,0.37179759058679224,False,True
1358,R05,P05,I02,T05_02,1.365695652159896,3.43101087049735,0.3703052790010817,False,True
1359,R05,P05,I02,T05_02,1.40801175086692,3.35900177937806,0.3700565768819698,False,True
1360,R05,P05,I02,T05_02,1.4503278495739444,3.4185887788256415,0.3710553651428447,False,True
1361,R05,P05,I03,T05_03,-0.2,3.3061489190103615,0.45,False,True
1362,R05,P05,I03,T05_03,-0.15944141573607457,3.3314040716617788,0.45997397867081824,False,True
1363,R05,P05,I03,T05_03,-0.11888283147214913,3.29185599571938,0.46979231674036187,False,True
1364,R05,P05,I03,T05_03,-0.0783242472082237,3.245733072610413,0.4793018023268838,False,True
1365,R05,P05,I03,T05_03,-0.037765662944298256,3.299287876716175,0.48835404308833624,False,True
1366,R05,P05,I03,T05_03,0.0027929213196271896,3.3267245293033296,0.496807781835237,False,True
1367,R05,P05,I03,T05_03,0.04335150558355261,3.2562945940074512,0.5045311008018667,False,True
1368,R05,P05,I03,T05_03,0.08391008984747805,3.313991681638457,0.5114034801788822,False,True
1369,R05,P05,I03,T05_03,0.1244686741114035,3.2910111374650337,0.5173176787846318,False,True
1370,R05,P05,I03,T05_03,0.16502725837532894,3.315890472582835,0.5221814075279276,False,True
1371,R05,P05,I03,T05_03,0.2055858426392544,3.288216035063192,0.5259187695484469,False,True
1372,R05,P05,I03,T05_03,0.24614442690317984,3.3288776429205873,0.5284714445618525,False,True
1373,R05,P05,I03,T05_03,0.2867030111671052,3.4758220870975824,0.5297995989283244,False,True
1374,R05,P05,I03,T05_03,0.32726159543103067,3.375723702197269,0.5298825072431865,False,True
1375,R05,P05,I03,T05_03,0.3678201796949561,3.339125403997148,0.5287188757499149,False,True
1376,R05,P05,I03,T05_03,0.40837876395888156,3.473259103756931,0.5263268625287755,False,True
1377,R05,P05,I03,T05_03,0.448937348222807,3.4597692648178695,0.5227437941460545,False,True
1378,R05,P05,I03,T05_03,0.48949593248673245,3.550383600262946,0.5180255831854762,False,True
1379,R05,P05,I03,T05_03,0.5300545167506578,3.4981704482143905,0.5122458557510337,False,True
1380,R05,P05,I03,T05_03,0.5706131010145834,3.561762439633669,0.5054948025562618,False,True
1381,R05,P05,I03,T05_03,0.6111716852785087,3.4887571910298436,0.4978777715283165,False,True
1382,R05,P05,I03,T05_03,0.6517302695424343,3.415462397189333,0.48951362388880715,False,True
1383,R05,P05,I03,T05_03,0.6922888538063596,3.502543837422885,0.48053287936418654,False,True
1384,R05,P05,I03,T05_03,0.7328474380702852,3.551849309919861,0.4710756794690737,False,True
1385,R05,P05,I03,T05_03,0.7734060223342105,3.48715961500823,0.4612896006447894,False,True
1386,R05,P05,I03,T05_03,0.8139646065981361,3.427611771288591,0.45132735137834784,False,True
1387,R05,P05,I03,T05_03,0.8545231908620614,3.411953979361252,0.44134438923759134,False,True
1388,R05,P05,I03,T05_03,0.895081775125987,3.3726404141953945,0.43149649500783827,False,True
1389,R05,P05,I03,T05_03,0.9356403593899123,3.306307339714949,0.42193734178483044,False,True
1390,R05,P05,I03,T05_03,0.9761989436538379,3.3574401861785494,0.4128160969574713,False,True
1391,R05,P05,I03,T05_03,1.0167575279177632,3.4137206430001554,0.4042750945006125,False,True
1392,R05,P05,I03,T05_03,1.0573161121816887,3.379567369827105,0.39644761390098116,False,True
1393,R05,P05,I03,T05_03,1.097874696445614,3.2634707198640567,0.38945580037536576,False,True
1394,R05,P05,I03,T05_03,1.1384332807095394,3.2885057151703943,0.383408758835361,False,True
1395,R05,P05,I03,T05_03,1.178991864973465,3.30067350690532,0.3784008513417133,False,True
1396,R05,P05,I03,T05_03,1.2195504492373903,3.2650384832571597,0.374510224615923,False,True
1397,R05,P05,I03,T05_03,1.2601090335013159,3.3715796829641387,0.37179759058679224,False,True
1398,R05,P05,I03,T05_03,1.3006676177652412,3.283967729501559,0.3703052790010817,False,True
1399,R05,P05,I03,T05_03,1.3412262020291668,3.3273240576199896,0.3700565768819698,False,True
1400,R05,P05,I03,T05_03,1.381784786293092,3.324574409208481,0.3710553651428447,False,True
1401,R05,P05,I04,T05_04,-0.2,3.060998706714542,0.45,False,True
1402,R05,P05,I04,T05_04,-0.1523828448839375,3.0887496555076033,0.45997397867081824,False,True
1403,R05,P05,I04,T05_04,-0.10476568976787498,3.166211209894739,0.46979231674036187,False,True
1404,R05,P05,I04,T05_04,-0.057148534651812466,3.16050358727229,0.4793018023268838,False,True
1405,R05,P05,I04,T05_04,-0.009531379535749951,3.1087846708544045,0.48835404308833624,False,True
1406,R05,P05,I04,T05_04,0.038085775580312564,3.085238456587205,0.496807781835237,False,True
1407,R05,P05,I04,T05_04,0.08570293069637508,3.209043982032602,0.5045311008018667,False,True
1408,R05,P05,I04,T05_04,0.1333200858124376,3.060039231512924,0.5114034801788822,False,True
1409,R05,P05,I04,T05_04,0.1809372409285001,3.2007781103926978,0.5173176787846318,False,True
1410,R05,P05,I04,T05_04,0.22855439604456262,3.159230304556596,0.5221814075279276,False,True
1411,R05,P05,I04,T05_04,0.27617155116062514,3.23150116446498,0.5259187695484469,False,True
1412,R05,P05,I04,T05_04,0.3237887062766877,3.162125836050777,0.5284714445618525,False,True
1413,R05,P05,I04,T05_04,0.37140586139275017,3.2473912877145463,0.5297995989283244,False,True
1414,R05,P05,I04,T05_04,0.41902301650881263,3.3715820248590895,0.5298825072431865,False,True
1415,R05,P05,I04,T05_04,0.4666401716248752,3.330848825063431,0.5287188757499149,False,True
1416,R05,P05,I04,T05_04,0.5142573267409378,3.3592093327654853,0.5263268625287755,False,True
1417,R05,P05,I04,T05_04,0.5618744818570003,3.238302764050203,0.5227437941460545,False,True
1418,R05,P05,I04,T05_04,0.6094916369730627,3.319047301972016,0.5180255831854762,False,True
1419,R05,P05,I04,T05_04,0.6571087920891252,3.3267929292278438,0.5122458557510337,False,True
1420,R05,P05,I04,T05_04,0.7047259472051879,3.3865585322689205,0.5054948025562618,False,True
1421,R05,P05,I04,T05_04,0.7523431023212503,3.351495732523996,0.4978777715283165,False,True
1422,R05,P05,I04,T05_04,0.7999602574373128,3.3518653563167113,0.48951362388880715,False,True
1423,R05,P05,I04,T05_04,0.8475774125533755,3.325585585148606,0.48053287936418654,False,True
1424,R05,P05,I04,T05_04,0.895194567669438,3.2881973531733664,0.4710756794690737,False,True
1425,R05,P05,I04,T05_04,0.9428117227855004,3.09644890689539,0.4612896006447894,False,True
1426,R05,P05,I04,T05_04,0.9904288779015629,3.1834984551629875,0.45132735137834784,False,True
1427,R05,P05,I04,T05_04,1.0380460330176253,3.24264040651488,0.44134438923759134,False,True
1428,R05,P05,I04,T05_04,1.085663188133688,3.1319133302573636,0.43149649500783827,False,True
1429,R05,P05,I04,T05_04,1.1332803432497505,3.159990734742887,0.42193734178483044,False,True
1430,R05,P05,I04,T05_04,1.180897498365813,3.1452425152863115,0.4128160969574713,False,True
1431,R05,P05,I04,T05_04,1.2285146534818756,3.164015772685741,0.4042750945006125,False,True
1432,R05,P05,I04,T05_04,1.276131808597938,3.068823109362026,0.39644761390098116,False,True
1433,R05,P05,I04,T05_04,1.3237489637140005,3.0825997806455465,0.38945580037536576,False,True
1434,R05,P05,I04,T05_04,1.371366118830063,3.07374893999503,0.383408758835361,False,True
1435,R05,P05,I04,T05_04,1.4189832739461254,3.120705237931041,0.3784008513417133,False,True
1436,R05,P05,I04,T05_04,1.4666004290621881,3.1413294500839135,0.374510224615923,False,True
1437,R05,P05,I04,T05_04,1.5142175841782506,3.0859553919333895,0.37179759058679224,False,True
1438,R05,P05,I04,T05_04,1.561834739294313,3.0666725435565927,0.3703052790010817,False,True
1439,R05,P05,I04,T05_04,1.6094518944103757,3.0977488551309995,0.3700565768819698,False,True
1440,R05,P05,I04,T05_04,1.6570690495264382,3.0667628399944453,0.3710553651428447,False,True
1441,R05,P05,I05,T05_05,-0.2,3.1580328309566474,0.45,False,True
1442,R05,P05,I05,T05_05,-0.14607974571085094,3.1022097750790856,0.45997397867081824,False,True
1443,R05,P05,I05,T05_05,-0.09215949142170186,3.127333803573511,0.46979231674036187,False,True
1444,R05,P05,I05,T05_05,-0.038239237132552784,3.161047613245191,0.4793018023268838,False,True
1445,R05,P05,I05,T05_05,0.015681017156596283,3.1817910277793735,0.48835404308833624,False,True
1446,R05,P05,I05,T05_05,0.06960127144574535,3.134010894082243,0.496807781835237,False,True
1447,R05,P05,I05,T05_05,0.12352152573489444,3.1607304877656106,0.5045311008018667,False,True
1448,R05,P05,I05,T05_05,0.17744178002404348,3.130343300835323,0.5114034801788822,False,True
1449,R05,P05,I05,T05_05,0.23136203431319258,3.1723294835140794,0.5173176787846318,False,True
1450,R05,P05,I05,T05_05,0.28528228860234167,3.27251604956369,0.5221814075279276,False,True
1451,R05,P05,I05,T05_05,0.3392025428914907,3.225294522058597,0.5259187695484469,False,True
1452,R05,P05,I05,T05_05,0.39312279718063975,3.294663063081829,0.5284714445618525,False,True
1453,R05,P05,I05,T05_05,0.4470430514697889,3.306885836569837,0.5297995989283244,False,True
1454,R05,P05,I05,T05_05,0.500963305758938,3.2767731625008136,0.5298825072431865,False,True
1455,R05,P05,I05,T05_05,0.554883560048087,3.32764321646549,0.5287188757499149,False,True
1456,R05,P05,I05,T05_05,0.6088038143372361,3.3595142666019258,0.5263268625287755,False,True
1457,R05,P05,I05,T05_05,0.6627240686263851,3.304345714665478,0.5227437941460545,False,True
1458,R05,P05,I05,T05_05,0.7166443229155341,3.3622208392782538,0.5180255831854762,False,True
1459,R05,P05,I05,T05_05,0.7705645772046834,3.2846125604474543,0.5122458557510337,False,True
1460,R05,P05,I05,T05_05,0.8244848314938324,,0.5054948025562618,True,False
1461,R05,P05,I05,T05_05,0.8784050857829815,3.2541357149933954,0.4978777715283165,False,True
1462,R05,P05,I05,T05_05,0.9323253400721305,3.232408275607245,0.48951362388880715,False,True
1463,R05,P05,I05,T05_05,0.9862455943612796,3.2062706984766915,0.48053287936418654,False,True
1464,R05,P05,I05,T05_05,1.0401658486504288,3.1689037079805926,0.4710756794690737,False,True
1465,R05,P05,I05,T05_05,1.0940861029395779,3.198862258761122,0.4612896006447894,False,True
1466,R05,P05,I05,T05_05,1.148006357228727,3.139568508756124,0.45132735137834784,False,True
1467,R05,P05,I05,T05_05,1.201926611517876,3.1048524547496577,0.44134438923759134,False,True
1468,R05,P05,I05,T05_05,1.255846865807025,3.174982866946737,0.43149649500783827,False,True
1469,R05,P05,I05,T05_05,1.309767120096174,3.124767287538214,0.42193734178483044,False,True
1470,R05,P05,I05,T05_05,1.3636873743853233,3.056555623289182,0.4128160969574713,False,True
1471,R05,P05,I05,T05_05,1.4176076286744723,3.0928565719613665,0.4042750945006125,False,True
1472,R05,P05,I05,T05_05,1.4715278829636214,3.0346118018029733,0.39644761390098116,False,True
1473,R05,P05,I05,T05_05,1.5254481372527704,3.1577450590889424,0.38945580037536576,False,True
1474,R05,P05,I05,T05_05,1.5793683915419194,3.1077264039428165,0.383408758835361,False,True
1475,R05,P05,I05,T05_05,1.6332886458310685,3.119571372117544,0.3784008513417133,False,True
1476,R05,P05,I05,T05_05,1.6872089001202175,3.155271737956818,0.374510224615923,False,True
1477,R05,P05,I05,T05_05,1.7411291544093668,3.1239748413903943,0.37179759058679224,False,True
1478,R05,P05,I05,T05_05,1.7950494086985158,3.179190082647776,0.3703052790010817,False,True
1479,R05,P05,I05,T05_05,1.8489696629876649,3.16936917502247,0.3700565768819698,False,True
1480,R05,P05,I05,T05_05,1.9028899172768137,3.122694046848527,0.3710553651428447,False,True
1481,R05,P05,I06,T05_06,-0.2,3.2324408629824415,0.45,False,True
1482,R05,P05,I06,T05_06,-0.14816946200459405,3.2346345999352897,0.45997397867081824,False,True
1483,R05,P05,I06,T05_06,-0.09633892400918809,3.223942573241394,0.46979231674036187,False,True
1484,R05,P05,I06,T05_06,-0.044508386013782125,3.2322217297459828,0.4793018023268838,False,True
1485,R05,P05,I06,T05_06,0.007322151981623837,3.2348634302174233,0.48835404308833624,False,True
1486,R05,P05,I06,T05_06,0.05915268997702977,3.2778962114397534,0.496807781835237,False,True
1487,R05,P05,I06,T05_06,0.11098322797243576,3.3316249641296665,0.5045311008018667,False,True
1488,R05,P05,I06,T05_06,0.16281376596784175,,0.5114034801788822,True,False
1489,R05,P05,I06,T05_06,0.21464430396324768,3.320577525378642,0.5173176787846318,False,True
1490,R05,P05,I06,T05_06,0.2664748419586536,3.3116102853420295,0.5221814075279276,False,True
1491,R05,P05,I06,T05_06,0.31830537995405955,3.40116031651661,0.5259187695484469,False,True
1492,R05,P05,I06,T05_06,0.3701359179494656,3.394215431436121,0.5284714445618525,False,True
1493,R05,P05,I06,T05_06,0.42196645594487153,3.4512464767441764,0.5297995989283244,False,True
1494,R05,P05,I06,T05_06,0.47379699394027747,3.4737151985085317,0.5298825072431865,False,True
1495,R05,P05,I06,T05_06,0.5256275319356836,3.4497591208694702,0.5287188757499149,False,True
1496,R05,P05,I06,T05_06,0.5774580699310894,3.420678566651612,0.5263268625287755,False,True
1497,R05,P05,I06,T05_06,0.6292886079264954,3.4992790341518223,0.5227437941460545,False,True
1498,R05,P05,I06,T05_06,0.6811191459219013,3.4680073954766386,0.5180255831854762,False,True
1499,R05,P05,I06,T05_06,0.7329496839173073,3.5658456719032916,0.5122458557510337,False,True
1500,R05,P05,I06,T05_06,0.7847802219127133,3.4907601837470588,0.5054948025562618,False,True
1501,R05,P05,I06,T05_06,0.8366107599081192,3.4435951455442333,0.4978777715283165,False,True
1502,R05,P05,I06,T05_06,0.8884412979035252,3.4304282296664295,0.48951362388880715,False,True
1503,R05,P05,I06,T05_06,0.9402718358989313,3.396982608004739,0.48053287936418654,False,True
1504,R05,P05,I06,T05_06,0.9921023738943371,3.3920719328823608,0.4710756794690737,False,True
1505,R05,P05,I06,T05_06,1.0439329118897431,3.2964911264524077,0.4612896006447894,False,True
1506,R05,P05,I06,T05_06,1.0957634498851492,3.2837889078624416,0.45132735137834784,False,True
1507,R05,P05,I06,T05_06,1.147593987880555,3.2347740880674034,0.44134438923759134,False,True
1508,R05,P05,I06,T05_06,1.199424525875961,3.349581602772255,0.43149649500783827,False,True
1509,R05,P05,I06,T05_06,1.251255063871367,3.316390699338064,0.42193734178483044,False,True
1510,R05,P05,I06,T05_06,1.303085601866773,3.2538382427796995,0.4128160969574713,False,True
1511,R05,P05,I06,T05_06,1.354916139862179,3.311037625791696,0.4042750945006125,False,True
1512,R05,P05,I06,T05_06,1.4067466778575848,3.2605489925700706,0.39644761390098116,False,True
1513,R05,P05,I06,T05_06,1.4585772158529908,3.3377052943016645,0.38945580037536576,False,True
1514,R05,P05,I06,T05_06,1.5104077538483969,3.2504598289082964,0.383408758835361,False,True
1515,R05,P05,I06,T05_06,1.5622382918438027,3.2411280061432883,0.3784008513417133,False,True
1516,R05,P05,I06,T05_06,1.6140688298392087,3.314806095261406,0.374510224615923,False,True
1517,R05,P05,I06,T05_06,1.6658993678346146,3.3227555867544094,0.37179759058679224,False,True
1518,R05,P05,I06,T05_06,1.7177299058300206,3.2161156450975015,0.3703052790010817,False,True
1519,R05,P05,I06,T05_06,1.7695604438254267,3.245573107589775,0.3700565768819698,False,True
1520,R05,P05,I06,T05_06,1.8213909818208325,3.2455171816374957,0.3710553651428447,False,True
1521,R05,P05,I07,T05_07,-0.2,3.028771089173241,0.45,False,True
1522,R05,P05,I07,T05_07,-0.141496053947817,3.0373112261069837,0.45997397867081824,False,True
1523,R05,P05,I07,T05_07,-0.08299210789563398,2.9949985593840234,0.46979231674036187,False,True
1524,R05,P05,I07,T05_07,-0.024488161843450956,2.95473400302201,0.4793018023268838,False,True
1525,R05,P05,I07,T05_07,0.03401578420873205,2.9855088361368103,0.48835404308833624,False,True
1526,R05,P05,I07,T05_07,0.09251973026091509,3.0069153573113097,0.496807781835237,False,True
1527,R05,P05,I07,T05_07,0.1510236763130981,2.9588351105555595,0.5045311008018667,False,True
1528,R05,P05,I07,T05_07,0.2095276223652811,3.0538627555546127,0.5114034801788822,False,True
1529,R05,P05,I07,T05_07,0.2680315684174641,3.0129380832579953,0.5173176787846318,False,True
1530,R05,P05,I07,T05_07,0.3265355144696472,3.0674113629044815,0.5221814075279276,False,True
1531,R05,P05,I07,T05_07,0.3850394605218302,3.1420005401421625,0.5259187695484469,False,True
1532,R05,P05,I07,T05_07,0.4435434065740132,3.1038772706565405,0.5284714445618525,False,True
1533,R05,P05,I07,T05_07,0.5020473526261962,3.19009700072426,0.5297995989283244,False,True
1534,R05,P05,I07,T05_07,0.5605512986783792,3.1529811729407196,0.5298825072431865,False,True
1535,R05,P05,I07,T05_07,0.6190552447305622,3.2340559122276034,0.5287188757499149,False,True
1536,R05,P05,I07,T05_07,0.6775591907827452,3.2349846847554122,0.5263268625287755,False,True
1537,R05,P05,I07,T05_07,0.7360631368349282,3.245831242746452,0.5227437941460545,False,True
1538,R05,P05,I07,T05_07,0.7945670828871112,3.2247612446415093,0.5180255831854762,False,True
1539,R05,P05,I07,T05_07,0.8530710289392944,3.113939326570787,0.5122458557510337,False,True
1540,R05,P05,I07,T05_07,0.9115749749914774,3.122533555820678,0.5054948025562618,False,True
1541,R05,P05,I07,T05_07,0.9700789210436604,3.127159343528476,0.4978777715283165,False,True
1542,R05,P05,I07,T05_07,1.0285828670958435,3.0823048981759658,0.48951362388880715,False,True
1543,R05,P05,I07,T05_07,1.0870868131480265,3.0546349565568174,0.48053287936418654,False,True
1544,R05,P05,I07,T05_07,1.1455907592002095,3.0438296290899376,0.4710756794690737,False,True
1545,R05,P05,I07,T05_07,1.2040947052523925,2.956532933437575,0.4612896006447894,False,True
1546,R05,P05,I07,T05_07,1.2625986513045755,3.0238427683373046,0.45132735137834784,False,True
1547,R05,P05,I07,T05_07,1.3211025973567585,2.8966556441003743,0.44134438923759134,False,True
1548,R05,P05,I07,T05_07,1.3796065434089415,2.9739064999639204,0.43149649500783827,False,True
1549,R05,P05,I07,T05_07,1.4381104894611245,2.8948169603503686,0.42193734178483044,False,True
1550,R05,P05,I07,T05_07,1.4966144355133075,2.9674128889869658,0.4128160969574713,False,True
1551,R05,P05,I07,T05_07,1.5551183815654905,2.9519383634731304,0.4042750945006125,False,True
1552,R05,P05,I07,T05_07,1.6136223276176735,,0.39644761390098116,True,False
1553,R05,P05,I07,T05_07,1.6721262736698566,2.963190872348371,0.38945580037536576,False,True
1554,R05,P05,I07,T05_07,1.7306302197220396,2.888723857326369,0.383408758835361,False,True
1555,R05,P05,I07,T05_07,1.7891341657742226,2.9443659926879415,0.3784008513417133,False,True
1556,R05,P05,I07,T05_07,1.8476381118264056,2.9956412063260918,0.374510224615923,False,True
1557,R05,P05,I07,T05_07,1.9061420578785888,3.0464817658387964,0.37179759058679224,False,True
1558,R05,P05,I07,T05_07,1.9646460039307716,3.052101587110442,0.3703052790010817,False,True
1559,R05,P05,I07,T05_07,2.0231499499829546,3.012616193169956,0.3700565768819698,False,True
1560,R05,P05,I07,T05_07,2.0816538960351374,2.995573129917326,0.3710553651428447,False,True
1561,R05,P05,I08,T05_08,-0.2,3.263394808196803,0.45,False,True
1562,R05,P05,I08,T05_08,-0.13120032393536013,3.3187374646263854,0.45997397867081824,False,True
1563,R05,P05,I08,T05_08,-0.06240064787072025,3.2779671539293544,0.46979231674036187,False,True
1564,R05,P05,I08,T05_08,0.006399028193919631,3.247263517676042,0.4793018023268838,False,True
1565,R05,P05,I08,T05_08,0.07519870425855951,3.326731439800749,0.48835404308833624,False,True
1566,R05,P05,I08,T05_08,0.1439983803231994,3.36514836346989,0.496807781835237,False,True
1567,R05,P05,I08,T05_08,0.21279805638783927,3.2322778776709336,0.5045311008018667,False,True
1568,R05,P05,I08,T05_08,0.28159773245247915,3.308587027669986,0.5114034801788822,False,True
1569,R05,P05,I08,T05_08,0.35039740851711904,3.3720869608777515,0.5173176787846318,False,True
1570,R05,P05,I08,T05_08,0.4191970845817589,3.4365321365003707,0.5221814075279276,False,True
1571,R05,P05,I08,T05_08,0.4879967606463988,3.4471920004392604,0.5259187695484469,False,True
1572,R05,P05,I08,T05_08,0.5567964367110387,3.5546049637966504,0.5284714445618525,False,True
1573,R05,P05,I08,T05_08,0.6255961127756786,3.5381447398413135,0.5297995989283244,False,True
1574,R05,P05,I08,T05_08,0.6943957888403185,3.5610737292016643,0.5298825072431865,False,True
1575,R05,P05,I08,T05_08,0.7631954649049584,3.5060024809623425,0.5287188757499149,False,True
1576,R05,P05,I08,T05_08,0.8319951409695983,3.394640515396947,0.5263268625287755,False,True
1577,R05,P05,I08,T05_08,0.9007948170342381,3.491504555833038,0.5227437941460545,False,True
1578,R05,P05,I08,T05_08,0.969594493098878,3.3778967845325694,0.5180255831854762,False,True
1579,R05,P05,I08,T05_08,1.038394169163518,3.359260382453403,0.5122458557510337,False,True
1580,R05,P05,I08,T05_08,1.1071938452281578,3.2951427080543505,0.5054948025562618,False,True
1581,R05,P05,I08,T05_08,1.1759935212927977,3.2734989326350687,0.4978777715283165,False,True
1582,R05,P05,I08,T05_08,1.2447931973574375,3.2198617699282877,0.48951362388880715,False,True
1583,R05,P05,I08,T05_08,1.3135928734220774,3.251684124706545,0.48053287936418654,False,True
1584,R05,P05,I08,T05_08,1.3823925494867173,3.3077075721853033,0.4710756794690737,False,True
1585,R05,P05,I08,T05_08,1.4511922255513572,3.2569983989522697,0.4612896006447894,False,True
1586,R05,P05,I08,T05_08,1.519991901615997,3.2614998736277694,0.45132735137834784,False,True
1587,R05,P05,I08,T05_08,1.588791577680637,3.2526239696751578,0.44134438923759134,False,True
1588,R05,P05,I08,T05_08,1.6575912537452768,3.2440196804232766,0.43149649500783827,False,True
1589,R05,P05,I08,T05_08,1.7263909298099167,3.2498667883735806,0.42193734178483044,False,True
1590,R05,P05,I08,T05_08,1.7951906058745566,3.3407230410522857,0.4128160969574713,False,True
1591,R05,P05,I08,T05_08,1.8639902819391965,3.230817473285724,0.4042750945006125,False,True
1592,R05,P05,I08,T05_08,1.9327899580038361,3.201144467311611,0.39644761390098116,False,True
1593,R05,P05,I08,T05_08,2.001589634068476,3.2787631057644986,0.38945580037536576,False,True
1594,R05,P05,I08,T05_08,2.070389310133116,3.2112925018925287,0.383408758835361,False,True
1595,R05,P05,I08,T05_08,2.1391889861977558,3.307708371284289,0.3784008513417133,False,True
1596,R05,P05,I08,T05_08,2.2079886622623954,3.192185018401896,0.374510224615923,False,True
1597,R05,P05,I08,T05_08,2.2767883383270355,3.2610940105291957,0.37179759058679224,False,True
1598,R05,P05,I08,T05_08,2.3455880143916756,3.2314078481580113,0.3703052790010817,False,True
1599,R05,P05,I08,T05_08,2.4143876904563153,3.342684745400762,0.3700565768819698,False,True
1600,R05,P05,I08,T05_08,2.4831873665209554,3.2049032680770586,0.3710553651428447,False,True
1601,R06,P06,I01,T06_01,-0.2,3.1162243509814083,0.45,False,True
1602,R06,P06,I01,T06_01,-0.17471270173256245,3.150093312569563,0.45997397867081824,False,True
1603,R06,P06,I01,T06_01,-0.1494254034651249,,0.46979231674036187,True,False
1604,R06,P06,I01,T06_01,-0.12413810519768735,3.1433418314669948,0.4793018023268838,False,True
1605,R06,P06,I01,T06_01,-0.0988508069302498,3.1111035401458413,0.48835404308833624,False,True
1606,R06,P06,I01,T06_01,-0.07356350866281225,3.1462560571419425,0.496807781835237,False,True
1607,R06,P06,I01,T06_01,-0.04827621039537469,3.10455306025143,0.5045311008018667,False,True
1608,R06,P06,I01,T06_01,-0.022988912127937133,3.089919198643506,0.5114034801788822,False,True
1609,R06,P06,I01,T06_01,0.0022983861395004246,3.1332278364400965,0.5173176787846318,False,True
1610,R06,P06,I01,T06_01,0.027585684406937983,3.1949544367817824,0.5221814075279276,False,True
1611,R06,P06,I01,T06_01,0.05287298267437551,3.097466685078013,0.5259187695484469,False,True
1612,R06,P06,I01,T06_01,0.0781602809418131,3.0895200452015907,0.5284714445618525,False,True
1613,R06,P06,I01,T06_01,0.10344757920925063,3.1417681702199065,0.5297995989283244,False,True
1614,R06,P06,I01,T06_01,0.12873487747668821,3.1443820496569157,0.5298825072431865,False,True
1615,R06,P06,I01,T06_01,0.15402217574412574,3.1317667627961985,0.5287188757499149,False,True
1616,R06,P06,I01,T06_01,0.17930947401156333,3.0722987978467025,0.5263268625287755,False,True
1617,R06,P06,I01,T06_01,0.20459677227900086,,0.5227437941460545,True,False
1618,R06,P06,I01,T06_01,0.2298840705464384,3.1514154682297186,0.5180255831854762,False,True
1619,R06,P06,I01,T06_01,0.255171368813876,3.155684003177605,0.5122458557510337,False,True
1620,R06,P06,I01,T06_01,0.2804586670813135,3.1557306469816924,0.5054948025562618,False,True
1621,R06,P06,I01,T06_01,0.30574596534875104,3.2684434946944037,0.4978777715283165,False,True
1622,R06,P06,I01,T06_01,0.3310332636161886,3.202016709910337,0.48951362388880715,False,True
1623,R06,P06,I01,T06_01,0.3563205618836262,3.1644052436744587,0.48053287936418654,False,True
1624,R06,P06,I01,T06_01,0.3816078601510638,3.2115303552654835,0.4710756794690737,False,True
1625,R06,P06,I01,T06_01,0.40689515841850127,3.274991216066995,0.4612896006447894,False,True
1626,R06,P06,I01,T06_01,0.43218245668593885,3.2340769412875665,0.45132735137834784,False,True
1627,R06,P06,I01,T06_01,0.45746975495337644,3.260267022216342,0.44134438923759134,False,True
1628,R06,P06,I01,T06_01,0.4827570532208139,3.2668931639442826,0.43149649500783827,False,True
1629,R06,P06,I01,T06_01,0.5080443514882516,3.3679822867999616,0.42193734178483044,False,True
1630,R06,P06,I01,T06_01,0.533331649755689,3.321655488227767,0.4128160969574713,False,True
1631,R06,P06,I01,T06_01,0.5586189480231267,3.347361844623639,0.4042750945006125,False,True
1632,R06,P06,I01,T06_01,0.5839062462905642,3.3468310136448407,0.39644761390098116,False,True
1633,R06,P06,I01,T06_01,0.6091935445580017,3.3317811818067455,0.38945580037536576,False,True
1634,R06,P06,I01,T06_01,0.6344808428254394,3.297543802021805,0.383408758835361,False,True
1635,R06,P06,I01,T06_01,0.6597681410928768,3.3948702069606678,0.3784008513417133,False,True
1636,R06,P06,I01,T06_01,0.6850554393603143,3.375967064615977,0.374510224615923,False,True
1637,R06,P06,I01,T06_01,0.710342737627752,3.406853717780418,0.37179759058679224,False,True
1638,R06,P06,I01,T06_01,0.7356300358951895,3.3629025125768917,0.3703052790010817,False,True
1639,R06,P06,I01,T06_01,0.760917334162627,3.2624320596282144,0.3700565768819698,False,True
1640,R06,P06,I01,T06_01,0.7862046324300646,3.3174006040424566,0.3710553651428447,False,True
1641,R06,P06,I02,T06_02,-0.2,3.1778901767927232,0.45,False,True
1642,R06,P06,I02,T06_02,-0.16000289192964404,3.2823281415239034,0.45997397867081824,False,True
1643,R06,P06,I02,T06_02,-0.12000578385928808,3.1628229647515105,0.46979231674036187,False,True
1644,R06,P06,I02,T06_02,-0.08000867578893212,3.2023676974151396,0.4793018023268838,False,True
1645,R06,P06,I02,T06_02,-0.04001156771857614,3.2377388887277787,0.48835404308833624,False,True
1646,R06,P06,I02,T06_02,-1.4459648220166432e-05,3.2133816328111853,0.496807781835237,False,True
1647,R06,P06,I02,T06_02,0.03998264842213578,3.1453434318145788,0.5045311008018667,False,True
1648,R06,P06,I02,T06_02,0.07997975649249178,3.2302670615208866,0.5114034801788822,False,True
1649,R06,P06,I02,T06_02,0.11997686456284773,3.2029880533510533,0.5173176787846318,False,True
1650,R06,P06,I02,T06_02,0.15997397263320368,3.2950563596396174,0.5221814075279276,False,True
1651,R06,P06,I02,T06_02,0.19997108070355968,3.1767513127326197,0.5259187695484469,False,True
1652,R06,P06,I02,T06_02,0.23996818877391562,3.36842100652342,0.5284714445618525,False,True
1653,R06,P06,I02,T06_02,0.27996529684427157,3.305927536195268,0.5297995989283244,False,True
1654,R06,P06,I02,T06_02,0.3199624049146275,3.249220564403733,0.5298825072431865,False,True
1655,R06,P06,I02,T06_02,0.3599595129849836,3.4280126795874963,0.5287188757499149,False,True
1656,R06,P06,I02,T06_02,0.3999566210553395,3.3864474824464788,0.5263268625287755,False,True
1657,R06,P06,I02,T06_02,0.43995372912569547,3.4161900882425456,0.5227437941460545,False,True
1658,R06,P06,I02,T06_02,0.4799508371960514,3.377582477493612,0.5180255831854762,False,True
1659,R06,P06,I02,T06_02,0.5199479452664073,3.5037637060636193,0.5122458557510337,False,True
1660,R06,P06,I02,T06_02,0.5599450533367634,3.536899821932607,0.5054948025562618,False,True
1661,R06,P06,I02,T06_02,0.5999421614071194,3.5345888688811127,0.4978777715283165,False,True
1662,R06,P06,I02,T06_02,0.6399392694774753,3.4847623321448684,0.48951362388880715,False,True
1663,R06,P06,I02,T06_02,0.6799363775478313,3.531471260453882,0.48053287936418654,False,True
1664,R06,P06,I02,T06_02,0.7199334856181872,3.412844753773715,0.4710756794690737,False,True
1665,R06,P06,I02,T06_02,0.7599305936885432,3.4454270743776636,0.4612896006447894,False,True
1666,R06,P06,I02,T06_02,0.7999277017588993,3.450260961380732,0.45132735137834784,False,True
1667,R06,P06,I02,T06_02,0.8399248098292551,3.349212308774881,0.44134438923759134,False,True
1668,R06,P06,I02,T06_02,0.8799219178996112,3.3125315665414097,0.43149649500783827,False,True
1669,R06,P06,I02,T06_02,0.9199190259699672,3.32179224816511,0.42193734178483044,False,True
1670,R06,P06,I02,T06_02,0.959916134040323,3.3568443293123025,0.4128160969574713,False,True
1671,R06,P06,I02,T06_02,0.9999132421106791,3.369653634351547,0.4042750945006125,False,True
1672,R06,P06,I02,T06_02,1.039910350181035,3.3132038685979786,0.39644761390098116,False,True
1673,R06,P06,I02,T06_02,1.079907458251391,3.383757171968488,0.38945580037536576,False,True
1674,R06,P06,I02,T06_02,1.119904566321747,3.2817768545998645,0.383408758835361,False,True
1675,R06,P06,I02,T06_02,1.159901674392103,3.242778138128508,0.3784008513417133,False,True
1676,R06,P06,I02,T06_02,1.199898782462459,3.2060773979462627,0.374510224615923,False,True
1677,R06,P06,I02,T06_02,1.2398958905328148,3.190388666196058,0.37179759058679224,False,True
1678,R06,P06,I02,T06_02,1.2798929986031709,3.3097024442035012,0.3703052790010817,False,True
1679,R06,P06,I02,T06_02,1.319890106673527,3.1962370546552816,0.3700565768819698,False,True
1680,R06,P06,I02,T06_02,1.3598872147438827,,0.3710553651428447,True,False
1681,R06,P06,I03,T06_03,-0.2,3.324099929746406,0.45,False,True
1682,R06,P06,I03,T06_03,-0.16750245670924946,3.2227978834086244,0.45997397867081824,False,True
1683,R06,P06,I03,T06_03,-0.1350049134184989,3.210781310791351,0.46979231674036187,False,True
1684,R06,P06,I03,T06_03,-0.10250737012774833,3.2470855616283694,0.4793018023268838,False,True
1685,R06,P06,I03,T06_03,-0.07000982683699777,3.384261673470192,0.48835404308833624,False,True
1686,R06,P06,I03,T06_03,-0.03751228354624722,3.306658619559717,0.496807781835237,False,True
1687,R06,P06,I03,T06_03,-0.005014740255496641,3.3088708201608434,0.5045311008018667,False,True
1688,R06,P06,I03,T06_03,0.02748280303525391,3.2976501141366996,0.5114034801788822,False,True
1689,R06,P06,I03,T06_03,0.05998034632600446,3.309176854559113,0.5173176787846318,False,True
1690,R06,P06,I03,T06_03,0.09247788961675502,3.2663558309614245,0.5221814075279276,False,True
1691,R06,P06,I03,T06_03,0.12497543290750557,3.3040068847274853,0.5259187695484469,False,True
1692,R06,P06,I03,T06_03,0.15747297619825612,3.3607108298803743,0.5284714445618525,False,True
1693,R06,P06,I03,T06_03,0.18997051948900673,3.3434194090138036,0.5297995989283244,False,True
1694,R06,P06,I03,T06_03,0.22246806277975728,3.3586507679603677,0.5298825072431865,False,True
1695,R06,P06,I03,T06_03,0.25496560607050783,3.335707679269465,0.5287188757499149,False,True
1696,R06,P06,I03,T06_03,0.2874631493612584,3.296000219673941,0.5263268625287755,False,True
1697,R06,P06,I03,T06_03,0.31996069265200894,3.3305396580111526,0.5227437941460545,False,True
1698,R06,P06,I03,T06_03,0.35245823594275955,3.417009077395132,0.5180255831854762,False,True
1699,R06,P06,I03,T06_03,0.38495577923351004,3.442975195890735,0.5122458557510337,False,True
1700,R06,P06,I03,T06_03,0.41745332252426065,3.410680969309667,0.5054948025562618,False,True
1701,R06,P06,I03,T06_03,0.44995086581501115,3.408635045034001,0.4978777715283165,False,True
1702,R06,P06,I03,T06_03,0.48244840910576176,3.4726566067675964,0.48951362388880715,False,True
1703,R06,P06,I03,T06_03,0.5149459523965123,3.4977686215232566,0.48053287936418654,False,True
1704,R06,P06,I03,T06_03,0.5474434956872629,3.4591366735525755,0.4710756794690737,False,True
1705,R06,P06,I03,T06_03,0.5799410389780135,3.5019536097471495,0.4612896006447894,False,True
1706,R06,P06,I03,T06_03,0.6124385822687639,3.565180976834932,0.45132735137834784,False,True
1707,R06,P06,I03,T06_03,0.6449361255595145,3.560587787069433,0.44134438923759134,False,True
1708,R06,P06,I03,T06_03,0.6774336688502651,3.5372611289288427,0.43149649500783827,False,True
1709,R06,P06,I03,T06_03,0.7099312121410157,3.5222140382510094,0.42193734178483044,False,True
1710,R06,P06,I03,T06_03,0.7424287554317661,3.501118757466827,0.4128160969574713,False,True
1711,R06,P06,I03,T06_03,0.7749262987225167,3.4815451516997977,0.4042750945006125,False,True
1712,R06,P06,I03,T06_03,0.8074238420132673,3.4981289058014804,0.39644761390098116,False,True
1713,R06,P06,I03,T06_03,0.8399213853040179,3.4953542404618463,0.38945580037536576,False,True
1714,R06,P06,I03,T06_03,0.8724189285947686,3.391834563820518,0.383408758835361,False,True
1715,R06,P06,I03,T06_03,0.9049164718855192,3.3471497636280305,0.3784008513417133,False,True
1716,R06,P06,I03,T06_03,0.9374140151762695,3.4334561195232727,0.374510224615923,False,True
1717,R06,P06,I03,T06_03,0.9699115584670202,3.357936765901479,0.37179759058679224,False,True
1718,R06,P06,I03,T06_03,1.0024091017577708,3.333765433513697,0.3703052790010817,False,True
1719,R06,P06,I03,T06_03,1.0349066450485214,3.2958585287771864,0.3700565768819698,False,True
1720,R06,P06,I03,T06_03,1.0674041883392718,3.2867552327502194,0.3710553651428447,False,True
1721,R06,P06,I04,T06_04,-0.2,3.2491133566949273,0.45,False,True
1722,R06,P06,I04,T06_04,-0.17352677247556852,3.1832084079886918,0.45997397867081824,False,True
1723,R06,P06,I04,T06_04,-0.14705354495113707,3.221132916611978,0.46979231674036187,False,True
1724,R06,P06,I04,T06_04,-0.12058031742670558,3.244792296065606,0.4793018023268838,False,True
1725,R06,P06,I04,T06_04,-0.09410708990227411,3.200925425747954,0.48835404308833624,False,True
1726,R06,P06,I04,T06_04,-0.06763386237784264,3.253147507790951,0.496807781835237,False,True
1727,R06,P06,I04,T06_04,-0.04116063485341115,3.2182004744895876,0.5045311008018667,False,True
1728,R06,P06,I04,T06_04,-0.01468740732897969,3.222616788640935,0.5114034801788822,False,True
1729,R06,P06,I04,T06_04,0.011785820195451796,3.2442188218595076,0.5173176787846318,False,True
1730,R06,P06,I04,T06_04,0.03825904771988328,3.156202388990244,0.5221814075279276,False,True
1731,R06,P06,I04,T06_04,0.06473227524431474,3.1843027914058855,0.5259187695484469,False,True
1732,R06,P06,I04,T06_04,0.09120550276874623,3.2767793318625147,0.5284714445618525,False,True
1733,R06,P06,I04,T06_04,0.11767873029317771,3.275860638770391,0.5297995989283244,False,True
1734,R06,P06,I04,T06_04,0.1441519578176092,3.2351377670135166,0.5298825072431865,False,True
1735,R06,P06,I04,T06_04,0.17062518534204063,3.325408324930987,0.5287188757499149,False,True
1736,R06,P06,I04,T06_04,0.19709841286647212,3.194552731498771,0.5263268625287755,False,True
1737,R06,P06,I04,T06_04,0.2235716403909036,3.254285533922455,0.5227437941460545,False,True
1738,R06,P06,I04,T06_04,0.2500448679153351,3.24409465233079,0.5180255831854762,False,True
1739,R06,P06,I04,T06_04,0.2765180954397666,3.3418017244452796,0.5122458557510337,False,True
1740,R06,P06,I04,T06_04,0.302991322964198,3.2701574556368396,0.5054948025562618,False,True
1741,R06,P06,I04,T06_04,0.3294645504886295,3.2904502506079547,0.4978777715283165,False,True
1742,R06,P06,I04,T06_04,0.355937778013061,,0.48951362388880715,True,False
1743,R06,P06,I04,T06_04,0.38241100553749247,3.3880519595353875,0.48053287936418654,False,True
1744,R06,P06,I04,T06_04,0.40888423306192395,3.4099424941045164,0.4710756794690737,False,True
1745,R06,P06,I04,T06_04,0.43535746058635544,3.3052145569834117,0.4612896006447894,False,True
1746,R06,P06,I04,T06_04,0.4618306881107869,3.376042308643596,0.45132735137834784,False,True
1747,R06,P06,I04,T06_04,0.4883039156352184,3.423528007732978,0.44134438923759134,False,True
1748,R06,P06,I04,T06_04,0.5147771431596497,3.441216060435271,0.43149649500783827,False,True
1749,R06,P06,I04,T06_04,0.5412503706840812,3.381700303471079,0.42193734178483044,False,True
1750,R06,P06,I04,T06_04,0.5677235982085127,3.4716346433412633,0.4128160969574713,False,True
1751,R06,P06,I04,T06_04,0.5941968257329442,3.4923637650173607,0.4042750945006125,False,True
1752,R06,P06,I04,T06_04,0.6206700532573757,3.4991066348179456,0.39644761390098116,False,True
1753,R06,P06,I04,T06_04,0.6471432807818072,3.422853850780121,0.38945580037536576,False,True
1754,R06,P06,I04,T06_04,0.6736165083062386,3.488902433676984,0.383408758835361,False,True
1755,R06,P06,I04,T06_04,0.7000897358306701,3.4535268230301384,0.3784008513417133,False,True
1756,R06,P06,I04,T06_04,0.7265629633551016,3.5035069959943095,0.374510224615923,False,True
1757,R06,P06,I04,T06_04,0.7530361908795331,3.319037961258901,0.37179759058679224,False,True
1758,R06,P06,I04,T06_04,0.7795094184039646,3.4205483326970056,0.3703052790010817,False,True
1759,R06,P06,I04,T06_04,0.8059826459283961,3.3710092616974805,0.3700565768819698,False,True
1760,R06,P06,I04,T06_04,0.8324558734528276,3.4108551710964794,0.3710553651428447,False,True
1761,R06,P06,I05,T06_05,-0.2,2.9025426455124252,0.45,False,True
1762,R06,P06,I05,T06_05,-0.15651506819237376,2.953613707942441,0.45997397867081824,False,True
1763,R06,P06,I05,T06_05,-0.11303013638474753,2.9394114412818584,0.46979231674036187,False,True
1764,R06,P06,I05,T06_05,-0.0695452045771213,2.9405544341433987,0.4793018023268838,False,True
1765,R06,P06,I05,T06_05,-0.026060272769495046,2.9562219552099025,0.48835404308833624,False,True
1766,R06,P06,I05,T06_05,0.0174246590381312,2.9856929844599165,0.496807781835237,False,True
1767,R06,P06,I05,T06_05,0.06090959084575742,3.036110865337239,0.5045311008018667,False,True
1768,R06,P06,I05,T06_05,0.10439452265338367,2.9650181335026966,0.5114034801788822,False,True
1769,R06,P06,I05,T06_05,0.14787945446100992,3.0046509799104353,0.5173176787846318,False,True
1770,R06,P06,I05,T06_05,0.19136438626863617,2.9098008726621445,0.5221814075279276,False,True
1771,R06,P06,I05,T06_05,0.23484931807626241,2.9247560044608347,0.5259187695484469,False,True
1772,R06,P06,I05,T06_05,0.27833424988388866,3.0910346216530304,0.5284714445618525,False,True
1773,R06,P06,I05,T06_05,0.32181918169151486,3.036747889137287,0.5297995989283244,False,True
1774,R06,P06,I05,T06_05,0.3653041134991411,3.0888277715223054,0.5298825072431865,False,True
1775,R06,P06,I05,T06_05,0.40878904530676735,3.074279469031778,0.5287188757499149,False,True
1776,R06,P06,I05,T06_05,0.4522739771143936,3.1949674066489595,0.5263268625287755,False,True
1777,R06,P06,I05,T06_05,0.49575890892201985,3.1522343192804336,0.5227437941460545,False,True
1778,R06,P06,I05,T06_05,0.539243840729646,3.1719754318136446,0.5180255831854762,False,True
1779,R06,P06,I05,T06_05,0.5827287725372723,3.179718350945516,0.5122458557510337,False,True
1780,R06,P06,I05,T06_05,0.6262137043448985,3.17347918144867,0.5054948025562618,False,True
1781,R06,P06,I05,T06_05,0.6696986361525248,3.1506440579834156,0.4978777715283165,False,True
1782,R06,P06,I05,T06_05,0.713183567960151,3.2257689383513126,0.48951362388880715,False,True
1783,R06,P06,I05,T06_05,0.7566684997677773,3.112622207233391,0.48053287936418654,False,True
1784,R06,P06,I05,T06_05,0.8001534315754035,3.1289203032667987,0.4710756794690737,False,True
1785,R06,P06,I05,T06_05,0.8436383633830298,3.150808259371794,0.4612896006447894,False,True
1786,R06,P06,I05,T06_05,0.887123295190656,3.111204760591706,0.45132735137834784,False,True
1787,R06,P06,I05,T06_05,0.9306082269982823,3.1820002876159954,0.44134438923759134,False,True
1788,R06,P06,I05,T06_05,0.9740931588059085,2.941452594552139,0.43149649500783827,False,True
1789,R06,P06,I05,T06_05,1.0175780906135348,2.9208574759187806,0.42193734178483044,False,True
1790,R06,P06,I05,T06_05,1.061063022421161,2.9304471905785334,0.4128160969574713,False,True
1791,R06,P06,I05,T06_05,1.1045479542287873,3.0104947100124266,0.4042750945006125,False,True
1792,R06,P06,I05,T06_05,1.1480328860364135,2.986411530862678,0.39644761390098116,False,True
1793,R06,P06,I05,T06_05,1.1915178178440398,3.003996209167211,0.38945580037536576,False,True
1794,R06,P06,I05,T06_05,1.235002749651666,3.0195502009181197,0.383408758835361,False,True
1795,R06,P06,I05,T06_05,1.2784876814592923,2.9054310930169898,0.3784008513417133,False,True
1796,R06,P06,I05,T06_05,1.3219726132669185,2.9035074543259465,0.374510224615923,False,True
1797,R06,P06,I05,T06_05,1.3654575450745448,2.9317262615805237,0.37179759058679224,False,True
1798,R06,P06,I05,T06_05,1.408942476882171,2.8882046257265395,0.3703052790010817,False,True
1799,R06,P06,I05,T06_05,1.4524274086897973,2.950843065011963,0.3700565768819698,False,True
1800,R06,P06,I05,T06_05,1.4959123404974235,2.948796111622607,0.3710553651428447,False,True
1801,R06,P06,I06,T06_06,-0.2,3.2752650997066,0.45,False,True
1802,R06,P06,I06,T06_06,-0.16234266182883444,3.2870763440109836,0.45997397867081824,False,True
1803,R06,P06,I06,T06_06,-0.12468532365766885,3.3347855186793,0.46979231674036187,False,True
1804,R06,P06,I06,T06_06,-0.08702798548650327,3.2292378064050307,0.4793018023268838,False,True
1805,R06,P06,I06,T06_06,-0.04937064731533769,3.3422593030026326,0.48835404308833624,False,True
1806,R06,P06,I06,T06_06,-0.011713309144172124,3.290393470750972,0.496807781835237,False,True
1807,R06,P06,I06,T06_06,0.02594402902699347,3.3363088214653738,0.5045311008018667,False,True
1808,R06,P06,I06,T06_06,0.06360136719815906,3.2701935158163082,0.5114034801788822,False,True
1809,R06,P06,I06,T06_06,0.10125870536932463,3.2729275842637158,0.5173176787846318,False,True
1810,R06,P06,I06,T06_06,0.1389160435404902,3.3043520873333665,0.5221814075279276,False,True
1811,R06,P06,I06,T06_06,0.17657338171165576,3.2902492097589526,0.5259187695484469,False,True
1812,R06,P06,I06,T06_06,0.21423071988282139,,0.5284714445618525,True,False
1813,R06,P06,I06,T06_06,0.25188805805398695,3.363260205810585,0.5297995989283244,False,True
1814,R06,P06,I06,T06_06,0.2895453962251525,3.2959313206393213,0.5298825072431865,False,True
1815,R06,P06,I06,T06_06,0.32720273439631814,3.3344505869238117,0.5287188757499149,False,True
1816,R06,P06,I06,T06_06,0.3648600725674837,3.434958592741301,0.5263268625287755,False,True
1817,R06,P06,I06,T06_06,0.4025174107386493,3.439537087584376,0.5227437941460545,False,True
1818,R06,P06,I06,T06_06,0.44017474890981484,3.5132772385051934,0.5180255831854762,False,True
1819,R06,P06,I06,T06_06,0.4778320870809804,,0.5122458557510337,True,False
1820,R06,P06,I06,T06_06,0.515489425252146,3.520842931881186,0.5054948025562618,False,True
1821,R06,P06,I06,T06_06,0.5531467634233116,3.5661556634866476,0.4978777715283165,False,True
1822,R06,P06,I06,T06_06,0.5908041015944772,3.5207336279267833,0.48951362388880715,False,True
1823,R06,P06,I06,T06_06,0.6284614397656427,3.5519535827607855,0.48053287936418654,False,True
1824,R06,P06,I06,T06_06,0.6661187779368083,3.5683056812548433,0.4710756794690737,False,True
1825,R06,P06,I06,T06_06,0.7037761161079739,3.545759010219418,0.4612896006447894,False,True
1826,R06,P06,I06,T06_06,0.7414334542791394,3.528964086053043,0.45132735137834784,False,True
1827,R06,P06,I06,T06_06,0.779090792450305,,0.44134438923759134,True,False
1828,R06,P06,I06,T06_06,0.8167481306214708,3.4486219602871815,0.43149649500783827,False,True
1829,R06,P06,I06,T06_06,0.8544054687926363,3.445592018070935,0.42193734178483044,False,True
1830,R06,P06,I06,T06_06,0.8920628069638019,3.4637768599321297,0.4128160969574713,False,True
1831,R06,P06,I06,T06_06,0.9297201451349675,3.37697477190309,0.4042750945006125,False,True
1832,R06,P06,I06,T06_06,0.967377483306133,3.406045176281972,0.39644761390098116,False,True
1833,R06,P06,I06,T06_06,1.0050348214772986,3.3372936477347106,0.38945580037536576,False,True
1834,R06,P06,I06,T06_06,1.0426921596484642,3.357196945463055,0.383408758835361,False,True
1835,R06,P06,I06,T06_06,1.0803494978196297,3.272607108292208,0.3784008513417133,False,True
1836,R06,P06,I06,T06_06,1.1180068359907953,3.2728291162792678,0.374510224615923,False,True
1837,R06,P06,I06,T06_06,1.1556641741619609,3.357486099126635,0.37179759058679224,False,True
1838,R06,P06,I06,T06_06,1.1933215123331264,3.342327766342644,0.3703052790010817,False,True
1839,R06,P06,I06,T06_06,1.230978850504292,3.24424729839401,0.3700565768819698,False,True
1840,R06,P06,I06,T06_06,1.2686361886754576,3.3088099558706707,0.3710553651428447,False,True
1841,R06,P06,I07,T06_07,-0.2,3.1561802258586047,0.45,False,True
1842,R06,P06,I07,T06_07,-0.16334586021801234,3.2015712917851973,0.45997397867081824,False,True
1843,R06,P06,I07,T06_07,-0.12669172043602467,3.268339113517845,0.46979231674036187,False,True
1844,R06,P06,I07,T06_07,-0.09003758065403697,3.2530055370641198,0.4793018023268838,False,True
1845,R06,P06,I07,T06_07,-0.0533834408720493,3.223846316130202,0.48835404308833624,False,True
1846,R06,P06,I07,T06_07,-0.016729301090061627,3.2028974039756424,0.496807781835237,False,True
1847,R06,P06,I07,T06_07,0.019924838691926072,3.3298483932063934,0.5045311008018667,False,True
1848,R06,P06,I07,T06_07,0.056578978473913744,3.2246751182609814,0.5114034801788822,False,True
1849,R06,P06,I07,T06_07,0.09323311825590141,3.2561353302925258,0.5173176787846318,False,True
1850,R06,P06,I07,T06_07,0.1298872580378891,3.1724066495724386,0.5221814075279276,False,True
1851,R06,P06,I07,T06_07,0.16654139781987676,3.2448394618049514,0.5259187695484469,False,True
1852,R06,P06,I07,T06_07,0.20319553760186443,3.2445105636742095,0.5284714445618525,False,True
1853,R06,P06,I07,T06_07,0.23984967738385216,3.327188806810757,0.5297995989283244,False,True
1854,R06,P06,I07,T06_07,0.2765038171658398,3.201825823637866,0.5298825072431865,False,True
1855,R06,P06,I07,T06_07,0.3131579569478275,3.3523889261094544,0.5287188757499149,False,True
1856,R06,P06,I07,T06_07,0.3498120967298151,3.387066386054673,0.5263268625287755,False,True
1857,R06,P06,I07,T06_07,0.38646623651180284,3.3793001918615486,0.5227437941460545,False,True
1858,R06,P06,I07,T06_07,0.42312037629379057,3.4554967853176324,0.5180255831854762,False,True
1859,R06,P06,I07,T06_07,0.4597745160757782,3.3933167917915905,0.5122458557510337,False,True
1860,R06,P06,I07,T06_07,0.4964286558577659,3.4130112039873186,0.5054948025562618,False,True
1861,R06,P06,I07,T06_07,0.5330827956397535,3.415101332126632,0.4978777715283165,False,True
1862,R06,P06,I07,T06_07,0.5697369354217412,3.455314115997423,0.48951362388880715,False,True
1863,R06,P06,I07,T06_07,0.6063910752037289,3.3746147767229755,0.48053287936418654,False,True
1864,R06,P06,I07,T06_07,0.6430452149857167,3.446686371894191,0.4710756794690737,False,True
1865,R06,P06,I07,T06_07,0.6796993547677044,3.5189702636930553,0.4612896006447894,False,True
1866,R06,P06,I07,T06_07,0.7163534945496919,3.504526673519087,0.45132735137834784,False,True
1867,R06,P06,I07,T06_07,0.7530076343316796,3.441929355509846,0.44134438923759134,False,True
1868,R06,P06,I07,T06_07,0.7896617741136673,3.3960687440245834,0.43149649500783827,False,True
1869,R06,P06,I07,T06_07,0.8263159138956551,3.3526974978562407,0.42193734178483044,False,True
1870,R06,P06,I07,T06_07,0.8629700536776428,3.396967336389735,0.4128160969574713,False,True
1871,R06,P06,I07,T06_07,0.8996241934596303,3.402935649254241,0.4042750945006125,False,True
1872,R06,P06,I07,T06_07,0.936278333241618,3.3179695657908526,0.39644761390098116,False,True
1873,R06,P06,I07,T06_07,0.9729324730236057,3.323534658707672,0.38945580037536576,False,True
1874,R06,P06,I07,T06_07,1.0095866128055935,3.325047286480255,0.383408758835361,False,True
1875,R06,P06,I07,T06_07,1.0462407525875812,3.239077085406393,0.3784008513417133,False,True
1876,R06,P06,I07,T06_07,1.0828948923695687,3.254528281445656,0.374510224615923,False,True
1877,R06,P06,I07,T06_07,1.1195490321515564,3.2389764963923326,0.37179759058679224,False,True
1878,R06,P06,I07,T06_07,1.1562031719335442,3.211938336306364,0.3703052790010817,False,True
1879,R06,P06,I07,T06_07,1.1928573117155319,3.2574441377074783,0.3700565768819698,False,True
1880,R06,P06,I07,T06_07,1.2295114514975196,3.168806537713588,0.3710553651428447,False,True
1881,R06,P06,I08,T06_08,-0.2,3.212491632260819,0.45,False,True
1882,R06,P06,I08,T06_08,-0.16203550746334838,3.277340937135378,0.45997397867081824,False,True
1883,R06,P06,I08,T06_08,-0.12407101492669677,3.2244755480491603,0.46979231674036187,False,True
1884,R06,P06,I08,T06_08,-0.08610652239004515,3.29145950761594,0.4793018023268838,False,True
1885,R06,P06,I08,T06_08,-0.048142029853393525,3.130810628539735,0.48835404308833624,False,True
1886,R06,P06,I08,T06_08,-0.010177537316741897,3.141135350198517,0.496807781835237,False,True
1887,R06,P06,I08,T06_08,0.027786955219909704,3.2508134163297258,0.5045311008018667,False,True
1888,R06,P06,I08,T06_08,0.06575144775656133,3.246669573668095,0.5114034801788822,False,True
1889,R06,P06,I08,T06_08,0.10371594029321296,3.2579028915298838,0.5173176787846318,False,True
1890,R06,P06,I08,T06_08,0.1416804328298646,3.206500407789746,0.5221814075279276,False,True
1891,R06,P06,I08,T06_08,0.17964492536651622,3.27544877346159,0.5259187695484469,False,True
1892,R06,P06,I08,T06_08,0.21760941790316785,3.2479738196715324,0.5284714445618525,False,True
1893,R06,P06,I08,T06_08,0.2555739104398194,3.231580801179191,0.5297995989283244,False,True
1894,R06,P06,I08,T06_08,0.29353840297647105,3.3260387684230204,0.5298825072431865,False,True
1895,R06,P06,I08,T06_08,0.3315028955131227,3.309577632509445,0.5287188757499149,False,True
1896,R06,P06,I08,T06_08,0.36946738804977436,3.2749655045920423,0.5263268625287755,False,True
1897,R06,P06,I08,T06_08,0.40743188058642593,3.4063663617276565,0.5227437941460545,False,True
1898,R06,P06,I08,T06_08,0.4453963731230775,3.4023141097024596,0.5180255831854762,False,True
1899,R06,P06,I08,T06_08,0.4833608656597292,3.4165619334239374,0.5122458557510337,False,True
1900,R06,P06,I08,T06_08,0.5213253581963808,3.403172517066283,0.5054948025562618,False,True
1901,R06,P06,I08,T06_08,0.5592898507330324,3.466928097294561,0.4978777715283165,False,True
1902,R06,P06,I08,T06_08,0.597254343269684,3.5388040672675927,0.48951362388880715,False,True
1903,R06,P06,I08,T06_08,0.6352188358063358,3.4381033266129477,0.48053287936418654,False,True
1904,R06,P06,I08,T06_08,0.6731833283429873,3.438509591991258,0.4710756794690737,False,True
1905,R06,P06,I08,T06_08,0.7111478208796389,3.470808394052927,0.4612896006447894,False,True
1906,R06,P06,I08,T06_08,0.7491123134162905,3.3311118980361867,0.45132735137834784,False,True
1907,R06,P06,I08,T06_08,0.787076805952942,3.439561310468037,0.44134438923759134,False,True
1908,R06,P06,I08,T06_08,0.8250412984895938,3.3843598599706435,0.43149649500783827,False,True
1909,R06,P06,I08,T06_08,0.8630057910262454,3.365539619326132,0.42193734178483044,False,True
1910,R06,P06,I08,T06_08,0.900970283562897,3.3988015152403857,0.4128160969574713,False,True
1911,R06,P06,I08,T06_08,0.9389347760995488,3.347346885817786,0.4042750945006125,False,True
1912,R06,P06,I08,T06_08,0.9768992686362004,3.333239677680165,0.39644761390098116,False,True
1913,R06,P06,I08,T06_08,1.014863761172852,3.2838899298943893,0.38945580037536576,False,True
1914,R06,P06,I08,T06_08,1.0528282537095035,3.2646836645535946,0.383408758835361,False,True
1915,R06,P06,I08,T06_08,1.090792746246155,3.2968651233164716,0.3784008513417133,False,True
1916,R06,P06,I08,T06_08,1.1287572387828069,3.2187437026892534,0.374510224615923,False,True
1917,R06,P06,I08,T06_08,1.1667217313194584,3.3459092599808042,0.37179759058679224,False,True
1918,R06,P06,I08,T06_08,1.20468622385611,3.2441937553023656,0.3703052790010817,False,True
1919,R06,P06,I08,T06_08,1.2426507163927616,3.1498622218336645,0.3700565768819698,False,True
1920,R06,P06,I08,T06_08,1.2806152089294134,3.207267812643819,0.3710553651428447,False,True
1921,R07,P07,I01,T07_01,-0.2,3.0548061747772355,0.45,False,True
1922,R07,P07,I01,T07_01,-0.16386070335550093,,0.45997397867081824,True,False
1923,R07,P07,I01,T07_01,-0.12772140671100185,3.0925843575209835,0.46979231674036187,False,True
1924,R07,P07,I01,T07_01,-0.09158211006650274,3.138159834830893,0.4793018023268838,False,True
1925,R07,P07,I01,T07_01,-0.05544281342200366,3.0473624413370395,0.48835404308833624,False,True
1926,R07,P07,I01,T07_01,-0.01930351677750458,3.010622421277208,0.496807781835237,False,True
1927,R07,P07,I01,T07_01,0.016835779866994527,3.0548980124364715,0.5045311008018667,False,True
1928,R07,P07,I01,T07_01,0.05297507651149358,3.0795112264811766,0.5114034801788822,False,True
1929,R07,P07,I01,T07_01,0.08911437315599269,3.085898368325037,0.5173176787846318,False,True
1930,R07,P07,I01,T07_01,0.1252536698004918,3.1768405036443923,0.5221814075279276,False,True
1931,R07,P07,I01,T07_01,0.16139296644499085,3.06756729222473,0.5259187695484469,False,True
1932,R07,P07,I01,T07_01,0.19753226308948996,3.0268496894838526,0.5284714445618525,False,True
1933,R07,P07,I01,T07_01,0.23367155973398906,3.0879567606422804,0.5297995989283244,False,True
1934,R07,P07,I01,T07_01,0.2698108563784881,3.086898738763288,0.5298825072431865,False,True
1935,R07,P07,I01,T07_01,0.30595015302298717,3.168111986381292,0.5287188757499149,False,True
1936,R07,P07,I01,T07_01,0.3420894496674863,3.1509625065480202,0.5263268625287755,False,True
1937,R07,P07,I01,T07_01,0.3782287463119854,3.2262502609384534,0.5227437941460545,False,True
1938,R07,P07,I01,T07_01,0.4143680429564845,3.196606122562587,0.5180255831854762,False,True
1939,R07,P07,I01,T07_01,0.4505073396009836,3.2641196219243747,0.5122458557510337,False,True
1940,R07,P07,I01,T07_01,0.4866466362454826,3.295503988127379,0.5054948025562618,False,True
1941,R07,P07,I01,T07_01,0.5227859328899818,3.2485713738016266,0.4978777715283165,False,True
1942,R07,P07,I01,T07_01,0.5589252295344809,3.299699949993576,0.48951362388880715,False,True
1943,R07,P07,I01,T07_01,0.59506452617898,3.2999644897170346,0.48053287936418654,False,True
1944,R07,P07,I01,T07_01,0.6312038228234791,3.2701652639595222,0.4710756794690737,False,True
1945,R07,P07,I01,T07_01,0.6673431194679782,3.3374719993746758,0.4612896006447894,False,True
1946,R07,P07,I01,T07_01,0.7034824161124771,3.3310598863532235,0.45132735137834784,False,True
1947,R07,P07,I01,T07_01,0.7396217127569762,3.325181346862124,0.44134438923759134,False,True
1948,R07,P07,I01,T07_01,0.7757610094014753,3.3261381926019173,0.43149649500783827,False,True
1949,R07,P07,I01,T07_01,0.8119003060459744,3.3576267287744903,0.42193734178483044,False,True
1950,R07,P07,I01,T07_01,0.8480396026904735,3.2359796196677655,0.4128160969574713,False,True
1951,R07,P07,I01,T07_01,0.8841788993349726,3.249802562071669,0.4042750945006125,False,True
1952,R07,P07,I01,T07_01,0.9203181959794717,3.1862589949530675,0.39644761390098116,False,True
1953,R07,P07,I01,T07_01,0.9564574926239708,3.2601968904274896,0.38945580037536576,False,True
1954,R07,P07,I01,T07_01,0.99259678926847,3.183203794888995,0.383408758835361,False,True
1955,R07,P07,I01,T07_01,1.028736085912969,3.0943368565392375,0.3784008513417133,False,True
1956,R07,P07,I01,T07_01,1.0648753825574682,3.1627931727007215,0.374510224615923,False,True
1957,R07,P07,I01,T07_01,1.1010146792019673,3.077123926768318,0.37179759058679224,False,True
1958,R07,P07,I01,T07_01,1.1371539758464664,3.165413603031311,0.3703052790010817,False,True
1959,R07,P07,I01,T07_01,1.1732932724909653,3.0808851591831754,0.3700565768819698,False,True
1960,R07,P07,I01,T07_01,1.2094325691354644,3.064681904914712,0.3710553651428447,False,True
1961,R07,P07,I02,T07_02,-0.2,3.18158414530479,0.45,False,True
1962,R07,P07,I02,T07_02,-0.17236665583953598,3.221137773302173,0.45997397867081824,False,True
1963,R07,P07,I02,T07_02,-0.1447333116790719,3.159633238322824,0.46979231674036187,False,True
1964,R07,P07,I02,T07_02,-0.11709996751860786,3.1502317745418273,0.4793018023268838,False,True
1965,R07,P07,I02,T07_02,-0.08946662335814382,3.1733272833018753,0.48835404308833624,False,True
1966,R07,P07,I02,T07_02,-0.06183327919767978,3.144488981137849,0.496807781835237,False,True
1967,R07,P07,I02,T07_02,-0.03419993503721572,3.1881281267049104,0.5045311008018667,False,True
1968,R07,P07,I02,T07_02,-0.0065665908767516545,3.1752876359728077,0.5114034801788822,False,True
1969,R07,P07,I02,T07_02,0.02106675328371238,3.2468558635110547,0.5173176787846318,False,True
1970,R07,P07,I02,T07_02,0.048700097444176416,3.1849106313757374,0.5221814075279276,False,True
1971,R07,P07,I02,T07_02,0.07633344160464045,3.174521369456184,0.5259187695484469,False,True
1972,R07,P07,I02,T07_02,0.10396678576510454,3.2064927391069973,0.5284714445618525,False,True
1973,R07,P07,I02,T07_02,0.13160012992556858,3.300441841046749,0.5297995989283244,False,True
1974,R07,P07,I02,T07_02,0.1592334740860326,3.2071900929935295,0.5298825072431865,False,True
1975,R07,P07,I02,T07_02,0.1868668182464967,3.241614059221421,0.5287188757499149,False,True
1976,R07,P07,I02,T07_02,0.21450016240696074,3.27399770997508,0.5263268625287755,False,True
1977,R07,P07,I02,T07_02,0.24213350656742477,3.2021686276812,0.5227437941460545,False,True
1978,R07,P07,I02,T07_02,0.2697668507278888,,0.5180255831854762,True,False
1979,R07,P07,I02,T07_02,0.29740019488835284,3.3247129687018417,0.5122458557510337,False,True
1980,R07,P07,I02,T07_02,0.3250335390488169,3.2394859811971695,0.5054948025562618,False,True
1981,R07,P07,I02,T07_02,0.3526668832092809,3.2900148647768757,0.4978777715283165,False,True
1982,R07,P07,I02,T07_02,0.38030022736974506,3.3034221799435235,0.48951362388880715,False,True
1983,R07,P07,I02,T07_02,0.4079335715302091,3.3336114562809724,0.48053287936418654,False,True
1984,R07,P07,I02,T07_02,0.43556691569067313,3.4079279105672144,0.4710756794690737,False,True
1985,R07,P07,I02,T07_02,0.46320025985113716,3.331501613682335,0.4612896006447894,False,True
1986,R07,P07,I02,T07_02,0.4908336040116012,3.333746211085571,0.45132735137834784,False,True
1987,R07,P07,I02,T07_02,0.5184669481720652,3.387714426327241,0.44134438923759134,False,True
1988,R07,P07,I02,T07_02,0.5461002923325293,3.3857963426594133,0.43149649500783827,False,True
1989,R07,P07,I02,T07_02,0.5737336364929935,3.4537291363632874,0.42193734178483044,False,True
1990,R07,P07,I02,T07_02,0.6013669806534574,3.391637764557625,0.4128160969574713,False,True
1991,R07,P07,I02,T07_02,0.6290003248139215,3.4510194513564114,0.4042750945006125,False,True
1992,R07,P07,I02,T07_02,0.6566336689743855,3.436295348146987,0.39644761390098116,False,True
1993,R07,P07,I02,T07_02,0.6842670131348496,3.4612710311239008,0.38945580037536576,False,True
1994,R07,P07,I02,T07_02,0.7119003572953135,3.4935434712719977,0.383408758835361,False,True
1995,R07,P07,I02,T07_02,0.7395337014557777,3.393276485017058,0.3784008513417133,False,True
1996,R07,P07,I02,T07_02,0.7671670456162416,3.331325064433476,0.374510224615923,False,True
1997,R07,P07,I02,T07_02,0.7948003897767058,3.4069443333606264,0.37179759058679224,False,True
1998,R07,P07,I02,T07_02,0.8224337339371699,3.4218328241980895,0.3703052790010817,False,True
1999,R07,P07,I02,T07_02,0.8500670780976338,3.348293341421721,0.3700565768819698,False,True
2000,R07,P07,I02,T07_02,0.877700422258098,3.321734809500711,0.3710553651428447,False,True
2001,R07,P07,I03,T07_03,-0.2,3.1770299636951482,0.45,False,True
2002,R07,P07,I03,T07_03,-0.1728288985101842,3.138360358959689,0.45997397867081824,False,True
2003,R07,P07,I03,T07_03,-0.1456577970203684,,0.46979231674036187,True,False
2004,R07,P07,I03,T07_03,-0.11848669553055259,3.1338907583127753,0.4793018023268838,False,True
2005,R07,P07,I03,T07_03,-0.09131559404073679,3.1216628446500367,0.48835404308833624,False,True
2006,R07,P07,I03,T07_03,-0.06414449255092097,3.161031564600365,0.496807781835237,False,True
2007,R07,P07,I03,T07_03,-0.03697339106110517,3.1539673202887437,0.5045311008018667,False,True
2008,R07,P07,I03,T07_03,-0.009802289571289369,3.101751980390643,0.5114034801788822,False,True
2009,R07,P07,I03,T07_03,0.017368811918526433,3.0673824300624926,0.5173176787846318,False,True
2010,R07,P07,I03,T07_03,0.044539913408342235,3.120406500923607,0.5221814075279276,False,True
2011,R07,P07,I03,T07_03,0.07171101489815807,3.1616271586845275,0.5259187695484469,False,True
2012,R07,P07,I03,T07_03,0.09888211638797384,3.1580973111390187,0.5284714445618525,False,True
2013,R07,P07,I03,T07_03,0.12605321787778967,3.252814932354301,0.5297995989283244,False,True
2014,R07,P07,I03,T07_03,0.15322431936760544,3.1035540923666947,0.5298825072431865,False,True
2015,R07,P07,I03,T07_03,0.18039542085742127,,0.5287188757499149,True,False
2016,R07,P07,I03,T07_03,0.20756652234723705,3.2018610908599796,0.5263268625287755,False,True
2017,R07,P07,I03,T07_03,0.23473762383705288,3.2455246321606857,0.5227437941460545,False,True
2018,R07,P07,I03,T07_03,0.2619087253268687,3.112965380823371,0.5180255831854762,False,True
2019,R07,P07,I03,T07_03,0.2890798268166845,3.28126324514134,0.5122458557510337,False,True
2020,R07,P07,I03,T07_03,0.3162509283065003,,0.5054948025562618,True,False
2021,R07,P07,I03,T07_03,0.34342202979631614,3.2753274146832068,0.4978777715283165,False,True
2022,R07,P07,I03,T07_03,0.37059313128613186,3.2310678575759777,0.48951362388880715,False,True
2023,R07,P07,I03,T07_03,0.3977642327759477,3.293865028335202,0.48053287936418654,False,True
2024,R07,P07,I03,T07_03,0.4249353342657635,3.351022812944953,0.4710756794690737,False,True
2025,R07,P07,I03,T07_03,0.45210643575557935,3.315334963260999,0.4612896006447894,False,True
2026,R07,P07,I03,T07_03,0.4792775372453952,3.3204234126659644,0.45132735137834784,False,True
2027,R07,P07,I03,T07_03,0.506448638735211,3.441008835748046,0.44134438923759134,False,True
2028,R07,P07,I03,T07_03,0.5336197402250267,3.436295618628371,0.43149649500783827,False,True
2029,R07,P07,I03,T07_03,0.5607908417148426,3.398139768455058,0.42193734178483044,False,True
2030,R07,P07,I03,T07_03,0.5879619432046583,,0.4128160969574713,True,False
2031,R07,P07,I03,T07_03,0.615133044694474,3.3597317793405144,0.4042750945006125,False,True
2032,R07,P07,I03,T07_03,0.64230414618429,3.354515728601164,0.39644761390098116,False,True
2033,R07,P07,I03,T07_03,0.6694752476741057,3.329409536674092,0.38945580037536576,False,True
2034,R07,P07,I03,T07_03,0.6966463491639217,3.340715125431248,0.383408758835361,False,True
2035,R07,P07,I03,T07_03,0.7238174506537374,,0.3784008513417133,True,False
2036,R07,P07,I03,T07_03,0.7509885521435531,3.273507867648392,0.374510224615923,False,True
2037,R07,P07,I03,T07_03,0.778159653633369,3.4022805923605377,0.37179759058679224,False,True
2038,R07,P07,I03,T07_03,0.8053307551231847,3.276287971076534,0.3703052790010817,False,True
2039,R07,P07,I03,T07_03,0.8325018566130007,3.2500030969380904,0.3700565768819698,False,True
2040,R07,P07,I03,T07_03,0.8596729581028163,3.299020761765348,0.3710553651428447,False,True
2041,R07,P07,I04,T07_04,-0.2,3.330362942953652,0.45,False,True
2042,R07,P07,I04,T07_04,-0.15893722713841896,3.2954508022494142,0.45997397867081824,False,True
2043,R07,P07,I04,T07_04,-0.11787445427683792,3.3106561400126977,0.46979231674036187,False,True
2044,R07,P07,I04,T07_04,-0.07681168141525688,3.2579974725146155,0.4793018023268838,False,True
2045,R07,P07,I04,T07_04,-0.03574890855367582,3.305501395919888,0.48835404308833624,False,True
2046,R07,P07,I04,T07_04,0.0053138643079052306,3.237844670138066,0.496807781835237,False,True
2047,R07,P07,I04,T07_04,0.04637663716948626,3.3484323152861406,0.5045311008018667,False,True
2048,R07,P07,I04,T07_04,0.08743941003106731,3.231144383197918,0.5114034801788822,False,True
2049,R07,P07,I04,T07_04,0.12850218289264836,3.3580112681185437,0.5173176787846318,False,True
2050,R07,P07,I04,T07_04,0.16956495575422942,3.367138061026234,0.5221814075279276,False,True
2051,R07,P07,I04,T07_04,0.21062772861581047,,0.5259187695484469,True,False
2052,R07,P07,I04,T07_04,0.2516905014773915,3.329165996413702,0.5284714445618525,False,True
2053,R07,P07,I04,T07_04,0.2927532743389725,3.4031834102830247,0.5297995989283244,False,True
2054,R07,P07,I04,T07_04,0.33381604720055363,3.3532259977348096,0.5298825072431865,False,True
2055,R07,P07,I04,T07_04,0.37487882006213463,3.4350535022392545,0.5287188757499149,False,True
2056,R07,P07,I04,T07_04,0.41594159292371574,3.467490589236343,0.5263268625287755,False,True
2057,R07,P07,I04,T07_04,0.45700436578529674,3.405335244736754,0.5227437941460545,False,True
2058,R07,P07,I04,T07_04,0.49806713864687774,3.4808739186846105,0.5180255831854762,False,True
2059,R07,P07,I04,T07_04,0.5391299115084589,3.476305639537743,0.5122458557510337,False,True
2060,R07,P07,I04,T07_04,0.5801926843700398,3.493578402079991,0.5054948025562618,False,True
2061,R07,P07,I04,T07_04,0.6212554572316209,3.455239390822176,0.4978777715283165,False,True
2062,R07,P07,I04,T07_04,0.662318230093202,3.5799631656816593,0.48951362388880715,False,True
2063,R07,P07,I04,T07_04,0.7033810029547831,3.5285380636828103,0.48053287936418654,False,True
2064,R07,P07,I04,T07_04,0.744443775816364,3.443332917855441,0.4710756794690737,False,True
2065,R07,P07,I04,T07_04,0.7855065486779451,3.4223322458247454,0.4612896006447894,False,True
2066,R07,P07,I04,T07_04,0.8265693215395262,3.3924786594747065,0.45132735137834784,False,True
2067,R07,P07,I04,T07_04,0.8676320944011073,3.4057905281568113,0.44134438923759134,False,True
2068,R07,P07,I04,T07_04,0.9086948672626882,3.387551559373311,0.43149649500783827,False,True
2069,R07,P07,I04,T07_04,0.9497576401242693,3.3897086513060364,0.42193734178483044,False,True
2070,R07,P07,I04,T07_04,0.9908204129858504,3.3220501171011754,0.4128160969574713,False,True
2071,R07,P07,I04,T07_04,1.0318831858474315,3.372443088975633,0.4042750945006125,False,True
2072,R07,P07,I04,T07_04,1.0729459587090124,3.363967896848233,0.39644761390098116,False,True
2073,R07,P07,I04,T07_04,1.1140087315705935,3.341912109351299,0.38945580037536576,False,True
2074,R07,P07,I04,T07_04,1.1550715044321747,3.3651900827998125,0.383408758835361,False,True
2075,R07,P07,I04,T07_04,1.1961342772937555,3.2298028796137075,0.3784008513417133,False,True
2076,R07,P07,I04,T07_04,1.2371970501553367,3.209929097184327,0.374510224615923,False,True
2077,R07,P07,I04,T07_04,1.2782598230169178,3.3401062306790896,0.37179759058679224,False,True
2078,R07,P07,I04,T07_04,1.3193225958784989,3.26615192669297,0.3703052790010817,False,True
2079,R07,P07,I04,T07_04,1.3603853687400798,3.266824250834366,0.3700565768819698,False,True
2080,R07,P07,I04,T07_04,1.4014481416016609,3.252479822477369,0.3710553651428447,False,True
2081,R07,P07,I05,T07_05,-0.2,3.1993864464702146,0.45,False,True
2082,R07,P07,I05,T07_05,-0.15817317094867525,3.189087581657771,0.45997397867081824,False,True
2083,R07,P07,I05,T07_05,-0.11634634189735048,,0.46979231674036187,True,False
2084,R07,P07,I05,T07_05,-0.0745195128460257,3.1918197881467205,0.4793018023268838,False,True
2085,R07,P07,I05,T07_05,-0.032692683794700944,3.1879718780537663,0.48835404308833624,False,True
2086,R07,P07,I05,T07_05,0.009134145256623816,3.195622793119941,0.496807781835237,False,True
2087,R07,P07,I05,T07_05,0.0509609743079486,3.109084557727142,0.5045311008018667,False,True
2088,R07,P07,I05,T07_05,0.09278780335927334,3.170802454059732,0.5114034801788822,False,True
2089,R07,P07,I05,T07_05,0.13461463241059812,3.218456375823435,0.5173176787846318,False,True
2090,R07,P07,I05,T07_05,0.1764414614619229,3.2261841782235976,0.5221814075279276,False,True
2091,R07,P07,I05,T07_05,0.21826829051324764,3.205446431516857,0.5259187695484469,False,True
2092,R07,P07,I05,T07_05,0.26009511956457243,3.2913784586817694,0.5284714445618525,False,True
2093,R07,P07,I05,T07_05,0.3019219486158972,3.327483377143481,0.5297995989283244,False,True
2094,R07,P07,I05,T07_05,0.34374877766722195,3.3747817446192374,0.5298825072431865,False,True
2095,R07,P07,I05,T07_05,0.3855756067185467,3.374717632206094,0.5287188757499149,False,True
2096,R07,P07,I05,T07_05,0.4274024357698715,3.3249893056915627,0.5263268625287755,False,True
2097,R07,P07,I05,T07_05,0.46922926482119626,3.406812936730152,0.5227437941460545,False,True
2098,R07,P07,I05,T07_05,0.511056093872521,3.3646468508755434,0.5180255831854762,False,True
2099,R07,P07,I05,T07_05,0.5528829229238459,3.413943364944246,0.5122458557510337,False,True
2100,R07,P07,I05,T07_05,0.5947097519751705,3.441592645605429,0.5054948025562618,False,True
2101,R07,P07,I05,T07_05,0.6365365810264954,3.4527700963035715,0.4978777715283165,False,True
2102,R07,P07,I05,T07_05,0.6783634100778202,3.4830816883990177,0.48951362388880715,False,True
2103,R07,P07,I05,T07_05,0.7201902391291448,3.394575150371682,0.48053287936418654,False,True
2104,R07,P07,I05,T07_05,0.7620170681804697,3.36487383295302,0.4710756794690737,False,True
2105,R07,P07,I05,T07_05,0.8038438972317945,3.3888893507665934,0.4612896006447894,False,True
2106,R07,P07,I05,T07_05,0.8456707262831191,3.330172469278803,0.45132735137834784,False,True
2107,R07,P07,I05,T07_05,0.887497555334444,3.298064875347365,0.44134438923759134,False,True
2108,R07,P07,I05,T07_05,0.9293243843857688,3.4178125472823746,0.43149649500783827,False,True
2109,R07,P07,I05,T07_05,0.9711512134370934,3.305971695231685,0.42193734178483044,False,True
2110,R07,P07,I05,T07_05,1.0129780424884183,3.304402465607555,0.4128160969574713,False,True
2111,R07,P07,I05,T07_05,1.0548048715397431,3.260122570853106,0.4042750945006125,False,True
2112,R07,P07,I05,T07_05,1.0966317005910677,3.2194784721790333,0.39644761390098116,False,True
2113,R07,P07,I05,T07_05,1.1384585296423926,3.1867870925535664,0.38945580037536576,False,True
2114,R07,P07,I05,T07_05,1.1802853586937174,3.253757050755036,0.383408758835361,False,True
2115,R07,P07,I05,T07_05,1.222112187745042,3.176109052250202,0.3784008513417133,False,True
2116,R07,P07,I05,T07_05,1.2639390167963669,3.32160896851967,0.374510224615923,False,True
2117,R07,P07,I05,T07_05,1.3057658458476917,3.2434299323747284,0.37179759058679224,False,True
2118,R07,P07,I05,T07_05,1.3475926748990164,3.1761424857548386,0.3703052790010817,False,True
2119,R07,P07,I05,T07_05,1.3894195039503412,3.183788350026621,0.3700565768819698,False,True
2120,R07,P07,I05,T07_05,1.431246333001666,3.1692280564916007,0.3710553651428447,False,True
2121,R07,P07,I06,T07_06,-0.2,3.1163079825823505,0.45,False,True
2122,R07,P07,I06,T07_06,-0.16370662123209878,3.17715843621229,0.45997397867081824,False,True
2123,R07,P07,I06,T07_06,-0.12741324246419755,3.150852290956189,0.46979231674036187,False,True
2124,R07,P07,I06,T07_06,-0.0911198636962963,3.197503480518912,0.4793018023268838,False,True
2125,R07,P07,I06,T07_06,-0.054826484928395064,3.122827426413704,0.48835404308833624,False,True
2126,R07,P07,I06,T07_06,-0.018533106160493834,3.137055147563296,0.496807781835237,False,True
2127,R07,P07,I06,T07_06,0.017760272607407424,3.074273988987105,0.5045311008018667,False,True
2128,R07,P07,I06,T07_06,0.05405365137530865,3.1706310217532683,0.5114034801788822,False,True
2129,R07,P07,I06,T07_06,0.09034703014320988,3.074019240819207,0.5173176787846318,False,True
2130,R07,P07,I06,T07_06,0.1266404089111111,3.2172634261217294,0.5221814075279276,False,True
2131,R07,P07,I06,T07_06,0.16293378767901234,3.1700221302385287,0.5259187695484469,False,True
2132,R07,P07,I06,T07_06,0.19922716644691357,3.1642409958175284,0.5284714445618525,False,True
2133,R07,P07,I06,T07_06,0.23552054521481486,3.1293706658603933,0.5297995989283244,False,True
2134,R07,P07,I06,T07_06,0.2718139239827161,3.25070999803801,0.5298825072431865,False,True
2135,R07,P07,I06,T07_06,0.3081073027506173,3.16993443464842,0.5287188757499149,False,True
2136,R07,P07,I06,T07_06,0.3444006815185185,3.1713171845488484,0.5263268625287755,False,True
2137,R07,P07,I06,T07_06,0.3806940602864198,3.215020441629911,0.5227437941460545,False,True
2138,R07,P07,I06,T07_06,0.41698743905432106,3.2272500250529,0.5180255831854762,False,True
2139,R07,P07,I06,T07_06,0.45328081782222224,3.4159813517756135,0.5122458557510337,False,True
2140,R07,P07,I06,T07_06,0.4895741965901235,3.32120484557142,0.5054948025562618,False,True
2141,R07,P07,I06,T07_06,0.5258675753580246,3.3832649368924246,0.4978777715283165,False,True
2142,R07,P07,I06,T07_06,0.562160954125926,3.329768522172247,0.48951362388880715,False,True
2143,R07,P07,I06,T07_06,0.5984543328938272,3.414817249822294,0.48053287936418654,False,True
2144,R07,P07,I06,T07_06,0.6347477116617284,3.3929142029111814,0.4710756794690737,False,True
2145,R07,P07,I06,T07_06,0.6710410904296298,3.3751612173159464,0.4612896006447894,False,True
2146,R07,P07,I06,T07_06,0.707334469197531,3.3898276579679054,0.45132735137834784,False,True
2147,R07,P07,I06,T07_06,0.7436278479654321,3.323805450583535,0.44134438923759134,False,True
2148,R07,P07,I06,T07_06,0.7799212267333333,3.451293455673692,0.43149649500783827,False,True
2149,R07,P07,I06,T07_06,0.8162146055012347,3.316517955176286,0.42193734178483044,False,True
2150,R07,P07,I06,T07_06,0.8525079842691359,3.3310660092474618,0.4128160969574713,False,True
2151,R07,P07,I06,T07_06,0.888801363037037,3.325113490922167,0.4042750945006125,False,True
2152,R07,P07,I06,T07_06,0.9250947418049384,3.2571225990904735,0.39644761390098116,False,True
2153,R07,P07,I06,T07_06,0.9613881205728396,3.229517706696041,0.38945580037536576,False,True
2154,R07,P07,I06,T07_06,0.9976814993407408,3.2023263152364367,0.383408758835361,False,True
2155,R07,P07,I06,T07_06,1.0339748781086422,3.168611401961739,0.3784008513417133,False,True
2156,R07,P07,I06,T07_06,1.0702682568765434,3.1987859859254906,0.374510224615923,False,True
2157,R07,P07,I06,T07_06,1.1065616356444445,3.1158358541547106,0.37179759058679224,False,True
2158,R07,P07,I06,T07_06,1.1428550144123457,3.17447287472011,0.3703052790010817,False,True
2159,R07,P07,I06,T07_06,1.1791483931802471,3.173473318028733,0.3700565768819698,False,True
2160,R07,P07,I06,T07_06,1.2154417719481483,3.1854564011153297,0.3710553651428447,False,True
2161,R07,P07,I07,T07_07,-0.2,3.1374048824213587,0.45,False,True
2162,R07,P07,I07,T07_07,-0.14883176133112264,3.028844407090655,0.45997397867081824,False,True
2163,R07,P07,I07,T07_07,-0.09766352266224528,3.1148224054011244,0.46979231674036187,False,True
2164,R07,P07,I07,T07_07,-0.046495283993367914,3.0888302545238635,0.4793018023268838,False,True
2165,R07,P07,I07,T07_07,0.004672954675509461,3.050908953729879,0.48835404308833624,False,True
2166,R07,P07,I07,T07_07,0.05584119334438681,3.0190318500545295,0.496807781835237,False,True
2167,R07,P07,I07,T07_07,0.10700943201326418,3.1904490286219156,0.5045311008018667,False,True
2168,R07,P07,I07,T07_07,0.15817767068214156,3.058710823347671,0.5114034801788822,False,True
2169,R07,P07,I07,T07_07,0.20934590935101893,3.1367294660740215,0.5173176787846318,False,True
2170,R07,P07,I07,T07_07,0.2605141480198963,3.1272566294433064,0.5221814075279276,False,True
2171,R07,P07,I07,T07_07,0.3116823866887736,3.2184317399077766,0.5259187695484469,False,True
2172,R07,P07,I07,T07_07,0.36285062535765106,3.1409366666993455,0.5284714445618525,False,True
2173,R07,P07,I07,T07_07,0.4140188640265284,3.2579411112450423,0.5297995989283244,False,True
2174,R07,P07,I07,T07_07,0.4651871026954058,3.3674423620056815,0.5298825072431865,False,True
2175,R07,P07,I07,T07_07,0.5163553413642832,3.329149279735381,0.5287188757499149,False,True
2176,R07,P07,I07,T07_07,0.5675235800331606,3.2948724177817663,0.5263268625287755,False,True
2177,R07,P07,I07,T07_07,0.6186918187020378,3.298159356472828,0.5227437941460545,False,True
2178,R07,P07,I07,T07_07,0.6698600573709153,3.2984175763379833,0.5180255831854762,False,True
2179,R07,P07,I07,T07_07,0.7210282960397927,3.2940588548568424,0.5122458557510337,False,True
2180,R07,P07,I07,T07_07,0.7721965347086699,3.328522450361343,0.5054948025562618,False,True
2181,R07,P07,I07,T07_07,0.8233647733775473,3.2278350704666647,0.4978777715283165,False,True
2182,R07,P07,I07,T07_07,0.8745330120464248,3.2178898505526656,0.48951362388880715,False,True
2183,R07,P07,I07,T07_07,0.9257012507153022,3.222574891979906,0.48053287936418654,False,True
2184,R07,P07,I07,T07_07,0.9768694893841796,3.2047189375340857,0.4710756794690737,False,True
2185,R07,P07,I07,T07_07,1.0280377280530568,3.0501370233296115,0.4612896006447894,False,True
2186,R07,P07,I07,T07_07,1.0792059667219343,3.198102544590293,0.45132735137834784,False,True
2187,R07,P07,I07,T07_07,1.1303742053908117,3.133166116540099,0.44134438923759134,False,True
2188,R07,P07,I07,T07_07,1.181542444059689,3.0962734013537845,0.43149649500783827,False,True
2189,R07,P07,I07,T07_07,1.2327106827285663,3.1056160732196507,0.42193734178483044,False,True
2190,R07,P07,I07,T07_07,1.2838789213974438,3.0655097906855557,0.4128160969574713,False,True
2191,R07,P07,I07,T07_07,1.3350471600663212,3.0908314138142265,0.4042750945006125,False,True
2192,R07,P07,I07,T07_07,1.3862153987351984,3.0481707142642502,0.39644761390098116,False,True
2193,R07,P07,I07,T07_07,1.4373836374040758,3.0673685541612388,0.38945580037536576,False,True
2194,R07,P07,I07,T07_07,1.4885518760729533,3.04276728401116,0.383408758835361,False,True
2195,R07,P07,I07,T07_07,1.5397201147418305,3.0567372050960264,0.3784008513417133,False,True
2196,R07,P07,I07,T07_07,1.590888353410708,3.122009471773283,0.374510224615923,False,True
2197,R07,P07,I07,T07_07,1.6420565920795853,3.037866618600899,0.37179759058679224,False,True
2198,R07,P07,I07,T07_07,1.6932248307484628,3.070136625985502,0.3703052790010817,False,True
2199,R07,P07,I07,T07_07,1.74439306941734,3.033971306757737,0.3700565768819698,False,True
2200,R07,P07,I07,T07_07,1.7955613080862174,3.1128679394062866,0.3710553651428447,False,True
2201,R07,P07,I08,T07_08,-0.2,3.125148170923841,0.45,False,True
2202,R07,P07,I08,T07_08,-0.1567438947682337,3.108812682051942,0.45997397867081824,False,True
2203,R07,P07,I08,T07_08,-0.11348778953646736,3.101058148864387,0.46979231674036187,False,True
2204,R07,P07,I08,T07_08,-0.07023168430470103,3.239736369802225,0.4793018023268838,False,True
2205,R07,P07,I08,T07_08,-0.026975579072934713,3.112872501718108,0.48835404308833624,False,True
2206,R07,P07,I08,T07_08,0.016280526158831604,3.1763929065198795,0.496807781835237,False,True
2207,R07,P07,I08,T07_08,0.05953663139059795,3.1670695832073825,0.5045311008018667,False,True
2208,R07,P07,I08,T07_08,0.10279273662236427,3.1832556040611464,0.5114034801788822,False,True
2209,R07,P07,I08,T07_08,0.14604884185413058,3.1991096730139335,0.5173176787846318,False,True
2210,R07,P07,I08,T07_08,0.1893049470858969,3.1136343136927773,0.5221814075279276,False,True
2211,R07,P07,I08,T07_08,0.23256105231766322,3.219612720972938,0.5259187695484469,False,True
2212,R07,P07,I08,T07_08,0.27581715754942954,3.2057559211683397,0.5284714445618525,False,True
2213,R07,P07,I08,T07_08,0.3190732627811959,3.272125279442053,0.5297995989283244,False,True
2214,R07,P07,I08,T07_08,0.36232936801296217,3.277704414337507,0.5298825072431865,False,True
2215,R07,P07,I08,T07_08,0.40558547324472854,3.2556351877455394,0.5287188757499149,False,True
2216,R07,P07,I08,T07_08,0.4488415784764948,3.305969956708137,0.5263268625287755,False,True
2217,R07,P07,I08,T07_08,0.4920976837082612,3.299532744838542,0.5227437941460545,False,True
2218,R07,P07,I08,T07_08,0.5353537889400275,3.3704787641343663,0.5180255831854762,False,True
2219,R07,P07,I08,T07_08,0.5786098941717939,3.395008661422767,0.5122458557510337,False,True
2220,R07,P07,I08,T07_08,0.6218659994035602,3.3188718710545193,0.5054948025562618,False,True
2221,R07,P07,I08,T07_08,0.6651221046353264,3.2830513190666637,0.4978777715283165,False,True
2222,R07,P07,I08,T07_08,0.7083782098670928,3.3654810178184764,0.48951362388880715,False,True
2223,R07,P07,I08,T07_08,0.7516343150988591,3.3199583647312925,0.48053287936418654,False,True
2224,R07,P07,I08,T07_08,0.7948904203306255,3.3302523252037686,0.4710756794690737,False,True
2225,R07,P07,I08,T07_08,0.8381465255623919,3.316711562309948,0.4612896006447894,False,True
2226,R07,P07,I08,T07_08,0.8814026307941583,3.28174039376064,0.45132735137834784,False,True
2227,R07,P07,I08,T07_08,0.9246587360259244,3.2387557581626716,0.44134438923759134,False,True
2228,R07,P07,I08,T07_08,0.9679148412576908,3.227373866755548,0.43149649500783827,False,True
2229,R07,P07,I08,T07_08,1.0111709464894572,3.1968012662123053,0.42193734178483044,False,True
2230,R07,P07,I08,T07_08,1.0544270517212235,3.2200389445651876,0.4128160969574713,False,True
2231,R07,P07,I08,T07_08,1.0976831569529897,3.1493619191901434,0.4042750945006125,False,True
2232,R07,P07,I08,T07_08,1.140939262184756,3.130758770044311,0.39644761390098116,False,True
2233,R07,P07,I08,T07_08,1.1841953674165224,3.0877222512571993,0.38945580037536576,False,True
2234,R07,P07,I08,T07_08,1.2274514726482888,3.100726200945934,0.383408758835361,False,True
2235,R07,P07,I08,T07_08,1.2707075778800552,3.163199401215542,0.3784008513417133,False,True
2236,R07,P07,I08,T07_08,1.3139636831118213,3.0687664582483096,0.374510224615923,False,True
2237,R07,P07,I08,T07_08,1.3572197883435877,3.055441939234705,0.37179759058679224,False,True
2238,R07,P07,I08,T07_08,1.400475893575354,3.1859686353046075,0.3703052790010817,False,True
2239,R07,P07,I08,T07_08,1.4437319988071204,3.1157212950942488,0.3700565768819698,False,True
2240,R07,P07,I08,T07_08,1.4869881040388866,3.1525920948417054,0.3710553651428447,False,True
2241,R08,P08,I01,T08_01,-0.2,2.9173174210776254,0.45,False,True
2242,R08,P08,I01,T08_01,-0.17455946305013129,2.815386682099961,0.45997397867081824,False,True
2243,R08,P08,I01,T08_01,-0.14911892610026253,2.8513535192111106,0.46979231674036187,False,True
2244,R08,P08,I01,T08_01,-0.12367838915039381,2.8521787806370984,0.4793018023268838,False,True
2245,R08,P08,I01,T08_01,-0.09823785220052507,2.8434379459974752,0.48835404308833624,False,True
2246,R08,P08,I01,T08_01,-0.07279731525065633,2.801008150378208,0.496807781835237,False,True
2247,R08,P08,I01,T08_01,-0.047356778300787605,2.898835707332716,0.5045311008018667,False,True
2248,R08,P08,I01,T08_01,-0.021916241350918853,2.8461391208695868,0.5114034801788822,False,True
2249,R08,P08,I01,T08_01,0.0035242955989498725,2.829992848190033,0.5173176787846318,False,True
2250,R08,P08,I01,T08_01,0.028964832548818598,2.775996264505994,0.5221814075279276,False,True
2251,R08,P08,I01,T08_01,0.05440536949868735,2.858210788131119,0.5259187695484469,False,True
2252,R08,P08,I01,T08_01,0.0798459064485561,2.903836466175459,0.5284714445618525,False,True
2253,R08,P08,I01,T08_01,0.1052864433984248,2.84199902489781,0.5297995989283244,False,True
2254,R08,P08,I01,T08_01,0.13072698034829355,2.896419442313909,0.5298825072431865,False,True
2255,R08,P08,I01,T08_01,0.1561675172981623,2.9318027621750837,0.5287188757499149,False,True
2256,R08,P08,I01,T08_01,0.181608054248031,2.961845236532171,0.5263268625287755,False,True
2257,R08,P08,I01,T08_01,0.20704859119789976,2.886427629900058,0.5227437941460545,False,True
2258,R08,P08,I01,T08_01,0.2324891281477685,2.9754143601662353,0.5180255831854762,False,True
2259,R08,P08,I01,T08_01,0.2579296650976372,2.8929692354264267,0.5122458557510337,False,True
2260,R08,P08,I01,T08_01,0.28337020204750596,3.05832127096972,0.5054948025562618,False,True
2261,R08,P08,I01,T08_01,0.3088107389973747,2.946988157491059,0.4978777715283165,False,True
2262,R08,P08,I01,T08_01,0.3342512759472434,2.9004135605752936,0.48951362388880715,False,True
2263,R08,P08,I01,T08_01,0.3596918128971122,2.956807475436656,0.48053287936418654,False,True
2264,R08,P08,I01,T08_01,0.3851323498469809,2.8914301396846582,0.4710756794690737,False,True
2265,R08,P08,I01,T08_01,0.4105728867968496,3.0095527543215757,0.4612896006447894,False,True
2266,R08,P08,I01,T08_01,0.4360134237467184,2.9599740559082406,0.45132735137834784,False,True
2267,R08,P08,I01,T08_01,0.4614539606965871,3.0518460892421513,0.44134438923759134,False,True
2268,R08,P08,I01,T08_01,0.4868944976464558,2.9801061206323545,0.43149649500783827,False,True
2269,R08,P08,I01,T08_01,0.5123350345963247,3.0943891976195275,0.42193734178483044,False,True
2270,R08,P08,I01,T08_01,0.5377755715461934,3.0893960375320315,0.4128160969574713,False,True
2271,R08,P08,I01,T08_01,0.5632161084960621,3.0964963547655455,0.4042750945006125,False,True
2272,R08,P08,I01,T08_01,0.5886566454459308,3.119346233967245,0.39644761390098116,False,True
2273,R08,P08,I01,T08_01,0.6140971823957995,3.0967102083898146,0.38945580037536576,False,True
2274,R08,P08,I01,T08_01,0.6395377193456682,3.0539974454372096,0.383408758835361,False,True
2275,R08,P08,I01,T08_01,0.6649782562955371,3.0764110972622194,0.3784008513417133,False,True
2276,R08,P08,I01,T08_01,0.6904187932454058,3.095117395517498,0.374510224615923,False,True
2277,R08,P08,I01,T08_01,0.7158593301952745,3.092336400730857,0.37179759058679224,False,True
2278,R08,P08,I01,T08_01,0.7412998671451432,3.0735886603849827,0.3703052790010817,False,True
2279,R08,P08,I01,T08_01,0.7667404040950119,,0.3700565768819698,True,False
2280,R08,P08,I01,T08_01,0.7921809410448807,3.014764969254773,0.3710553651428447,False,True
2281,R08,P08,I02,T08_02,-0.2,3.0779702332449514,0.45,False,True
2282,R08,P08,I02,T08_02,-0.16480035211045038,2.9839255255971393,0.45997397867081824,False,True
2283,R08,P08,I02,T08_02,-0.12960070422090075,2.9644302369790165,0.46979231674036187,False,True
2284,R08,P08,I02,T08_02,-0.09440105633135115,2.9179415175225807,0.4793018023268838,False,True
2285,R08,P08,I02,T08_02,-0.05920140844180152,3.0058596036827114,0.48835404308833624,False,True
2286,R08,P08,I02,T08_02,-0.024001760552251894,3.0226161200347197,0.496807781835237,False,True
2287,R08,P08,I02,T08_02,0.011197887337297707,,0.5045311008018667,True,False
2288,R08,P08,I02,T08_02,0.046397535226847336,3.014461601212536,0.5114034801788822,False,True
2289,R08,P08,I02,T08_02,0.08159718311639697,3.03163574547636,0.5173176787846318,False,True
2290,R08,P08,I02,T08_02,0.11679683100594657,3.0066406622352098,0.5221814075279276,False,True
2291,R08,P08,I02,T08_02,0.15199647889549622,3.0941980718726563,0.5259187695484469,False,True
2292,R08,P08,I02,T08_02,0.18719612678504582,3.001073505559237,0.5284714445618525,False,True
2293,R08,P08,I02,T08_02,0.22239577467459543,2.9981983016167013,0.5297995989283244,False,True
2294,R08,P08,I02,T08_02,0.2575954225641451,3.0706337591337207,0.5298825072431865,False,True
2295,R08,P08,I02,T08_02,0.2927950704536947,3.047242668881041,0.5287188757499149,False,True
2296,R08,P08,I02,T08_02,0.3279947183432443,3.1210815605020006,0.5263268625287755,False,True
2297,R08,P08,I02,T08_02,0.36319436623279394,3.0503018244296136,0.5227437941460545,False,True
2298,R08,P08,I02,T08_02,0.3983940141223436,,0.5180255831854762,True,False
2299,R08,P08,I02,T08_02,0.43359366201189314,3.1355637136894057,0.5122458557510337,False,True
2300,R08,P08,I02,T08_02,0.4687933099014428,3.157373288317949,0.5054948025562618,False,True
2301,R08,P08,I02,T08_02,0.5039929577909925,3.207637081138754,0.4978777715283165,False,True
2302,R08,P08,I02,T08_02,0.5391926056805421,3.15554836604581,0.48951362388880715,False,True
2303,R08,P08,I02,T08_02,0.5743922535700916,3.2556215118277585,0.48053287936418654,False,True
2304,R08,P08,I02,T08_02,0.6095919014596414,3.2251988419088122,0.4710756794690737,False,True
2305,R08,P08,I02,T08_02,0.6447915493491909,3.197533321968989,0.4612896006447894,False,True
2306,R08,P08,I02,T08_02,0.6799911972387405,3.1935986455826733,0.45132735137834784,False,True
2307,R08,P08,I02,T08_02,0.7151908451282902,3.2563037505716252,0.44134438923759134,False,True
2308,R08,P08,I02,T08_02,0.7503904930178398,3.224191360365924,0.43149649500783827,False,True
2309,R08,P08,I02,T08_02,0.7855901409073893,3.218895651404891,0.42193734178483044,False,True
2310,R08,P08,I02,T08_02,0.8207897887969391,3.09896363618285,0.4128160969574713,False,True
2311,R08,P08,I02,T08_02,0.8559894366864886,3.186745362740319,0.4042750945006125,False,True
2312,R08,P08,I02,T08_02,0.8911890845760384,3.1284866118557386,0.39644761390098116,False,True
2313,R08,P08,I02,T08_02,0.926388732465588,3.1360901440658027,0.38945580037536576,False,True
2314,R08,P08,I02,T08_02,0.9615883803551375,3.1654429995378592,0.383408758835361,False,True
2315,R08,P08,I02,T08_02,0.9967880282446873,3.050930679748876,0.3784008513417133,False,True
2316,R08,P08,I02,T08_02,1.0319876761342368,3.009038829487551,0.374510224615923,False,True
2317,R08,P08,I02,T08_02,1.0671873240237864,3.0189429382980144,0.37179759058679224,False,True
2318,R08,P08,I02,T08_02,1.1023869719133361,2.9740285904602453,0.3703052790010817,False,True
2319,R08,P08,I02,T08_02,1.1375866198028857,3.013308537626707,0.3700565768819698,False,True
2320,R08,P08,I02,T08_02,1.1727862676924352,2.9959859183777384,0.3710553651428447,False,True
2321,R08,P08,I03,T08_03,-0.2,3.2146974290727113,0.45,False,True
2322,R08,P08,I03,T08_03,-0.1719487032956386,3.2442313920195605,0.45997397867081824,False,True
2323,R08,P08,I03,T08_03,-0.14389740659127723,3.186530296547239,0.46979231674036187,False,True
2324,R08,P08,I03,T08_03,-0.11584610988691582,3.194737241367221,0.4793018023268838,False,True
2325,R08,P08,I03,T08_03,-0.08779481318255443,3.169371477026516,0.48835404308833624,False,True
2326,R08,P08,I03,T08_03,-0.05974351647819304,3.227175909754912,0.496807781835237,False,True
2327,R08,P08,I03,T08_03,-0.03169221977383163,3.1868540248010544,0.5045311008018667,False,True
2328,R08,P08,I03,T08_03,-0.0036409230694702532,3.134477767139387,0.5114034801788822,False,True
2329,R08,P08,I03,T08_03,0.024410373634891153,3.1448694943171813,0.5173176787846318,False,True
2330,R08,P08,I03,T08_03,0.05246167033925253,3.2518625263844543,0.5221814075279276,False,True
2331,R08,P08,I03,T08_03,0.08051296704361394,,0.5259187695484469,True,False
2332,R08,P08,I03,T08_03,0.10856426374797534,3.199479152103116,0.5284714445618525,False,True
2333,R08,P08,I03,T08_03,0.13661556045233675,3.1808812401560744,0.5297995989283244,False,True
2334,R08,P08,I03,T08_03,0.16466685715669815,3.2879340450179924,0.5298825072431865,False,True
2335,R08,P08,I03,T08_03,0.1927181538610595,3.2276182391397565,0.5287188757499149,False,True
2336,R08,P08,I03,T08_03,0.2207694505654209,3.249822440933201,0.5263268625287755,False,True
2337,R08,P08,I03,T08_03,0.24882074726978232,3.323140779630239,0.5227437941460545,False,True
2338,R08,P08,I03,T08_03,0.2768720439741437,3.366581666585079,0.5180255831854762,False,True
2339,R08,P08,I03,T08_03,0.3049233406785051,3.2571632488558375,0.5122458557510337,False,True
2340,R08,P08,I03,T08_03,0.33297463738286653,3.3420232516847523,0.5054948025562618,False,True
2341,R08,P08,I03,T08_03,0.3610259340872279,3.328835121561541,0.4978777715283165,False,True
2342,R08,P08,I03,T08_03,0.38907723079158935,3.3377211448660336,0.48951362388880715,False,True
2343,R08,P08,I03,T08_03,0.4171285274959507,,0.48053287936418654,True,False
2344,R08,P08,I03,T08_03,0.44517982420031205,3.415519446342319,0.4710756794690737,False,True
2345,R08,P08,I03,T08_03,0.4732311209046735,3.3575158446542264,0.4612896006447894,False,True
2346,R08,P08,I03,T08_03,0.5012824176090349,3.3837120195191317,0.45132735137834784,False,True
2347,R08,P08,I03,T08_03,0.5293337143133963,3.397003234039454,0.44134438923759134,False,True
2348,R08,P08,I03,T08_03,0.5573850110177576,3.393977046964871,0.43149649500783827,False,True
2349,R08,P08,I03,T08_03,0.585436307722119,3.4709642932405598,0.42193734178483044,False,True
2350,R08,P08,I03,T08_03,0.6134876044264805,3.4604442424972115,0.4128160969574713,False,True
2351,R08,P08,I03,T08_03,0.6415389011308419,3.391604986405329,0.4042750945006125,False,True
2352,R08,P08,I03,T08_03,0.6695901978352032,3.4776530621713357,0.39644761390098116,False,True
2353,R08,P08,I03,T08_03,0.6976414945395646,3.4266158425453535,0.38945580037536576,False,True
2354,R08,P08,I03,T08_03,0.7256927912439259,3.4179128813240993,0.383408758835361,False,True
2355,R08,P08,I03,T08_03,0.7537440879482875,3.3339713705319918,0.3784008513417133,False,True
2356,R08,P08,I03,T08_03,0.7817953846526489,3.4306836962707026,0.374510224615923,False,True
2357,R08,P08,I03,T08_03,0.8098466813570102,3.467636308030456,0.37179759058679224,False,True
2358,R08,P08,I03,T08_03,0.8378979780613718,,0.3703052790010817,True,False
2359,R08,P08,I03,T08_03,0.8659492747657331,3.3577961757234425,0.3700565768819698,False,True
2360,R08,P08,I03,T08_03,0.8940005714700945,3.3764939478439895,0.3710553651428447,False,True
2361,R08,P08,I04,T08_04,-0.2,3.0013112923813003,0.45,False,True
2362,R08,P08,I04,T08_04,-0.1577304182351023,2.9233790876709187,0.45997397867081824,False,True
2363,R08,P08,I04,T08_04,-0.11546083647020464,2.9817180423155434,0.46979231674036187,False,True
2364,R08,P08,I04,T08_04,-0.07319125470530696,,0.4793018023268838,True,False
2365,R08,P08,I04,T08_04,-0.03092167294040926,2.9836217569885255,0.48835404308833624,False,True
2366,R08,P08,I04,T08_04,0.01134790882448844,2.964257933254801,0.496807781835237,False,True
2367,R08,P08,I04,T08_04,0.053617490589386085,2.89226903012177,0.5045311008018667,False,True
2368,R08,P08,I04,T08_04,0.09588707235428379,3.0213937771440746,0.5114034801788822,False,True
2369,R08,P08,I04,T08_04,0.1381566541191815,2.925604220533386,0.5173176787846318,False,True
2370,R08,P08,I04,T08_04,0.1804262358840792,3.0251385003468245,0.5221814075279276,False,True
2371,R08,P08,I04,T08_04,0.2226958176489769,3.021182618967601,0.5259187695484469,False,True
2372,R08,P08,I04,T08_04,0.26496539941387454,3.0273698117863916,0.5284714445618525,False,True
2373,R08,P08,I04,T08_04,0.3072349811787722,3.0841153276076447,0.5297995989283244,False,True
2374,R08,P08,I04,T08_04,0.3495045629436699,3.085235824835302,0.5298825072431865,False,True
2375,R08,P08,I04,T08_04,0.3917741447085676,3.0611829335334004,0.5287188757499149,False,True
2376,R08,P08,I04,T08_04,0.4340437264734653,3.103464053653475,0.5263268625287755,False,True
2377,R08,P08,I04,T08_04,0.476313308238363,3.176915934308583,0.5227437941460545,False,True
2378,R08,P08,I04,T08_04,0.5185828900032607,3.1738890050826933,0.5180255831854762,False,True
2379,R08,P08,I04,T08_04,0.5608524717681584,3.1147902466132256,0.5122458557510337,False,True
2380,R08,P08,I04,T08_04,0.6031220535330561,,0.5054948025562618,True,False
2381,R08,P08,I04,T08_04,0.6453916352979538,3.3118950010681387,0.4978777715283165,False,True
2382,R08,P08,I04,T08_04,0.6876612170628513,3.215372309524615,0.48951362388880715,False,True
2383,R08,P08,I04,T08_04,0.729930798827749,3.1122144452757614,0.48053287936418654,False,True
2384,R08,P08,I04,T08_04,0.7722003805926467,3.2308521007368225,0.4710756794690737,False,True
2385,R08,P08,I04,T08_04,0.8144699623575444,3.1529838456459207,0.4612896006447894,False,True
2386,R08,P08,I04,T08_04,0.8567395441224421,3.194567403341197,0.45132735137834784,False,True
2387,R08,P08,I04,T08_04,0.8990091258873398,3.078800477046372,0.44134438923759134,False,True
2388,R08,P08,I04,T08_04,0.9412787076522375,3.0857336821079855,0.43149649500783827,False,True
2389,R08,P08,I04,T08_04,0.9835482894171352,3.1177473600781442,0.42193734178483044,False,True
2390,R08,P08,I04,T08_04,1.025817871182033,2.9556748747921215,0.4128160969574713,False,True
2391,R08,P08,I04,T08_04,1.0680874529469306,3.0452670650898543,0.4042750945006125,False,True
2392,R08,P08,I04,T08_04,1.1103570347118283,2.9871889434887104,0.39644761390098116,False,True
2393,R08,P08,I04,T08_04,1.152626616476726,2.9630036996368223,0.38945580037536576,False,True
2394,R08,P08,I04,T08_04,1.1948961982416237,2.946800472858207,0.383408758835361,False,True
2395,R08,P08,I04,T08_04,1.2371657800065214,3.0474758341582993,0.3784008513417133,False,True
2396,R08,P08,I04,T08_04,1.2794353617714191,2.9442479746472374,0.374510224615923,False,True
2397,R08,P08,I04,T08_04,1.3217049435363168,2.966995008248372,0.37179759058679224,False,True
2398,R08,P08,I04,T08_04,1.3639745253012145,2.964322433234185,0.3703052790010817,False,True
2399,R08,P08,I04,T08_04,1.4062441070661122,2.9422452473229206,0.3700565768819698,False,True
2400,R08,P08,I04,T08_04,1.4485136888310097,3.0000345584472474,0.3710553651428447,False,True
2401,R08,P08,I05,T08_05,-0.2,3.217126662374234,0.45,False,True
2402,R08,P08,I05,T08_05,-0.16178961753790844,3.1958289440465864,0.45997397867081824,False,True
2403,R08,P08,I05,T08_05,-0.12357923507581683,3.1316281796194607,0.46979231674036187,False,True
2404,R08,P08,I05,T08_05,-0.08536885261372525,3.0716804607308013,0.4793018023268838,False,True
2405,R08,P08,I05,T08_05,-0.04715847015163366,3.1557659945837027,0.48835404308833624,False,True
2406,R08,P08,I05,T08_05,-0.008948087689542084,3.141931753067013,0.496807781835237,False,True
2407,R08,P08,I05,T08_05,0.02926229477254952,3.17005862772374,0.5045311008018667,False,True
2408,R08,P08,I05,T08_05,0.06747267723464112,3.052929182708654,0.5114034801788822,False,True
2409,R08,P08,I05,T08_05,0.1056830596967327,3.2114971999347994,0.5173176787846318,False,True
2410,R08,P08,I05,T08_05,0.14389344215882427,3.1174623261445507,0.5221814075279276,False,True
2411,R08,P08,I05,T08_05,0.18210382462091584,3.20923681175522,0.5259187695484469,False,True
2412,R08,P08,I05,T08_05,0.22031420708300747,3.208491402687138,0.5284714445618525,False,True
2413,R08,P08,I05,T08_05,0.25852458954509905,3.1428568962936163,0.5297995989283244,False,True
2414,R08,P08,I05,T08_05,0.2967349720071906,3.2852528286675864,0.5298825072431865,False,True
2415,R08,P08,I05,T08_05,0.33494535446928225,3.1914750030410826,0.5287188757499149,False,True
2416,R08,P08,I05,T08_05,0.37315573693137377,3.2833582626147644,0.5263268625287755,False,True
2417,R08,P08,I05,T08_05,0.4113661193934654,3.3463791192442685,0.5227437941460545,False,True
2418,R08,P08,I05,T08_05,0.44957650185555703,3.340933024370359,0.5180255831854762,False,True
2419,R08,P08,I05,T08_05,0.48778688431764855,3.299360967026375,0.5122458557510337,False,True
2420,R08,P08,I05,T08_05,0.5259972667797401,3.3779981423491736,0.5054948025562618,False,True
2421,R08,P08,I05,T08_05,0.5642076492418318,3.374966654888415,0.4978777715283165,False,True
2422,R08,P08,I05,T08_05,0.6024180317039234,3.375108881718172,0.48951362388880715,False,True
2423,R08,P08,I05,T08_05,0.640628414166015,3.4144920215825887,0.48053287936418654,False,True
2424,R08,P08,I05,T08_05,0.6788387966281064,3.3597132415716016,0.4710756794690737,False,True
2425,R08,P08,I05,T08_05,0.717049179090198,3.316096171084595,0.4612896006447894,False,True
2426,R08,P08,I05,T08_05,0.7552595615522897,3.3524178226997545,0.45132735137834784,False,True
2427,R08,P08,I05,T08_05,0.7934699440143813,3.322356623805961,0.44134438923759134,False,True
2428,R08,P08,I05,T08_05,0.8316803264764729,3.308487856192775,0.43149649500783827,False,True
2429,R08,P08,I05,T08_05,0.8698907089385646,3.3804626413918295,0.42193734178483044,False,True
2430,R08,P08,I05,T08_05,0.9081010914006562,3.3450064273214015,0.4128160969574713,False,True
2431,R08,P08,I05,T08_05,0.9463114738627476,3.271779030264613,0.4042750945006125,False,True
2432,R08,P08,I05,T08_05,0.9845218563248392,3.264490732021024,0.39644761390098116,False,True
2433,R08,P08,I05,T08_05,1.0227322387869309,3.2573684796662845,0.38945580037536576,False,True
2434,R08,P08,I05,T08_05,1.0609426212490225,3.27317693351843,0.383408758835361,False,True
2435,R08,P08,I05,T08_05,1.0991530037111141,3.2026915847325728,0.3784008513417133,False,True
2436,R08,P08,I05,T08_05,1.1373633861732055,3.1090254682148424,0.374510224615923,False,True
2437,R08,P08,I05,T08_05,1.1755737686352972,3.1897355718493445,0.37179759058679224,False,True
2438,R08,P08,I05,T08_05,1.2137841510973888,3.338195678269411,0.3703052790010817,False,True
2439,R08,P08,I05,T08_05,1.2519945335594804,3.1460018269703833,0.3700565768819698,False,True
2440,R08,P08,I05,T08_05,1.290204916021572,3.2268154332867867,0.3710553651428447,False,True
2441,R08,P08,I06,T08_06,-0.2,3.089869423248292,0.45,False,True
2442,R08,P08,I06,T08_06,-0.15541393402605053,3.176325487465469,0.45997397867081824,False,True
2443,R08,P08,I06,T08_06,-0.11082786805210106,3.054634063281974,0.46979231674036187,False,True
2444,R08,P08,I06,T08_06,-0.06624180207815158,3.15984834947021,0.4793018023268838,False,True
2445,R08,P08,I06,T08_06,-0.0216557361042021,3.0934783087144426,0.48835404308833624,False,True
2446,R08,P08,I06,T08_06,0.022930329869747385,3.0890802840811618,0.496807781835237,False,True
2447,R08,P08,I06,T08_06,0.06751639584369684,3.1529609406523305,0.5045311008018667,False,True
2448,R08,P08,I06,T08_06,0.11210246181764633,3.1541564531125297,0.5114034801788822,False,True
2449,R08,P08,I06,T08_06,0.1566885277915958,3.124246016960563,0.5173176787846318,False,True
2450,R08,P08,I06,T08_06,0.2012745937655453,3.1686048195220886,0.5221814075279276,False,True
2451,R08,P08,I06,T08_06,0.24586065973949478,3.1718309876486908,0.5259187695484469,False,True
2452,R08,P08,I06,T08_06,0.29044672571344426,3.1824579105269337,0.5284714445618525,False,True
2453,R08,P08,I06,T08_06,0.3350327916873937,3.2792869608892796,0.5297995989283244,False,True
2454,R08,P08,I06,T08_06,0.37961885766134323,3.291580213543293,0.5298825072431865,False,True
2455,R08,P08,I06,T08_06,0.42420492363529266,3.299401122225613,0.5287188757499149,False,True
2456,R08,P08,I06,T08_06,0.4687909896092422,3.2914815526831127,0.5263268625287755,False,True
2457,R08,P08,I06,T08_06,0.5133770555831916,3.2584633257758804,0.5227437941460545,False,True
2458,R08,P08,I06,T08_06,0.557963121557141,3.340700524705561,0.5180255831854762,False,True
2459,R08,P08,I06,T08_06,0.6025491875310907,3.332175957001183,0.5122458557510337,False,True
2460,R08,P08,I06,T08_06,0.6471352535050401,3.2875257185647504,0.5054948025562618,False,True
2461,R08,P08,I06,T08_06,0.6917213194789895,3.318344844322673,0.4978777715283165,False,True
2462,R08,P08,I06,T08_06,0.736307385452939,3.376579492763451,0.48951362388880715,False,True
2463,R08,P08,I06,T08_06,0.7808934514268886,3.3783478869197814,0.48053287936418654,False,True
2464,R08,P08,I06,T08_06,0.825479517400838,3.3382039922956563,0.4710756794690737,False,True
2465,R08,P08,I06,T08_06,0.8700655833747875,3.332167990298816,0.4612896006447894,False,True
2466,R08,P08,I06,T08_06,0.9146516493487369,3.228834398842957,0.45132735137834784,False,True
2467,R08,P08,I06,T08_06,0.9592377153226865,3.206941386479561,0.44134438923759134,False,True
2468,R08,P08,I06,T08_06,1.003823781296636,3.189887235654395,0.43149649500783827,False,True
2469,R08,P08,I06,T08_06,1.0484098472705854,3.147482509520912,0.42193734178483044,False,True
2470,R08,P08,I06,T08_06,1.0929959132445348,3.1356473461618055,0.4128160969574713,False,True
2471,R08,P08,I06,T08_06,1.1375819792184845,3.1463953311127746,0.4042750945006125,False,True
2472,R08,P08,I06,T08_06,1.182168045192434,3.1712418224173824,0.39644761390098116,False,True
2473,R08,P08,I06,T08_06,1.2267541111663833,3.1476789834261787,0.38945580037536576,False,True
2474,R08,P08,I06,T08_06,1.2713401771403328,3.207574643601451,0.383408758835361,False,True
2475,R08,P08,I06,T08_06,1.3159262431142822,3.0875000293533,0.3784008513417133,False,True
2476,R08,P08,I06,T08_06,1.3605123090882318,3.1236864342908994,0.374510224615923,False,True
2477,R08,P08,I06,T08_06,1.4050983750621813,3.097307919039595,0.37179759058679224,False,True
2478,R08,P08,I06,T08_06,1.4496844410361307,3.0739446925576,0.3703052790010817,False,True
2479,R08,P08,I06,T08_06,1.4942705070100801,3.0847034002284865,0.3700565768819698,False,True
2480,R08,P08,I06,T08_06,1.5388565729840298,3.206030404004145,0.3710553651428447,False,True
2481,R08,P08,I07,T08_07,-0.2,3.4314655438855164,0.45,False,True
2482,R08,P08,I07,T08_07,-0.13484400794443274,,0.45997397867081824,True,False
2483,R08,P08,I07,T08_07,-0.0696880158888655,3.432778432676825,0.46979231674036187,False,True
2484,R08,P08,I07,T08_07,-0.00453202383329826,3.406495594407254,0.4793018023268838,False,True
2485,R08,P08,I07,T08_07,0.06062396822226901,3.479825426431296,0.48835404308833624,False,True
2486,R08,P08,I07,T08_07,0.12577996027783628,3.4594300245801035,0.496807781835237,False,True
2487,R08,P08,I07,T08_07,0.1909359523334035,3.577920317670513,0.5045311008018667,False,True
2488,R08,P08,I07,T08_07,0.25609194438897076,3.418654237395043,0.5114034801788822,False,True
2489,R08,P08,I07,T08_07,0.32124793644453803,3.4885107910419113,0.5173176787846318,False,True
2490,R08,P08,I07,T08_07,0.38640392850010524,3.562302793907395,0.5221814075279276,False,True
2491,R08,P08,I07,T08_07,0.45155992055567257,3.5361640436095296,0.5259187695484469,False,True
2492,R08,P08,I07,T08_07,0.5167159126112397,3.589664557196566,0.5284714445618525,False,True
2493,R08,P08,I07,T08_07,0.581871904666807,3.7170705025857442,0.5297995989283244,False,True
2494,R08,P08,I07,T08_07,0.6470278967223744,3.679962953798379,0.5298825072431865,False,True
2495,R08,P08,I07,T08_07,0.7121838887779415,3.7157362822609907,0.5287188757499149,False,True
2496,R08,P08,I07,T08_07,0.7773398808335088,3.6139187484286692,0.5263268625287755,False,True
2497,R08,P08,I07,T08_07,0.8424958728890761,3.5687514278907786,0.5227437941460545,False,True
2498,R08,P08,I07,T08_07,0.9076518649446434,3.538840541228293,0.5180255831854762,False,True
2499,R08,P08,I07,T08_07,0.9728078570002106,3.437194968038478,0.5122458557510337,False,True
2500,R08,P08,I07,T08_07,1.0379638490557779,3.402586970803991,0.5054948025562618,False,True
2501,R08,P08,I07,T08_07,1.1031198411113452,3.440795166482467,0.4978777715283165,False,True
2502,R08,P08,I07,T08_07,1.1682758331669123,3.39353056578723,0.48951362388880715,False,True
2503,R08,P08,I07,T08_07,1.2334318252224796,3.337500536858193,0.48053287936418654,False,True
2504,R08,P08,I07,T08_07,1.298587817278047,3.4573961596983644,0.4710756794690737,False,True
2505,R08,P08,I07,T08_07,1.363743809333614,3.4125254784833063,0.4612896006447894,False,True
2506,R08,P08,I07,T08_07,1.4288998013891814,3.4657731038770723,0.45132735137834784,False,True
2507,R08,P08,I07,T08_07,1.4940557934447487,3.3284742887346903,0.44134438923759134,False,True
2508,R08,P08,I07,T08_07,1.559211785500316,3.421886220984422,0.43149649500783827,False,True
2509,R08,P08,I07,T08_07,1.6243677775558831,3.4477969164349704,0.42193734178483044,False,True
2510,R08,P08,I07,T08_07,1.6895237696114505,3.4079412584649735,0.4128160969574713,False,True
2511,R08,P08,I07,T08_07,1.7546797616670178,3.4996879752327867,0.4042750945006125,False,True
2512,R08,P08,I07,T08_07,1.8198357537225849,3.329919996110839,0.39644761390098116,False,True
2513,R08,P08,I07,T08_07,1.8849917457781522,3.3729589470287684,0.38945580037536576,False,True
2514,R08,P08,I07,T08_07,1.9501477378337195,3.3447394582884082,0.383408758835361,False,True
2515,R08,P08,I07,T08_07,2.0153037298892866,3.332907775165485,0.3784008513417133,False,True
2516,R08,P08,I07,T08_07,2.080459721944854,3.3745870775296694,0.374510224615923,False,True
2517,R08,P08,I07,T08_07,2.145615714000421,3.4790315717058693,0.37179759058679224,False,True
2518,R08,P08,I07,T08_07,2.210771706055988,3.36235162571886,0.3703052790010817,False,True
2519,R08,P08,I07,T08_07,2.2759276981115555,3.315927792144444,0.3700565768819698,False,True
2520,R08,P08,I07,T08_07,2.341083690167123,3.3623518165786854,0.3710553651428447,False,True
2521,R08,P08,I08,T08_08,-0.2,3.0630523035538633,0.45,False,True
2522,R08,P08,I08,T08_08,-0.15947955906522068,3.177897844678083,0.45997397867081824,False,True
2523,R08,P08,I08,T08_08,-0.11895911813044135,3.089256558944015,0.46979231674036187,False,True
2524,R08,P08,I08,T08_08,-0.07843867719566203,3.14076337520138,0.4793018023268838,False,True
2525,R08,P08,I08,T08_08,-0.0379182362608827,3.108178121702758,0.48835404308833624,False,True
2526,R08,P08,I08,T08_08,0.00260220467389663,3.1199583500083246,0.496807781835237,False,True
2527,R08,P08,I08,T08_08,0.04312264560867596,3.1682492562310576,0.5045311008018667,False,True
2528,R08,P08,I08,T08_08,0.08364308654345526,3.094715721600026,0.5114034801788822,False,True
2529,R08,P08,I08,T08_08,0.12416352747823461,3.201454412281725,0.5173176787846318,False,True
2530,R08,P08,I08,T08_08,0.16468396841301397,3.0708941445227143,0.5221814075279276,False,True
2531,R08,P08,I08,T08_08,0.20520440934779327,3.124129447113217,0.5259187695484469,False,True
2532,R08,P08,I08,T08_08,0.24572485028257257,3.1184556906196494,0.5284714445618525,False,True
2533,R08,P08,I08,T08_08,0.2862452912173519,3.1587535833629543,0.5297995989283244,False,True
2534,R08,P08,I08,T08_08,0.3267657321521313,3.1934475042337507,0.5298825072431865,False,True
2535,R08,P08,I08,T08_08,0.36728617308691053,3.123057099193041,0.5287188757499149,False,True
2536,R08,P08,I08,T08_08,0.4078066140216899,3.29181195486798,0.5263268625287755,False,True
2537,R08,P08,I08,T08_08,0.44832705495646924,3.203682920418146,0.5227437941460545,False,True
2538,R08,P08,I08,T08_08,0.4888474958912486,3.2188354970407587,0.5180255831854762,False,True
2539,R08,P08,I08,T08_08,0.529367936826028,3.298462028473675,0.5122458557510337,False,True
2540,R08,P08,I08,T08_08,0.5698883777608073,3.3445968064521594,0.5054948025562618,False,True
2541,R08,P08,I08,T08_08,0.6104088186955865,3.3708721863213764,0.4978777715283165,False,True
2542,R08,P08,I08,T08_08,0.650929259630366,3.346769469299129,0.48951362388880715,False,True
2543,R08,P08,I08,T08_08,0.6914497005651452,3.3310779028799047,0.48053287936418654,False,True
2544,R08,P08,I08,T08_08,0.7319701414999245,3.2667405725793452,0.4710756794690737,False,True
2545,R08,P08,I08,T08_08,0.7724905824347039,3.2962441864486816,0.4612896006447894,False,True
2546,R08,P08,I08,T08_08,0.8130110233694832,3.3013535852620453,0.45132735137834784,False,True
2547,R08,P08,I08,T08_08,0.8535314643042626,3.330792829269224,0.44134438923759134,False,True
2548,R08,P08,I08,T08_08,0.8940519052390419,3.338384575574849,0.43149649500783827,False,True
2549,R08,P08,I08,T08_08,0.9345723461738211,3.175770713968488,0.42193734178483044,False,True
2550,R08,P08,I08,T08_08,0.9750927871086006,3.3010982010644625,0.4128160969574713,False,True
2551,R08,P08,I08,T08_08,1.0156132280433798,3.2155453707507546,0.4042750945006125,False,True
2552,R08,P08,I08,T08_08,1.0561336689781593,3.1598134529647983,0.39644761390098116,False,True
2553,R08,P08,I08,T08_08,1.0966541099129385,3.1683241122817756,0.38945580037536576,False,True
2554,R08,P08,I08,T08_08,1.1371745508477178,3.0722222877451224,0.383408758835361,False,True
2555,R08,P08,I08,T08_08,1.1776949917824973,3.1664344177107475,0.3784008513417133,False,True
2556,R08,P08,I08,T08_08,1.2182154327172765,3.163981017840534,0.374510224615923,False,True
2557,R08,P08,I08,T08_08,1.258735873652056,3.0913828391459734,0.37179759058679224,False,True
2558,R08,P08,I08,T08_08,1.2992563145868352,3.248671582899271,0.3703052790010817,False,True
2559,R08,P08,I08,T08_08,1.3397767555216145,3.041247627515198,0.3700565768819698,False,True
2560,R08,P08,I08,T08_08,1.380297196456394,3.0991222240232577,0.3710553651428447,False,True
2561,R09,P09,I01,T09_01,-0.2,3.104071697298589,0.45,False,True
2562,R09,P09,I01,T09_01,-0.16396631031459968,3.156807832817095,0.45997397867081824,False,True
2563,R09,P09,I01,T09_01,-0.12793262062919936,3.1331446640103486,0.46979231674036187,False,True
2564,R09,P09,I01,T09_01,-0.09189893094379906,3.058198683125698,0.4793018023268838,False,True
2565,R09,P09,I01,T09_01,-0.05586524125839873,3.1064449361896136,0.48835404308833624,False,True
2566,R09,P09,I01,T09_01,-0.0198315515729984,3.1246333966156286,0.496807781835237,False,True
2567,R09,P09,I01,T09_01,0.016202138112401898,3.112076451194632,0.5045311008018667,False,True
2568,R09,P09,I01,T09_01,0.052235827797802226,3.161956901258667,0.5114034801788822,False,True
2569,R09,P09,I01,T09_01,0.08826951748320255,3.1543889357534303,0.5173176787846318,False,True
2570,R09,P09,I01,T09_01,0.12430320716860288,3.159014192600931,0.5221814075279276,False,True
2571,R09,P09,I01,T09_01,0.1603368968540032,3.1935766001366335,0.5259187695484469,False,True
2572,R09,P09,I01,T09_01,0.19637058653940354,3.133409386394704,0.5284714445618525,False,True
2573,R09,P09,I01,T09_01,0.2324042762248038,3.224922266270619,0.5297995989283244,False,True
2574,R09,P09,I01,T09_01,0.26843796591020413,3.2695597863469046,0.5298825072431865,False,True
2575,R09,P09,I01,T09_01,0.30447165559560446,3.211211575703861,0.5287188757499149,False,True
2576,R09,P09,I01,T09_01,0.3405053452810048,3.3191248341997333,0.5263268625287755,False,True
2577,R09,P09,I01,T09_01,0.3765390349664051,3.2869576459969094,0.5227437941460545,False,True
2578,R09,P09,I01,T09_01,0.41257272465180544,3.1861100730068674,0.5180255831854762,False,True
2579,R09,P09,I01,T09_01,0.44860641433720577,3.370275687234807,0.5122458557510337,False,True
2580,R09,P09,I01,T09_01,0.4846401040226061,3.4191191792324265,0.5054948025562618,False,True
2581,R09,P09,I01,T09_01,0.5206737937080064,3.3399648798380235,0.4978777715283165,False,True
2582,R09,P09,I01,T09_01,0.5567074833934067,3.400626398696886,0.48951362388880715,False,True
2583,R09,P09,I01,T09_01,0.592741173078807,3.373209730864707,0.48053287936418654,False,True
2584,R09,P09,I01,T09_01,0.6287748627642074,3.3747627602026595,0.4710756794690737,False,True
2585,R09,P09,I01,T09_01,0.6648085524496077,3.365727511358328,0.4612896006447894,False,True
2586,R09,P09,I01,T09_01,0.700842242135008,3.387224010211648,0.45132735137834784,False,True
2587,R09,P09,I01,T09_01,0.7368759318204083,,0.44134438923759134,True,False
2588,R09,P09,I01,T09_01,0.7729096215058087,3.30796742521751,0.43149649500783827,False,True
2589,R09,P09,I01,T09_01,0.808943311191209,3.337154965844298,0.42193734178483044,False,True
2590,R09,P09,I01,T09_01,0.8449770008766093,3.297778849860386,0.4128160969574713,False,True
2591,R09,P09,I01,T09_01,0.8810106905620096,3.3300224913184917,0.4042750945006125,False,True
2592,R09,P09,I01,T09_01,0.91704438024741,3.3142195789789186,0.39644761390098116,False,True
2593,R09,P09,I01,T09_01,0.9530780699328103,3.308432091230827,0.38945580037536576,False,True
2594,R09,P09,I01,T09_01,0.9891117596182106,3.2362881193213093,0.383408758835361,False,True
2595,R09,P09,I01,T09_01,1.025145449303611,3.1730620504785425,0.3784008513417133,False,True
2596,R09,P09,I01,T09_01,1.0611791389890113,3.1644245683832524,0.374510224615923,False,True
2597,R09,P09,I01,T09_01,1.0972128286744116,3.2295264444174343,0.37179759058679224,False,True
2598,R09,P09,I01,T09_01,1.133246518359812,3.1939295436259636,0.3703052790010817,False,True
2599,R09,P09,I01,T09_01,1.1692802080452123,3.2201025897042648,0.3700565768819698,False,True
2600,R09,P09,I01,T09_01,1.2053138977306126,3.1282145137764132,0.3710553651428447,False,True
2601,R09,P09,I02,T09_02,-0.2,3.4823430246625793,0.45,False,True
2602,R09,P09,I02,T09_02,-0.16223207778050389,3.582599445694784,0.45997397867081824,False,True
2603,R09,P09,I02,T09_02,-0.12446415556100775,3.5036963837254,0.46979231674036187,False,True
2604,R09,P09,I02,T09_02,-0.08669623334151161,3.4854822030324017,0.4793018023268838,False,True
2605,R09,P09,I02,T09_02,-0.04892831112201548,3.54005077038037,0.48835404308833624,False,True
2606,R09,P09,I02,T09_02,-0.011160388902519358,3.5502632249736683,0.496807781835237,False,True
2607,R09,P09,I02,T09_02,0.026607533316976795,,0.5045311008018667,True,False
2608,R09,P09,I02,T09_02,0.06437545553647289,3.580851672137128,0.5114034801788822,False,True
2609,R09,P09,I02,T09_02,0.10214337775596904,3.58287355411712,0.5173176787846318,False,True
2610,R09,P09,I02,T09_02,0.1399112999754652,3.5265139008378146,0.5221814075279276,False,True
2611,R09,P09,I02,T09_02,0.1776792221949613,3.4716160618319742,0.5259187695484469,False,True
2612,R09,P09,I02,T09_02,0.21544714441445745,3.5394659146786296,0.5284714445618525,False,True
2613,R09,P09,I02,T09_02,0.2532150666339536,3.5846707279122554,0.5297995989283244,False,True
2614,R09,P09,I02,T09_02,0.2909829888534497,3.644940692305643,0.5298825072431865,False,True
2615,R09,P09,I02,T09_02,0.3287509110729458,3.637450938164507,0.5287188757499149,False,True
2616,R09,P09,I02,T09_02,0.366518833292442,3.6982153589389384,0.5263268625287755,False,True
2617,R09,P09,I02,T09_02,0.4042867555119381,3.7003860542091784,0.5227437941460545,False,True
2618,R09,P09,I02,T09_02,0.4420546777314342,3.699378251058854,0.5180255831854762,False,True
2619,R09,P09,I02,T09_02,0.4798225999509304,3.7459429920036467,0.5122458557510337,False,True
2620,R09,P09,I02,T09_02,0.5175905221704264,3.7364901656517615,0.5054948025562618,False,True
2621,R09,P09,I02,T09_02,0.5553584443899227,3.7546194840204272,0.4978777715283165,False,True
2622,R09,P09,I02,T09_02,0.5931263666094189,3.748709114285682,0.48951362388880715,False,True
2623,R09,P09,I02,T09_02,0.6308942888289149,3.743725793539815,0.48053287936418654,False,True
2624,R09,P09,I02,T09_02,0.6686622110484111,3.7836690121161882,0.4710756794690737,False,True
2625,R09,P09,I02,T09_02,0.7064301332679073,3.8304708347803342,0.4612896006447894,False,True
2626,R09,P09,I02,T09_02,0.7441980554874033,3.67755539073845,0.45132735137834784,False,True
2627,R09,P09,I02,T09_02,0.7819659777068995,3.6859857464421806,0.44134438923759134,False,True
2628,R09,P09,I02,T09_02,0.8197338999263957,3.6983917000257747,0.43149649500783827,False,True
2629,R09,P09,I02,T09_02,0.8575018221458917,3.688986511073737,0.42193734178483044,False,True
2630,R09,P09,I02,T09_02,0.8952697443653879,3.6888697265622983,0.4128160969574713,False,True
2631,R09,P09,I02,T09_02,0.9330376665848841,3.7614480197317093,0.4042750945006125,False,True
2632,R09,P09,I02,T09_02,0.9708055888043801,3.6542364698672225,0.39644761390098116,False,True
2633,R09,P09,I02,T09_02,1.0085735110238763,3.619305131882351,0.38945580037536576,False,True
2634,R09,P09,I02,T09_02,1.0463414332433725,3.5345833466843666,0.383408758835361,False,True
2635,R09,P09,I02,T09_02,1.0841093554628685,3.5677389582604073,0.3784008513417133,False,True
2636,R09,P09,I02,T09_02,1.1218772776823647,3.5423343485491467,0.374510224615923,False,True
2637,R09,P09,I02,T09_02,1.1596451999018609,3.5060663272979733,0.37179759058679224,False,True
2638,R09,P09,I02,T09_02,1.1974131221213569,3.5633802552579783,0.3703052790010817,False,True
2639,R09,P09,I02,T09_02,1.235181044340853,3.5539493370390844,0.3700565768819698,False,True
2640,R09,P09,I02,T09_02,1.272948966560349,3.5552729991518333,0.3710553651428447,False,True
2641,R09,P09,I03,T09_03,-0.2,3.212038923899911,0.45,False,True
2642,R09,P09,I03,T09_03,-0.16360180402739505,3.2686461285726285,0.45997397867081824,False,True
2643,R09,P09,I03,T09_03,-0.1272036080547901,3.2589538901365893,0.46979231674036187,False,True
2644,R09,P09,I03,T09_03,-0.09080541208218516,3.1839642820853062,0.4793018023268838,False,True
2645,R09,P09,I03,T09_03,-0.054407216109580214,3.265567431310268,0.48835404308833624,False,True
2646,R09,P09,I03,T09_03,-0.01800902013697525,3.258109780846005,0.496807781835237,False,True
2647,R09,P09,I03,T09_03,0.018389175835629684,3.1942876351437186,0.5045311008018667,False,True
2648,R09,P09,I03,T09_03,0.05478737180823462,3.234893856247159,0.5114034801788822,False,True
2649,R09,P09,I03,T09_03,0.09118556778083958,3.1915793637863614,0.5173176787846318,False,True
2650,R09,P09,I03,T09_03,0.12758376375344455,3.328701912899929,0.5221814075279276,False,True
2651,R09,P09,I03,T09_03,0.1639819597260495,,0.5259187695484469,True,False
2652,R09,P09,I03,T09_03,0.20038015569865442,3.2444039783763965,0.5284714445618525,False,True
2653,R09,P09,I03,T09_03,0.23677835167125938,3.3241238822954564,0.5297995989283244,False,True
2654,R09,P09,I03,T09_03,0.27317654764386434,3.344907907817455,0.5298825072431865,False,True
2655,R09,P09,I03,T09_03,0.30957474361646925,3.294788501285018,0.5287188757499149,False,True
2656,R09,P09,I03,T09_03,0.3459729395890742,3.307997676434843,0.5263268625287755,False,True
2657,R09,P09,I03,T09_03,0.3823711355616792,3.324155890354478,0.5227437941460545,False,True
2658,R09,P09,I03,T09_03,0.41876933153428414,3.3650809951183214,0.5180255831854762,False,True
2659,R09,P09,I03,T09_03,0.4551675275068891,3.3698549148084314,0.5122458557510337,False,True
2660,R09,P09,I03,T09_03,0.49156572347949407,3.3914966543043787,0.5054948025562618,False,True
2661,R09,P09,I03,T09_03,0.5279639194520991,3.3740799984414984,0.4978777715283165,False,True
2662,R09,P09,I03,T09_03,0.5643621154247038,3.486685275064742,0.48951362388880715,False,True
2663,R09,P09,I03,T09_03,0.6007603113973088,3.4486963744558605,0.48053287936418654,False,True
2664,R09,P09,I03,T09_03,0.6371585073699138,3.4490807796995355,0.4710756794690737,False,True
2665,R09,P09,I03,T09_03,0.6735567033425187,3.4787336193866985,0.4612896006447894,False,True
2666,R09,P09,I03,T09_03,0.7099548993151237,3.405877484322391,0.45132735137834784,False,True
2667,R09,P09,I03,T09_03,0.7463530952877286,,0.44134438923759134,True,False
2668,R09,P09,I03,T09_03,0.7827512912603336,3.5051366382013103,0.43149649500783827,False,True
2669,R09,P09,I03,T09_03,0.8191494872329386,3.365879790859237,0.42193734178483044,False,True
2670,R09,P09,I03,T09_03,0.8555476832055435,3.4416265880111596,0.4128160969574713,False,True
2671,R09,P09,I03,T09_03,0.8919458791781485,3.3861555142957527,0.4042750945006125,False,True
2672,R09,P09,I03,T09_03,0.9283440751507535,3.3496363109999803,0.39644761390098116,False,True
2673,R09,P09,I03,T09_03,0.9647422711233584,3.3259774059027927,0.38945580037536576,False,True
2674,R09,P09,I03,T09_03,1.0011404670959634,3.297379986582184,0.383408758835361,False,True
2675,R09,P09,I03,T09_03,1.0375386630685683,3.3042226505131342,0.3784008513417133,False,True
2676,R09,P09,I03,T09_03,1.0739368590411733,3.2729765392462293,0.374510224615923,False,True
2677,R09,P09,I03,T09_03,1.1103350550137783,3.112767677202697,0.37179759058679224,False,True
2678,R09,P09,I03,T09_03,1.1467332509863832,3.230374698215009,0.3703052790010817,False,True
2679,R09,P09,I03,T09_03,1.1831314469589882,3.254383013650696,0.3700565768819698,False,True
2680,R09,P09,I03,T09_03,1.219529642931593,3.2956196790530212,0.3710553651428447,False,True
2681,R09,P09,I04,T09_04,-0.2,3.2122611244382697,0.45,False,True
2682,R09,P09,I04,T09_04,-0.15871459266658183,3.193793400674204,0.45997397867081824,False,True
2683,R09,P09,I04,T09_04,-0.11742918533316364,3.199341114919401,0.46979231674036187,False,True
2684,R09,P09,I04,T09_04,-0.07614377799974545,3.3234741283063762,0.4793018023268838,False,True
2685,R09,P09,I04,T09_04,-0.03485837066632727,3.1927527903734516,0.48835404308833624,False,True
2686,R09,P09,I04,T09_04,0.006427036667090907,3.284552193338969,0.496807781835237,False,True
2687,R09,P09,I04,T09_04,0.04771244400050911,3.199282361924645,0.5045311008018667,False,True
2688,R09,P09,I04,T09_04,0.08899785133392729,3.295499964994417,0.5114034801788822,False,True
2689,R09,P09,I04,T09_04,0.13028325866734547,3.196547916036914,0.5173176787846318,False,True
2690,R09,P09,I04,T09_04,0.17156866600076365,3.2514909898639908,0.5221814075279276,False,True
2691,R09,P09,I04,T09_04,0.21285407333418183,3.2723512082597344,0.5259187695484469,False,True
2692,R09,P09,I04,T09_04,0.2541394806676,3.299156265790195,0.5284714445618525,False,True
2693,R09,P09,I04,T09_04,0.29542488800101824,3.3191018120334106,0.5297995989283244,False,True
2694,R09,P09,I04,T09_04,0.33671029533443636,3.343371411640573,0.5298825072431865,False,True
2695,R09,P09,I04,T09_04,0.3779957026678546,3.3818383498579263,0.5287188757499149,False,True
2696,R09,P09,I04,T09_04,0.4192811100012727,3.314467604002702,0.5263268625287755,False,True
2697,R09,P09,I04,T09_04,0.46056651733469095,3.383228607351201,0.5227437941460545,False,True
2698,R09,P09,I04,T09_04,0.5018519246681092,3.413102396102453,0.5180255831854762,False,True
2699,R09,P09,I04,T09_04,0.5431373320015274,3.485111224573154,0.5122458557510337,False,True
2700,R09,P09,I04,T09_04,0.5844227393349455,3.4754418996726764,0.5054948025562618,False,True
2701,R09,P09,I04,T09_04,0.6257081466683636,3.4968598366821904,0.4978777715283165,False,True
2702,R09,P09,I04,T09_04,0.666993554001782,3.4392622063933023,0.48951362388880715,False,True
2703,R09,P09,I04,T09_04,0.7082789613352001,3.4268078079204862,0.48053287936418654,False,True
2704,R09,P09,I04,T09_04,0.7495643686686182,3.413892355778416,0.4710756794690737,False,True
2705,R09,P09,I04,T09_04,0.7908497760020365,3.432053054409495,0.4612896006447894,False,True
2706,R09,P09,I04,T09_04,0.8321351833354547,3.419307406296921,0.45132735137834784,False,True
2707,R09,P09,I04,T09_04,0.8734205906688728,3.341436245462074,0.44134438923759134,False,True
2708,R09,P09,I04,T09_04,0.9147059980022911,3.289165388099374,0.43149649500783827,False,True
2709,R09,P09,I04,T09_04,0.9559914053357093,3.3476561682703663,0.42193734178483044,False,True
2710,R09,P09,I04,T09_04,0.9972768126691274,3.3052165918264267,0.4128160969574713,False,True
2711,R09,P09,I04,T09_04,1.0385622200025455,3.294838997036446,0.4042750945006125,False,True
2712,R09,P09,I04,T09_04,1.0798476273359638,3.2590107583659074,0.39644761390098116,False,True
2713,R09,P09,I04,T09_04,1.121133034669382,3.2672999270096517,0.38945580037536576,False,True
2714,R09,P09,I04,T09_04,1.1624184420028,3.245184737543765,0.383408758835361,False,True
2715,R09,P09,I04,T09_04,1.2037038493362184,3.2049367565324496,0.3784008513417133,False,True
2716,R09,P09,I04,T09_04,1.2449892566696366,3.187610977314496,0.374510224615923,False,True
2717,R09,P09,I04,T09_04,1.2862746640030547,3.169558191914992,0.37179759058679224,False,True
2718,R09,P09,I04,T09_04,1.3275600713364728,3.2710958679425297,0.3703052790010817,False,True
2719,R09,P09,I04,T09_04,1.3688454786698911,3.310393372715189,0.3700565768819698,False,True
2720,R09,P09,I04,T09_04,1.4101308860033093,3.2095299321341275,0.3710553651428447,False,True
2721,R09,P09,I05,T09_05,-0.2,3.26447385318123,0.45,False,True
2722,R09,P09,I05,T09_05,-0.15810484678212752,3.139174937647073,0.45997397867081824,False,True
2723,R09,P09,I05,T09_05,-0.11620969356425503,3.2228474158722857,0.46979231674036187,False,True
2724,R09,P09,I05,T09_05,-0.07431454034638255,3.2012229057793102,0.4793018023268838,False,True
2725,R09,P09,I05,T09_05,-0.03241938712851006,3.183463601008244,0.48835404308833624,False,True
2726,R09,P09,I05,T09_05,0.00947576608936243,3.233719319481719,0.496807781835237,False,True
2727,R09,P09,I05,T09_05,0.05137091930723492,3.1714249323834847,0.5045311008018667,False,True
2728,R09,P09,I05,T09_05,0.09326607252510738,3.268502945129121,0.5114034801788822,False,True
2729,R09,P09,I05,T09_05,0.1351612257429799,3.2934019632034226,0.5173176787846318,False,True
2730,R09,P09,I05,T09_05,0.1770563789608524,3.26386897963669,0.5221814075279276,False,True
2731,R09,P09,I05,T09_05,0.21895153217872487,3.2725515416823296,0.5259187695484469,False,True
2732,R09,P09,I05,T09_05,0.26084668539659733,3.283042638953794,0.5284714445618525,False,True
2733,R09,P09,I05,T09_05,0.30274183861446985,3.3051527879516374,0.5297995989283244,False,True
2734,R09,P09,I05,T09_05,0.34463699183234237,3.351461958166895,0.5298825072431865,False,True
2735,R09,P09,I05,T09_05,0.38653214505021477,3.311276402656934,0.5287188757499149,False,True
2736,R09,P09,I05,T09_05,0.4284272982680873,3.4187102504056606,0.5263268625287755,False,True
2737,R09,P09,I05,T09_05,0.4703224514859598,3.37459799880709,0.5227437941460545,False,True
2738,R09,P09,I05,T09_05,0.5122176047038323,3.449875369117825,0.5180255831854762,False,True
2739,R09,P09,I05,T09_05,0.5541127579217049,3.423482353146059,0.5122458557510337,False,True
2740,R09,P09,I05,T09_05,0.5960079111395773,3.4617633848530995,0.5054948025562618,False,True
2741,R09,P09,I05,T09_05,0.6379030643574497,3.4850328976430376,0.4978777715283165,False,True
2742,R09,P09,I05,T09_05,0.6797982175753223,3.423625344942942,0.48951362388880715,False,True
2743,R09,P09,I05,T09_05,0.7216933707931947,3.439359534133246,0.48053287936418654,False,True
2744,R09,P09,I05,T09_05,0.7635885240110671,3.421646843569816,0.4710756794690737,False,True
2745,R09,P09,I05,T09_05,0.8054836772289398,3.408130805531789,0.4612896006447894,False,True
2746,R09,P09,I05,T09_05,0.8473788304468122,,0.45132735137834784,True,False
2747,R09,P09,I05,T09_05,0.8892739836646848,3.3997608309538125,0.44134438923759134,False,True
2748,R09,P09,I05,T09_05,0.9311691368825572,3.269477263445032,0.43149649500783827,False,True
2749,R09,P09,I05,T09_05,0.9730642901004296,3.402636183496905,0.42193734178483044,False,True
2750,R09,P09,I05,T09_05,1.0149594433183022,3.321741662797226,0.4128160969574713,False,True
2751,R09,P09,I05,T09_05,1.0568545965361746,3.3118845485559847,0.4042750945006125,False,True
2752,R09,P09,I05,T09_05,1.0987497497540473,3.275648199654319,0.39644761390098116,False,True
2753,R09,P09,I05,T09_05,1.1406449029719197,3.1549846765765075,0.38945580037536576,False,True
2754,R09,P09,I05,T09_05,1.182540056189792,3.233349354992165,0.383408758835361,False,True
2755,R09,P09,I05,T09_05,1.2244352094076647,3.2474554494993115,0.3784008513417133,False,True
2756,R09,P09,I05,T09_05,1.266330362625537,3.1769364703393066,0.374510224615923,False,True
2757,R09,P09,I05,T09_05,1.3082255158434097,3.2359595801235126,0.37179759058679224,False,True
2758,R09,P09,I05,T09_05,1.3501206690612821,3.2153136398693682,0.3703052790010817,False,True
2759,R09,P09,I05,T09_05,1.3920158222791545,3.1266582162739796,0.3700565768819698,False,True
2760,R09,P09,I05,T09_05,1.4339109754970272,3.2204213243608,0.3710553651428447,False,True
2761,R09,P09,I06,T09_06,-0.2,3.24485544626308,0.45,False,True
2762,R09,P09,I06,T09_06,-0.1459673790372843,3.3201296011715793,0.45997397867081824,False,True
2763,R09,P09,I06,T09_06,-0.09193475807456856,3.256113781840562,0.46979231674036187,False,True
2764,R09,P09,I06,T09_06,-0.037902137111852835,3.295880976912854,0.4793018023268838,False,True
2765,R09,P09,I06,T09_06,0.01613048385086288,3.194672824586186,0.48835404308833624,False,True
2766,R09,P09,I06,T09_06,0.07016310481357863,3.236223265065387,0.496807781835237,False,True
2767,R09,P09,I06,T09_06,0.12419572577629434,3.3088658482757896,0.5045311008018667,False,True
2768,R09,P09,I06,T09_06,0.17822834673901006,3.343853701235595,0.5114034801788822,False,True
2769,R09,P09,I06,T09_06,0.23226096770172577,3.3471950824622523,0.5173176787846318,False,True
2770,R09,P09,I06,T09_06,0.2862935886644415,3.342759511893943,0.5221814075279276,False,True
2771,R09,P09,I06,T09_06,0.34032620962715726,3.4239549084682923,0.5259187695484469,False,True
2772,R09,P09,I06,T09_06,0.3943588305898729,3.437138968153127,0.5284714445618525,False,True
2773,R09,P09,I06,T09_06,0.4483914515525887,3.515614897302024,0.5297995989283244,False,True
2774,R09,P09,I06,T09_06,0.5024240725153044,,0.5298825072431865,True,False
2775,R09,P09,I06,T09_06,0.5564566934780202,3.5544858341296246,0.5287188757499149,False,True
2776,R09,P09,I06,T09_06,0.6104893144407357,3.522206758025854,0.5263268625287755,False,True
2777,R09,P09,I06,T09_06,0.6645219354034515,3.4399664492593303,0.5227437941460545,False,True
2778,R09,P09,I06,T09_06,0.7185545563661673,3.507193836121618,0.5180255831854762,False,True
2779,R09,P09,I06,T09_06,0.772587177328883,3.446249230152814,0.5122458557510337,False,True
2780,R09,P09,I06,T09_06,0.8266197982915988,3.4770995682500634,0.5054948025562618,False,True
2781,R09,P09,I06,T09_06,0.8806524192543146,3.4411185917125025,0.4978777715283165,False,True
2782,R09,P09,I06,T09_06,0.9346850402170301,3.4303531627764854,0.48951362388880715,False,True
2783,R09,P09,I06,T09_06,0.9887176611797459,3.335841983402545,0.48053287936418654,False,True
2784,R09,P09,I06,T09_06,1.0427502821424617,3.2853399462091506,0.4710756794690737,False,True
2785,R09,P09,I06,T09_06,1.0967829031051775,3.3520584869952414,0.4612896006447894,False,True
2786,R09,P09,I06,T09_06,1.1508155240678932,3.339047414808871,0.45132735137834784,False,True
2787,R09,P09,I06,T09_06,1.2048481450306088,3.292467753410441,0.44134438923759134,False,True
2788,R09,P09,I06,T09_06,1.2588807659933245,3.278250503643153,0.43149649500783827,False,True
2789,R09,P09,I06,T09_06,1.3129133869560403,3.279408640962186,0.42193734178483044,False,True
2790,R09,P09,I06,T09_06,1.366946007918756,3.3509197914898863,0.4128160969574713,False,True
2791,R09,P09,I06,T09_06,1.4209786288814716,3.3623207558973496,0.4042750945006125,False,True
2792,R09,P09,I06,T09_06,1.4750112498441874,3.2812043294449156,0.39644761390098116,False,True
2793,R09,P09,I06,T09_06,1.5290438708069032,3.264155947806101,0.38945580037536576,False,True
2794,R09,P09,I06,T09_06,1.583076491769619,3.2063377651565643,0.383408758835361,False,True
2795,R09,P09,I06,T09_06,1.6371091127323347,,0.3784008513417133,True,False
2796,R09,P09,I06,T09_06,1.6911417336950503,3.284480885592816,0.374510224615923,False,True
2797,R09,P09,I06,T09_06,1.745174354657766,3.2148591517198284,0.37179759058679224,False,True
2798,R09,P09,I06,T09_06,1.7992069756204818,3.2152702269894844,0.3703052790010817,False,True
2799,R09,P09,I06,T09_06,1.8532395965831976,3.302040009507826,0.3700565768819698,False,True
2800,R09,P09,I06,T09_06,1.9072722175459134,3.200279383271187,0.3710553651428447,False,True
2801,R09,P09,I07,T09_07,-0.2,3.349173818260811,0.45,False,True
2802,R09,P09,I07,T09_07,-0.144321498074036,3.276547061037929,0.45997397867081824,False,True
2803,R09,P09,I07,T09_07,-0.08864299614807199,3.3339156471884164,0.46979231674036187,False,True
2804,R09,P09,I07,T09_07,-0.03296449422210798,3.2917461472459424,0.4793018023268838,False,True
2805,R09,P09,I07,T09_07,0.022714007703856037,3.2334484900103693,0.48835404308833624,False,True
2806,R09,P09,I07,T09_07,0.07839250962982003,3.1609100986968635,0.496807781835237,False,True
2807,R09,P09,I07,T09_07,0.13407101155578405,3.3785952491867124,0.5045311008018667,False,True
2808,R09,P09,I07,T09_07,0.18974951348174807,3.3402747903092536,0.5114034801788822,False,True
2809,R09,P09,I07,T09_07,0.24542801540771209,3.4030571186336216,0.5173176787846318,False,True
2810,R09,P09,I07,T09_07,0.30110651733367605,3.3091005459734797,0.5221814075279276,False,True
2811,R09,P09,I07,T09_07,0.35678501925964007,3.4881353201753806,0.5259187695484469,False,True
2812,R09,P09,I07,T09_07,0.4124635211856041,3.4193615453053794,0.5284714445618525,False,True
2813,R09,P09,I07,T09_07,0.4681420231115681,3.450154586482784,0.5297995989283244,False,True
2814,R09,P09,I07,T09_07,0.5238205250375321,3.547970153796746,0.5298825072431865,False,True
2815,R09,P09,I07,T09_07,0.5794990269634961,3.4688357127661993,0.5287188757499149,False,True
2816,R09,P09,I07,T09_07,0.6351775288894601,3.600855040442536,0.5263268625287755,False,True
2817,R09,P09,I07,T09_07,0.6908560308154241,3.48789229453606,0.5227437941460545,False,True
2818,R09,P09,I07,T09_07,0.7465345327413881,3.507983152718091,0.5180255831854762,False,True
2819,R09,P09,I07,T09_07,0.8022130346673522,3.4425169223627963,0.5122458557510337,False,True
2820,R09,P09,I07,T09_07,0.8578915365933162,3.3410702386468927,0.5054948025562618,False,True
2821,R09,P09,I07,T09_07,0.9135700385192802,3.459894286543001,0.4978777715283165,False,True
2822,R09,P09,I07,T09_07,0.9692485404452442,,0.48951362388880715,True,False
2823,R09,P09,I07,T09_07,1.0249270423712082,3.2727961019817835,0.48053287936418654,False,True
2824,R09,P09,I07,T09_07,1.0806055442971723,3.288965784979615,0.4710756794690737,False,True
2825,R09,P09,I07,T09_07,1.1362840462231363,3.2965737221897684,0.4612896006447894,False,True
2826,R09,P09,I07,T09_07,1.1919625481491003,3.3111649714255664,0.45132735137834784,False,True
2827,R09,P09,I07,T09_07,1.2476410500750643,3.24433489088517,0.44134438923759134,False,True
2828,R09,P09,I07,T09_07,1.3033195520010283,3.250005275315699,0.43149649500783827,False,True
2829,R09,P09,I07,T09_07,1.3589980539269924,3.2745673648926994,0.42193734178483044,False,True
2830,R09,P09,I07,T09_07,1.4146765558529564,3.2803594074253506,0.4128160969574713,False,True
2831,R09,P09,I07,T09_07,1.4703550577789204,3.297558339496573,0.4042750945006125,False,True
2832,R09,P09,I07,T09_07,1.5260335597048844,3.31614685447568,0.39644761390098116,False,True
2833,R09,P09,I07,T09_07,1.5817120616308484,3.3136861013098646,0.38945580037536576,False,True
2834,R09,P09,I07,T09_07,1.6373905635568125,3.2744872949501556,0.383408758835361,False,True
2835,R09,P09,I07,T09_07,1.6930690654827765,3.2810356223994184,0.3784008513417133,False,True
2836,R09,P09,I07,T09_07,1.7487475674087405,3.277408004823856,0.374510224615923,False,True
2837,R09,P09,I07,T09_07,1.8044260693347043,,0.37179759058679224,True,False
2838,R09,P09,I07,T09_07,1.8601045712606685,3.312019197035317,0.3703052790010817,False,True
2839,R09,P09,I07,T09_07,1.9157830731866323,3.326890391741608,0.3700565768819698,False,True
2840,R09,P09,I07,T09_07,1.9714615751125963,3.2427944726584466,0.3710553651428447,False,True
2841,R09,P09,I08,T09_08,-0.2,3.2967320972519216,0.45,False,True
2842,R09,P09,I08,T09_08,-0.15359328811464618,3.355140425133641,0.45997397867081824,False,True
2843,R09,P09,I08,T09_08,-0.10718657622929237,3.2170081092950498,0.46979231674036187,False,True
2844,R09,P09,I08,T09_08,-0.06077986434393856,3.325333816486814,0.4793018023268838,False,True
2845,R09,P09,I08,T09_08,-0.014373152458584726,3.3037134163781587,0.48835404308833624,False,True
2846,R09,P09,I08,T09_08,0.03203355942676911,3.3080122610083125,0.496807781835237,False,True
2847,R09,P09,I08,T09_08,0.07844027131212289,3.389137599970686,0.5045311008018667,False,True
2848,R09,P09,I08,T09_08,0.12484698319747672,3.3324482700130087,0.5114034801788822,False,True
2849,R09,P09,I08,T09_08,0.17125369508283056,3.3461779733138344,0.5173176787846318,False,True
2850,R09,P09,I08,T09_08,0.2176604069681844,3.371671471937116,0.5221814075279276,False,True
2851,R09,P09,I08,T09_08,0.26406711885353823,3.3872865870511535,0.5259187695484469,False,True
2852,R09,P09,I08,T09_08,0.31047383073889206,3.3992541430562904,0.5284714445618525,False,True
2853,R09,P09,I08,T09_08,0.3568805426242458,3.4146110477722065,0.5297995989283244,False,True
2854,R09,P09,I08,T09_08,0.4032872545095996,3.528452130934248,0.5298825072431865,False,True
2855,R09,P09,I08,T09_08,0.44969396639495346,3.4513561234086665,0.5287188757499149,False,True
2856,R09,P09,I08,T09_08,0.4961006782803073,3.5055343094952294,0.5263268625287755,False,True
2857,R09,P09,I08,T09_08,0.5425073901656612,3.5430544723141546,0.5227437941460545,False,True
2858,R09,P09,I08,T09_08,0.5889141020510149,3.541587434915479,0.5180255831854762,False,True
2859,R09,P09,I08,T09_08,0.6353208139363689,3.5857133180676004,0.5122458557510337,False,True
2860,R09,P09,I08,T09_08,0.6817275258217226,3.58096706040595,0.5054948025562618,False,True
2861,R09,P09,I08,T09_08,0.7281342377070765,3.5682186586278877,0.4978777715283165,False,True
2862,R09,P09,I08,T09_08,0.7745409495924303,3.60223240218172,0.48951362388880715,False,True
2863,R09,P09,I08,T09_08,0.8209476614777842,3.453377782317653,0.48053287936418654,False,True
2864,R09,P09,I08,T09_08,0.8673543733631379,3.580659170439943,0.4710756794690737,False,True
2865,R09,P09,I08,T09_08,0.9137610852484916,3.435287632328063,0.4612896006447894,False,True
2866,R09,P09,I08,T09_08,0.9601677971338456,3.34476421296238,0.45132735137834784,False,True
2867,R09,P09,I08,T09_08,1.0065745090191993,3.3531755156527483,0.44134438923759134,False,True
2868,R09,P09,I08,T09_08,1.0529812209045533,3.3577172390859573,0.43149649500783827,False,True
2869,R09,P09,I08,T09_08,1.099387932789907,3.3714659848578292,0.42193734178483044,False,True
2870,R09,P09,I08,T09_08,1.145794644675261,3.2860971859450196,0.4128160969574713,False,True
2871,R09,P09,I08,T09_08,1.1922013565606147,3.3049257983689615,0.4042750945006125,False,True
2872,R09,P09,I08,T09_08,1.2386080684459686,3.3408688755783085,0.39644761390098116,False,True
2873,R09,P09,I08,T09_08,1.2850147803313223,3.3399936187579513,0.38945580037536576,False,True
2874,R09,P09,I08,T09_08,1.331421492216676,3.3264403514607785,0.383408758835361,False,True
2875,R09,P09,I08,T09_08,1.37782820410203,3.2134943338988964,0.3784008513417133,False,True
2876,R09,P09,I08,T09_08,1.4242349159873837,3.283729639895033,0.374510224615923,False,True
2877,R09,P09,I08,T09_08,1.4706416278727377,3.318074325896161,0.37179759058679224,False,True
2878,R09,P09,I08,T09_08,1.5170483397580914,3.417428919329796,0.3703052790010817,False,True
2879,R09,P09,I08,T09_08,1.5634550516434453,3.3632326453923453,0.3700565768819698,False,True
2880,R09,P09,I08,T09_08,1.609861763528799,3.338244825431062,0.3710553651428447,False,True
2881,R10,P10,I01,T10_01,-0.2,3.338163979210678,0.45,False,True
2882,R10,P10,I01,T10_01,-0.16650729606577336,3.326772636704659,0.45997397867081824,False,True
2883,R10,P10,I01,T10_01,-0.1330145921315467,3.327656017300166,0.46979231674036187,False,True
2884,R10,P10,I01,T10_01,-0.09952188819732002,3.261091480826365,0.4793018023268838,False,True
2885,R10,P10,I01,T10_01,-0.06602918426309337,3.366482906370743,0.48835404308833624,False,True
2886,R10,P10,I01,T10_01,-0.03253648032886672,3.296451691692651,0.496807781835237,False,True
2887,R10,P10,I01,T10_01,0.0009562236053599626,3.3268382340609564,0.5045311008018667,False,True
2888,R10,P10,I01,T10_01,0.034448927539586616,3.3133804448560418,0.5114034801788822,False,True
2889,R10,P10,I01,T10_01,0.06794163147381327,3.2967023814856584,0.5173176787846318,False,True
2890,R10,P10,I01,T10_01,0.10143433540803992,3.4138143100082785,0.5221814075279276,False,True
2891,R10,P10,I01,T10_01,0.13492703934226657,3.3509465387797492,0.5259187695484469,False,True
2892,R10,P10,I01,T10_01,0.16841974327649323,3.327496389944726,0.5284714445618525,False,True
2893,R10,P10,I01,T10_01,0.20191244721071994,3.3957328969145957,0.5297995989283244,False,True
2894,R10,P10,I01,T10_01,0.2354051511449466,3.456651851616716,0.5298825072431865,False,True
2895,R10,P10,I01,T10_01,0.26889785507917324,3.4742568128977123,0.5287188757499149,False,True
2896,R10,P10,I01,T10_01,0.3023905590133999,3.433122655020272,0.5263268625287755,False,True
2897,R10,P10,I01,T10_01,0.33588326294762655,3.468822916873103,0.5227437941460545,False,True
2898,R10,P10,I01,T10_01,0.3693759668818532,3.4541387606410123,0.5180255831854762,False,True
2899,R10,P10,I01,T10_01,0.40286867081607985,3.5199863013012918,0.5122458557510337,False,True
2900,R10,P10,I01,T10_01,0.4363613747503065,3.50903367935649,0.5054948025562618,False,True
2901,R10,P10,I01,T10_01,0.46985407868453316,3.4882267491440078,0.4978777715283165,False,True
2902,R10,P10,I01,T10_01,0.5033467826187599,3.527247172377378,0.48951362388880715,False,True
2903,R10,P10,I01,T10_01,0.5368394865529864,3.5470733222708857,0.48053287936418654,False,True
2904,R10,P10,I01,T10_01,0.5703321904872132,3.6037887213289257,0.4710756794690737,False,True
2905,R10,P10,I01,T10_01,0.6038248944214399,3.5605259006250414,0.4612896006447894,False,True
2906,R10,P10,I01,T10_01,0.6373175983556665,3.5987811852761595,0.45132735137834784,False,True
2907,R10,P10,I01,T10_01,0.6708103022898932,3.5331283989326137,0.44134438923759134,False,True
2908,R10,P10,I01,T10_01,0.7043030062241198,3.5528345312875556,0.43149649500783827,False,True
2909,R10,P10,I01,T10_01,0.7377957101583466,3.4762364077270145,0.42193734178483044,False,True
2910,R10,P10,I01,T10_01,0.7712884140925731,3.53529260095775,0.4128160969574713,False,True
2911,R10,P10,I01,T10_01,0.8047811180267999,3.5595896385854653,0.4042750945006125,False,True
2912,R10,P10,I01,T10_01,0.8382738219610264,3.5322199377659667,0.39644761390098116,False,True
2913,R10,P10,I01,T10_01,0.8717665258952532,3.452740745142402,0.38945580037536576,False,True
2914,R10,P10,I01,T10_01,0.9052592298294799,3.4356929549068993,0.383408758835361,False,True
2915,R10,P10,I01,T10_01,0.9387519337637065,3.4399611964143113,0.3784008513417133,False,True
2916,R10,P10,I01,T10_01,0.9722446376979332,3.442151443160721,0.374510224615923,False,True
2917,R10,P10,I01,T10_01,1.0057373416321598,3.3844895966271014,0.37179759058679224,False,True
2918,R10,P10,I01,T10_01,1.0392300455663865,3.3035961603056405,0.3703052790010817,False,True
2919,R10,P10,I01,T10_01,1.072722749500613,3.417898929064941,0.3700565768819698,False,True
2920,R10,P10,I01,T10_01,1.1062154534348398,3.362777784561254,0.3710553651428447,False,True
2921,R10,P10,I02,T10_02,-0.2,3.1539046500616514,0.45,False,True
2922,R10,P10,I02,T10_02,-0.16753367281696202,3.135936734501685,0.45997397867081824,False,True
2923,R10,P10,I02,T10_02,-0.135067345633924,3.1080330790948065,0.46979231674036187,False,True
2924,R10,P10,I02,T10_02,-0.102601018450886,3.1044649285770447,0.4793018023268838,False,True
2925,R10,P10,I02,T10_02,-0.07013469126784799,,0.48835404308833624,True,False
2926,R10,P10,I02,T10_02,-0.03766836408481,3.1792186415286343,0.496807781835237,False,True
2927,R10,P10,I02,T10_02,-0.005202036901771984,3.1037168359009963,0.5045311008018667,False,True
2928,R10,P10,I02,T10_02,0.027264290281266035,3.156779731024079,0.5114034801788822,False,True
2929,R10,P10,I02,T10_02,0.059730617464304026,3.188544074331986,0.5173176787846318,False,True
2930,R10,P10,I02,T10_02,0.09219694464734202,3.0740011619934102,0.5221814075279276,False,True
2931,R10,P10,I02,T10_02,0.12466327183038,3.246429175950656,0.5259187695484469,False,True
2932,R10,P10,I02,T10_02,0.15712959901341805,3.11205777106139,0.5284714445618525,False,True
2933,R10,P10,I02,T10_02,0.18959592619645604,3.1788338982469515,0.5297995989283244,False,True
2934,R10,P10,I02,T10_02,0.22206225337949403,,0.5298825072431865,True,False
2935,R10,P10,I02,T10_02,0.2545285805625321,3.1923733408454877,0.5287188757499149,False,True
2936,R10,P10,I02,T10_02,0.28699490774557007,3.279047709979976,0.5263268625287755,False,True
2937,R10,P10,I02,T10_02,0.31946123492860806,3.192613386383993,0.5227437941460545,False,True
2938,R10,P10,I02,T10_02,0.35192756211164605,3.3370518565555605,0.5180255831854762,False,True
2939,R10,P10,I02,T10_02,0.38439388929468404,3.294001939019495,0.5122458557510337,False,True
2940,R10,P10,I02,T10_02,0.41686021647772203,3.3429472533646525,0.5054948025562618,False,True
2941,R10,P10,I02,T10_02,0.44932654366076,3.308806281690644,0.4978777715283165,False,True
2942,R10,P10,I02,T10_02,0.4817928708437981,3.2998044969232034,0.48951362388880715,False,True
2943,R10,P10,I02,T10_02,0.5142591980268361,3.3680414485225127,0.48053287936418654,False,True
2944,R10,P10,I02,T10_02,0.5467255252098742,3.367869411547224,0.4710756794690737,False,True
2945,R10,P10,I02,T10_02,0.579191852392912,3.338167090123508,0.4612896006447894,False,True
2946,R10,P10,I02,T10_02,0.6116581795759501,3.3280431295839015,0.45132735137834784,False,True
2947,R10,P10,I02,T10_02,0.644124506758988,3.3505611807759013,0.44134438923759134,False,True
2948,R10,P10,I02,T10_02,0.6765908339420261,3.3756825974810742,0.43149649500783827,False,True
2949,R10,P10,I02,T10_02,0.7090571611250642,3.324289375995677,0.42193734178483044,False,True
2950,R10,P10,I02,T10_02,0.7415234883081021,3.412504392873159,0.4128160969574713,False,True
2951,R10,P10,I02,T10_02,0.7739898154911402,3.2830833324299538,0.4042750945006125,False,True
2952,R10,P10,I02,T10_02,0.8064561426741781,3.3439056490852423,0.39644761390098116,False,True
2953,R10,P10,I02,T10_02,0.8389224698572162,,0.38945580037536576,True,False
2954,R10,P10,I02,T10_02,0.8713887970402543,3.2106042936926746,0.383408758835361,False,True
2955,R10,P10,I02,T10_02,0.9038551242232922,3.332530479762428,0.3784008513417133,False,True
2956,R10,P10,I02,T10_02,0.9363214514063303,3.2402374307148167,0.374510224615923,False,True
2957,R10,P10,I02,T10_02,0.9687877785893682,3.17311923869863,0.37179759058679224,False,True
2958,R10,P10,I02,T10_02,1.0012541057724063,3.2808323843353002,0.3703052790010817,False,True
2959,R10,P10,I02,T10_02,1.0337204329554441,3.274941529249707,0.3700565768819698,False,True
2960,R10,P10,I02,T10_02,1.0661867601384822,3.2114491533982688,0.3710553651428447,False,True
2961,R10,P10,I03,T10_03,-0.2,3.549013452277195,0.45,False,True
2962,R10,P10,I03,T10_03,-0.15993083779738373,3.5136558160893183,0.45997397867081824,False,True
2963,R10,P10,I03,T10_03,-0.11986167559476746,3.5292637447733433,0.46979231674036187,False,True
2964,R10,P10,I03,T10_03,-0.07979251339215118,3.507813147076737,0.4793018023268838,False,True
2965,R10,P10,I03,T10_03,-0.039723351189534906,3.53513714731729,0.48835404308833624,False,True
2966,R10,P10,I03,T10_03,0.00034581101308137074,3.4906110025645334,0.496807781835237,False,True
2967,R10,P10,I03,T10_03,0.04041497321569765,3.525787165229713,0.5045311008018667,False,True
2968,R10,P10,I03,T10_03,0.08048413541831395,3.5286140920504687,0.5114034801788822,False,True
2969,R10,P10,I03,T10_03,0.1205532976209302,3.526164869706784,0.5173176787846318,False,True
2970,R10,P10,I03,T10_03,0.16062245982354645,3.524880046539778,0.5221814075279276,False,True
2971,R10,P10,I03,T10_03,0.20069162202616275,3.484784958423258,0.5259187695484469,False,True
2972,R10,P10,I03,T10_03,0.24076078422877906,3.5478473034216447,0.5284714445618525,False,True
2973,R10,P10,I03,T10_03,0.2808299464313953,3.5647552638835847,0.5297995989283244,False,True
2974,R10,P10,I03,T10_03,0.32089910863401155,3.4851370123360654,0.5298825072431865,False,True
2975,R10,P10,I03,T10_03,0.3609682708366279,3.6215902736540206,0.5287188757499149,False,True
2976,R10,P10,I03,T10_03,0.40103743303924416,3.5985010301984324,0.5263268625287755,False,True
2977,R10,P10,I03,T10_03,0.4411065952418604,3.6250143681099276,0.5227437941460545,False,True
2978,R10,P10,I03,T10_03,0.48117575744447666,3.6201728207160047,0.5180255831854762,False,True
2979,R10,P10,I03,T10_03,0.521244919647093,3.6884546178173028,0.5122458557510337,False,True
2980,R10,P10,I03,T10_03,0.5613140818497093,3.8042272456902095,0.5054948025562618,False,True
2981,R10,P10,I03,T10_03,0.6013832440523255,3.6649760642653844,0.4978777715283165,False,True
2982,R10,P10,I03,T10_03,0.6414524062549418,3.7517038747111346,0.48951362388880715,False,True
2983,R10,P10,I03,T10_03,0.6815215684575582,,0.48053287936418654,True,False
2984,R10,P10,I03,T10_03,0.7215907306601743,3.7379831169448474,0.4710756794690737,False,True
2985,R10,P10,I03,T10_03,0.7616598928627907,3.7516088037176796,0.4612896006447894,False,True
2986,R10,P10,I03,T10_03,0.801729055065407,3.727122738541472,0.45132735137834784,False,True
2987,R10,P10,I03,T10_03,0.8417982172680232,3.6271410225637486,0.44134438923759134,False,True
2988,R10,P10,I03,T10_03,0.8818673794706395,3.6074706325917383,0.43149649500783827,False,True
2989,R10,P10,I03,T10_03,0.9219365416732559,3.6161289654705984,0.42193734178483044,False,True
2990,R10,P10,I03,T10_03,0.962005703875872,3.619268988494694,0.4128160969574713,False,True
2991,R10,P10,I03,T10_03,1.0020748660784884,3.518268794021761,0.4042750945006125,False,True
2992,R10,P10,I03,T10_03,1.0421440282811045,3.5706845884549714,0.39644761390098116,False,True
2993,R10,P10,I03,T10_03,1.0822131904837209,3.590754478165681,0.38945580037536576,False,True
2994,R10,P10,I03,T10_03,1.1222823526863372,3.5568787247716074,0.383408758835361,False,True
2995,R10,P10,I03,T10_03,1.1623515148889534,,0.3784008513417133,True,False
2996,R10,P10,I03,T10_03,1.2024206770915697,3.495544258444912,0.374510224615923,False,True
2997,R10,P10,I03,T10_03,1.2424898392941859,3.5485967052513057,0.37179759058679224,False,True
2998,R10,P10,I03,T10_03,1.2825590014968022,3.5545990846680304,0.3703052790010817,False,True
2999,R10,P10,I03,T10_03,1.3226281636994186,3.519158521751067,0.3700565768819698,False,True
3000,R10,P10,I03,T10_03,1.3626973259020347,3.502402861645423,0.3710553651428447,False,True
3001,R10,P10,I04,T10_04,-0.2,3.049090395374804,0.45,False,True
3002,R10,P10,I04,T10_04,-0.15693565264886064,3.084043722182883,0.45997397867081824,False,True
3003,R10,P10,I04,T10_04,-0.11387130529772127,3.113565552140829,0.46979231674036187,False,True
3004,R10,P10,I04,T10_04,-0.0708069579465819,3.1298287898657646,0.4793018023268838,False,True
3005,R10,P10,I04,T10_04,-0.02774261059544253,3.041940904404587,0.48835404308833624,False,True
3006,R10,P10,I04,T10_04,0.015321736755696841,3.0372083030545056,0.496807781835237,False,True
3007,R10,P10,I04,T10_04,0.05838608410683621,3.0613315780239994,0.5045311008018667,False,True
3008,R10,P10,I04,T10_04,0.10145043145797555,3.0460606099835497,0.5114034801788822,False,True
3009,R10,P10,I04,T10_04,0.14451477880911495,3.1689738334932938,0.5173176787846318,False,True
3010,R10,P10,I04,T10_04,0.18757912616025435,3.126838076750775,0.5221814075279276,False,True
3011,R10,P10,I04,T10_04,0.2306434735113937,3.1064333421830184,0.5259187695484469,False,True
3012,R10,P10,I04,T10_04,0.27370782086253304,3.1405345691997946,0.5284714445618525,False,True
3013,R10,P10,I04,T10_04,0.31677216821367243,3.1845682347935123,0.5297995989283244,False,True
3014,R10,P10,I04,T10_04,0.35983651556481183,3.2310226171485046,0.5298825072431865,False,True
3015,R10,P10,I04,T10_04,0.4029008629159511,3.197534986699841,0.5287188757499149,False,True
3016,R10,P10,I04,T10_04,0.4459652102670905,3.27828977366614,0.5263268625287755,False,True
3017,R10,P10,I04,T10_04,0.4890295576182299,3.254092199344183,0.5227437941460545,False,True
3018,R10,P10,I04,T10_04,0.5320939049693694,3.2150981725253525,0.5180255831854762,False,True
3019,R10,P10,I04,T10_04,0.5751582523205088,3.3171822826646307,0.5122458557510337,False,True
3020,R10,P10,I04,T10_04,0.6182225996716479,,0.5054948025562618,True,False
3021,R10,P10,I04,T10_04,0.6612869470227873,3.379191148731964,0.4978777715283165,False,True
3022,R10,P10,I04,T10_04,0.7043512943739267,3.2946751180525675,0.48951362388880715,False,True
3023,R10,P10,I04,T10_04,0.7474156417250661,3.3286522678730215,0.48053287936418654,False,True
3024,R10,P10,I04,T10_04,0.7904799890762055,3.3102794848386177,0.4710756794690737,False,True
3025,R10,P10,I04,T10_04,0.8335443364273449,3.2189617228030416,0.4612896006447894,False,True
3026,R10,P10,I04,T10_04,0.8766086837784843,3.215204841610609,0.45132735137834784,False,True
3027,R10,P10,I04,T10_04,0.9196730311296237,3.2345149585612023,0.44134438923759134,False,True
3028,R10,P10,I04,T10_04,0.9627373784807631,3.1897040078060526,0.43149649500783827,False,True
3029,R10,P10,I04,T10_04,1.0058017258319023,3.118398203136055,0.42193734178483044,False,True
3030,R10,P10,I04,T10_04,1.0488660731830417,3.155373368183386,0.4128160969574713,False,True
3031,R10,P10,I04,T10_04,1.091930420534181,3.0698206057237507,0.4042750945006125,False,True
3032,R10,P10,I04,T10_04,1.1349947678853205,3.0810023835679647,0.39644761390098116,False,True
3033,R10,P10,I04,T10_04,1.17805911523646,3.080310657305109,0.38945580037536576,False,True
3034,R10,P10,I04,T10_04,1.2211234625875993,3.028948231761061,0.383408758835361,False,True
3035,R10,P10,I04,T10_04,1.2641878099387387,3.0374101891017,0.3784008513417133,False,True
3036,R10,P10,I04,T10_04,1.307252157289878,3.1133811797176,0.374510224615923,False,True
3037,R10,P10,I04,T10_04,1.3503165046410175,3.1094019866986873,0.37179759058679224,False,True
3038,R10,P10,I04,T10_04,1.3933808519921567,3.1165184774564616,0.3703052790010817,False,True
3039,R10,P10,I04,T10_04,1.436445199343296,3.1815375115572544,0.3700565768819698,False,True
3040,R10,P10,I04,T10_04,1.4795095466944355,3.086764277371701,0.3710553651428447,False,True
3041,R10,P10,I05,T10_05,-0.2,3.104528501184312,0.45,False,True
3042,R10,P10,I05,T10_05,-0.1533569921105294,3.1856025984831082,0.45997397867081824,False,True
3043,R10,P10,I05,T10_05,-0.10671398422105877,3.161771931872485,0.46979231674036187,False,True
3044,R10,P10,I05,T10_05,-0.060070976331588144,3.200030192334717,0.4793018023268838,False,True
3045,R10,P10,I05,T10_05,-0.013427968442117522,3.1594591576085977,0.48835404308833624,False,True
3046,R10,P10,I05,T10_05,0.0332150394473531,3.15535347402074,0.496807781835237,False,True
3047,R10,P10,I05,T10_05,0.07985804733682372,3.144884344078538,0.5045311008018667,False,True
3048,R10,P10,I05,T10_05,0.12650105522629435,3.178027452093856,0.5114034801788822,False,True
3049,R10,P10,I05,T10_05,0.17314406311576497,3.2183109983969205,0.5173176787846318,False,True
3050,R10,P10,I05,T10_05,0.2197870710052356,3.2285344235331546,0.5221814075279276,False,True
3051,R10,P10,I05,T10_05,0.2664300788947062,3.3128556230698747,0.5259187695484469,False,True
3052,R10,P10,I05,T10_05,0.31307308678417684,3.2846373935844135,0.5284714445618525,False,True
3053,R10,P10,I05,T10_05,0.35971609467364746,3.252072603004183,0.5297995989283244,False,True
3054,R10,P10,I05,T10_05,0.4063591025631181,3.2745639130326194,0.5298825072431865,False,True
3055,R10,P10,I05,T10_05,0.4530021104525887,3.335974177005733,0.5287188757499149,False,True
3056,R10,P10,I05,T10_05,0.4996451183420593,3.368897708512428,0.5263268625287755,False,True
3057,R10,P10,I05,T10_05,0.54628812623153,3.3891494461296725,0.5227437941460545,False,True
3058,R10,P10,I05,T10_05,0.5929311341210006,3.393841790380389,0.5180255831854762,False,True
3059,R10,P10,I05,T10_05,0.6395741420104712,,0.5122458557510337,True,False
3060,R10,P10,I05,T10_05,0.6862171498999419,3.3791324749502696,0.5054948025562618,False,True
3061,R10,P10,I05,T10_05,0.7328601577894125,3.4447487313496743,0.4978777715283165,False,True
3062,R10,P10,I05,T10_05,0.7795031656788831,3.371259763727912,0.48951362388880715,False,True
3063,R10,P10,I05,T10_05,0.8261461735683537,3.3052865376433433,0.48053287936418654,False,True
3064,R10,P10,I05,T10_05,0.8727891814578244,3.281771697090094,0.4710756794690737,False,True
3065,R10,P10,I05,T10_05,0.919432189347295,3.303964691236527,0.4612896006447894,False,True
3066,R10,P10,I05,T10_05,0.9660751972367656,3.1894738316296736,0.45132735137834784,False,True
3067,R10,P10,I05,T10_05,1.0127182051262362,3.165704853121053,0.44134438923759134,False,True
3068,R10,P10,I05,T10_05,1.0593612130157068,3.1434669262061585,0.43149649500783827,False,True
3069,R10,P10,I05,T10_05,1.1060042209051775,3.202417708914654,0.42193734178483044,False,True
3070,R10,P10,I05,T10_05,1.152647228794648,3.1250436646252684,0.4128160969574713,False,True
3071,R10,P10,I05,T10_05,1.1992902366841187,3.134852995766301,0.4042750945006125,False,True
3072,R10,P10,I05,T10_05,1.2459332445735893,3.151984582861174,0.39644761390098116,False,True
3073,R10,P10,I05,T10_05,1.29257625246306,3.1847173795777453,0.38945580037536576,False,True
3074,R10,P10,I05,T10_05,1.3392192603525306,3.1640817354101074,0.383408758835361,False,True
3075,R10,P10,I05,T10_05,1.3858622682420012,3.1757127108113914,0.3784008513417133,False,True
3076,R10,P10,I05,T10_05,1.4325052761314718,3.158140837887711,0.374510224615923,False,True
3077,R10,P10,I05,T10_05,1.4791482840209424,3.2454134787497866,0.37179759058679224,False,True
3078,R10,P10,I05,T10_05,1.525791291910413,3.1752716432633568,0.3703052790010817,False,True
3079,R10,P10,I05,T10_05,1.5724342997998837,,0.3700565768819698,True,False
3080,R10,P10,I05,T10_05,1.6190773076893543,3.180349622004326,0.3710553651428447,False,True
3081,R10,P10,I06,T10_06,-0.2,3.0180810279858368,0.45,False,True
3082,R10,P10,I06,T10_06,-0.15090061098406604,2.972359797724548,0.45997397867081824,False,True
3083,R10,P10,I06,T10_06,-0.1018012219681321,2.9734153356711763,0.46979231674036187,False,True
3084,R10,P10,I06,T10_06,-0.05270183295219816,3.0140711507845466,0.4793018023268838,False,True
3085,R10,P10,I06,T10_06,-0.003602443936264188,3.0571471144386377,0.48835404308833624,False,True
3086,R10,P10,I06,T10_06,0.04549694507966978,3.015064748291094,0.496807781835237,False,True
3087,R10,P10,I06,T10_06,0.0945963340956037,2.9494229777397774,0.5045311008018667,False,True
3088,R10,P10,I06,T10_06,0.14369572311153767,3.0188317645387475,0.5114034801788822,False,True
3089,R10,P10,I06,T10_06,0.19279511212747164,2.952859333025837,0.5173176787846318,False,True
3090,R10,P10,I06,T10_06,0.2418945011434056,3.0418880281964578,0.5221814075279276,False,True
3091,R10,P10,I06,T10_06,0.2909938901593396,3.0370952699603575,0.5259187695484469,False,True
3092,R10,P10,I06,T10_06,0.3400932791752735,3.056433515741814,0.5284714445618525,False,True
3093,R10,P10,I06,T10_06,0.3891926681912074,3.0516741924123183,0.5297995989283244,False,True
3094,R10,P10,I06,T10_06,0.43829205720714143,3.103556149087542,0.5298825072431865,False,True
3095,R10,P10,I06,T10_06,0.48739144622307534,3.156827577578841,0.5287188757499149,False,True
3096,R10,P10,I06,T10_06,0.5364908352390094,3.2431257391264148,0.5263268625287755,False,True
3097,R10,P10,I06,T10_06,0.5855902242549433,3.2423429765431186,0.5227437941460545,False,True
3098,R10,P10,I06,T10_06,0.6346896132708773,3.2430213413496043,0.5180255831854762,False,True
3099,R10,P10,I06,T10_06,0.6837890022868112,3.249263044922819,0.5122458557510337,False,True
3100,R10,P10,I06,T10_06,0.7328883913027451,3.268719700809557,0.5054948025562618,False,True
3101,R10,P10,I06,T10_06,0.7819877803186792,3.22281048489715,0.4978777715283165,False,True
3102,R10,P10,I06,T10_06,0.8310871693346131,3.227949143762766,0.48951362388880715,False,True
3103,R10,P10,I06,T10_06,0.880186558350547,3.148660644718391,0.48053287936418654,False,True
3104,R10,P10,I06,T10_06,0.929285947366481,3.1164489859803957,0.4710756794690737,False,True
3105,R10,P10,I06,T10_06,0.9783853363824149,3.1247893626103505,0.4612896006447894,False,True
3106,R10,P10,I06,T10_06,1.027484725398349,3.0625559238097173,0.45132735137834784,False,True
3107,R10,P10,I06,T10_06,1.076584114414283,3.0115103164521497,0.44134438923759134,False,True
3108,R10,P10,I06,T10_06,1.1256835034302168,3.0429132102305614,0.43149649500783827,False,True
3109,R10,P10,I06,T10_06,1.1747828924461508,3.0127924777862827,0.42193734178483044,False,True
3110,R10,P10,I06,T10_06,1.2238822814620847,2.9488922093125822,0.4128160969574713,False,True
3111,R10,P10,I06,T10_06,1.2729816704780188,3.047605396823115,0.4042750945006125,False,True
3112,R10,P10,I06,T10_06,1.3220810594939527,2.991147070360365,0.39644761390098116,False,True
3113,R10,P10,I06,T10_06,1.3711804485098866,3.035344220242319,0.38945580037536576,False,True
3114,R10,P10,I06,T10_06,1.4202798375258205,2.985748342646465,0.383408758835361,False,True
3115,R10,P10,I06,T10_06,1.4693792265417545,2.9861854779550905,0.3784008513417133,False,True
3116,R10,P10,I06,T10_06,1.5184786155576886,2.9712089939050115,0.374510224615923,False,True
3117,R10,P10,I06,T10_06,1.5675780045736225,3.0629547458572004,0.37179759058679224,False,True
3118,R10,P10,I06,T10_06,1.6166773935895564,2.9897870840855636,0.3703052790010817,False,True
3119,R10,P10,I06,T10_06,1.6657767826054903,3.0101174563638105,0.3700565768819698,False,True
3120,R10,P10,I06,T10_06,1.7148761716214243,2.9951481658987342,0.3710553651428447,False,True
3121,R10,P10,I07,T10_07,-0.2,3.313116091923115,0.45,False,True
3122,R10,P10,I07,T10_07,-0.14286234706933482,3.2321391696592485,0.45997397867081824,False,True
3123,R10,P10,I07,T10_07,-0.08572469413866962,3.245077097829084,0.46979231674036187,False,True
3124,R10,P10,I07,T10_07,-0.028587041208004427,3.312006332956799,0.4793018023268838,False,True
3125,R10,P10,I07,T10_07,0.028550611722660768,3.304679757245515,0.48835404308833624,False,True
3126,R10,P10,I07,T10_07,0.08568826465332596,3.250316073415136,0.496807781835237,False,True
3127,R10,P10,I07,T10_07,0.14282591758399116,3.265143047925325,0.5045311008018667,False,True
3128,R10,P10,I07,T10_07,0.19996357051465635,3.3494510793643544,0.5114034801788822,False,True
3129,R10,P10,I07,T10_07,0.25710122344532155,3.35401927265619,0.5173176787846318,False,True
3130,R10,P10,I07,T10_07,0.31423887637598674,3.3864309789756115,0.5221814075279276,False,True
3131,R10,P10,I07,T10_07,0.37137652930665194,3.3709679754288575,0.5259187695484469,False,True
3132,R10,P10,I07,T10_07,0.42851418223731713,3.3901553859881703,0.5284714445618525,False,True
3133,R10,P10,I07,T10_07,0.4856518351679823,3.487146210718739,0.5297995989283244,False,True
3134,R10,P10,I07,T10_07,0.5427894880986475,3.4344439593745593,0.5298825072431865,False,True
3135,R10,P10,I07,T10_07,0.5999271410293128,3.5102040947964626,0.5287188757499149,False,True
3136,R10,P10,I07,T10_07,0.6570647939599779,3.5164702123893488,0.5263268625287755,False,True
3137,R10,P10,I07,T10_07,0.7142024468906432,3.570323941624452,0.5227437941460545,False,True
3138,R10,P10,I07,T10_07,0.7713400998213082,3.4965173043061815,0.5180255831854762,False,True
3139,R10,P10,I07,T10_07,0.8284777527519736,3.403305781926211,0.5122458557510337,False,True
3140,R10,P10,I07,T10_07,0.8856154056826389,3.3733888750888723,0.5054948025562618,False,True
3141,R10,P10,I07,T10_07,0.9427530586133039,3.4132739744481513,0.4978777715283165,False,True
3142,R10,P10,I07,T10_07,0.999890711543969,3.436519412460467,0.48951362388880715,False,True
3143,R10,P10,I07,T10_07,1.0570283644746343,3.335160058040152,0.48053287936418654,False,True
3144,R10,P10,I07,T10_07,1.1141660174052996,3.3751533699917737,0.4710756794690737,False,True
3145,R10,P10,I07,T10_07,1.1713036703359647,3.3087258868951457,0.4612896006447894,False,True
3146,R10,P10,I07,T10_07,1.2284413232666298,3.2562466729466575,0.45132735137834784,False,True
3147,R10,P10,I07,T10_07,1.285578976197295,3.2022739707533865,0.44134438923759134,False,True
3148,R10,P10,I07,T10_07,1.3427166291279604,3.1972711254810124,0.43149649500783827,False,True
3149,R10,P10,I07,T10_07,1.3998542820586255,3.3199717456073627,0.42193734178483044,False,True
3150,R10,P10,I07,T10_07,1.4569919349892906,3.2295690559520214,0.4128160969574713,False,True
3151,R10,P10,I07,T10_07,1.5141295879199559,3.1879536707324876,0.4042750945006125,False,True
3152,R10,P10,I07,T10_07,1.5712672408506212,3.1981836276529245,0.39644761390098116,False,True
3153,R10,P10,I07,T10_07,1.6284048937812863,3.2055977550365493,0.38945580037536576,False,True
3154,R10,P10,I07,T10_07,1.6855425467119514,3.286947162169138,0.383408758835361,False,True
3155,R10,P10,I07,T10_07,1.7426801996426167,3.2061375272885835,0.3784008513417133,False,True
3156,R10,P10,I07,T10_07,1.799817852573282,3.218107802705667,0.374510224615923,False,True
3157,R10,P10,I07,T10_07,1.856955505503947,3.275741310160989,0.37179759058679224,False,True
3158,R10,P10,I07,T10_07,1.9140931584346121,3.260989130612936,0.3703052790010817,False,True
3159,R10,P10,I07,T10_07,1.9712308113652777,3.2287978646855025,0.3700565768819698,False,True
3160,R10,P10,I07,T10_07,2.0283684642959425,3.308974593593364,0.3710553651428447,False,True
3161,R10,P10,I08,T10_08,-0.2,3.127737624508193,0.45,False,True
3162,R10,P10,I08,T10_08,-0.15271309714616388,3.2009757677103194,0.45997397867081824,False,True
3163,R10,P10,I08,T10_08,-0.10542619429232775,3.221493045547298,0.46979231674036187,False,True
3164,R10,P10,I08,T10_08,-0.058139291438491614,3.2145140998181247,0.4793018023268838,False,True
3165,R10,P10,I08,T10_08,-0.010852388584655481,3.178432812773056,0.48835404308833624,False,True
3166,R10,P10,I08,T10_08,0.03643451426918065,3.1836916637700954,0.496807781835237,False,True
3167,R10,P10,I08,T10_08,0.08372141712301678,3.180464674947883,0.5045311008018667,False,True
3168,R10,P10,I08,T10_08,0.13100831997685292,3.2068076199461966,0.5114034801788822,False,True
3169,R10,P10,I08,T10_08,0.17829522283068905,3.3117600565744887,0.5173176787846318,False,True
3170,R10,P10,I08,T10_08,0.22558212568452518,3.2832655502195895,0.5221814075279276,False,True
3171,R10,P10,I08,T10_08,0.2728690285383613,3.2588317416062864,0.5259187695484469,False,True
3172,R10,P10,I08,T10_08,0.3201559313921975,3.269046564741393,0.5284714445618525,False,True
3173,R10,P10,I08,T10_08,0.3674428342460336,3.3502922460949343,0.5297995989283244,False,True
3174,R10,P10,I08,T10_08,0.41472973709986966,3.349582904648972,0.5298825072431865,False,True
3175,R10,P10,I08,T10_08,0.46201663995370584,3.4026928742209326,0.5287188757499149,False,True
3176,R10,P10,I08,T10_08,0.5093035428075421,3.4850223128448308,0.5263268625287755,False,True
3177,R10,P10,I08,T10_08,0.5565904456613782,3.4119118510034236,0.5227437941460545,False,True
3178,R10,P10,I08,T10_08,0.6038773485152142,3.493865151100888,0.5180255831854762,False,True
3179,R10,P10,I08,T10_08,0.6511642513690503,3.4358326591830832,0.5122458557510337,False,True
3180,R10,P10,I08,T10_08,0.6984511542228866,3.4176387756762594,0.5054948025562618,False,True
3181,R10,P10,I08,T10_08,0.7457380570767227,3.4052040547136024,0.4978777715283165,False,True
3182,R10,P10,I08,T10_08,0.7930249599305588,3.3556994126820725,0.48951362388880715,False,True
3183,R10,P10,I08,T10_08,0.8403118627843951,3.3652895834446306,0.48053287936418654,False,True
3184,R10,P10,I08,T10_08,0.8875987656382311,3.2977302463825136,0.4710756794690737,False,True
3185,R10,P10,I08,T10_08,0.9348856684920672,3.316450473526913,0.4612896006447894,False,True
3186,R10,P10,I08,T10_08,0.9821725713459033,3.2974305616428365,0.45132735137834784,False,True
3187,R10,P10,I08,T10_08,1.0294594741997394,3.2634486504635563,0.44134438923759134,False,True
3188,R10,P10,I08,T10_08,1.0767463770535757,3.2884280532728916,0.43149649500783827,False,True
3189,R10,P10,I08,T10_08,1.1240332799074118,3.2364068340638226,0.42193734178483044,False,True
3190,R10,P10,I08,T10_08,1.1713201827612478,3.2449023836155675,0.4128160969574713,False,True
3191,R10,P10,I08,T10_08,1.2186070856150841,3.24572843373955,0.4042750945006125,False,True
3192,R10,P10,I08,T10_08,1.2658939884689202,3.1821947625375175,0.39644761390098116,False,True
3193,R10,P10,I08,T10_08,1.3131808913227563,3.178803632401897,0.38945580037536576,False,True
3194,R10,P10,I08,T10_08,1.3604677941765924,3.178130535007279,0.383408758835361,False,True
3195,R10,P10,I08,T10_08,1.4077546970304284,3.273274262608667,0.3784008513417133,False,True
3196,R10,P10,I08,T10_08,1.4550415998842647,3.236553262715085,0.374510224615923,False,True
3197,R10,P10,I08,T10_08,1.5023285027381008,3.123013534128807,0.37179759058679224,False,True
3198,R10,P10,I08,T10_08,1.549615405591937,3.181010589201756,0.3703052790010817,False,True
3199,R10,P10,I08,T10_08,1.5969023084457732,3.2046219009598413,0.3700565768819698,False,True
3200,R10,P10,I08,T10_08,1.6441892112996093,3.1484879576303495,0.3710553651428447,False,True
3201,R11,P11,I01,T11_01,-0.2,2.9641812689777884,0.45,False,True
3202,R11,P11,I01,T11_01,-0.1659121727531255,2.903939024951837,0.45997397867081824,False,True
3203,R11,P11,I01,T11_01,-0.131824345506251,2.9633510988023084,0.46979231674036187,False,True
3204,R11,P11,I01,T11_01,-0.09773651825937651,2.9954849468909894,0.4793018023268838,False,True
3205,R11,P11,I01,T11_01,-0.063648691012502,3.0355278888001727,0.48835404308833624,False,True
3206,R11,P11,I01,T11_01,-0.0295608637656275,2.93394350563701,0.496807781835237,False,True
3207,R11,P11,I01,T11_01,0.004526963481246982,2.9750016633228236,0.5045311008018667,False,True
3208,R11,P11,I01,T11_01,0.03861479072812149,3.0521615353574396,0.5114034801788822,False,True
3209,R11,P11,I01,T11_01,0.072702617974996,2.914646907045885,0.5173176787846318,False,True
3210,R11,P11,I01,T11_01,0.10679044522187048,3.049585595811343,0.5221814075279276,False,True
3211,R11,P11,I01,T11_01,0.140878272468745,3.0025298189938594,0.5259187695484469,False,True
3212,R11,P11,I01,T11_01,0.1749660997156195,2.981945980734584,0.5284714445618525,False,True
3213,R11,P11,I01,T11_01,0.20905392696249397,2.9727834321560973,0.5297995989283244,False,True
3214,R11,P11,I01,T11_01,0.2431417542093685,3.0409809573746465,0.5298825072431865,False,True
3215,R11,P11,I01,T11_01,0.277229581456243,3.122602100908508,0.5287188757499149,False,True
3216,R11,P11,I01,T11_01,0.31131740870311747,3.0404700616179188,0.5263268625287755,False,True
3217,R11,P11,I01,T11_01,0.345405235949992,3.0511949417834434,0.5227437941460545,False,True
3218,R11,P11,I01,T11_01,0.37949306319686654,3.158266924651146,0.5180255831854762,False,True
3219,R11,P11,I01,T11_01,0.41358089044374097,3.1943086014997486,0.5122458557510337,False,True
3220,R11,P11,I01,T11_01,0.4476687176906155,3.1665346627381172,0.5054948025562618,False,True
3221,R11,P11,I01,T11_01,0.48175654493749004,3.2064351949055903,0.4978777715283165,False,True
3222,R11,P11,I01,T11_01,0.5158443721843644,3.1135291622750136,0.48951362388880715,False,True
3223,R11,P11,I01,T11_01,0.5499321994312389,3.2881179268028764,0.48053287936418654,False,True
3224,R11,P11,I01,T11_01,0.5840200266781135,3.2110082143340177,0.4710756794690737,False,True
3225,R11,P11,I01,T11_01,0.618107853924988,3.1950001263727246,0.4612896006447894,False,True
3226,R11,P11,I01,T11_01,0.6521956811718626,3.24153363036245,0.45132735137834784,False,True
3227,R11,P11,I01,T11_01,0.6862835084187371,3.18334193868146,0.44134438923759134,False,True
3228,R11,P11,I01,T11_01,0.7203713356656116,,0.43149649500783827,True,False
3229,R11,P11,I01,T11_01,0.7544591629124859,3.2432300731027253,0.42193734178483044,False,True
3230,R11,P11,I01,T11_01,0.7885469901593605,3.3212938781067334,0.4128160969574713,False,True
3231,R11,P11,I01,T11_01,0.822634817406235,3.1911645075236867,0.4042750945006125,False,True
3232,R11,P11,I01,T11_01,0.8567226446531095,3.1110641593794264,0.39644761390098116,False,True
3233,R11,P11,I01,T11_01,0.8908104718999841,3.14054233355879,0.38945580037536576,False,True
3234,R11,P11,I01,T11_01,0.9248982991468586,3.1349199487793693,0.383408758835361,False,True
3235,R11,P11,I01,T11_01,0.9589861263937332,,0.3784008513417133,True,False
3236,R11,P11,I01,T11_01,0.9930739536406077,3.026215266900959,0.374510224615923,False,True
3237,R11,P11,I01,T11_01,1.027161780887482,3.0572885594225614,0.37179759058679224,False,True
3238,R11,P11,I01,T11_01,1.0612496081343565,2.9329708162340866,0.3703052790010817,False,True
3239,R11,P11,I01,T11_01,1.095337435381231,3.084136111096313,0.3700565768819698,False,True
3240,R11,P11,I01,T11_01,1.1294252626281056,2.9300851308106446,0.3710553651428447,False,True
3241,R11,P11,I02,T11_02,-0.2,3.1672921400745806,0.45,False,True
3242,R11,P11,I02,T11_02,-0.16923153204890207,3.211246062915528,0.45997397867081824,False,True
3243,R11,P11,I02,T11_02,-0.13846306409780412,3.1980233620707583,0.46979231674036187,False,True
3244,R11,P11,I02,T11_02,-0.10769459614670616,3.194568075652144,0.4793018023268838,False,True
3245,R11,P11,I02,T11_02,-0.07692612819560822,3.0976102050676615,0.48835404308833624,False,True
3246,R11,P11,I02,T11_02,-0.04615766024451026,3.1642991406928207,0.496807781835237,False,True
3247,R11,P11,I02,T11_02,-0.015389192293412318,3.144134548798255,0.5045311008018667,False,True
3248,R11,P11,I02,T11_02,0.015379275657685626,3.2053647237561034,0.5114034801788822,False,True
3249,R11,P11,I02,T11_02,0.04614774360878357,3.181952785556111,0.5173176787846318,False,True
3250,R11,P11,I02,T11_02,0.07691621155988154,3.2375473292528913,0.5221814075279276,False,True
3251,R11,P11,I02,T11_02,0.10768467951097949,3.1811943730781556,0.5259187695484469,False,True
3252,R11,P11,I02,T11_02,0.13845314746207743,3.2263263901299637,0.5284714445618525,False,True
3253,R11,P11,I02,T11_02,0.16922161541317537,3.224779912774583,0.5297995989283244,False,True
3254,R11,P11,I02,T11_02,0.19999008336427332,3.2130672896295724,0.5298825072431865,False,True
3255,R11,P11,I02,T11_02,0.23075855131537126,3.216410252944238,0.5287188757499149,False,True
3256,R11,P11,I02,T11_02,0.2615270192664692,3.1752591601620814,0.5263268625287755,False,True
3257,R11,P11,I02,T11_02,0.29229548721756715,3.2045178723668974,0.5227437941460545,False,True
3258,R11,P11,I02,T11_02,0.3230639551686651,3.280224064538549,0.5180255831854762,False,True
3259,R11,P11,I02,T11_02,0.3538324231197631,3.3320300218694086,0.5122458557510337,False,True
3260,R11,P11,I02,T11_02,0.384600891070861,3.321987976255211,0.5054948025562618,False,True
3261,R11,P11,I02,T11_02,0.415369359021959,3.2821589665526796,0.4978777715283165,False,True
3262,R11,P11,I02,T11_02,0.4461378269730569,3.340681814368295,0.48951362388880715,False,True
3263,R11,P11,I02,T11_02,0.47690629492415487,3.3940239164369292,0.48053287936418654,False,True
3264,R11,P11,I02,T11_02,0.5076747628752527,3.462323496186118,0.4710756794690737,False,True
3265,R11,P11,I02,T11_02,0.5384432308263507,3.414721289944614,0.4612896006447894,False,True
3266,R11,P11,I02,T11_02,0.5692116987774487,3.3233093415873984,0.45132735137834784,False,True
3267,R11,P11,I02,T11_02,0.5999801667285467,3.3879139830449834,0.44134438923759134,False,True
3268,R11,P11,I02,T11_02,0.6307486346796445,3.4085693869276064,0.43149649500783827,False,True
3269,R11,P11,I02,T11_02,0.6615171026307425,3.383415052009162,0.42193734178483044,False,True
3270,R11,P11,I02,T11_02,0.6922855705818405,3.4004037925642177,0.4128160969574713,False,True
3271,R11,P11,I02,T11_02,0.7230540385329385,3.483857092498822,0.4042750945006125,False,True
3272,R11,P11,I02,T11_02,0.7538225064840363,3.308690293702363,0.39644761390098116,False,True
3273,R11,P11,I02,T11_02,0.7845909744351343,3.4325142710171765,0.38945580037536576,False,True
3274,R11,P11,I02,T11_02,0.8153594423862323,3.3579197472272857,0.383408758835361,False,True
3275,R11,P11,I02,T11_02,0.8461279103373303,3.3685914829549457,0.3784008513417133,False,True
3276,R11,P11,I02,T11_02,0.8768963782884283,3.3653260266584266,0.374510224615923,False,True
3277,R11,P11,I02,T11_02,0.9076648462395263,3.314702130995308,0.37179759058679224,False,True
3278,R11,P11,I02,T11_02,0.938433314190624,3.2720965715325643,0.3703052790010817,False,True
3279,R11,P11,I02,T11_02,0.969201782141722,3.337570746497094,0.3700565768819698,False,True
3280,R11,P11,I02,T11_02,0.99997025009282,3.224547880110015,0.3710553651428447,False,True
3281,R11,P11,I03,T11_03,-0.2,3.1613812043930456,0.45,False,True
3282,R11,P11,I03,T11_03,-0.16061421355455088,3.1412200276458186,0.45997397867081824,False,True
3283,R11,P11,I03,T11_03,-0.12122842710910177,3.1180642943327075,0.46979231674036187,False,True
3284,R11,P11,I03,T11_03,-0.08184264066365265,3.175432883863107,0.4793018023268838,False,True
3285,R11,P11,I03,T11_03,-0.04245685421820353,3.1412264201791023,0.48835404308833624,False,True
3286,R11,P11,I03,T11_03,-0.003071067772754399,3.1664746064522875,0.496807781835237,False,True
3287,R11,P11,I03,T11_03,0.0363147186726947,3.108643323150022,0.5045311008018667,False,True
3288,R11,P11,I03,T11_03,0.07570050511814386,3.2244412105753635,0.5114034801788822,False,True
3289,R11,P11,I03,T11_03,0.11508629156359296,3.1957234995163626,0.5173176787846318,False,True
3290,R11,P11,I03,T11_03,0.15447207800904206,3.1328424369120196,0.5221814075279276,False,True
3291,R11,P11,I03,T11_03,0.1938578644544912,3.2377602765292957,0.5259187695484469,False,True
3292,R11,P11,I03,T11_03,0.2332436508999403,3.1861328035053815,0.5284714445618525,False,True
3293,R11,P11,I03,T11_03,0.2726294373453894,3.183266688862617,0.5297995989283244,False,True
3294,R11,P11,I03,T11_03,0.3120152237908385,3.227424776822097,0.5298825072431865,False,True
3295,R11,P11,I03,T11_03,0.3514010102362877,3.2494361238356224,0.5287188757499149,False,True
3296,R11,P11,I03,T11_03,0.3907867966817368,3.2760510788111215,0.5263268625287755,False,True
3297,R11,P11,I03,T11_03,0.4301725831271859,3.275661671793697,0.5227437941460545,False,True
3298,R11,P11,I03,T11_03,0.469558369572635,3.3118202639760965,0.5180255831854762,False,True
3299,R11,P11,I03,T11_03,0.5089441560180841,3.3843268946936327,0.5122458557510337,False,True
3300,R11,P11,I03,T11_03,0.5483299424635333,3.4266592833236285,0.5054948025562618,False,True
3301,R11,P11,I03,T11_03,0.5877157289089825,3.4223857934102933,0.4978777715283165,False,True
3302,R11,P11,I03,T11_03,0.6271015153544315,3.415446777630733,0.48951362388880715,False,True
3303,R11,P11,I03,T11_03,0.6664873017998807,3.474756220045292,0.48053287936418654,False,True
3304,R11,P11,I03,T11_03,0.7058730882453297,3.3153939947924056,0.4710756794690737,False,True
3305,R11,P11,I03,T11_03,0.7452588746907789,3.393512910065775,0.4612896006447894,False,True
3306,R11,P11,I03,T11_03,0.7846446611362281,3.421574057225679,0.45132735137834784,False,True
3307,R11,P11,I03,T11_03,0.8240304475816771,3.3528089232094525,0.44134438923759134,False,True
3308,R11,P11,I03,T11_03,0.8634162340271263,3.3148683889711608,0.43149649500783827,False,True
3309,R11,P11,I03,T11_03,0.9028020204725755,,0.42193734178483044,True,False
3310,R11,P11,I03,T11_03,0.9421878069180245,3.281421234989152,0.4128160969574713,False,True
3311,R11,P11,I03,T11_03,0.9815735933634737,3.3072972792346773,0.4042750945006125,False,True
3312,R11,P11,I03,T11_03,1.0209593798089227,3.2306011716460152,0.39644761390098116,False,True
3313,R11,P11,I03,T11_03,1.060345166254372,3.2342023552210724,0.38945580037536576,False,True
3314,R11,P11,I03,T11_03,1.0997309526998211,3.1640291906812994,0.383408758835361,False,True
3315,R11,P11,I03,T11_03,1.1391167391452701,3.301168069230214,0.3784008513417133,False,True
3316,R11,P11,I03,T11_03,1.1785025255907193,3.179622289474956,0.374510224615923,False,True
3317,R11,P11,I03,T11_03,1.2178883120361683,3.2025315098987037,0.37179759058679224,False,True
3318,R11,P11,I03,T11_03,1.2572740984816175,3.2172623422253084,0.3703052790010817,False,True
3319,R11,P11,I03,T11_03,1.2966598849270667,3.1641946062844006,0.3700565768819698,False,True
3320,R11,P11,I03,T11_03,1.3360456713725157,3.101726986759208,0.3710553651428447,False,True
3321,R11,P11,I04,T11_04,-0.2,3.3684408159128068,0.45,False,True
3322,R11,P11,I04,T11_04,-0.16975185482188462,3.471388053072407,0.45997397867081824,False,True
3323,R11,P11,I04,T11_04,-0.1395037096437692,3.4517669750297446,0.46979231674036187,False,True
3324,R11,P11,I04,T11_04,-0.10925556446565382,3.44446407070235,0.4793018023268838,False,True
3325,R11,P11,I04,T11_04,-0.07900741928753842,3.3104179620130605,0.48835404308833624,False,True
3326,R11,P11,I04,T11_04,-0.04875927410942302,3.304650285586606,0.496807781835237,False,True
3327,R11,P11,I04,T11_04,-0.01851112893130763,3.422837757182507,0.5045311008018667,False,True
3328,R11,P11,I04,T11_04,0.011737016246807785,3.4430728101277803,0.5114034801788822,False,True
3329,R11,P11,I04,T11_04,0.04198516142492317,3.434400600621622,0.5173176787846318,False,True
3330,R11,P11,I04,T11_04,0.07223330660303856,3.4611846059910873,0.5221814075279276,False,True
3331,R11,P11,I04,T11_04,0.10248145178115398,3.4674469661202387,0.5259187695484469,False,True
3332,R11,P11,I04,T11_04,0.1327295969592694,3.424104684891024,0.5284714445618525,False,True
3333,R11,P11,I04,T11_04,0.16297774213738475,3.4197019954780186,0.5297995989283244,False,True
3334,R11,P11,I04,T11_04,0.19322588731550017,3.416606341326018,0.5298825072431865,False,True
3335,R11,P11,I04,T11_04,0.22347403249361558,3.4332506287946027,0.5287188757499149,False,True
3336,R11,P11,I04,T11_04,0.25372217767173094,3.4430238410485536,0.5263268625287755,False,True
3337,R11,P11,I04,T11_04,0.28397032284984636,3.472989571003744,0.5227437941460545,False,True
3338,R11,P11,I04,T11_04,0.3142184680279618,3.5250255303031617,0.5180255831854762,False,True
3339,R11,P11,I04,T11_04,0.34446661320607713,3.522871410806189,0.5122458557510337,False,True
3340,R11,P11,I04,T11_04,0.3747147583841926,3.5203679345238066,0.5054948025562618,False,True
3341,R11,P11,I04,T11_04,0.40496290356230796,3.5313565019925726,0.4978777715283165,False,True
3342,R11,P11,I04,T11_04,0.4352110487404233,3.525105716108521,0.48951362388880715,False,True
3343,R11,P11,I04,T11_04,0.4654591939185388,3.6603921700480364,0.48053287936418654,False,True
3344,R11,P11,I04,T11_04,0.49570733909665415,3.6349799362504367,0.4710756794690737,False,True
3345,R11,P11,I04,T11_04,0.5259554842747696,3.6823741833552512,0.4612896006447894,False,True
3346,R11,P11,I04,T11_04,0.5562036294528849,3.6188987292433317,0.45132735137834784,False,True
3347,R11,P11,I04,T11_04,0.5864517746310003,3.601332741683016,0.44134438923759134,False,True
3348,R11,P11,I04,T11_04,0.6166999198091156,3.723725650425057,0.43149649500783827,False,True
3349,R11,P11,I04,T11_04,0.6469480649872312,3.6136916555001584,0.42193734178483044,False,True
3350,R11,P11,I04,T11_04,0.6771962101653466,3.772658956398926,0.4128160969574713,False,True
3351,R11,P11,I04,T11_04,0.707444355343462,3.551509085483401,0.4042750945006125,False,True
3352,R11,P11,I04,T11_04,0.7376925005215773,3.667302126776743,0.39644761390098116,False,True
3353,R11,P11,I04,T11_04,0.7679406456996927,3.553031629662094,0.38945580037536576,False,True
3354,R11,P11,I04,T11_04,0.798188790877808,3.6814110635361263,0.383408758835361,False,True
3355,R11,P11,I04,T11_04,0.8284369360559236,3.602538895683891,0.3784008513417133,False,True
3356,R11,P11,I04,T11_04,0.858685081234039,3.6236062025773426,0.374510224615923,False,True
3357,R11,P11,I04,T11_04,0.8889332264121543,3.522540281728402,0.37179759058679224,False,True
3358,R11,P11,I04,T11_04,0.9191813715902697,3.5282602715255553,0.3703052790010817,False,True
3359,R11,P11,I04,T11_04,0.9494295167683853,3.577012340178032,0.3700565768819698,False,True
3360,R11,P11,I04,T11_04,0.9796776619465005,3.512705804038862,0.3710553651428447,False,True
3361,R11,P11,I05,T11_05,-0.2,3.0396640044387233,0.45,False,True
3362,R11,P11,I05,T11_05,-0.1564731148253958,3.172244703595104,0.45997397867081824,False,True
3363,R11,P11,I05,T11_05,-0.1129462296507916,3.0428618954592155,0.46979231674036187,False,True
3364,R11,P11,I05,T11_05,-0.06941934447618739,3.063159113640804,0.4793018023268838,False,True
3365,R11,P11,I05,T11_05,-0.02589245930158318,3.0862839656635686,0.48835404308833624,False,True
3366,R11,P11,I05,T11_05,0.017634425873021026,3.1163094874082646,0.496807781835237,False,True
3367,R11,P11,I05,T11_05,0.06116131104762523,3.0471581501468044,0.5045311008018667,False,True
3368,R11,P11,I05,T11_05,0.10468819622222941,3.084492122824499,0.5114034801788822,False,True
3369,R11,P11,I05,T11_05,0.14821508139683365,3.083083352768282,0.5173176787846318,False,True
3370,R11,P11,I05,T11_05,0.19174196657143788,3.1262486282953863,0.5221814075279276,False,True
3371,R11,P11,I05,T11_05,0.23526885174604206,3.227473066954618,0.5259187695484469,False,True
3372,R11,P11,I05,T11_05,0.27879573692064624,3.1671039726299792,0.5284714445618525,False,True
3373,R11,P11,I05,T11_05,0.3223226220952505,3.1703135252388246,0.5297995989283244,False,True
3374,R11,P11,I05,T11_05,0.3658495072698547,3.2144981774014405,0.5298825072431865,False,True
3375,R11,P11,I05,T11_05,0.40937639244445884,3.179563077089629,0.5287188757499149,False,True
3376,R11,P11,I05,T11_05,0.45290327761906307,3.357467767634962,0.5263268625287755,False,True
3377,R11,P11,I05,T11_05,0.4964301627936673,3.2788433217838864,0.5227437941460545,False,True
3378,R11,P11,I05,T11_05,0.5399570479682716,,0.5180255831854762,True,False
3379,R11,P11,I05,T11_05,0.5834839331428758,,0.5122458557510337,True,False
3380,R11,P11,I05,T11_05,0.6270108183174798,3.2481140053857445,0.5054948025562618,False,True
3381,R11,P11,I05,T11_05,0.6705377034920841,3.262868470168642,0.4978777715283165,False,True
3382,R11,P11,I05,T11_05,0.7140645886666883,3.3742615891528045,0.48951362388880715,False,True
3383,R11,P11,I05,T11_05,0.7575914738412926,3.313054499601614,0.48053287936418654,False,True
3384,R11,P11,I05,T11_05,0.8011183590158968,3.3076037104440674,0.4710756794690737,False,True
3385,R11,P11,I05,T11_05,0.844645244190501,3.261421764328738,0.4612896006447894,False,True
3386,R11,P11,I05,T11_05,0.8881721293651053,3.220375443896833,0.45132735137834784,False,True
3387,R11,P11,I05,T11_05,0.9316990145397095,3.2131440844152666,0.44134438923759134,False,True
3388,R11,P11,I05,T11_05,0.9752258997143137,3.193167008333899,0.43149649500783827,False,True
3389,R11,P11,I05,T11_05,1.0187527848889177,3.1627914439646254,0.42193734178483044,False,True
3390,R11,P11,I05,T11_05,1.062279670063522,3.1887511870609293,0.4128160969574713,False,True
3391,R11,P11,I05,T11_05,1.1058065552381262,3.1658217877015415,0.4042750945006125,False,True
3392,R11,P11,I05,T11_05,1.1493334404127304,3.0445118473841672,0.39644761390098116,False,True
3393,R11,P11,I05,T11_05,1.1928603255873347,3.121236309658241,0.38945580037536576,False,True
3394,R11,P11,I05,T11_05,1.236387210761939,3.152719698675591,0.383408758835361,False,True
3395,R11,P11,I05,T11_05,1.2799140959365432,3.042485037708829,0.3784008513417133,False,True
3396,R11,P11,I05,T11_05,1.3234409811111474,3.1419098642547607,0.374510224615923,False,True
3397,R11,P11,I05,T11_05,1.3669678662857516,3.1257027733980007,0.37179759058679224,False,True
3398,R11,P11,I05,T11_05,1.4104947514603556,3.036092894436343,0.3703052790010817,False,True
3399,R11,P11,I05,T11_05,1.4540216366349599,3.1085245618801256,0.3700565768819698,False,True
3400,R11,P11,I05,T11_05,1.497548521809564,3.1793282943914503,0.3710553651428447,False,True
3401,R11,P11,I06,T11_06,-0.2,3.291825013174458,0.45,False,True
3402,R11,P11,I06,T11_06,-0.15064050974822624,3.217941436653745,0.45997397867081824,False,True
3403,R11,P11,I06,T11_06,-0.10128101949645245,3.2605567501030537,0.46979231674036187,False,True
3404,R11,P11,I06,T11_06,-0.05192152924467866,3.2749362008266174,0.4793018023268838,False,True
3405,R11,P11,I06,T11_06,-0.002562038992904886,3.2364043266026177,0.48835404308833624,False,True
3406,R11,P11,I06,T11_06,0.04679745125886889,3.2209629724900815,0.496807781835237,False,True
3407,R11,P11,I06,T11_06,0.09615694151064269,3.222375258319717,0.5045311008018667,False,True
3408,R11,P11,I06,T11_06,0.14551643176241646,3.2733485842848427,0.5114034801788822,False,True
3409,R11,P11,I06,T11_06,0.19487592201419024,3.2652618405695044,0.5173176787846318,False,True
3410,R11,P11,I06,T11_06,0.244235412265964,3.249608677707569,0.5221814075279276,False,True
3411,R11,P11,I06,T11_06,0.2935949025177378,3.3820652761137344,0.5259187695484469,False,True
3412,R11,P11,I06,T11_06,0.3429543927695116,3.2854630649136856,0.5284714445618525,False,True
3413,R11,P11,I06,T11_06,0.3923138830212854,3.3179319499203115,0.5297995989283244,False,True
3414,R11,P11,I06,T11_06,0.44167337327305917,3.4398829682834307,0.5298825072431865,False,True
3415,R11,P11,I06,T11_06,0.49103286352483294,3.4573021847756986,0.5287188757499149,False,True
3416,R11,P11,I06,T11_06,0.5403923537766067,3.3871039068018085,0.5263268625287755,False,True
3417,R11,P11,I06,T11_06,0.5897518440283804,3.4528646605407145,0.5227437941460545,False,True
3418,R11,P11,I06,T11_06,0.6391113342801542,3.4632323526299316,0.5180255831854762,False,True
3419,R11,P11,I06,T11_06,0.688470824531928,3.4898046431481493,0.5122458557510337,False,True
3420,R11,P11,I06,T11_06,0.7378303147837018,3.474303901067421,0.5054948025562618,False,True
3421,R11,P11,I06,T11_06,0.7871898050354755,3.46421275584788,0.4978777715283165,False,True
3422,R11,P11,I06,T11_06,0.8365492952872495,3.3262256172272795,0.48951362388880715,False,True
3423,R11,P11,I06,T11_06,0.8859087855390233,3.3928155839324585,0.48053287936418654,False,True
3424,R11,P11,I06,T11_06,0.9352682757907971,3.392968435267867,0.4710756794690737,False,True
3425,R11,P11,I06,T11_06,0.9846277660425709,3.3567415435190315,0.4612896006447894,False,True
3426,R11,P11,I06,T11_06,1.0339872562943446,3.281503116014061,0.45132735137834784,False,True
3427,R11,P11,I06,T11_06,1.0833467465461184,3.281730547519594,0.44134438923759134,False,True
3428,R11,P11,I06,T11_06,1.1327062367978922,3.233867169052399,0.43149649500783827,False,True
3429,R11,P11,I06,T11_06,1.182065727049666,3.2758128252129226,0.42193734178483044,False,True
3430,R11,P11,I06,T11_06,1.2314252173014397,3.252491121191435,0.4128160969574713,False,True
3431,R11,P11,I06,T11_06,1.2807847075532135,3.19854001661561,0.4042750945006125,False,True
3432,R11,P11,I06,T11_06,1.3301441978049873,3.2165954650755624,0.39644761390098116,False,True
3433,R11,P11,I06,T11_06,1.379503688056761,3.2742563280644923,0.38945580037536576,False,True
3434,R11,P11,I06,T11_06,1.4288631783085348,3.209376613758529,0.383408758835361,False,True
3435,R11,P11,I06,T11_06,1.4782226685603086,3.16356206092275,0.3784008513417133,False,True
3436,R11,P11,I06,T11_06,1.5275821588120824,3.186792127154352,0.374510224615923,False,True
3437,R11,P11,I06,T11_06,1.5769416490638561,3.1986876125067454,0.37179759058679224,False,True
3438,R11,P11,I06,T11_06,1.62630113931563,3.2216410102785384,0.3703052790010817,False,True
3439,R11,P11,I06,T11_06,1.6756606295674037,3.238803153110821,0.3700565768819698,False,True
3440,R11,P11,I06,T11_06,1.7250201198191775,3.1809737827761793,0.3710553651428447,False,True
3441,R11,P11,I07,T11_07,-0.2,3.2666857595664274,0.45,False,True
3442,R11,P11,I07,T11_07,-0.17120955040497793,3.241349881589285,0.45997397867081824,False,True
3443,R11,P11,I07,T11_07,-0.14241910080995585,3.1837214816822828,0.46979231674036187,False,True
3444,R11,P11,I07,T11_07,-0.11362865121493378,3.277696195509462,0.4793018023268838,False,True
3445,R11,P11,I07,T11_07,-0.0848382016199117,3.222546351240329,0.48835404308833624,False,True
3446,R11,P11,I07,T11_07,-0.056047752024889624,3.1308345103179676,0.496807781835237,False,True
3447,R11,P11,I07,T11_07,-0.02725730242986754,3.3153341185027587,0.5045311008018667,False,True
3448,R11,P11,I07,T11_07,0.0015331471651545414,3.2303846894851787,0.5114034801788822,False,True
3449,R11,P11,I07,T11_07,0.030323596760176624,3.3114101046005255,0.5173176787846318,False,True
3450,R11,P11,I07,T11_07,0.05911404635519868,3.1741716211246755,0.5221814075279276,False,True
3451,R11,P11,I07,T11_07,0.08790449595022076,3.1641242437823127,0.5259187695484469,False,True
3452,R11,P11,I07,T11_07,0.11669494554524285,3.217932330120197,0.5284714445618525,False,True
3453,R11,P11,I07,T11_07,0.14548539514026493,3.2210752279878068,0.5297995989283244,False,True
3454,R11,P11,I07,T11_07,0.174275844735287,3.1966820013423405,0.5298825072431865,False,True
3455,R11,P11,I07,T11_07,0.2030662943303091,3.214027603799852,0.5287188757499149,False,True
3456,R11,P11,I07,T11_07,0.23185674392533118,3.2949910068396084,0.5263268625287755,False,True
3457,R11,P11,I07,T11_07,0.26064719352035326,3.253047879289398,0.5227437941460545,False,True
3458,R11,P11,I07,T11_07,0.28943764311537534,3.2522199620628074,0.5180255831854762,False,True
3459,R11,P11,I07,T11_07,0.31822809271039737,3.32263873629546,0.5122458557510337,False,True
3460,R11,P11,I07,T11_07,0.34701854230541945,3.385058654975159,0.5054948025562618,False,True
3461,R11,P11,I07,T11_07,0.37580899190044154,3.3438957454566407,0.4978777715283165,False,True
3462,R11,P11,I07,T11_07,0.4045994414954636,3.362356289411978,0.48951362388880715,False,True
3463,R11,P11,I07,T11_07,0.4333898910904857,3.375165302193092,0.48053287936418654,False,True
3464,R11,P11,I07,T11_07,0.4621803406855078,3.3662124506768056,0.4710756794690737,False,True
3465,R11,P11,I07,T11_07,0.49097079028052987,3.400115430641507,0.4612896006447894,False,True
3466,R11,P11,I07,T11_07,0.519761239875552,3.4746311634447573,0.45132735137834784,False,True
3467,R11,P11,I07,T11_07,0.548551689470574,3.483269128260059,0.44134438923759134,False,True
3468,R11,P11,I07,T11_07,0.5773421390655962,3.382423366820577,0.43149649500783827,False,True
3469,R11,P11,I07,T11_07,0.6061325886606181,3.4370777243200554,0.42193734178483044,False,True
3470,R11,P11,I07,T11_07,0.6349230382556403,3.4309354527214473,0.4128160969574713,False,True
3471,R11,P11,I07,T11_07,0.6637134878506623,3.4594136366967705,0.4042750945006125,False,True
3472,R11,P11,I07,T11_07,0.6925039374456845,3.4303788651123512,0.39644761390098116,False,True
3473,R11,P11,I07,T11_07,0.7212943870407065,3.4160763163380814,0.38945580037536576,False,True
3474,R11,P11,I07,T11_07,0.7500848366357287,3.4298710624973254,0.383408758835361,False,True
3475,R11,P11,I07,T11_07,0.7788752862307506,3.482812542809933,0.3784008513417133,False,True
3476,R11,P11,I07,T11_07,0.8076657358257728,3.4006286219264212,0.374510224615923,False,True
3477,R11,P11,I07,T11_07,0.8364561854207948,3.397747538480629,0.37179759058679224,False,True
3478,R11,P11,I07,T11_07,0.865246635015817,3.377436538733534,0.3703052790010817,False,True
3479,R11,P11,I07,T11_07,0.894037084610839,3.4181846313399813,0.3700565768819698,False,True
3480,R11,P11,I07,T11_07,0.9228275342058612,3.354389652090702,0.3710553651428447,False,True
3481,R11,P11,I08,T11_08,-0.2,3.320720958739741,0.45,False,True
3482,R11,P11,I08,T11_08,-0.14787899121399933,,0.45997397867081824,True,False
3483,R11,P11,I08,T11_08,-0.09575798242799864,3.14351736549871,0.46979231674036187,False,True
3484,R11,P11,I08,T11_08,-0.04363697364199795,3.2465590262658046,0.4793018023268838,False,True
3485,R11,P11,I08,T11_08,0.008484035144002727,3.354314410095137,0.48835404308833624,False,True
3486,R11,P11,I08,T11_08,0.06060504393000343,3.340130554584304,0.496807781835237,False,True
3487,R11,P11,I08,T11_08,0.11272605271600411,3.215239235222791,0.5045311008018667,False,True
3488,R11,P11,I08,T11_08,0.1648470615020048,3.2238982270346743,0.5114034801788822,False,True
3489,R11,P11,I08,T11_08,0.21696807028800547,3.398322819199707,0.5173176787846318,False,True
3490,R11,P11,I08,T11_08,0.26908907907400614,3.260746586192518,0.5221814075279276,False,True
3491,R11,P11,I08,T11_08,0.3212100878600069,,0.5259187695484469,True,False
3492,R11,P11,I08,T11_08,0.37333109664600755,3.4731077946572255,0.5284714445618525,False,True
3493,R11,P11,I08,T11_08,0.42545210543200823,3.38543670677333,0.5297995989283244,False,True
3494,R11,P11,I08,T11_08,0.4775731142180089,3.463399473367829,0.5298825072431865,False,True
3495,R11,P11,I08,T11_08,0.5296941230040095,3.540694872043419,0.5287188757499149,False,True
3496,R11,P11,I08,T11_08,0.5818151317900102,3.4926836879700547,0.5263268625287755,False,True
3497,R11,P11,I08,T11_08,0.6339361405760109,3.475704495821215,0.5227437941460545,False,True
3498,R11,P11,I08,T11_08,0.6860571493620116,3.507869790699557,0.5180255831854762,False,True
3499,R11,P11,I08,T11_08,0.7381781581480122,3.5083987870332294,0.5122458557510337,False,True
3500,R11,P11,I08,T11_08,0.7902991669340129,3.5070974247105773,0.5054948025562618,False,True
3501,R11,P11,I08,T11_08,0.8424201757200138,3.4276152343559403,0.4978777715283165,False,True
3502,R11,P11,I08,T11_08,0.8945411845060145,3.401566592206847,0.48951362388880715,False,True
3503,R11,P11,I08,T11_08,0.9466621932920152,3.4055390752351347,0.48053287936418654,False,True
3504,R11,P11,I08,T11_08,0.9987832020780159,3.3405924786316623,0.4710756794690737,False,True
3505,R11,P11,I08,T11_08,1.0509042108640165,3.2785956553155455,0.4612896006447894,False,True
3506,R11,P11,I08,T11_08,1.1030252196500172,3.3260468962432337,0.45132735137834784,False,True
3507,R11,P11,I08,T11_08,1.1551462284360179,3.37496478067567,0.44134438923759134,False,True
3508,R11,P11,I08,T11_08,1.2072672372220186,3.3073868864370235,0.43149649500783827,False,True
3509,R11,P11,I08,T11_08,1.2593882460080192,3.292520258844086,0.42193734178483044,False,True
3510,R11,P11,I08,T11_08,1.31150925479402,3.2281365281651127,0.4128160969574713,False,True
3511,R11,P11,I08,T11_08,1.3636302635800206,3.2650310313902384,0.4042750945006125,False,True
3512,R11,P11,I08,T11_08,1.4157512723660213,3.3401449780760077,0.39644761390098116,False,True
3513,R11,P11,I08,T11_08,1.467872281152022,3.1979551459751208,0.38945580037536576,False,True
3514,R11,P11,I08,T11_08,1.5199932899380226,3.306131720390062,0.383408758835361,False,True
3515,R11,P11,I08,T11_08,1.5721142987240233,3.2558773272116515,0.3784008513417133,False,True
3516,R11,P11,I08,T11_08,1.624235307510024,3.2068324721360617,0.374510224615923,False,True
3517,R11,P11,I08,T11_08,1.6763563162960247,3.3747588514740685,0.37179759058679224,False,True
3518,R11,P11,I08,T11_08,1.7284773250820253,3.29770473108001,0.3703052790010817,False,True
3519,R11,P11,I08,T11_08,1.780598333868026,3.2427109757019794,0.3700565768819698,False,True
3520,R11,P11,I08,T11_08,1.8327193426540267,3.258761301033858,0.3710553651428447,False,True
3521,R12,P12,I01,T12_01,-0.2,2.9870599504169837,0.45,False,True
3522,R12,P12,I01,T12_01,-0.17921375124769037,2.9340530982580493,0.45997397867081824,False,True
3523,R12,P12,I01,T12_01,-0.15842750249538073,3.0159882204242705,0.46979231674036187,False,True
3524,R12,P12,I01,T12_01,-0.13764125374307107,2.9757629710264126,0.4793018023268838,False,True
3525,R12,P12,I01,T12_01,-0.11685500499076143,2.9362448222304507,0.48835404308833624,False,True
3526,R12,P12,I01,T12_01,-0.09606875623845179,2.992429689700678,0.496807781835237,False,True
3527,R12,P12,I01,T12_01,-0.07528250748614214,3.0138304079659286,0.5045311008018667,False,True
3528,R12,P12,I01,T12_01,-0.05449625873383249,2.9788675917910443,0.5114034801788822,False,True
3529,R12,P12,I01,T12_01,-0.03371000998152285,2.863512557092272,0.5173176787846318,False,True
3530,R12,P12,I01,T12_01,-0.01292376122921321,2.9958432041362335,0.5221814075279276,False,True
3531,R12,P12,I01,T12_01,0.007862487523096429,3.0285513714097183,0.5259187695484469,False,True
3532,R12,P12,I01,T12_01,0.028648736275406095,2.938948647835629,0.5284714445618525,False,True
3533,R12,P12,I01,T12_01,0.04943498502771573,2.9752698710567085,0.5297995989283244,False,True
3534,R12,P12,I01,T12_01,0.07022123378002537,3.005478993665696,0.5298825072431865,False,True
3535,R12,P12,I01,T12_01,0.09100748253233504,2.990697442421028,0.5287188757499149,False,True
3536,R12,P12,I01,T12_01,0.11179373128464465,3.073237866375771,0.5263268625287755,False,True
3537,R12,P12,I01,T12_01,0.13257998003695431,3.006073532796009,0.5227437941460545,False,True
3538,R12,P12,I01,T12_01,0.15336622878926398,3.052428511661167,0.5180255831854762,False,True
3539,R12,P12,I01,T12_01,0.1741524775415736,3.0366972735723463,0.5122458557510337,False,True
3540,R12,P12,I01,T12_01,0.19493872629388326,3.0327247119584824,0.5054948025562618,False,True
3541,R12,P12,I01,T12_01,0.21572497504619287,3.0332286866948115,0.4978777715283165,False,True
3542,R12,P12,I01,T12_01,0.23651122379850253,3.1233561988893515,0.48951362388880715,False,True
3543,R12,P12,I01,T12_01,0.2572974725508122,3.0127856993575266,0.48053287936418654,False,True
3544,R12,P12,I01,T12_01,0.2780837213031218,3.0527457814463212,0.4710756794690737,False,True
3545,R12,P12,I01,T12_01,0.2988699700554315,3.1458547465783187,0.4612896006447894,False,True
3546,R12,P12,I01,T12_01,0.31965621880774114,3.0511012025906554,0.45132735137834784,False,True
3547,R12,P12,I01,T12_01,0.34044246756005075,3.115891109356011,0.44134438923759134,False,True
3548,R12,P12,I01,T12_01,0.36122871631236037,3.128136363159042,0.43149649500783827,False,True
3549,R12,P12,I01,T12_01,0.3820149650646701,,0.42193734178483044,True,False
3550,R12,P12,I01,T12_01,0.4028012138169797,3.1068750230620297,0.4128160969574713,False,True
3551,R12,P12,I01,T12_01,0.4235874625692893,3.154214598644559,0.4042750945006125,False,True
3552,R12,P12,I01,T12_01,0.44437371132159903,3.2119940563747154,0.39644761390098116,False,True
3553,R12,P12,I01,T12_01,0.46515996007390864,3.2184038154659795,0.38945580037536576,False,True
3554,R12,P12,I01,T12_01,0.48594620882621825,3.173296961650357,0.383408758835361,False,True
3555,R12,P12,I01,T12_01,0.5067324575785279,3.1824840616476213,0.3784008513417133,False,True
3556,R12,P12,I01,T12_01,0.5275187063308375,3.190532549348508,0.374510224615923,False,True
3557,R12,P12,I01,T12_01,0.5483049550831471,3.1097987534619738,0.37179759058679224,False,True
3558,R12,P12,I01,T12_01,0.569091203835457,3.191602054903788,0.3703052790010817,False,True
3559,R12,P12,I01,T12_01,0.5898774525877666,3.226033379631272,0.3700565768819698,False,True
3560,R12,P12,I01,T12_01,0.6106637013400761,3.238016903271564,0.3710553651428447,False,True
3561,R12,P12,I02,T12_02,-0.2,3.268445128415015,0.45,False,True
3562,R12,P12,I02,T12_02,-0.175592571360355,3.2998223563139244,0.45997397867081824,False,True
3563,R12,P12,I02,T12_02,-0.15118514272071,3.2693185504643374,0.46979231674036187,False,True
3564,R12,P12,I02,T12_02,-0.12677771408106495,3.321921694438253,0.4793018023268838,False,True
3565,R12,P12,I02,T12_02,-0.10237028544141993,3.258726637994551,0.48835404308833624,False,True
3566,R12,P12,I02,T12_02,-0.07796285680177492,3.295992614551407,0.496807781835237,False,True
3567,R12,P12,I02,T12_02,-0.05355542816212988,3.2487665669894237,0.5045311008018667,False,True
3568,R12,P12,I02,T12_02,-0.02914799952248487,3.3243830358999134,0.5114034801788822,False,True
3569,R12,P12,I02,T12_02,-0.004740570882839856,3.2851532198462086,0.5173176787846318,False,True
3570,R12,P12,I02,T12_02,0.019666857756805156,3.223837754587881,0.5221814075279276,False,True
3571,R12,P12,I02,T12_02,0.04407428639645017,3.335055021372432,0.5259187695484469,False,True
3572,R12,P12,I02,T12_02,0.06848171503609518,3.2715617459692505,0.5284714445618525,False,True
3573,R12,P12,I02,T12_02,0.09288914367574025,3.3200209390956084,0.5297995989283244,False,True
3574,R12,P12,I02,T12_02,0.11729657231538526,3.368082104307528,0.5298825072431865,False,True
3575,R12,P12,I02,T12_02,0.14170400095503027,3.3361290327110824,0.5287188757499149,False,True
3576,R12,P12,I02,T12_02,0.1661114295946753,3.3634421999842807,0.5263268625287755,False,True
3577,R12,P12,I02,T12_02,0.1905188582343203,3.3543424135885385,0.5227437941460545,False,True
3578,R12,P12,I02,T12_02,0.2149262868739653,3.2455315758268792,0.5180255831854762,False,True
3579,R12,P12,I02,T12_02,0.23933371551361032,3.406791131615358,0.5122458557510337,False,True
3580,R12,P12,I02,T12_02,0.26374114415325534,3.3419763277254333,0.5054948025562618,False,True
3581,R12,P12,I02,T12_02,0.28814857279290035,3.3714293468853422,0.4978777715283165,False,True
3582,R12,P12,I02,T12_02,0.3125560014325454,3.3223128673240194,0.48951362388880715,False,True
3583,R12,P12,I02,T12_02,0.3369634300721904,3.467377140502137,0.48053287936418654,False,True
3584,R12,P12,I02,T12_02,0.36137085871183544,3.422147775328061,0.4710756794690737,False,True
3585,R12,P12,I02,T12_02,0.3857782873514805,3.4955169685438072,0.4612896006447894,False,True
3586,R12,P12,I02,T12_02,0.41018571599112547,3.5009222962590365,0.45132735137834784,False,True
3587,R12,P12,I02,T12_02,0.43459314463077053,3.45232573269207,0.44134438923759134,False,True
3588,R12,P12,I02,T12_02,0.4590005732704155,3.4234406552725796,0.43149649500783827,False,True
3589,R12,P12,I02,T12_02,0.48340800191006056,3.5412788713919445,0.42193734178483044,False,True
3590,R12,P12,I02,T12_02,0.5078154305497056,3.501975926521014,0.4128160969574713,False,True
3591,R12,P12,I02,T12_02,0.5322228591893505,3.507584433551344,0.4042750945006125,False,True
3592,R12,P12,I02,T12_02,0.5566302878289955,3.5570316770835406,0.39644761390098116,False,True
3593,R12,P12,I02,T12_02,0.5810377164686407,3.472686629552245,0.38945580037536576,False,True
3594,R12,P12,I02,T12_02,0.6054451451082856,3.5075410465676407,0.383408758835361,False,True
3595,R12,P12,I02,T12_02,0.6298525737479306,3.564874713358924,0.3784008513417133,False,True
3596,R12,P12,I02,T12_02,0.6542600023875758,3.4515820110732696,0.374510224615923,False,True
3597,R12,P12,I02,T12_02,0.6786674310272207,3.589048805356788,0.37179759058679224,False,True
3598,R12,P12,I02,T12_02,0.7030748596668657,3.5641078305815155,0.3703052790010817,False,True
3599,R12,P12,I02,T12_02,0.7274822883065106,3.5007152302644924,0.3700565768819698,False,True
3600,R12,P12,I02,T12_02,0.7518897169461557,3.535675010730341,0.3710553651428447,False,True
3601,R12,P12,I03,T12_03,-0.2,2.952670802170662,0.45,False,True
3602,R12,P12,I03,T12_03,-0.166510056834362,2.900821587861327,0.45997397867081824,False,True
3603,R12,P12,I03,T12_03,-0.13302011366872402,2.974226124956932,0.46979231674036187,False,True
3604,R12,P12,I03,T12_03,-0.09953017050308599,2.9619495457146527,0.4793018023268838,False,True
3605,R12,P12,I03,T12_03,-0.066040227337448,2.859744256993763,0.48835404308833624,False,True
3606,R12,P12,I03,T12_03,-0.032550284171809996,2.985296281659449,0.496807781835237,False,True
3607,R12,P12,I03,T12_03,0.0009396589938280298,2.990374247186808,0.5045311008018667,False,True
3608,R12,P12,I03,T12_03,0.03442960215946603,2.9440834377773974,0.5114034801788822,False,True
3609,R12,P12,I03,T12_03,0.06791954532510402,2.929203196216055,0.5173176787846318,False,True
3610,R12,P12,I03,T12_03,0.10140948849074205,3.0019020534561123,0.5221814075279276,False,True
3611,R12,P12,I03,T12_03,0.13489943165638002,3.0119107263547167,0.5259187695484469,False,True
3612,R12,P12,I03,T12_03,0.16838937482201805,2.995947793646873,0.5284714445618525,False,True
3613,R12,P12,I03,T12_03,0.20187931798765607,2.9560826978885983,0.5297995989283244,False,True
3614,R12,P12,I03,T12_03,0.23536926115329404,2.902551712341068,0.5298825072431865,False,True
3615,R12,P12,I03,T12_03,0.26885920431893207,3.0979232258635276,0.5287188757499149,False,True
3616,R12,P12,I03,T12_03,0.30234914748457004,3.0418719024381655,0.5263268625287755,False,True
3617,R12,P12,I03,T12_03,0.33583909065020806,3.0826014893529847,0.5227437941460545,False,True
3618,R12,P12,I03,T12_03,0.3693290338158461,3.1407637468397684,0.5180255831854762,False,True
3619,R12,P12,I03,T12_03,0.4028189769814841,3.075083994051919,0.5122458557510337,False,True
3620,R12,P12,I03,T12_03,0.436308920147122,3.070031778956116,0.5054948025562618,False,True
3621,R12,P12,I03,T12_03,0.46979886331276005,3.1075779317441268,0.4978777715283165,False,True
3622,R12,P12,I03,T12_03,0.503288806478398,3.1093909943600413,0.48951362388880715,False,True
3623,R12,P12,I03,T12_03,0.5367787496440362,3.1904918064688546,0.48053287936418654,False,True
3624,R12,P12,I03,T12_03,0.5702686928096741,3.242951896595442,0.4710756794690737,False,True
3625,R12,P12,I03,T12_03,0.6037586359753122,3.2798989440667277,0.4612896006447894,False,True
3626,R12,P12,I03,T12_03,0.6372485791409501,3.1825304559497174,0.45132735137834784,False,True
3627,R12,P12,I03,T12_03,0.670738522306588,3.204842553902258,0.44134438923759134,False,True
3628,R12,P12,I03,T12_03,0.7042284654722262,3.1938986468660318,0.43149649500783827,False,True
3629,R12,P12,I03,T12_03,0.7377184086378641,3.24827512233669,0.42193734178483044,False,True
3630,R12,P12,I03,T12_03,0.7712083518035022,3.2120874853867325,0.4128160969574713,False,True
3631,R12,P12,I03,T12_03,0.8046982949691401,3.124919218605897,0.4042750945006125,False,True
3632,R12,P12,I03,T12_03,0.8381882381347783,3.102029189854005,0.39644761390098116,False,True
3633,R12,P12,I03,T12_03,0.8716781813004162,3.1303197882198694,0.38945580037536576,False,True
3634,R12,P12,I03,T12_03,0.9051681244660541,3.137787667441356,0.383408758835361,False,True
3635,R12,P12,I03,T12_03,0.9386580676316922,3.0022945204636744,0.3784008513417133,False,True
3636,R12,P12,I03,T12_03,0.9721480107973302,3.059512647049614,0.374510224615923,False,True
3637,R12,P12,I03,T12_03,1.0056379539629683,3.078463149352261,0.37179759058679224,False,True
3638,R12,P12,I03,T12_03,1.0391278971286062,3.0493254328531436,0.3703052790010817,False,True
3639,R12,P12,I03,T12_03,1.0726178402942441,2.9864436968193844,0.3700565768819698,False,True
3640,R12,P12,I03,T12_03,1.1061077834598823,3.0166521310313033,0.3710553651428447,False,True
3641,R12,P12,I04,T12_04,-0.2,3.190555355319752,0.45,False,True
3642,R12,P12,I04,T12_04,-0.1596833800545675,3.1693155980793257,0.45997397867081824,False,True
3643,R12,P12,I04,T12_04,-0.11936676010913498,3.1310146072800373,0.46979231674036187,False,True
3644,R12,P12,I04,T12_04,-0.07905014016370246,3.127089299162402,0.4793018023268838,False,True
3645,R12,P12,I04,T12_04,-0.03873352021826995,3.2112441215188605,0.48835404308833624,False,True
3646,R12,P12,I04,T12_04,0.0015830997271625569,3.1157852618395405,0.496807781835237,False,True
3647,R12,P12,I04,T12_04,0.04189971967259509,3.1431119465324464,0.5045311008018667,False,True
3648,R12,P12,I04,T12_04,0.0822163396180276,3.131550555340151,0.5114034801788822,False,True
3649,R12,P12,I04,T12_04,0.12253295956346011,3.187197951312909,0.5173176787846318,False,True
3650,R12,P12,I04,T12_04,0.16284957950889262,3.176449765151164,0.5221814075279276,False,True
3651,R12,P12,I04,T12_04,0.20316619945432512,3.127925299389154,0.5259187695484469,False,True
3652,R12,P12,I04,T12_04,0.24348281939975763,3.1613136907186377,0.5284714445618525,False,True
3653,R12,P12,I04,T12_04,0.2837994393451902,,0.5297995989283244,True,False
3654,R12,P12,I04,T12_04,0.32411605929062265,3.195695839603415,0.5298825072431865,False,True
3655,R12,P12,I04,T12_04,0.3644326792360552,3.252138023242356,0.5287188757499149,False,True
3656,R12,P12,I04,T12_04,0.40474929918148767,3.297702990965721,0.5263268625287755,False,True
3657,R12,P12,I04,T12_04,0.44506591912692023,3.344795507527409,0.5227437941460545,False,True
3658,R12,P12,I04,T12_04,0.4853825390723528,3.3729215787524023,0.5180255831854762,False,True
3659,R12,P12,I04,T12_04,0.5256991590177853,3.279824713790234,0.5122458557510337,False,True
3660,R12,P12,I04,T12_04,0.5660157789632179,3.339853825823733,0.5054948025562618,False,True
3661,R12,P12,I04,T12_04,0.6063323989086502,3.380771504615116,0.4978777715283165,False,True
3662,R12,P12,I04,T12_04,0.6466490188540828,3.3177427824889367,0.48951362388880715,False,True
3663,R12,P12,I04,T12_04,0.6869656387995153,3.3252701192755314,0.48053287936418654,False,True
3664,R12,P12,I04,T12_04,0.7272822587449479,3.38912552680263,0.4710756794690737,False,True
3665,R12,P12,I04,T12_04,0.7675988786903805,3.3415971187073055,0.4612896006447894,False,True
3666,R12,P12,I04,T12_04,0.807915498635813,3.3210832110462802,0.45132735137834784,False,True
3667,R12,P12,I04,T12_04,0.8482321185812454,3.3485499548221638,0.44134438923759134,False,True
3668,R12,P12,I04,T12_04,0.8885487385266779,3.194255465780508,0.43149649500783827,False,True
3669,R12,P12,I04,T12_04,0.9288653584721105,3.2423337118374698,0.42193734178483044,False,True
3670,R12,P12,I04,T12_04,0.969181978417543,3.1905366447598076,0.4128160969574713,False,True
3671,R12,P12,I04,T12_04,1.0094985983629754,3.2796513348977627,0.4042750945006125,False,True
3672,R12,P12,I04,T12_04,1.049815218308408,3.1299485594483674,0.39644761390098116,False,True
3673,R12,P12,I04,T12_04,1.0901318382538405,3.2023727877966848,0.38945580037536576,False,True
3674,R12,P12,I04,T12_04,1.130448458199273,3.158902821798113,0.383408758835361,False,True
3675,R12,P12,I04,T12_04,1.1707650781447057,3.078160565578871,0.3784008513417133,False,True
3676,R12,P12,I04,T12_04,1.211081698090138,3.035286096283315,0.374510224615923,False,True
3677,R12,P12,I04,T12_04,1.2513983180355706,3.1225088607052602,0.37179759058679224,False,True
3678,R12,P12,I04,T12_04,1.2917149379810031,3.0799615319084754,0.3703052790010817,False,True
3679,R12,P12,I04,T12_04,1.3320315579264357,3.1190520536513544,0.3700565768819698,False,True
3680,R12,P12,I04,T12_04,1.372348177871868,3.031757122338442,0.3710553651428447,False,True
3681,R12,P12,I05,T12_05,-0.2,3.4125474633280035,0.45,False,True
3682,R12,P12,I05,T12_05,-0.16708077840289978,3.483987001069046,0.45997397867081824,False,True
3683,R12,P12,I05,T12_05,-0.13416155680579955,3.4665275288655955,0.46979231674036187,False,True
3684,R12,P12,I05,T12_05,-0.10124233520869935,,0.4793018023268838,True,False
3685,R12,P12,I05,T12_05,-0.06832311361159912,3.4887192334245114,0.48835404308833624,False,True
3686,R12,P12,I05,T12_05,-0.035403892014498894,3.4340843249699113,0.496807781835237,False,True
3687,R12,P12,I05,T12_05,-0.0024846704173986933,3.505845217582057,0.5045311008018667,False,True
3688,R12,P12,I05,T12_05,0.030434551179701536,3.4272149458145593,0.5114034801788822,False,True
3689,R12,P12,I05,T12_05,0.06335377277680176,3.46546101381056,0.5173176787846318,False,True
3690,R12,P12,I05,T12_05,0.09627299437390197,3.447571131428923,0.5221814075279276,False,True
3691,R12,P12,I05,T12_05,0.12919221597100222,3.3969431091551834,0.5259187695484469,False,True
3692,R12,P12,I05,T12_05,0.16211143756810242,3.4677097392983254,0.5284714445618525,False,True
3693,R12,P12,I05,T12_05,0.19503065916520262,3.4918060717998944,0.5297995989283244,False,True
3694,R12,P12,I05,T12_05,0.22794988076230288,3.5276018924255914,0.5298825072431865,False,True
3695,R12,P12,I05,T12_05,0.2608691023594031,3.471867069261299,0.5287188757499149,False,True
3696,R12,P12,I05,T12_05,0.29378832395650334,3.4960500949472437,0.5263268625287755,False,True
3697,R12,P12,I05,T12_05,0.32670754555360354,3.479457355215417,0.5227437941460545,False,True
3698,R12,P12,I05,T12_05,0.3596267671507038,3.5243642880219452,0.5180255831854762,False,True
3699,R12,P12,I05,T12_05,0.39254598874780394,3.486971044878894,0.5122458557510337,False,True
3700,R12,P12,I05,T12_05,0.4254652103449042,3.6108786773607995,0.5054948025562618,False,True
3701,R12,P12,I05,T12_05,0.45838443194200446,3.5467702537617334,0.4978777715283165,False,True
3702,R12,P12,I05,T12_05,0.4913036535391046,3.662907305902117,0.48951362388880715,False,True
3703,R12,P12,I05,T12_05,0.5242228751362048,3.6143581091589767,0.48053287936418654,False,True
3704,R12,P12,I05,T12_05,0.5571420967333052,3.611487100276495,0.4710756794690737,False,True
3705,R12,P12,I05,T12_05,0.5900613183304053,3.618990638068111,0.4612896006447894,False,True
3706,R12,P12,I05,T12_05,0.6229805399275055,3.69854917649318,0.45132735137834784,False,True
3707,R12,P12,I05,T12_05,0.6558997615246058,,0.44134438923759134,True,False
3708,R12,P12,I05,T12_05,0.688818983121706,3.6206005609998186,0.43149649500783827,False,True
3709,R12,P12,I05,T12_05,0.7217382047188061,3.6312211744460163,0.42193734178483044,False,True
3710,R12,P12,I05,T12_05,0.7546574263159065,3.6570450600465527,0.4128160969574713,False,True
3711,R12,P12,I05,T12_05,0.7875766479130066,3.663224602412386,0.4042750945006125,False,True
3712,R12,P12,I05,T12_05,0.820495869510107,3.608007335954454,0.39644761390098116,False,True
3713,R12,P12,I05,T12_05,0.8534150911072071,3.6094372486698396,0.38945580037536576,False,True
3714,R12,P12,I05,T12_05,0.8863343127043073,3.520139089489,0.383408758835361,False,True
3715,R12,P12,I05,T12_05,0.9192535343014077,3.6169612143954675,0.3784008513417133,False,True
3716,R12,P12,I05,T12_05,0.9521727558985078,3.560382695604429,0.374510224615923,False,True
3717,R12,P12,I05,T12_05,0.985091977495608,3.5066384452119856,0.37179759058679224,False,True
3718,R12,P12,I05,T12_05,1.0180111990927083,3.4636993401803498,0.3703052790010817,False,True
3719,R12,P12,I05,T12_05,1.0509304206898085,3.4693799158328207,0.3700565768819698,False,True
3720,R12,P12,I05,T12_05,1.0838496422869086,3.4944264253849693,0.3710553651428447,False,True
3721,R12,P12,I06,T12_06,-0.2,2.8997317423120808,0.45,False,True
3722,R12,P12,I06,T12_06,-0.1664764589285951,2.8620883886088775,0.45997397867081824,False,True
3723,R12,P12,I06,T12_06,-0.1329529178571902,2.889756045609647,0.46979231674036187,False,True
3724,R12,P12,I06,T12_06,-0.09942937678578528,2.8722539772897355,0.4793018023268838,False,True
3725,R12,P12,I06,T12_06,-0.06590583571438038,2.9894296423026487,0.48835404308833624,False,True
3726,R12,P12,I06,T12_06,-0.032382294642975484,2.81062922841241,0.496807781835237,False,True
3727,R12,P12,I06,T12_06,0.0011412464284294432,2.84685060262978,0.5045311008018667,False,True
3728,R12,P12,I06,T12_06,0.03466478749983434,2.780043550619883,0.5114034801788822,False,True
3729,R12,P12,I06,T12_06,0.06818832857123924,2.8846427208631473,0.5173176787846318,False,True
3730,R12,P12,I06,T12_06,0.10171186964264417,2.904756625888123,0.5221814075279276,False,True
3731,R12,P12,I06,T12_06,0.13523541071404904,2.953021135397256,0.5259187695484469,False,True
3732,R12,P12,I06,T12_06,0.16875895178545397,2.905725350478975,0.5284714445618525,False,True
3733,R12,P12,I06,T12_06,0.2022824928568589,2.9276278909150406,0.5297995989283244,False,True
3734,R12,P12,I06,T12_06,0.23580603392826377,2.9652981293584957,0.5298825072431865,False,True
3735,R12,P12,I06,T12_06,0.2693295749996687,2.986946035285348,0.5287188757499149,False,True
3736,R12,P12,I06,T12_06,0.3028531160710736,2.877768584040675,0.5263268625287755,False,True
3737,R12,P12,I06,T12_06,0.3363766571424785,3.026914056194161,0.5227437941460545,False,True
3738,R12,P12,I06,T12_06,0.36990019821388337,3.000854094911775,0.5180255831854762,False,True
3739,R12,P12,I06,T12_06,0.40342373928528835,3.0275367278964,0.5122458557510337,False,True
3740,R12,P12,I06,T12_06,0.4369472803566932,3.0682932376109244,0.5054948025562618,False,True
3741,R12,P12,I06,T12_06,0.4704708214280981,3.1342941642800692,0.4978777715283165,False,True
3742,R12,P12,I06,T12_06,0.5039943624995031,3.170107785457797,0.48951362388880715,False,True
3743,R12,P12,I06,T12_06,0.5375179035709079,3.0655344427454176,0.48053287936418654,False,True
3744,R12,P12,I06,T12_06,0.5710414446423129,3.1322543084756083,0.4710756794690737,False,True
3745,R12,P12,I06,T12_06,0.6045649857137179,3.1356498657890124,0.4612896006447894,False,True
3746,R12,P12,I06,T12_06,0.6380885267851226,3.068747883876068,0.45132735137834784,False,True
3747,R12,P12,I06,T12_06,0.6716120678565276,3.0974842952911654,0.44134438923759134,False,True
3748,R12,P12,I06,T12_06,0.7051356089279324,3.0894409680969006,0.43149649500783827,False,True
3749,R12,P12,I06,T12_06,0.7386591499993373,3.034583618918812,0.42193734178483044,False,True
3750,R12,P12,I06,T12_06,0.7721826910707423,3.133452914231248,0.4128160969574713,False,True
3751,R12,P12,I06,T12_06,0.8057062321421473,3.0175427420052867,0.4042750945006125,False,True
3752,R12,P12,I06,T12_06,0.8392297732135521,3.022583397082943,0.39644761390098116,False,True
3753,R12,P12,I06,T12_06,0.8727533142849571,3.0683080283374493,0.38945580037536576,False,True
3754,R12,P12,I06,T12_06,0.906276855356362,3.0458395687761444,0.383408758835361,False,True
3755,R12,P12,I06,T12_06,0.9398003964277668,3.0286998482591585,0.3784008513417133,False,True
3756,R12,P12,I06,T12_06,0.9733239374991718,3.0926789007649185,0.374510224615923,False,True
3757,R12,P12,I06,T12_06,1.0068474785705768,2.989904380585545,0.37179759058679224,False,True
3758,R12,P12,I06,T12_06,1.0403710196419815,2.933713271368947,0.3703052790010817,False,True
3759,R12,P12,I06,T12_06,1.0738945607133865,3.0550188431510694,0.3700565768819698,False,True
3760,R12,P12,I06,T12_06,1.1074181017847915,2.898580769846866,0.3710553651428447,False,True
3761,R12,P12,I07,T12_07,-0.2,3.206131232063373,0.45,False,True
3762,R12,P12,I07,T12_07,-0.1638351705487363,3.1378072357898605,0.45997397867081824,False,True
3763,R12,P12,I07,T12_07,-0.1276703410974726,3.1047051823902327,0.46979231674036187,False,True
3764,R12,P12,I07,T12_07,-0.09150551164620893,3.139510720326069,0.4793018023268838,False,True
3765,R12,P12,I07,T12_07,-0.05534068219494523,3.118560835786942,0.48835404308833624,False,True
3766,R12,P12,I07,T12_07,-0.019175852743681526,3.174232365921382,0.496807781835237,False,True
3767,R12,P12,I07,T12_07,0.01698897670758215,3.162323641543669,0.5045311008018667,False,True
3768,R12,P12,I07,T12_07,0.05315380615884585,3.1002768431799455,0.5114034801788822,False,True
3769,R12,P12,I07,T12_07,0.08931863561010955,3.1229748972427966,0.5173176787846318,False,True
3770,R12,P12,I07,T12_07,0.12548346506137326,3.074084201389567,0.5221814075279276,False,True
3771,R12,P12,I07,T12_07,0.16164829451263696,3.1855602717947584,0.5259187695484469,False,True
3772,R12,P12,I07,T12_07,0.19781312396390066,3.22040795273979,0.5284714445618525,False,True
3773,R12,P12,I07,T12_07,0.2339779534151643,3.254302471192003,0.5297995989283244,False,True
3774,R12,P12,I07,T12_07,0.270142782866428,3.2665715648688796,0.5298825072431865,False,True
3775,R12,P12,I07,T12_07,0.3063076123176917,3.2034436788159715,0.5287188757499149,False,True
3776,R12,P12,I07,T12_07,0.34247244176895547,3.3417204414283703,0.5263268625287755,False,True
3777,R12,P12,I07,T12_07,0.3786372712202191,3.2667629697157765,0.5227437941460545,False,True
3778,R12,P12,I07,T12_07,0.41480210067148277,3.3159746706081688,0.5180255831854762,False,True
3779,R12,P12,I07,T12_07,0.4509669301227465,3.3259210277817104,0.5122458557510337,False,True
3780,R12,P12,I07,T12_07,0.48713175957401017,,0.5054948025562618,True,False
3781,R12,P12,I07,T12_07,0.5232965890252739,3.4148725643687037,0.4978777715283165,False,True
3782,R12,P12,I07,T12_07,0.5594614184765376,3.336901229904224,0.48951362388880715,False,True
3783,R12,P12,I07,T12_07,0.5956262479278014,3.380747860252816,0.48053287936418654,False,True
3784,R12,P12,I07,T12_07,0.6317910773790649,3.3962738171035403,0.4710756794690737,False,True
3785,R12,P12,I07,T12_07,0.6679559068303287,3.354486525104366,0.4612896006447894,False,True
3786,R12,P12,I07,T12_07,0.7041207362815924,3.3914181582418825,0.45132735137834784,False,True
3787,R12,P12,I07,T12_07,0.740285565732856,3.2882464223484704,0.44134438923759134,False,True
3788,R12,P12,I07,T12_07,0.7764503951841197,3.3112809404577104,0.43149649500783827,False,True
3789,R12,P12,I07,T12_07,0.8126152246353835,3.3041880292871326,0.42193734178483044,False,True
3790,R12,P12,I07,T12_07,0.8487800540866473,3.3040605515237877,0.4128160969574713,False,True
3791,R12,P12,I07,T12_07,0.884944883537911,3.3569300720763486,0.4042750945006125,False,True
3792,R12,P12,I07,T12_07,0.9211097129891745,3.2345843528786946,0.39644761390098116,False,True
3793,R12,P12,I07,T12_07,0.9572745424404383,3.2871347453785806,0.38945580037536576,False,True
3794,R12,P12,I07,T12_07,0.9934393718917021,3.3035554312619784,0.383408758835361,False,True
3795,R12,P12,I07,T12_07,1.0296042013429656,3.1338987812006502,0.3784008513417133,False,True
3796,R12,P12,I07,T12_07,1.0657690307942294,3.15093853404073,0.374510224615923,False,True
3797,R12,P12,I07,T12_07,1.1019338602454931,3.230277183272843,0.37179759058679224,False,True
3798,R12,P12,I07,T12_07,1.1380986896967569,3.212343414497913,0.3703052790010817,False,True
3799,R12,P12,I07,T12_07,1.1742635191480204,3.1608375680197147,0.3700565768819698,False,True
3800,R12,P12,I07,T12_07,1.2104283485992842,3.1139139041494026,0.3710553651428447,False,True
3801,R12,P12,I08,T12_08,-0.2,3.0083724743254674,0.45,False,True
3802,R12,P12,I08,T12_08,-0.1601730905132908,3.003904279544264,0.45997397867081824,False,True
3803,R12,P12,I08,T12_08,-0.12034618102658157,2.9921038485859555,0.46979231674036187,False,True
3804,R12,P12,I08,T12_08,-0.08051927153987234,3.123915466855819,0.4793018023268838,False,True
3805,R12,P12,I08,T12_08,-0.04069236205316312,3.0629729622704,0.48835404308833624,False,True
3806,R12,P12,I08,T12_08,-0.0008654525664539003,3.003498780435158,0.496807781835237,False,True
3807,R12,P12,I08,T12_08,0.03896145692025532,3.0811919560192456,0.5045311008018667,False,True
3808,R12,P12,I08,T12_08,0.07878836640696457,3.0265022147709972,0.5114034801788822,False,True
3809,R12,P12,I08,T12_08,0.11861527589367377,2.984782030778745,0.5173176787846318,False,True
3810,R12,P12,I08,T12_08,0.15844218538038296,3.1190442449935705,0.5221814075279276,False,True
3811,R12,P12,I08,T12_08,0.1982690948670922,3.0951555320902973,0.5259187695484469,False,True
3812,R12,P12,I08,T12_08,0.23809600435380146,3.2085661909823213,0.5284714445618525,False,True
3813,R12,P12,I08,T12_08,0.27792291384051065,3.1330714313068215,0.5297995989283244,False,True
3814,R12,P12,I08,T12_08,0.31774982332721985,3.0849717359827724,0.5298825072431865,False,True
3815,R12,P12,I08,T12_08,0.35757673281392915,3.148939339662655,0.5287188757499149,False,True
3816,R12,P12,I08,T12_08,0.39740364230063835,3.1688805017095416,0.5263268625287755,False,True
3817,R12,P12,I08,T12_08,0.43723055178734754,3.1818756277533273,0.5227437941460545,False,True
3818,R12,P12,I08,T12_08,0.47705746127405674,3.3281069211377967,0.5180255831854762,False,True
3819,R12,P12,I08,T12_08,0.516884370760766,3.3183935230810464,0.5122458557510337,False,True
3820,R12,P12,I08,T12_08,0.5567112802474752,3.1862193818681037,0.5054948025562618,False,True
3821,R12,P12,I08,T12_08,0.5965381897341844,3.2882536564740095,0.4978777715283165,False,True
3822,R12,P12,I08,T12_08,0.6363650992208936,3.2467625324026455,0.48951362388880715,False,True
3823,R12,P12,I08,T12_08,0.676192008707603,3.4067576784318088,0.48053287936418654,False,True
3824,R12,P12,I08,T12_08,0.7160189181943122,3.314155773203735,0.4710756794690737,False,True
3825,R12,P12,I08,T12_08,0.7558458276810214,3.179443769608239,0.4612896006447894,False,True
3826,R12,P12,I08,T12_08,0.7956727371677306,3.2213085381782665,0.45132735137834784,False,True
3827,R12,P12,I08,T12_08,0.8354996466544398,3.233156594422392,0.44134438923759134,False,True
3828,R12,P12,I08,T12_08,0.875326556141149,3.119757517903209,0.43149649500783827,False,True
3829,R12,P12,I08,T12_08,0.9151534656278584,3.2609470509398824,0.42193734178483044,False,True
3830,R12,P12,I08,T12_08,0.9549803751145676,3.1651142288802476,0.4128160969574713,False,True
3831,R12,P12,I08,T12_08,0.9948072846012768,3.137093562323221,0.4042750945006125,False,True
3832,R12,P12,I08,T12_08,1.034634194087986,3.0974238123144744,0.39644761390098116,False,True
3833,R12,P12,I08,T12_08,1.0744611035746952,3.115493608095816,0.38945580037536576,False,True
3834,R12,P12,I08,T12_08,1.1142880130614043,3.045436567635596,0.383408758835361,False,True
3835,R12,P12,I08,T12_08,1.1541149225481135,3.0940119852883265,0.3784008513417133,False,True
3836,R12,P12,I08,T12_08,1.1939418320348227,3.09778156300988,0.374510224615923,False,True
3837,R12,P12,I08,T12_08,1.233768741521532,3.0453363873607797,0.37179759058679224,False,True
3838,R12,P12,I08,T12_08,1.2735956510082413,2.9768869747219506,0.3703052790010817,False,True
3839,R12,P12,I08,T12_08,1.3134225604949505,3.0941636685330502,0.3700565768819698,False,True
3840,R12,P12,I08,T12_08,1.3532494699816597,3.0225955124733366,0.3710553651428447,False,True
