r_name,python_name,source_file,rd_help,r_signature,arg_count,uses_dots,s3_generic_or_method,related_tests,related_articles,lifecycle_status,plot_candidate,python_module,python_test_file,p0_discovered,p1_api,p2_structural,p3_semantic,p4_numerical,p5_algorithmic,p6_plot,p7_docs_examples,blocker
add_provenance,add_provenance,R/002-class.R,man/eyeprocess-class.Rd,"(
    x,
    action,
    component = NA_character_,
    details = NA_character_,
    source_files = NA_character_,
    file_hashes = NULL,
    software = ""eyeprocess"",
    software_version = NULL,
    reversible = TRUE,
    warnings = NA_character_)",10,False,False,,,unclassified,False,src/eyeprocesspy/dataset.py,tests/test_core_parity.py,yes,implemented,implemented,implemented_initial,tested_initial,source_ported,not_applicable,docstring_initial,
add_responses,add_responses,R/008-trials-aoi.R,man/eyeprocess-trials-aoi.Rd,"(x, responses, overwrite = FALSE)",3,False,False,,,unclassified,False,eyeprocesspy.foundation_09,tests/test_core_foundation_09.py,yes,implemented,implemented,implemented_initial,tested_initial,source_ported,not_applicable,docstring_initial,
align_clock,align_clock,R/007-coordinates-time.R,man/eyeprocess-coordinates-time.Rd,"(timestamp, offset = 0, slope = 1)",3,False,False,,,unclassified,False,src/eyeprocesspy/timebase.py,tests/test_core_parity.py,yes,implemented,implemented,implemented_initial,tested_initial,source_ported,not_applicable,docstring_initial,
align_response_matrices,align_response_matrices,R/013-models.R,man/eyeprocess-models.Rd,"(Y, RT)",2,False,False,,vignettes/psychometric-process-models.Rmd,experimental,False,eyeprocesspy.legacy_models,tests/test_legacy_models.py,yes,implemented,implemented,implemented_initial,not_started,source_ported,not_applicable,docstring_initial,
analysis_readiness,analysis_readiness,R/011-quality-governance.R,man/eyeprocess-quality.Rd,(x),1,False,False,tests/testthat/test-quality-plots.R,vignettes/getting-started.Rmd|vignettes/responsible-use.Rmd,unclassified,False,eyeprocesspy.foundation_09,tests/test_core_foundation_09.py,yes,implemented,implemented,implemented_initial,tested_initial,source_ported,not_applicable,docstring_initial,
anonymize_eye_dataset,anonymize_eye_dataset,R/017-format-validation.R,man/eyeprocess-format-validation.Rd,"(
    x,
    drop_raw = TRUE,
    strip_source_paths = TRUE,
    redact_free_text = TRUE,
    anonymize_aois = TRUE,
    retain_map = FALSE,
    participant_prefix = ""P"",
    recording_prefix = ""R"",
    session_prefix = ""S"")",9,False,False,tests/testthat/test-format-validation.R,,unclassified,False,eyeprocesspy.io_validation_10,tests/test_io_format_validation_10.py,yes,implemented,implemented,implemented_initial,tested_initial,source_ported,not_applicable,docstring_initial,
append_eye_table,append_eye_table,R/002-class.R,man/eyeprocess-class.Rd,"(x, table, value, validate = TRUE)",4,False,False,,,unclassified,False,src/eyeprocesspy/dataset.py,tests/test_core_parity.py,yes,implemented,implemented,implemented_initial,tested_initial,source_ported,not_applicable,docstring_initial,
apply_clock_transform,apply_clock_transform,R/007-coordinates-time.R,man/eyeprocess-coordinates-time.Rd,"(x, transform, components = c(""biometrics""), source_clock = NULL)",4,False,False,,,unclassified,False,src/eyeprocesspy/timebase.py,tests/test_core_parity.py,yes,implemented,implemented,implemented_initial,tested_initial,source_ported,not_applicable,docstring_initial,
as_eye_biometrics,as_eye_biometrics,R/015-export-report-bridges.R,man/eyeprocess-export-report.Rd,"(x, ...)",2,True,True,,,unclassified,False,eyeprocesspy.io_validation_10,tests/test_io_format_validation_10.py,yes,implemented,implemented,implemented_initial,tested_initial,source_ported,not_applicable,docstring_initial,
as_eye_dataset,as_eye_dataset,R/002-class.R,man/eyeprocess-class.Rd,"(x, ...)",2,True,True,,,unclassified,False,eyeprocesspy.foundation_09,tests/test_core_foundation_09.py,yes,implemented,implemented,implemented_initial,tested_initial,source_ported,not_applicable,docstring_initial,
assign_aois,assign_aois,R/008-trials-aoi.R,man/eyeprocess-trials-aoi.Rd,"(
    x,
    component = c(""gaze_samples"", ""episodes""),
    overlap = c(""first"", ""all"", ""smallest""),
    overwrite = TRUE)",4,False,False,tests/testthat/test-trials-aoi-features.R,vignettes/preprocessing-features.Rmd,unclassified,False,eyeprocesspy.foundation_09,tests/test_core_foundation_09.py,yes,implemented,implemented,implemented_initial,tested_initial,source_ported,not_applicable,docstring_initial,
assign_trials,assign_trials,R/008-trials-aoi.R,man/eyeprocess-trials-aoi.Rd,"(x, interval_type = ""trial"", overwrite = FALSE)",3,False,False,,,unclassified,False,eyeprocesspy.foundation_09,tests/test_core_foundation_09.py,yes,implemented,implemented,implemented_initial,tested_initial,source_ported,not_applicable,docstring_initial,
audit_aois,audit_aois,R/011-quality-governance.R,man/eyeprocess-quality.Rd,(x),1,False,False,,,unclassified,False,eyeprocesspy.foundation_09,tests/test_core_foundation_09.py,yes,implemented,implemented,implemented_initial,tested_initial,source_ported,not_applicable,docstring_initial,
audit_clock_sync,audit_clock_sync,R/007-coordinates-time.R,man/eyeprocess-coordinates-time.Rd,"(x, channel = NULL)",2,False,False,,vignettes/importing-and-harmonizing.Rmd,unclassified,False,eyeprocesspy.foundation_09,tests/test_core_foundation_09.py,yes,implemented,implemented,implemented_initial,tested_initial,source_ported,not_applicable,docstring_initial,
audit_coordinate_spaces,audit_coordinate_spaces,R/007-coordinates-time.R,man/eyeprocess-coordinates-time.Rd,(x),1,False,False,,vignettes/importing-and-harmonizing.Rmd,unclassified,False,src/eyeprocesspy/coordinates.py,tests/test_core_parity.py,yes,implemented,implemented,implemented_initial,tested_initial,source_ported,not_applicable,docstring_initial,
audit_episodes,audit_episodes,R/011-quality-governance.R,man/eyeprocess-quality.Rd,"(x, type = NULL)",2,False,False,,,unclassified,False,eyeprocesspy.foundation_09,tests/test_core_foundation_09.py,yes,implemented,implemented,implemented_initial,tested_initial,source_ported,not_applicable,docstring_initial,
audit_event_order,audit_event_order,R/011-quality-governance.R,man/eyeprocess-quality.Rd,"(x, event_type = NULL)",2,False,False,,,unclassified,False,eyeprocesspy.foundation_09,tests/test_core_foundation_09.py,yes,implemented,implemented,implemented_initial,tested_initial,source_ported,not_applicable,docstring_initial,
audit_missingness,audit_missingness,R/011-quality-governance.R,man/eyeprocess-quality.Rd,"(x, component = c(""gaze_samples"", ""eye_samples"", ""biometrics""), by = ""recording_id"")",3,False,False,,vignettes/responsible-use.Rmd,unclassified,False,eyeprocesspy.foundation_09,tests/test_core_foundation_09.py,yes,implemented,implemented,implemented_initial,tested_initial,source_ported,not_applicable,docstring_initial,
audit_pupil_quality,audit_pupil_quality,R/011-quality-governance.R,man/eyeprocess-quality.Rd,"(x, maximum_interpolated_fraction = 0.20, plausible_range = NULL, store = FALSE)",4,False,False,,vignettes/responsible-use.Rmd,unclassified,False,eyeprocesspy.foundation_09,tests/test_core_foundation_09.py,yes,implemented,implemented,implemented_initial,tested_initial,source_ported,not_applicable,docstring_initial,
audit_sampling_rate,audit_sampling_rate,R/011-quality-governance.R,man/eyeprocess-quality.Rd,"(x, expected_hz = NULL, tolerance_hz = 5, store = FALSE)",4,False,False,tests/testthat/test-quality-plots.R,vignettes/responsible-use.Rmd,unclassified,False,eyeprocesspy.foundation_09,tests/test_core_foundation_09.py,yes,implemented,implemented,implemented_initial,tested_initial,source_ported,not_applicable,docstring_initial,
audit_signal_quality,audit_signal_quality,R/011-quality-governance.R,man/eyeprocess-quality.Rd,"(
    x,
    minimum_valid_gaze = 0.80,
    minimum_valid_pupil = 0.70,
    by_trial = TRUE,
    store = FALSE)",5,False,False,tests/testthat/test-quality-plots.R,vignettes/responsible-use.Rmd,unclassified,False,eyeprocesspy.foundation_09,tests/test_core_foundation_09.py,yes,implemented,implemented,implemented_initial,tested_initial,source_ported,not_applicable,docstring_initial,
audit_timebase,audit_timebase,R/007-coordinates-time.R,man/eyeprocess-coordinates-time.Rd,"(x, component = ""gaze_samples"")",2,False,False,,vignettes/importing-and-harmonizing.Rmd,unclassified,False,src/eyeprocesspy/timebase.py,tests/test_core_parity.py,yes,implemented,implemented,implemented_initial,tested_initial,source_ported,not_applicable,docstring_initial,
audit_trial_coverage,audit_trial_coverage,R/011-quality-governance.R,man/eyeprocess-quality.Rd,(x),1,False,False,,vignettes/responsible-use.Rmd,unclassified,False,eyeprocesspy.foundation_09,tests/test_core_foundation_09.py,yes,implemented,implemented,implemented_initial,tested_initial,source_ported,not_applicable,docstring_initial,
baseline_pupil,baseline_pupil,R/009-preprocessing.R,man/eyeprocess-preprocessing.Rd,"(
    x,
    method = c(""subtract"", ""divide"", ""percent"", ""zscore"", ""none""),
    baseline_window = c(-0.2, 0),
    anchor = c(""trial_start"", ""recording_start""),
    minimum_samples = 3L)",5,False,False,,,unclassified,False,eyeprocesspy.preprocess_features_09,tests/test_preprocess_features_09.py,yes,implemented,implemented,implemented_initial,tested_initial,source_ported,not_applicable,docstring_initial,
build_aoi_visits,build_aoi_visits,R/008-trials-aoi.R,man/eyeprocess-trials-aoi.Rd,"(x, gap_tolerance_ms = 75, minimum_duration_ms = 0, source = c(""gaze_samples"", ""episodes""))",4,False,False,tests/testthat/test-trials-aoi-features.R,vignettes/getting-started.Rmd|vignettes/preprocessing-features.Rmd,unclassified,False,eyeprocesspy.foundation_09,tests/test_core_foundation_09.py,yes,implemented,implemented,implemented_initial,tested_initial,source_ported,not_applicable,docstring_initial,
build_gazepoint_media_trials,build_gazepoint_media_trials,R/019-gazepoint-downstream-workflow.R,man/build_gazepoint_media_trials.Rd,"(x, item_map = NULL, overwrite = TRUE)",3,False,False,,,unclassified,False,,,yes,not_started,not_started,not_started,not_started,not_started,not_applicable,not_started,
build_item_responses,build_item_responses,R/008-trials-aoi.R,man/eyeprocess-trials-aoi.Rd,"(x, score_key = NULL, response_type = ""observed"")",3,False,False,,,unclassified,False,eyeprocesspy.foundation_09,tests/test_core_foundation_09.py,yes,implemented,implemented,implemented_initial,tested_initial,source_ported,not_applicable,docstring_initial,
build_stimulus_intervals,build_stimulus_intervals,R/008-trials-aoi.R,man/eyeprocess-trials-aoi.Rd,"(x, source = c(""gaze_samples"", ""events""), overwrite = FALSE)",3,False,False,,,unclassified,False,eyeprocesspy.foundation_09,tests/test_core_foundation_09.py,yes,implemented,implemented,implemented_initial,tested_initial,source_ported,not_applicable,docstring_initial,
build_trials,build_trials,R/008-trials-aoi.R,man/eyeprocess-trials-aoi.Rd,"(
    x,
    start_events = c(""TRIAL_START"", ""TRIALID"", ""START_TRIAL""),
    end_events = c(""TRIAL_END"", ""TRIAL_RESULT"", ""END_TRIAL""),
    event_field = c(""event_name"", ""event_value""),
    trial_id_pattern = NULL,
    close_open = c(""recording_end"", ""next_start"", ""drop""),
    overwrite = FALSE)",7,False,False,tests/testthat/test-trials-aoi-features.R,,unclassified,False,eyeprocesspy.foundation_09,tests/test_core_foundation_09.py,yes,implemented,implemented,implemented_initial,tested_initial,source_ported,not_applicable,docstring_initial,
canonical_table_names,canonical_table_names,R/001-schema.R,man/eyeprocess-schema.Rd,(),0,False,False,tests/testthat/test-format-validation.R|tests/testthat/test-schema-class.R,,unclassified,False,src/eyeprocesspy/schema.py,tests/test_core_parity.py,yes,implemented,implemented,implemented_initial,tested_initial,source_ported,not_applicable,docstring_initial,
check_feature_level,check_feature_level,R/011-quality-governance.R,man/eyeprocess-quality.Rd,(x),1,False,False,,vignettes/preprocessing-features.Rmd,unclassified,False,eyeprocesspy.foundation_09,tests/test_core_foundation_09.py,yes,implemented,implemented,implemented_initial,tested_initial,source_ported,not_applicable,docstring_initial,
check_local_dependence,check_local_dependence,R/013-models.R,man/eyeprocess-models.Rd,"(model, ...)",2,True,False,,,experimental,False,eyeprocesspy.legacy_models,tests/test_legacy_models.py,yes,implemented,implemented,implemented_initial,not_started,source_ported,not_applicable,docstring_initial,
check_process_leakage,check_process_leakage,R/011-quality-governance.R,man/eyeprocess-quality.Rd,"(x, response_time_tolerance = 0)",2,False,False,,vignettes/preprocessing-features.Rmd,unclassified,False,eyeprocesspy.foundation_09,tests/test_core_foundation_09.py,yes,implemented,implemented,implemented_initial,tested_initial,source_ported,not_applicable,docstring_initial,
combine_eye_datasets,combine_eye_datasets,R/003-mapping-adapters.R,man/eyeprocess-adapters.Rd,"(..., resolve_ids = TRUE)",2,True,False,,,unclassified,False,src/eyeprocesspy/adapters.py,tests/test_import_adapter_parity.py,yes,implemented,implemented,implemented_initial,tested_initial,source_ported,not_applicable,docstring_initial,
compact_eye_dataset,compact_eye_dataset,R/002-class.R,man/eyeprocess-class.Rd,"(x, drop_raw = FALSE, drop_empty = FALSE)",3,False,False,,,unclassified,False,src/eyeprocesspy/dataset.py,tests/test_core_parity.py,yes,implemented,implemented,implemented_initial,tested_initial,source_ported,not_applicable,docstring_initial,
compare_aoi_definitions,compare_aoi_definitions,R/011-quality-governance.R,man/eyeprocess-quality.Rd,"(..., source = ""samples"")",2,True,False,,vignettes/preprocessing-features.Rmd,unclassified,False,eyeprocesspy.foundation_09,tests/test_core_foundation_09.py,yes,implemented,implemented,implemented_initial,tested_initial,source_ported,not_applicable,docstring_initial,
compare_eye_datasets,compare_eye_datasets,R/017-format-validation.R,man/eyeprocess-format-validation.Rd,"(
    x,
    y,
    tables = canonical_table_names(),
    numeric_tolerance = 1e-8,
    ignore_volatile = TRUE)",5,False,False,tests/testthat/test-format-validation.R,,unclassified,False,eyeprocesspy.io_validation_10,tests/test_io_format_validation_10.py,yes,implemented,implemented,implemented_initial,tested_initial,source_ported,not_applicable,docstring_initial,
compare_preprocessing,compare_preprocessing,R/011-quality-governance.R,man/eyeprocess-quality.Rd,"(..., metrics = c(""valid_gaze_fraction"", ""valid_pupil_fraction"", ""fixation_count""))",2,True,False,,vignettes/preprocessing-features.Rmd,unclassified,False,eyeprocesspy.foundation_09,tests/test_core_foundation_09.py,yes,implemented,implemented,implemented_initial,tested_initial,source_ported,not_applicable,docstring_initial,
convert_coordinates,convert_coordinates,R/007-coordinates-time.R,man/eyeprocess-coordinates-time.Rd,"(
    x,
    from,
    to,
    components = c(""gaze_samples"", ""episodes"", ""aoi_geometry""),
    clip = FALSE,
    overwrite = FALSE)",6,False,False,,,unclassified,False,src/eyeprocesspy/coordinates.py,tests/test_core_parity.py,yes,implemented,implemented,implemented_initial,tested_initial,source_ported,not_applicable,docstring_initial,
convert_xy,convert_xy,R/007-coordinates-time.R,man/eyeprocess-coordinates-time.Rd,"(x, y, from, to, from_width = NA_real_, from_height = NA_real_, to_width = NA_real_, to_height = NA_real_, clip = FALSE)",9,False,False,,,unclassified,False,eyeprocesspy.foundation_09,tests/test_core_foundation_09.py,yes,implemented,implemented,implemented_initial,tested_initial,source_ported,not_applicable,docstring_initial,
coordinate_space,coordinate_space,R/007-coordinates-time.R,man/eyeprocess-coordinates-time.Rd,"(x, id)",2,False,False,,,unclassified,False,src/eyeprocesspy/coordinates.py,tests/test_core_parity.py,yes,implemented,implemented,implemented_initial,tested_initial,source_ported,not_applicable,docstring_initial,
create_validation_bundle,create_validation_bundle,R/017-format-validation.R,man/eyeprocess-format-validation.Rd,"(
    x,
    path = ""eyeprocess-validation-bundle.zip"",
    include_dataset = TRUE,
    anonymize = TRUE,
    overwrite = FALSE)",5,False,False,tests/testthat/test-format-validation.R,vignettes/validating-real-exports.Rmd,unclassified,False,eyeprocesspy.io_validation_10,tests/test_io_format_validation_10.py,yes,implemented,implemented,implemented_initial,tested_initial,source_ported,not_applicable,docstring_initial,
derive_all_features,derive_all_features,R/010-features.R,man/eyeprocess-features.Rd,"(x, spec = feature_spec(), reset = FALSE)",3,False,False,tests/testthat/test-advanced-models-v2.R|tests/testthat/test-trials-aoi-features.R,vignettes/getting-started.Rmd|vignettes/preprocessing-features.Rmd,unclassified,False,eyeprocesspy.preprocess_features_09,tests/test_preprocess_features_09.py,yes,implemented,implemented,implemented_initial,tested_initial,source_ported,not_applicable,docstring_initial,
derive_biometric_features,derive_biometric_features,R/010-features.R,man/eyeprocess-features.Rd,"(x, append = TRUE)",2,False,False,,,unclassified,False,eyeprocesspy.preprocess_features_09,tests/test_preprocess_features_09.py,yes,implemented,implemented,implemented_initial,tested_initial,source_ported,not_applicable,docstring_initial,
derive_gaze_features,derive_gaze_features,R/010-features.R,man/eyeprocess-features.Rd,"(x, level = c(""trial_aoi"", ""trial""), source = c(""fixations"", ""visits"", ""samples""), append = TRUE)",4,False,False,,,unclassified,False,eyeprocesspy.preprocess_features_09,tests/test_preprocess_features_09.py,yes,implemented,implemented,implemented_initial,tested_initial,source_ported,not_applicable,docstring_initial,
derive_gazepoint_workflow_features,derive_gazepoint_workflow_features,R/019-gazepoint-downstream-workflow.R,man/derive_gazepoint_workflow_features.Rd,"(x, reset_workflow_features = TRUE)",2,False,False,,,unclassified,False,,,yes,not_started,not_started,not_started,not_started,not_started,not_applicable,not_started,
derive_pupil_features,derive_pupil_features,R/010-features.R,man/eyeprocess-features.Rd,"(x, level = c(""trial"", ""trial_aoi""), append = TRUE, pupil_column = ""pupil_diameter"")",4,False,False,,,unclassified,False,eyeprocesspy.preprocess_features_09,tests/test_preprocess_features_09.py,yes,implemented,implemented,implemented_initial,tested_initial,source_ported,not_applicable,docstring_initial,
derive_rt_features,derive_rt_features,R/010-features.R,man/eyeprocess-features.Rd,"(x, append = TRUE)",2,False,False,,,unclassified,False,eyeprocesspy.preprocess_features_09,tests/test_preprocess_features_09.py,yes,implemented,implemented,implemented_initial,tested_initial,source_ported,not_applicable,docstring_initial,
detect_blinks,detect_blinks,R/009-preprocessing.R,man/eyeprocess-preprocessing.Rd,"(x, min_duration_ms = 50, max_duration_ms = 1000, source = c(""pupil_missing"", ""validity""), overwrite = FALSE)",5,False,False,,,unclassified,False,eyeprocesspy.preprocess_features_09,tests/test_preprocess_features_09.py,yes,implemented,implemented,implemented_initial,tested_initial,source_ported,not_applicable,docstring_initial,
detect_eye_format,detect_eye_format,R/003-mapping-adapters.R,man/eyeprocess-adapters.Rd,"(path, inspect_rows = 20L, candidates = NULL)",3,False,False,,vignettes/importing-and-harmonizing.Rmd,unclassified,False,src/eyeprocesspy/adapters.py,tests/test_import_adapter_parity.py,yes,implemented,implemented,implemented_initial,tested_initial,source_ported,not_applicable,docstring_initial,
detect_fixations_idt,detect_fixations_idt,R/009-preprocessing.R,man/eyeprocess-preprocessing.Rd,"(
    x,
    dispersion_threshold = 1,
    minimum_duration_ms = 100,
    coordinate_units = c(""degrees"", ""pixels"", ""normalized""),
    overwrite = FALSE)",5,False,False,,,unclassified,False,eyeprocesspy.preprocess_features_09,tests/test_preprocess_features_09.py,yes,implemented,implemented,implemented_initial,tested_initial,source_ported,not_applicable,docstring_initial,
detect_fixations_ivt,detect_fixations_ivt,R/009-preprocessing.R,man/eyeprocess-preprocessing.Rd,"(
    x,
    velocity_threshold = 30,
    minimum_duration_ms = 60,
    maximum_gap_ms = 75,
    coordinate_units = c(""degrees"", ""pixels"", ""normalized""),
    overwrite = FALSE)",6,False,False,,,unclassified,False,eyeprocesspy.preprocess_features_09,tests/test_preprocess_features_09.py,yes,implemented,implemented,implemented_initial,tested_initial,source_ported,not_applicable,docstring_initial,
detect_saccades,detect_saccades,R/009-preprocessing.R,man/eyeprocess-preprocessing.Rd,"(x, velocity_threshold = 30, minimum_duration_ms = 10, overwrite = FALSE)",4,False,False,,,unclassified,False,eyeprocesspy.preprocess_features_09,tests/test_preprocess_features_09.py,yes,implemented,implemented,implemented_initial,tested_initial,source_ported,not_applicable,docstring_initial,
discover_validation_cases,discover_validation_cases,R/017-format-validation.R,man/eyeprocess-format-validation.Rd,"(path, recursive = FALSE)",2,False,False,,,unclassified,False,eyeprocesspy.io_validation_10,tests/test_io_format_validation_10.py,yes,implemented,implemented,implemented_initial,tested_initial,source_ported,not_applicable,docstring_initial,
empty_eye_table,empty_eye_table,R/001-schema.R,man/eyeprocess-schema.Rd,"(name, schema = eye_schema())",2,False,False,,,unclassified,False,src/eyeprocesspy/schema.py,tests/test_core_parity.py,yes,implemented,implemented,implemented_initial,tested_initial,source_ported,not_applicable,docstring_initial,
estimate_clock_transform,estimate_clock_transform,R/007-coordinates-time.R,man/eyeprocess-coordinates-time.Rd,"(source_times, target_times, method = c(""linear"", ""offset""))",3,False,False,,,unclassified,False,src/eyeprocesspy/timebase.py,tests/test_core_parity.py,yes,implemented,implemented,implemented_initial,tested_initial,source_ported,not_applicable,docstring_initial,
estimate_ez_diffusion,estimate_ez_diffusion,R/016-advanced-experimental.R,man/eyeprocess-experimental.Rd,"(
    x,
    accuracy = ""score"",
    response_time = ""response_time"",
    by = c(""item_id""),
    scale = 0.1)",5,False,False,,,experimental,False,eyeprocesspy.legacy_models,tests/test_legacy_models.py,yes,implemented,implemented,implemented_initial,not_started,source_ported,not_applicable,docstring_initial,
estimate_sampling_rate,estimate_sampling_rate,R/007-coordinates-time.R,man/eyeprocess-coordinates-time.Rd,"(timestamp_seconds, trim = 0.05)",2,False,False,,,unclassified,False,src/eyeprocesspy/timebase.py,tests/test_core_parity.py,yes,implemented,implemented,implemented_initial,tested_initial,source_ported,not_applicable,docstring_initial,
export_canonical,export_canonical,R/015-export-report-bridges.R,man/eyeprocess-export-report.Rd,(...),1,True,False,tests/testthat/test-export-report.R,vignettes/getting-started.Rmd,unclassified,False,eyeprocesspy.io_validation_10,tests/test_io_format_validation_10.py,yes,implemented,implemented,implemented_initial,tested_initial,python_reference_differs,not_applicable,docstring_initial,Canonical folder semantics are implemented and tested. Native R RDS serialization and R byte-identical table-MD5 fingerprints remain explicit R-specific backend boundaries; eyeprocesspy does not disguise another serialization format as RDS.
eye_format_profiles,eye_format_profiles,R/017-format-validation.R,man/eyeprocess-format-validation.Rd,(),0,False,False,tests/testthat/test-format-validation.R,vignettes/validating-real-exports.Rmd,unclassified,False,eyeprocesspy.io_validation_10,tests/test_io_format_validation_10.py,yes,implemented,implemented,implemented_initial,tested_initial,source_ported,not_applicable,docstring_initial,
eye_mapping,eye_mapping,R/003-mapping-adapters.R,man/eyeprocess-adapters.Rd,"(
    participant = NULL,
    recording = NULL,
    session = NULL,
    timestamp = NULL,
    timestamp_device = NULL,
    x = NULL,
    y = NULL,
    z = NULL,
    left_x = NULL,
    left_y = NULL,
    right_x = NULL,
    right_y = NULL,
    gaze_valid = NULL,
    left_valid = NULL,
    right_valid = NULL,
    confidence = NULL,
    pupil_left = NULL,
    pupil_right = NULL,
    pupil_left_valid = NULL,
    pupil_right_valid = NULL,
    fixation_id = NULL,
    blink_id = NULL,
    trial = NULL,
    item = NULL,
    stimulus = NULL,
    condition = NULL,
    response = NULL,
    score = NULL,
    response_time = NULL,
    event_name = NULL,
    event_value = NULL,
    event_type = NULL,
    biometric_channels = NULL,
    extra = list())",34,False,False,tests/testthat/test-generic-import.R|tests/testthat/test-interoperability-storage.R,vignettes/importing-and-harmonizing.Rmd,unclassified,False,src/eyeprocesspy/mapping.py,tests/test_core_parity.py,yes,implemented,implemented,implemented_initial,tested_initial,source_ported,not_applicable,docstring_initial,
eye_schema,eye_schema,R/001-schema.R,man/eyeprocess-schema.Rd,(version = .eye_env$schema_version),1,False,False,,,unclassified,False,src/eyeprocesspy/schema.py,tests/test_core_parity.py,yes,implemented,implemented,implemented_initial,tested_initial,source_ported,not_applicable,docstring_initial,
feature_dictionary,feature_dictionary,R/010-features.R,man/eyeprocess-features.Rd,(x),1,False,False,,vignettes/getting-started.Rmd|vignettes/preprocessing-features.Rmd,unclassified,False,eyeprocesspy.preprocess_features_09,tests/test_preprocess_features_09.py,yes,implemented,implemented,implemented_initial,tested_initial,source_ported,not_applicable,docstring_initial,
feature_spec,feature_spec,R/010-features.R,man/eyeprocess-features.Rd,"(
    level = c(""trial"", ""trial_aoi"", ""recording"", ""participant_item""),
    window = NULL,
    include_post_response = FALSE,
    minimum_observed_fraction = 0.5,
    gaze = c(""fixation_count"", ""fixation_duration"", ""dwell_time"", ""first_fixation_latency"", ""revisits"", ""entropy""),
    pupil = c(""mean"", ""peak"", ""auc"", ""slope"", ""latency_peak""),
    response_time = TRUE,
    biometrics = TRUE)",8,False,False,,vignettes/preprocessing-features.Rmd,unclassified,False,eyeprocesspy.preprocess_features_09,tests/test_preprocess_features_09.py,yes,implemented,implemented,implemented_initial,tested_initial,source_ported,not_applicable,docstring_initial,
features_wide,features_wide,R/010-features.R,man/eyeprocess-features.Rd,"(x, id_cols = c(""recording_id"", ""participant_id"", ""trial_id"", ""item_id"", ""stimulus_id"", ""aoi_id""), aggregate = mean)",3,False,False,tests/testthat/test-advanced-models-v2.R,vignettes/preprocessing-features.Rmd,unclassified,False,eyeprocesspy.preprocess_features_09,tests/test_preprocess_features_09.py,yes,implemented,implemented,implemented_initial,tested_initial,source_ported,not_applicable,docstring_initial,
filter_gaze,filter_gaze,R/009-preprocessing.R,man/eyeprocess-preprocessing.Rd,"(x, method = c(""median"", ""mean"", ""moving_median"", ""moving_average"", ""none""), window = 5L, component = ""gaze_samples"")",4,False,False,,,unclassified,False,eyeprocesspy.preprocess_features_09,tests/test_preprocess_features_09.py,yes,implemented,implemented,implemented_initial,tested_initial,source_ported,not_applicable,docstring_initial,
filter_pupil,filter_pupil,R/009-preprocessing.R,man/eyeprocess-preprocessing.Rd,"(x, method = c(""median"", ""mean"", ""moving_median"", ""moving_average"", ""none""), window = 5L)",3,False,False,,,unclassified,False,eyeprocesspy.preprocess_features_09,tests/test_preprocess_features_09.py,yes,implemented,implemented,implemented_initial,tested_initial,source_ported,not_applicable,docstring_initial,
fingerprint_eye_dataset,fingerprint_eye_dataset,R/017-format-validation.R,man/eyeprocess-format-validation.Rd,"(
    x,
    tables = canonical_table_names(),
    ignore_volatile = TRUE)",3,False,False,,,unclassified,False,eyeprocesspy.io_validation_10,tests/test_io_format_validation_10.py,yes,implemented,implemented,implemented_initial,tested_initial,python_reference_differs,not_applicable,docstring_initial,Canonical folder semantics are implemented and tested. Native R RDS serialization and R byte-identical table-MD5 fingerprints remain explicit R-specific backend boundaries; eyeprocesspy does not disguise another serialization format as RDS.
fit_accuracy_rt,fit_accuracy_rt,R/013-models.R,man/eyeprocess-models.Rd,"(
    x,
    engine = c(""LNIRT"", ""two_stage""),
    iterations = 1000,
    burnin = 10,
    residual = FALSE,
    ...)",6,True,False,,vignettes/psychometric-process-models.Rmd,experimental,False,eyeprocesspy.legacy_models,tests/test_legacy_models.py,yes,implemented,implemented,implemented_initial,not_started,python_reference_differs,not_applicable,docstring_initial,Cross-language numerical parity and exact R-engine identity remain pending; Python reference/backend differs or exact R backend is explicitly gated.
fit_dif,fit_dif,R/013-models.R,man/eyeprocess-models.Rd,"(x, group, engine = c(""logistic"", ""mirt""), items = NULL, ...)",5,True,False,,,experimental,False,eyeprocesspy.legacy_models,tests/test_legacy_models.py,yes,implemented,implemented,implemented_initial,not_started,python_reference_differs,not_applicable,docstring_initial,Cross-language numerical parity and exact R-engine identity remain pending; Python reference/backend differs or exact R backend is explicitly gated.
fit_dynamic_aoi_model,fit_dynamic_aoi_model,R/013-models.R,man/eyeprocess-models.Rd,"(x, source = c(""visits"", ""fixations"", ""samples""), smoothing = 0.5)",3,False,False,,,experimental,False,eyeprocesspy.legacy_models,tests/test_legacy_models.py,yes,implemented,implemented,implemented_initial,not_started,source_ported,not_applicable,docstring_initial,
fit_explanatory_irt,fit_explanatory_irt,R/013-models.R,man/eyeprocess-models.Rd,"(
    x,
    formula,
    engine = c(""lme4"", ""glm"", ""brms""),
    participant_random = TRUE,
    item_random = TRUE,
    family = ""binomial"",
    ...)",7,True,False,,vignettes/psychometric-process-models.Rmd,experimental,False,eyeprocesspy.legacy_models,tests/test_legacy_models.py,yes,implemented,implemented,implemented_initial,not_started,python_reference_differs,not_applicable,docstring_initial,Cross-language numerical parity and exact R-engine identity remain pending; Python reference/backend differs or exact R backend is explicitly gated.
fit_gaze_informed_irt,fit_gaze_informed_irt,R/016-advanced-experimental.R,man/eyeprocess-experimental.Rd,"(x, response = ""score"", gaze_features, engine = c(""lme4"", ""glm"", ""brms""), ...)",5,True,False,,,experimental,False,eyeprocesspy.legacy_models,tests/test_legacy_models.py,yes,implemented,implemented,implemented_initial,not_started,python_reference_differs,not_applicable,docstring_initial,Cross-language numerical parity and exact R-engine identity remain pending; Python reference/backend differs or exact R backend is explicitly gated.
fit_gaze_weighted_choice,fit_gaze_weighted_choice,R/016-advanced-experimental.R,man/eyeprocess-experimental.Rd,"(
    x,
    response = ""score"",
    dwell_features,
    engine = c(""glm"", ""lme4""),
    ...)",5,True,False,,,experimental,False,eyeprocesspy.legacy_models,tests/test_legacy_models.py,yes,implemented,implemented,implemented_initial,not_started,python_reference_differs,not_applicable,docstring_initial,Cross-language numerical parity and exact R-engine identity remain pending; Python reference/backend differs or exact R backend is explicitly gated.
fit_irt,fit_irt,R/013-models.R,man/eyeprocess-models.Rd,"(
    x,
    engine = c(""mirt"", ""TAM"", ""rasch_glm""),
    model = 1,
    itemtype = ""2PL"",
    value = ""score"",
    ...)",6,True,False,,vignettes/psychometric-process-models.Rmd,experimental,False,eyeprocesspy.legacy_models,tests/test_legacy_models.py,yes,implemented,implemented,implemented_initial,not_started,python_reference_differs,not_applicable,docstring_initial,Cross-language numerical parity and exact R-engine identity remain pending; Python reference/backend differs or exact R backend is explicitly gated.
fit_joint_process_model,fit_joint_process_model,R/013-models.R,man/eyeprocess-models.Rd,"(
    x,
    accuracy_formula,
    rt_formula,
    process_formulas = NULL,
    engine = c(""brms"", ""separate""),
    ...)",6,True,False,,,experimental,False,eyeprocesspy.legacy_models,tests/test_legacy_models.py,yes,implemented,implemented,implemented_initial,not_started,python_reference_differs,not_applicable,docstring_initial,Cross-language numerical parity and exact R-engine identity remain pending; Python reference/backend differs or exact R backend is explicitly gated.
fit_multimodal_irt,fit_multimodal_irt,R/016-advanced-experimental.R,man/eyeprocess-experimental.Rd,"(x, response = ""score"", gaze_features = character(), pupil_features = character(), biometric_features = character(), engine = c(""lme4"", ""glm"", ""brms""), ...)",7,True,False,,,experimental,False,eyeprocesspy.legacy_models,tests/test_legacy_models.py,yes,implemented,implemented,implemented_initial,not_started,python_reference_differs,not_applicable,docstring_initial,Cross-language numerical parity and exact R-engine identity remain pending; Python reference/backend differs or exact R backend is explicitly gated.
fit_process_irt,fit_process_irt,R/016-advanced-experimental.R,man/eyeprocess-experimental.Rd,"(
    x,
    spec,
    engine = c(""lme4"", ""glm"", ""brms""),
    ...)",4,True,False,,vignettes/psychometric-process-models.Rmd,experimental,False,eyeprocesspy.legacy_models,tests/test_legacy_models.py,yes,implemented,implemented,implemented_initial,not_started,python_reference_differs,not_applicable,docstring_initial,Cross-language numerical parity and exact R-engine identity remain pending; Python reference/backend differs or exact R backend is explicitly gated.
fit_pupil_informed_irt,fit_pupil_informed_irt,R/016-advanced-experimental.R,man/eyeprocess-experimental.Rd,"(x, response = ""score"", pupil_features, engine = c(""lme4"", ""glm"", ""brms""), ...)",5,True,False,,,experimental,False,eyeprocesspy.legacy_models,tests/test_legacy_models.py,yes,implemented,implemented,implemented_initial,not_started,python_reference_differs,not_applicable,docstring_initial,Cross-language numerical parity and exact R-engine identity remain pending; Python reference/backend differs or exact R backend is explicitly gated.
fit_shared_process_factor,fit_shared_process_factor,R/013-models.R,man/eyeprocess-models.Rd,"(
    x,
    features,
    n_factors = 1L,
    center = TRUE,
    scale. = TRUE,
    append = TRUE,
    prefix = ""process_factor"")",7,False,False,,vignettes/psychometric-process-models.Rmd,experimental,False,eyeprocesspy.legacy_models,tests/test_legacy_models.py,yes,implemented,implemented,implemented_initial,not_started,source_ported,not_applicable,docstring_initial,
fit_strategy_mixture,fit_strategy_mixture,R/016-advanced-experimental.R,man/eyeprocess-experimental.Rd,"(
    x,
    features,
    centers = 2L,
    response_formula = NULL,
    seed = 1,
    append = TRUE)",6,False,False,,,experimental,False,eyeprocesspy.legacy_models,tests/test_legacy_models.py,yes,implemented,implemented,implemented_initial,not_started,python_reference_differs,not_applicable,docstring_initial,Cross-language numerical parity and exact R-engine identity remain pending; Python reference/backend differs or exact R backend is explicitly gated.
flag_gaze_outliers,flag_gaze_outliers,R/009-preprocessing.R,man/eyeprocess-preprocessing.Rd,"(x, method = c(""mad"", ""velocity"", ""bounds""), threshold = 6, max_velocity = NULL)",4,False,False,,,unclassified,False,eyeprocesspy.preprocess_features_09,tests/test_preprocess_features_09.py,yes,implemented,implemented,implemented_initial,tested_initial,source_ported,not_applicable,docstring_initial,
format_compatibility_matrix,format_compatibility_matrix,R/017-format-validation.R,man/eyeprocess-format-validation.Rd,(validation = NULL),1,False,False,tests/testthat/test-format-validation.R,vignettes/validating-real-exports.Rmd,unclassified,False,eyeprocesspy.io_validation_10,tests/test_io_format_validation_10.py,yes,implemented,implemented,implemented_initial,tested_initial,source_ported,not_applicable,docstring_initial,
format_validation_spec,format_validation_spec,R/017-format-validation.R,man/eyeprocess-format-validation.Rd,"(
    min_detection_confidence = 0.55,
    require_gaze = TRUE,
    require_native_time = TRUE,
    require_coordinate_space = TRUE,
    require_provenance = TRUE,
    require_raw_retention = FALSE,
    run_roundtrip = TRUE,
    numeric_tolerance = 1e-8,
    strict = FALSE)",9,False,False,tests/testthat/test-format-validation.R|tests/testthat/test-gazepoint-v72-real-structure.R,vignettes/validating-real-exports.Rmd,unclassified,False,eyeprocesspy.io_validation_10,tests/test_io_format_validation_10.py,yes,implemented,implemented,implemented_initial,tested_initial,source_ported,not_applicable,docstring_initial,
functional_pupil_features,functional_pupil_features,R/016-advanced-experimental.R,man/eyeprocess-experimental.Rd,"(
    x,
    df = 5L,
    grid_points = 100L,
    append = TRUE,
    prefix = ""pupil_basis"")",5,False,False,,,experimental,False,eyeprocesspy.legacy_models,tests/test_legacy_models.py,yes,implemented,implemented,implemented_initial,not_started,python_reference_differs,not_applicable,docstring_initial,Cross-language numerical parity and exact R-engine identity remain pending; Python reference/backend differs or exact R backend is explicitly gated.
gaze_entropy,gaze_entropy,R/010-features.R,man/eyeprocess-features.Rd,"(x, level = c(""trial"", ""recording""), source = c(""visits"", ""fixations"", ""samples""), base = 2)",4,False,False,,,unclassified,False,eyeprocesspy.preprocess_features_09,tests/test_preprocess_features_09.py,yes,implemented,implemented,implemented_initial,tested_initial,source_ported,not_applicable,docstring_initial,
gaze_velocity,gaze_velocity,R/009-preprocessing.R,man/eyeprocess-preprocessing.Rd,(data),1,False,False,,,unclassified,False,eyeprocesspy.preprocess_features_09,tests/test_preprocess_features_09.py,yes,implemented,implemented,implemented_initial,tested_initial,source_ported,not_applicable,docstring_initial,
gazepoint_analysis_tables,gazepoint_analysis_tables,R/019-gazepoint-downstream-workflow.R,man/gazepoint_analysis_tables.Rd,(x),1,False,False,,,unclassified,False,,,yes,not_started,not_started,not_started,not_started,not_started,not_applicable,not_started,
gazepoint_irt_tables,gazepoint_irt_tables,R/019-gazepoint-downstream-workflow.R,man/gazepoint_irt_tables.Rd,"(x, process_table = NULL)",2,False,False,,,unclassified,False,,,yes,not_started,not_started,not_started,not_started,not_started,not_applicable,not_started,
gazepoint_workflow_spec,gazepoint_workflow_spec,R/019-gazepoint-downstream-workflow.R,man/gazepoint_workflow_spec.Rd,"(
    expected_sampling_rate = 60,
    sampling_tolerance_hz = 5,
    minimum_valid_gaze = 0.80,
    minimum_valid_pupil = 0.70,
    pupil_interpolation = ""linear"",
    pupil_max_gap_ms = 150,
    pupil_filter = ""median"",
    pupil_window = 5L,
    pupil_baseline = ""none"",
    pupil_baseline_window = c(0, 0.5),
    detect_blinks = TRUE,
    biometric_channels = c(
      ""eda"", ""skin_conductance_level"", ""skin_conductance_response"",
      ""heart_rate"", ""interbeat_interval"", ""engagement_dial""
    ),
    create_plots = TRUE,
    create_html_report = TRUE,
    retain_raw = TRUE)",15,False,False,tests/testthat/test-gazepoint-downstream-workflow.R,vignettes/gazepoint-downstream-workflow.Rmd,unclassified,False,,,yes,not_started,not_started,not_started,not_started,not_started,not_applicable,not_started,
get_eye_table,get_eye_table,R/002-class.R,man/eyeprocess-class.Rd,"(x, table)",2,False,False,,,unclassified,False,src/eyeprocesspy/dataset.py,tests/test_core_parity.py,yes,implemented,implemented,implemented_initial,tested_initial,source_ported,not_applicable,docstring_initial,
gp_align_media_ids,gp_align_media_ids,R/005-import-gazepoint.R,man/eyeprocess-import-gazepoint.Rd,(x),1,False,False,,vignettes/gazepoint-workflows.Rmd,unclassified,False,eyeprocesspy.gazepoint_real_10,tests/test_gazepoint_real_10.py,yes,implemented,implemented,implemented_initial,tested_initial,source_ported,not_applicable,docstring_initial,
gp_audit_file_pairs,gp_audit_file_pairs,R/005-import-gazepoint.R,man/eyeprocess-import-gazepoint.Rd,(path),1,False,False,,vignettes/gazepoint-workflows.Rmd,unclassified,False,src/eyeprocesspy/gazepoint.py,tests/test_gazepoint_parity.py,yes,implemented,implemented,implemented_initial,tested_initial,source_ported,not_applicable,docstring_initial,
gp_check_biometrics_sync,gp_check_biometrics_sync,R/005-import-gazepoint.R,man/eyeprocess-import-gazepoint.Rd,"(x, ...)",2,True,False,,vignettes/gazepoint-workflows.Rmd,unclassified,False,eyeprocesspy.gazepoint_real_10,tests/test_gazepoint_real_10.py,yes,implemented,implemented,implemented_initial,tested_initial,source_ported,not_applicable,docstring_initial,
gp_check_fixation_ids,gp_check_fixation_ids,R/005-import-gazepoint.R,man/eyeprocess-import-gazepoint.Rd,(x),1,False,False,,vignettes/gazepoint-workflows.Rmd,unclassified,False,eyeprocesspy.gazepoint_real_10,tests/test_gazepoint_real_10.py,yes,implemented,implemented,implemented_initial,tested_initial,source_ported,not_applicable,docstring_initial,
gp_check_media_timing,gp_check_media_timing,R/005-import-gazepoint.R,man/eyeprocess-import-gazepoint.Rd,(x),1,False,False,,vignettes/gazepoint-workflows.Rmd,unclassified,False,eyeprocesspy.gazepoint_real_10,tests/test_gazepoint_real_10.py,yes,implemented,implemented,implemented_initial,tested_initial,source_ported,not_applicable,docstring_initial,
gp_check_pupil_channels,gp_check_pupil_channels,R/005-import-gazepoint.R,man/eyeprocess-import-gazepoint.Rd,"(x, ...)",2,True,False,,vignettes/gazepoint-workflows.Rmd,unclassified,False,eyeprocesspy.gazepoint_real_10,tests/test_gazepoint_real_10.py,yes,implemented,implemented,implemented_initial,tested_initial,source_ported,not_applicable,docstring_initial,
gp_check_sampling_rate,gp_check_sampling_rate,R/005-import-gazepoint.R,man/eyeprocess-import-gazepoint.Rd,"(x, ...)",2,True,False,,vignettes/gazepoint-workflows.Rmd,unclassified,False,eyeprocesspy.gazepoint_real_10,tests/test_gazepoint_real_10.py,yes,implemented,implemented,implemented_initial,tested_initial,source_ported,not_applicable,docstring_initial,
gp_check_validity_fields,gp_check_validity_fields,R/005-import-gazepoint.R,man/eyeprocess-import-gazepoint.Rd,"(x, ...)",2,True,False,,vignettes/gazepoint-workflows.Rmd,unclassified,False,eyeprocesspy.gazepoint_real_10,tests/test_gazepoint_real_10.py,yes,implemented,implemented,implemented_initial,tested_initial,source_ported,not_applicable,docstring_initial,
gp_identify_export_type,gp_identify_export_type,R/005-import-gazepoint.R,man/eyeprocess-import-gazepoint.Rd,(path),1,False,False,tests/testthat/test-gazepoint-v72-real-structure.R,,unclassified,False,src/eyeprocesspy/gazepoint.py,tests/test_gazepoint_parity.py,yes,implemented,implemented,implemented_initial,tested_initial,source_ported,not_applicable,docstring_initial,
gp_list_export_fields,gp_list_export_fields,R/005-import-gazepoint.R,man/eyeprocess-import-gazepoint.Rd,(path),1,False,False,,vignettes/gazepoint-workflows.Rmd,unclassified,False,src/eyeprocesspy/gazepoint.py,tests/test_gazepoint_parity.py,yes,implemented,implemented,implemented_initial,tested_initial,source_ported,not_applicable,docstring_initial,
gp_match_biometrics,gp_match_biometrics,R/005-import-gazepoint.R,man/eyeprocess-import-gazepoint.Rd,(path),1,False,False,tests/testthat/test-gazepoint.R,,unclassified,False,src/eyeprocesspy/gazepoint.py,tests/test_gazepoint_parity.py,yes,implemented,implemented,implemented_initial,tested_initial,source_ported,not_applicable,docstring_initial,
gp_match_recordings,gp_match_recordings,R/005-import-gazepoint.R,man/eyeprocess-import-gazepoint.Rd,(path),1,False,False,,,unclassified,False,src/eyeprocesspy/gazepoint.py,tests/test_gazepoint_parity.py,yes,implemented,implemented,implemented_initial,tested_initial,source_ported,not_applicable,docstring_initial,
gp_pair_exports,gp_pair_exports,R/005-import-gazepoint.R,man/eyeprocess-import-gazepoint.Rd,(path),1,False,False,tests/testthat/test-gazepoint-v72-real-structure.R,vignettes/gazepoint-workflows.Rmd,unclassified,False,src/eyeprocesspy/gazepoint.py,tests/test_gazepoint_parity.py,yes,implemented,implemented,implemented_initial,tested_initial,source_ported,not_applicable,docstring_initial,
gp_parse_markers,gp_parse_markers,R/005-import-gazepoint.R,man/eyeprocess-import-gazepoint.Rd,(x),1,False,False,,,unclassified,False,eyeprocesspy.gazepoint_real_10,tests/test_gazepoint_real_10.py,yes,implemented,implemented,implemented_initial,tested_initial,source_ported,not_applicable,docstring_initial,
gp_parse_media_events,gp_parse_media_events,R/005-import-gazepoint.R,man/eyeprocess-import-gazepoint.Rd,(x),1,False,False,,,unclassified,False,src/eyeprocesspy/gazepoint.py,tests/test_gazepoint_parity.py,yes,implemented,implemented,implemented_initial,tested_initial,source_ported,not_applicable,docstring_initial,
gp_parse_user_events,gp_parse_user_events,R/005-import-gazepoint.R,man/eyeprocess-import-gazepoint.Rd,(x),1,False,False,,,unclassified,False,src/eyeprocesspy/gazepoint.py,tests/test_gazepoint_parity.py,yes,implemented,implemented,implemented_initial,tested_initial,source_ported,not_applicable,docstring_initial,
gp_profile_export,gp_profile_export,R/005-import-gazepoint.R,man/eyeprocess-import-gazepoint.Rd,(path),1,False,False,,vignettes/gazepoint-workflows.Rmd,unclassified,False,src/eyeprocesspy/gazepoint.py,tests/test_gazepoint_parity.py,yes,implemented,implemented,implemented_initial,tested_initial,source_ported,not_applicable,docstring_initial,
gp_reconstruct_stimuli,gp_reconstruct_stimuli,R/005-import-gazepoint.R,man/eyeprocess-import-gazepoint.Rd,"(x, ...)",2,True,False,,vignettes/gazepoint-workflows.Rmd,unclassified,False,eyeprocesspy.gazepoint_real_10,tests/test_gazepoint_real_10.py,yes,implemented,implemented,implemented_initial,tested_initial,source_ported,not_applicable,docstring_initial,
gp_reconstruct_trials,gp_reconstruct_trials,R/005-import-gazepoint.R,man/eyeprocess-import-gazepoint.Rd,"(x, ...)",2,True,False,,vignettes/gazepoint-workflows.Rmd,unclassified,False,eyeprocesspy.gazepoint_real_10,tests/test_gazepoint_real_10.py,yes,implemented,implemented,implemented_initial,tested_initial,source_ported,not_applicable,docstring_initial,
gp_validate_export,gp_validate_export,R/005-import-gazepoint.R,man/eyeprocess-import-gazepoint.Rd,(path),1,False,False,,vignettes/gazepoint-workflows.Rmd,unclassified,False,src/eyeprocesspy/gazepoint.py,tests/test_gazepoint_parity.py,yes,implemented,implemented,implemented_initial,tested_initial,source_ported,not_applicable,docstring_initial,
import_canonical,import_canonical,R/015-export-report-bridges.R,man/eyeprocess-export-report.Rd,(...),1,True,False,tests/testthat/test-export-report.R,,unclassified,False,eyeprocesspy.io_validation_10,tests/test_io_format_validation_10.py,yes,implemented,implemented,implemented_initial,tested_initial,python_reference_differs,not_applicable,docstring_initial,Canonical folder semantics are implemented and tested. Native R RDS serialization and R byte-identical table-MD5 fingerprints remain explicit R-specific backend boundaries; eyeprocesspy does not disguise another serialization format as RDS.
infer_eye_mapping,infer_eye_mapping,R/003-mapping-adapters.R,man/eyeprocess-adapters.Rd,"(data, vendor = NULL)",2,False,False,,,unclassified,False,src/eyeprocesspy/importers.py,tests/test_import_adapter_parity.py,yes,implemented,implemented,implemented_initial,tested_initial,source_ported,not_applicable,docstring_initial,
init_validation_corpus,init_validation_corpus,R/017-format-validation.R,man/eyeprocess-format-validation.Rd,"(path, overwrite = FALSE)",2,False,False,tests/testthat/test-format-validation.R,vignettes/validating-real-exports.Rmd,unclassified,False,eyeprocesspy.io_validation_10,tests/test_io_format_validation_10.py,yes,implemented,implemented,implemented_initial,tested_initial,source_ported,not_applicable,docstring_initial,
inspect_eye_source,inspect_eye_source,R/017-format-validation.R,man/eyeprocess-format-validation.Rd,"(
    path,
    recursive = TRUE,
    inspect_rows = 10L,
    include_hash = TRUE)",4,False,False,tests/testthat/test-format-validation.R,,unclassified,False,eyeprocesspy.io_validation_10,tests/test_io_format_validation_10.py,yes,implemented,implemented,implemented_initial,tested_initial,source_ported,not_applicable,docstring_initial,
interpolate_pupil,interpolate_pupil,R/009-preprocessing.R,man/eyeprocess-preprocessing.Rd,"(x, method = c(""linear"", ""constant"", ""none""), max_gap_ms = 150, mark = TRUE)",4,False,False,,,unclassified,False,eyeprocesspy.preprocess_features_09,tests/test_preprocess_features_09.py,yes,implemented,implemented,implemented_initial,tested_initial,source_ported,not_applicable,docstring_initial,
interpretive_warnings,interpretive_warnings,R/011-quality-governance.R,man/eyeprocess-quality.Rd,(),0,False,False,tests/testthat/test-quality-plots.R,vignettes/responsible-use.Rmd,unclassified,False,eyeprocesspy.foundation_09,tests/test_core_foundation_09.py,yes,implemented,implemented,implemented_initial,tested_initial,source_ported,not_applicable,docstring_initial,
is_eye_dataset,is_eye_dataset,R/002-class.R,man/eyeprocess-class.Rd,(x),1,False,False,,,unclassified,False,src/eyeprocesspy/dataset.py,tests/test_core_parity.py,yes,implemented,implemented,implemented_initial,tested_initial,source_ported,not_applicable,docstring_initial,
is_eyelink_export,is_eyelink_export,R/006-import-other-vendors.R,man/eyeprocess-import-vendors.Rd,"(path, inspect_rows = 20L)",2,False,False,,,unclassified,False,,,yes,not_started,not_started,not_started,not_started,not_started,not_applicable,not_started,
is_gazepoint_export,is_gazepoint_export,R/005-import-gazepoint.R,man/eyeprocess-import-gazepoint.Rd,"(path, inspect_rows = 20L)",2,False,False,tests/testthat/test-gazepoint-v72-real-structure.R|tests/testthat/test-gazepoint.R,,unclassified,False,src/eyeprocesspy/gazepoint.py,tests/test_gazepoint_parity.py,yes,implemented,implemented,implemented_initial,tested_initial,source_ported,not_applicable,docstring_initial,
is_pupil_labs_export,is_pupil_labs_export,R/006-import-other-vendors.R,man/eyeprocess-import-vendors.Rd,"(path, inspect_rows = 20L)",2,False,False,,,unclassified,False,,,yes,not_started,not_started,not_started,not_started,not_started,not_applicable,not_started,
is_smi_export,is_smi_export,R/006-import-other-vendors.R,man/eyeprocess-import-vendors.Rd,"(path, inspect_rows = 20L)",2,False,False,,,unclassified,False,,,yes,not_started,not_started,not_started,not_started,not_started,not_applicable,not_started,
is_tobii_export,is_tobii_export,R/006-import-other-vendors.R,man/eyeprocess-import-vendors.Rd,"(path, inspect_rows = 20L)",2,False,False,,,unclassified,False,,,yes,not_started,not_started,not_started,not_started,not_started,not_applicable,not_started,
item_parameters,item_parameters,R/013-models.R,man/eyeprocess-models.Rd,"(model, ...)",2,True,False,,,experimental,False,eyeprocesspy.legacy_models,tests/test_legacy_models.py,yes,implemented,implemented,implemented_initial,not_started,source_ported,not_applicable,docstring_initial,
model_data,model_data,R/013-models.R,man/eyeprocess-models.Rd,"(x, include_features = TRUE, aggregate_features = mean)",3,False,False,,,experimental,False,eyeprocesspy.legacy_models,tests/test_legacy_models.py,yes,implemented,implemented,implemented_initial,not_started,source_ported,not_applicable,docstring_initial,
model_fit_statistics,model_fit_statistics,R/013-models.R,man/eyeprocess-models.Rd,(model),1,False,False,,,experimental,False,eyeprocesspy.legacy_models,tests/test_legacy_models.py,yes,implemented,implemented,implemented_initial,not_started,source_ported,not_applicable,docstring_initial,
model_missing_process,model_missing_process,R/016-advanced-experimental.R,man/eyeprocess-experimental.Rd,"(x, feature_name, predictors = c(""score"", ""response_time""), engine = c(""glm"", ""lme4""), ...)",5,True,False,,,experimental,False,eyeprocesspy.legacy_models,tests/test_legacy_models.py,yes,implemented,implemented,implemented_initial,not_started,python_reference_differs,not_applicable,docstring_initial,Cross-language numerical parity and exact R-engine identity remain pending; Python reference/backend differs or exact R backend is explicitly gated.
new_aoi,new_aoi,R/008-trials-aoi.R,man/eyeprocess-trials-aoi.Rd,"(
    aoi_id,
    aoi_name = aoi_id,
    stimulus_id = NA_character_,
    shape = c(""rectangle"", ""circle"", ""polygon""),
    x = NA_real_,
    y = NA_real_,
    width = NA_real_,
    height = NA_real_,
    polygon = NULL,
    coordinate_space_id = ""coord_display_normalized_top_left"",
    valid_from = -Inf,
    valid_to = Inf,
    frame_id = NA_character_,
    visible = TRUE,
    parent_aoi_id = NA_character_,
    source = ""user"")",16,False,False,tests/testthat/test-trials-aoi-features.R,vignettes/preprocessing-features.Rmd,unclassified,False,eyeprocesspy.foundation_09,tests/test_core_foundation_09.py,yes,implemented,implemented,implemented_initial,tested_initial,source_ported,not_applicable,docstring_initial,
new_coordinate_space,new_coordinate_space,R/001-schema.R,man/eyeprocess-schema.Rd,"(
    coordinate_space_id,
    space_type = c(
      ""display_normalized_top_left"", ""display_pixels_top_left"",
      ""surface_normalized_bottom_left"", ""world_camera_pixels"",
      ""reference_image_pixels"", ""user_coordinates_3d"",
      ""headset_coordinates_3d"", ""gaze_direction_vector"", ""custom""
    ),
    origin = NULL,
    x_unit = NULL,
    y_unit = NULL,
    width = NA_real_,
    height = NA_real_,
    reference_object = NA_character_,
    parent_space_id = NA_character_,
    transform_to_parent = NA_character_,
    clipping_policy = ""retain"")",11,False,False,tests/testthat/test-schema-class.R,,unclassified,False,src/eyeprocesspy/schema.py,tests/test_core_parity.py,yes,implemented,implemented,implemented_initial,tested_initial,source_ported,not_applicable,docstring_initial,
new_eye_dataset,new_eye_dataset,R/002-class.R,man/eyeprocess-class.Rd,"(
    recordings = NULL,
    streams = NULL,
    gaze_samples = NULL,
    eye_samples = NULL,
    episodes = NULL,
    events = NULL,
    intervals = NULL,
    responses = NULL,
    coordinate_spaces = NULL,
    aoi_definitions = NULL,
    aoi_geometry = NULL,
    biometrics = NULL,
    calibrations = NULL,
    features = NULL,
    quality = NULL,
    provenance = NULL,
    raw = list(),
    vendor_metadata = list(),
    schema_version = .eye_env$schema_version,
    validate = TRUE)",20,False,False,tests/testthat/test-schema-class.R,,unclassified,False,src/eyeprocesspy/dataset.py,tests/test_core_parity.py,yes,implemented,implemented,implemented_initial,tested_initial,source_ported,not_applicable,docstring_initial,
normalize_timebase,normalize_timebase,R/007-coordinates-time.R,man/eyeprocess-coordinates-time.Rd,"(
    x,
    component = c(""gaze_samples"", ""eye_samples"", ""events"", ""biometrics""),
    native_unit = NULL,
    origin = c(""recording_start"", ""absolute"", ""first_observation""),
    overwrite = TRUE)",5,False,False,,,unclassified,False,src/eyeprocesspy/timebase.py,tests/test_core_parity.py,yes,implemented,implemented,implemented_initial,tested_initial,source_ported,not_applicable,docstring_initial,
parameter_recovery,parameter_recovery,R/014-simulation.R,man/eyeprocess-simulation.Rd,"(
    simulator,
    estimator,
    extractor,
    truth_extractor,
    replications = 100,
    seed = 1,
    ...)",7,True,False,,,unclassified,False,eyeprocesspy.legacy_models,tests/test_legacy_models.py,yes,implemented,implemented,implemented_initial,not_started,source_ported,not_applicable,docstring_initial,
person_scores,person_scores,R/013-models.R,man/eyeprocess-models.Rd,"(model, ...)",2,True,False,,,experimental,False,eyeprocesspy.legacy_models,tests/test_legacy_models.py,yes,implemented,implemented,implemented_initial,not_started,source_ported,not_applicable,docstring_initial,
plot_aoi_dwell,plot_aoi_dwell,R/012-plots.R,man/eyeprocess-plots.Rd,"(x, feature = c(""dwell_time_ms"", ""dwell_proportion""), aggregate = mean, main = NULL, ...)",5,True,False,,,unclassified,True,,,yes,not_started,not_started,not_started,not_started,not_started,not_started,not_started,
plot_biometrics,plot_biometrics,R/012-plots.R,man/eyeprocess-plots.Rd,"(x, channels = NULL, trial_id = NULL, recording_id = NULL, main = ""Biometric streams"", ...)",6,True,False,,,unclassified,True,,,yes,not_started,not_started,not_started,not_started,not_started,not_started,not_started,
plot_clock_alignment,plot_clock_alignment,R/012-plots.R,man/eyeprocess-plots.Rd,"(x, channel = NULL, main = ""Gaze and biometric clocks"", ...)",4,True,False,,,unclassified,True,,,yes,not_started,not_started,not_started,not_started,not_started,not_started,not_started,
plot_coordinate_spaces,plot_coordinate_spaces,R/012-plots.R,man/eyeprocess-plots.Rd,"(x, main = ""Coordinate-space usage"", ...)",3,True,False,,,unclassified,True,,,yes,not_started,not_started,not_started,not_started,not_started,not_started,not_started,
plot_eye_overview,plot_eye_overview,R/012-plots.R,man/eyeprocess-plots.Rd,"(x, ...)",2,True,False,tests/testthat/test-quality-plots.R,vignettes/getting-started.Rmd,unclassified,True,,,yes,not_started,not_started,not_started,not_started,not_started,not_started,not_started,
plot_eye_trace,plot_eye_trace,R/012-plots.R,man/eyeprocess-plots.Rd,"(x, trial_id = NULL, recording_id = NULL, valid_only = TRUE, reverse_y = TRUE, main = ""Gaze trace"", ...)",7,True,False,tests/testthat/test-quality-plots.R,,unclassified,True,,,yes,not_started,not_started,not_started,not_started,not_started,not_started,not_started,
plot_feature_correlation,plot_feature_correlation,R/012-plots.R,man/eyeprocess-plots.Rd,"(x, features = NULL, main = ""Feature correlations"", ...)",4,True,False,,,unclassified,True,,,yes,not_started,not_started,not_started,not_started,not_started,not_started,not_started,
plot_feature_distribution,plot_feature_distribution,R/012-plots.R,man/eyeprocess-plots.Rd,"(x, feature_name, group = NULL, main = NULL, ...)",5,True,False,,,unclassified,True,,,yes,not_started,not_started,not_started,not_started,not_started,not_started,not_started,
plot_fixations,plot_fixations,R/012-plots.R,man/eyeprocess-plots.Rd,"(x, trial_id = NULL, recording_id = NULL, source = c(""all"", ""vendor"", ""eyeprocess""), scale = 0.03, reverse_y = TRUE, main = ""Fixations"", ...)",8,True,False,,,unclassified,True,,,yes,not_started,not_started,not_started,not_started,not_started,not_started,not_started,
plot_gaze_heatmap,plot_gaze_heatmap,R/012-plots.R,man/eyeprocess-plots.Rd,"(x, trial_id = NULL, recording_id = NULL, bins = c(50L, 50L), valid_only = TRUE, main = ""Gaze density"", ...)",7,True,False,,,unclassified,True,,,yes,not_started,not_started,not_started,not_started,not_started,not_started,not_started,
plot_gazepoint_workflow,plot_gazepoint_workflow,R/019-gazepoint-downstream-workflow.R,man/plot_gazepoint_workflow.Rd,"(x, directory, channels = NULL, expected_hz = 60)",4,False,False,,,unclassified,True,,,yes,not_started,not_started,not_started,not_started,not_started,not_started,not_started,
plot_item_difficulty,plot_item_difficulty,R/012-plots.R,man/eyeprocess-plots.Rd,"(model, ...)",2,True,False,,,unclassified,True,,,yes,not_started,not_started,not_started,not_started,not_started,not_started,not_started,
plot_missingness,plot_missingness,R/012-plots.R,man/eyeprocess-plots.Rd,"(x, component = c(""gaze_samples"", ""eye_samples"", ""biometrics""), top = 20L, main = NULL, ...)",5,True,False,,,unclassified,True,,,yes,not_started,not_started,not_started,not_started,not_started,not_started,not_started,
plot_model_diagnostics,plot_model_diagnostics,R/012-plots.R,man/eyeprocess-plots.Rd,"(model, ...)",2,True,False,,,unclassified,True,,,yes,not_started,not_started,not_started,not_started,not_started,not_started,not_started,
plot_pupil_timeseries,plot_pupil_timeseries,R/012-plots.R,man/eyeprocess-plots.Rd,"(x, trial_id = NULL, recording_id = NULL, eye = NULL, column = ""pupil_diameter"", main = ""Pupil time series"", ...)",7,True,False,tests/testthat/test-quality-plots.R,vignettes/getting-started.Rmd,unclassified,True,,,yes,not_started,not_started,not_started,not_started,not_started,not_started,not_started,
plot_sampling_rate,plot_sampling_rate,R/012-plots.R,man/eyeprocess-plots.Rd,"(x, expected_hz = NULL, main = ""Estimated sampling rate"", ...)",4,True,False,,,unclassified,True,,,yes,not_started,not_started,not_started,not_started,not_started,not_started,not_started,
plot_scanpath,plot_scanpath,R/012-plots.R,man/eyeprocess-plots.Rd,"(x, trial_id = NULL, recording_id = NULL, reverse_y = TRUE, label = TRUE, main = ""Scanpath"", ...)",7,True,False,,vignettes/getting-started.Rmd,unclassified,True,,,yes,not_started,not_started,not_started,not_started,not_started,not_started,not_started,
plot_signal_quality,plot_signal_quality,R/012-plots.R,man/eyeprocess-plots.Rd,"(x, by_trial = FALSE, main = ""Signal quality"", ...)",4,True,False,,,unclassified,True,,,yes,not_started,not_started,not_started,not_started,not_started,not_started,not_started,
plot_transition_matrix,plot_transition_matrix,R/012-plots.R,man/eyeprocess-plots.Rd,"(x, normalize = c(""row"", ""none"", ""all""), source = c(""visits"", ""fixations"", ""samples""), main = ""AOI transition matrix"", ...)",5,True,False,,vignettes/getting-started.Rmd,unclassified,True,,,yes,not_started,not_started,not_started,not_started,not_started,not_started,not_started,
plot_trial_timeline,plot_trial_timeline,R/012-plots.R,man/eyeprocess-plots.Rd,"(x, recording_id = NULL, main = ""Trial timeline"", ...)",4,True,False,,,unclassified,True,,,yes,not_started,not_started,not_started,not_started,not_started,not_started,not_started,
power_process_simulation,power_process_simulation,R/014-simulation.R,man/eyeprocess-simulation.Rd,"(
    n_person,
    n_item,
    effect,
    replications = 200,
    alpha = 0.05,
    seed = 1)",6,False,False,,,unclassified,False,eyeprocesspy.legacy_models,tests/test_legacy_models.py,yes,implemented,implemented,implemented_initial,not_started,python_reference_differs,not_applicable,docstring_initial,Cross-language numerical parity and exact R-engine identity remain pending; Python reference/backend differs or exact R backend is explicitly gated.
preprocess_eye,preprocess_eye,R/009-preprocessing.R,man/eyeprocess-preprocessing.Rd,"(x, spec = preprocess_spec())",2,False,False,tests/testthat/test-preprocessing.R,vignettes/getting-started.Rmd|vignettes/preprocessing-features.Rmd,unclassified,False,eyeprocesspy.preprocess_features_09,tests/test_preprocess_features_09.py,yes,implemented,implemented,implemented_initial,tested_initial,source_ported,not_applicable,docstring_initial,
preprocess_spec,preprocess_spec,R/009-preprocessing.R,man/eyeprocess-preprocessing.Rd,"(
    gaze_filter = ""none"",
    gaze_window = 5L,
    pupil_interpolation = ""linear"",
    pupil_max_gap_ms = 150,
    pupil_filter = ""median"",
    pupil_window = 5L,
    pupil_baseline = ""subtract"",
    pupil_baseline_window = c(-0.2, 0),
    fixation_algorithm = ""none"",
    fixation_parameters = list(),
    blink_detection = TRUE,
    exclusions = list())",12,False,False,tests/testthat/test-preprocessing.R,vignettes/getting-started.Rmd|vignettes/preprocessing-features.Rmd,unclassified,False,eyeprocesspy.preprocess_features_09,tests/test_preprocess_features_09.py,yes,implemented,implemented,implemented_initial,tested_initial,source_ported,not_applicable,docstring_initial,
process_irt_diagnostics,process_irt_diagnostics,R/016-advanced-experimental.R,man/eyeprocess-experimental.Rd,(model),1,False,False,,vignettes/psychometric-process-models.Rmd,experimental,False,eyeprocesspy.legacy_models,tests/test_legacy_models.py,yes,implemented,implemented,implemented_initial,not_started,source_ported,not_applicable,docstring_initial,
process_irt_spec,process_irt_spec,R/016-advanced-experimental.R,man/eyeprocess-experimental.Rd,"(
    response = ""score"",
    response_time = ""response_time"",
    gaze_features = character(),
    pupil_features = character(),
    biometric_features = character(),
    participant_effect = TRUE,
    item_effect = TRUE,
    estimand = ""association"",
    confirmatory = FALSE)",9,False,False,,vignettes/psychometric-process-models.Rmd,experimental,False,eyeprocesspy.legacy_models,tests/test_legacy_models.py,yes,implemented,implemented,implemented_initial,not_started,source_ported,not_applicable,docstring_initial,
provenance_manifest,provenance_manifest,R/002-class.R,man/eyeprocess-class.Rd,(x),1,False,False,,vignettes/getting-started.Rmd|vignettes/responsible-use.Rmd,unclassified,False,src/eyeprocesspy/dataset.py,tests/test_core_parity.py,yes,implemented,implemented,implemented_initial,tested_initial,source_ported,not_applicable,docstring_initial,
pupil_deconvolve,pupil_deconvolve,R/009-preprocessing.R,man/eyeprocess-preprocessing.Rd,"(x, tau = 0.9, regularization = 0.01, output_column = ""pupil_phasic"")",4,False,False,,,unclassified,False,eyeprocesspy.preprocess_features_09,tests/test_preprocess_features_09.py,yes,implemented,implemented,implemented_initial,tested_initial,source_ported,not_applicable,docstring_initial,
pupil_labs_format,pupil_labs_format,R/006-import-other-vendors.R,man/eyeprocess-import-vendors.Rd,(path),1,False,False,,,unclassified,False,,,yes,not_started,not_started,not_started,not_started,not_started,not_applicable,not_started,
read_eye_dataset,read_eye_dataset,R/015-export-report-bridges.R,man/eyeprocess-export-report.Rd,"(path, validate = TRUE)",2,False,False,tests/testthat/test-export-report.R|tests/testthat/test-format-validation.R,,unclassified,False,eyeprocesspy.io_validation_10,tests/test_io_format_validation_10.py,yes,implemented,implemented,implemented_initial,tested_initial,python_reference_differs,not_applicable,docstring_initial,Canonical folder semantics are implemented and tested. Native R RDS serialization and R byte-identical table-MD5 fingerprints remain explicit R-specific backend boundaries; eyeprocesspy does not disguise another serialization format as RDS.
read_eye_export,read_eye_export,R/003-mapping-adapters.R,man/eyeprocess-adapters.Rd,"(path, vendor = ""auto"", confidence_threshold = 0.55, ...)",4,True,False,,vignettes/importing-and-harmonizing.Rmd,unclassified,False,src/eyeprocesspy/adapters.py,tests/test_import_adapter_parity.py,yes,implemented,implemented,implemented_initial,tested_initial,source_ported,not_applicable,docstring_initial,
read_eye_folder,read_eye_folder,R/003-mapping-adapters.R,man/eyeprocess-adapters.Rd,"(path, recursive = FALSE, vendor = ""auto"", pattern = NULL, combine = TRUE, ...)",6,True,False,,,unclassified,False,src/eyeprocesspy/adapters.py,tests/test_import_adapter_parity.py,yes,implemented,implemented,implemented_initial,tested_initial,source_ported,not_applicable,docstring_initial,
read_eye_generic,read_eye_generic,R/004-import-generic.R,man/eyeprocess-import-generic.Rd,"(
    path,
    mapping = NULL,
    delimiter = NULL,
    time_unit = ""seconds"",
    coordinate_space = ""display_normalized_top_left"",
    screen_width = NA_real_,
    screen_height = NA_real_,
    pupil_unit = NA_character_,
    vendor = ""generic"",
    recording_id = NULL,
    participant_id = NULL,
    session_id = ""S001"",
    nominal_sampling_rate = NA_real_,
    keep_raw = TRUE,
    keep_extra = TRUE,
    encoding = ""UTF-8"",
    quiet = FALSE,
    ...)",18,True,False,tests/testthat/test-generic-import.R,vignettes/importing-and-harmonizing.Rmd,unclassified,False,src/eyeprocesspy/importers.py,tests/test_import_adapter_parity.py,yes,implemented,implemented,implemented_initial,tested_initial,source_ported,not_applicable,docstring_initial,
read_eyelink_asc,read_eyelink_asc,R/006-import-other-vendors.R,man/eyeprocess-import-vendors.Rd,"(
    path,
    participant_id = ""P001"",
    session_id = ""S001"",
    recording_id = NULL,
    coordinate_space = ""display_pixels_top_left"",
    screen_width = NA_real_,
    screen_height = NA_real_,
    keep_raw = TRUE,
    quiet = FALSE)",9,False,False,tests/testthat/test-vendor-imports.R,vignettes/importing-and-harmonizing.Rmd,unclassified,False,,,yes,not_started,not_started,not_started,not_started,not_started,not_applicable,not_started,
read_eyelink_edf,read_eyelink_edf,R/006-import-other-vendors.R,man/eyeprocess-import-vendors.Rd,"(
    path,
    edf2asc = Sys.which(""edf2asc""),
    output = tempfile(fileext = "".asc""),
    keep_asc = FALSE,
    ...)",5,True,False,,,unclassified,False,,,yes,not_started,not_started,not_started,not_started,not_started,not_applicable,not_started,
read_eyelink_report,read_eyelink_report,R/006-import-other-vendors.R,man/eyeprocess-import-vendors.Rd,"(path, mapping = NULL, time_unit = ""milliseconds"", coordinate_space = ""display_pixels_top_left"", ...)",5,True,False,,,unclassified,False,,,yes,not_started,not_started,not_started,not_started,not_started,not_applicable,not_started,
read_gazepoint,read_gazepoint,R/005-import-gazepoint.R,man/eyeprocess-import-gazepoint.Rd,"(
    path,
    participant_id = NULL,
    recording_id = NULL,
    session_id = ""S001"",
    nominal_sampling_rate = 60,
    screen_width = NA_real_,
    screen_height = NA_real_,
    keep_raw = TRUE,
    quiet = FALSE,
    ...)",10,True,False,tests/testthat/test-format-validation.R|tests/testthat/test-gazepoint-v72-real-structure.R|tests/testthat/test-gazepoint.R|tests/testthat/test-trials-aoi-features.R,,unclassified,False,src/eyeprocesspy/gazepoint.py,tests/test_gazepoint_parity.py,yes,implemented,implemented,implemented_initial,tested_initial,source_ported,not_applicable,docstring_initial,
read_gazepoint_aoi_statistics,read_gazepoint_aoi_statistics,R/005-import-gazepoint.R,man/eyeprocess-import-gazepoint.Rd,"(path, participant_id = NULL, recording_id = NULL, session_id = ""S001"", keep_raw = TRUE, quiet = FALSE, ...)",7,True,False,tests/testthat/test-gazepoint-v72-real-structure.R,vignettes/gazepoint-workflows.Rmd,unclassified,False,eyeprocesspy.gazepoint_real_10,tests/test_gazepoint_real_10.py,yes,implemented,implemented,implemented_initial,tested_initial,source_ported,not_applicable,docstring_initial,
read_gazepoint_biometrics,read_gazepoint_biometrics,R/005-import-gazepoint.R,man/eyeprocess-import-gazepoint.Rd,"(
    path,
    participant_id = NULL,
    recording_id = NULL,
    session_id = ""S001"",
    keep_raw = TRUE,
    quiet = FALSE,
    ...)",7,True,False,,vignettes/gazepoint-workflows.Rmd,unclassified,False,src/eyeprocesspy/gazepoint.py,tests/test_gazepoint_parity.py,yes,implemented,implemented,implemented_initial,tested_initial,source_ported,not_applicable,docstring_initial,
read_gazepoint_combined,read_gazepoint_combined,R/005-import-gazepoint.R,man/eyeprocess-import-gazepoint.Rd,"(gaze, fixations = NULL, biometrics = NULL, ...)",4,True,False,,,unclassified,False,src/eyeprocesspy/gazepoint.py,tests/test_gazepoint_parity.py,yes,implemented,implemented,implemented_initial,tested_initial,source_ported,not_applicable,docstring_initial,
read_gazepoint_events,read_gazepoint_events,R/005-import-gazepoint.R,man/eyeprocess-import-gazepoint.Rd,"(path, ...)",2,True,False,,,unclassified,False,src/eyeprocesspy/gazepoint.py,tests/test_gazepoint_parity.py,yes,implemented,implemented,implemented_initial,tested_initial,source_ported,not_applicable,docstring_initial,
read_gazepoint_fixations,read_gazepoint_fixations,R/005-import-gazepoint.R,man/eyeprocess-import-gazepoint.Rd,"(
    path,
    participant_id = NULL,
    recording_id = NULL,
    session_id = ""S001"",
    keep_raw = TRUE,
    quiet = FALSE,
    ...)",7,True,False,tests/testthat/test-gazepoint-v72-real-structure.R|tests/testthat/test-gazepoint.R,,unclassified,False,src/eyeprocesspy/gazepoint.py,tests/test_gazepoint_parity.py,yes,implemented,implemented,implemented_initial,tested_initial,source_ported,not_applicable,docstring_initial,
read_gazepoint_folder,read_gazepoint_folder,R/005-import-gazepoint.R,man/eyeprocess-import-gazepoint.Rd,"(
    path,
    include = c(""gaze"", ""fixations"", ""events"", ""biometrics"", ""aoi""),
    participant_id = NULL,
    recording_id = NULL,
    session_id = ""S001"",
    keep_raw = TRUE,
    recursive = FALSE,
    quiet = FALSE,
    ...)",9,True,False,tests/testthat/test-gazepoint-v72-real-structure.R|tests/testthat/test-gazepoint.R,vignettes/gazepoint-workflows.Rmd,unclassified,False,src/eyeprocesspy/gazepoint.py,tests/test_gazepoint_parity.py,yes,implemented,implemented,implemented_initial,tested_initial,source_ported,not_applicable,docstring_initial,
read_gazepoint_gaze,read_gazepoint_gaze,R/005-import-gazepoint.R,man/eyeprocess-import-gazepoint.Rd,(...),1,True,False,,vignettes/gazepoint-workflows.Rmd,unclassified,False,src/eyeprocesspy/gazepoint.py,tests/test_gazepoint_parity.py,yes,implemented,implemented,implemented_initial,tested_initial,source_ported,not_applicable,docstring_initial,
read_gazepoint_summary,read_gazepoint_summary,R/018-gazepoint-real-exports.R,man/eyeprocess-import-gazepoint.Rd,(path),1,False,False,tests/testthat/test-gazepoint-v72-real-structure.R,vignettes/gazepoint-workflows.Rmd,unclassified,False,eyeprocesspy.gazepoint_real_10,tests/test_gazepoint_real_10.py,yes,implemented,implemented,implemented_initial,tested_initial,source_ported,not_applicable,docstring_initial,
read_pupil_core,read_pupil_core,R/006-import-other-vendors.R,man/eyeprocess-import-vendors.Rd,"(
    path,
    participant_id = ""P001"",
    session_id = ""S001"",
    recording_id = NULL,
    keep_raw = TRUE,
    quiet = FALSE,
    ...)",7,True,False,tests/testthat/test-vendor-imports.R,vignettes/importing-and-harmonizing.Rmd,unclassified,False,,,yes,not_started,not_started,not_started,not_started,not_started,not_applicable,not_started,
read_pupil_neon,read_pupil_neon,R/006-import-other-vendors.R,man/eyeprocess-import-vendors.Rd,"(
    path,
    participant_id = ""P001"",
    session_id = ""S001"",
    recording_id = NULL,
    keep_raw = TRUE,
    quiet = FALSE,
    ...)",7,True,False,tests/testthat/test-vendor-imports.R,vignettes/importing-and-harmonizing.Rmd,unclassified,False,,,yes,not_started,not_started,not_started,not_started,not_started,not_applicable,not_started,
read_pupillabs,read_pupillabs,R/006-import-other-vendors.R,man/eyeprocess-import-vendors.Rd,"(path, format = c(""auto"", ""neon"", ""core""), ...)",3,True,False,,,unclassified,False,,,yes,not_started,not_started,not_started,not_started,not_started,not_applicable,not_started,
read_smi,read_smi,R/006-import-other-vendors.R,man/eyeprocess-import-vendors.Rd,"(
    path,
    participant_id = NULL,
    recording_id = NULL,
    session_id = ""S001"",
    time_unit = ""microseconds"",
    coordinate_space = ""display_pixels_top_left"",
    keep_raw = TRUE,
    quiet = FALSE,
    ...)",9,True,False,tests/testthat/test-vendor-imports.R,vignettes/importing-and-harmonizing.Rmd,unclassified,False,,,yes,not_started,not_started,not_started,not_started,not_started,not_applicable,not_started,
read_smi_aoi_export,read_smi_aoi_export,R/006-import-other-vendors.R,man/eyeprocess-import-vendors.Rd,(...),1,True,False,,,unclassified,False,,,yes,not_started,not_started,not_started,not_started,not_started,not_applicable,not_started,
read_smi_event_export,read_smi_event_export,R/006-import-other-vendors.R,man/eyeprocess-import-vendors.Rd,(...),1,True,False,,,unclassified,False,,,yes,not_started,not_started,not_started,not_started,not_started,not_applicable,not_started,
read_smi_raw_export,read_smi_raw_export,R/006-import-other-vendors.R,man/eyeprocess-import-vendors.Rd,(...),1,True,False,,,unclassified,False,,,yes,not_started,not_started,not_started,not_started,not_started,not_applicable,not_started,
read_tobii,read_tobii,R/006-import-other-vendors.R,man/eyeprocess-import-vendors.Rd,"(
    path,
    participant_id = NULL,
    recording_id = NULL,
    session_id = ""S001"",
    time_unit = ""microseconds"",
    coordinate_space = ""display_pixels_top_left"",
    screen_width = NA_real_,
    screen_height = NA_real_,
    keep_raw = TRUE,
    quiet = FALSE,
    ...)",11,True,False,tests/testthat/test-vendor-imports.R,vignettes/importing-and-harmonizing.Rmd,unclassified,False,,,yes,not_started,not_started,not_started,not_started,not_started,not_applicable,not_started,
read_validation_manifest,read_validation_manifest,R/017-format-validation.R,man/eyeprocess-format-validation.Rd,(path),1,False,False,tests/testthat/test-format-validation.R,,unclassified,False,eyeprocesspy.io_validation_10,tests/test_io_format_validation_10.py,yes,implemented,implemented,implemented_initial,tested_initial,source_ported,not_applicable,docstring_initial,
register_aois,register_aois,R/008-trials-aoi.R,man/eyeprocess-trials-aoi.Rd,"(x, ..., overwrite = FALSE)",3,True,False,tests/testthat/test-trials-aoi-features.R,vignettes/preprocessing-features.Rmd,unclassified,False,eyeprocesspy.foundation_09,tests/test_core_foundation_09.py,yes,implemented,implemented,implemented_initial,tested_initial,source_ported,not_applicable,docstring_initial,
register_coordinate_space,register_coordinate_space,R/007-coordinates-time.R,man/eyeprocess-coordinates-time.Rd,"(x, space, overwrite = FALSE)",3,False,False,,,unclassified,False,src/eyeprocesspy/coordinates.py,tests/test_core_parity.py,yes,implemented,implemented,implemented_initial,tested_initial,source_ported,not_applicable,docstring_initial,
register_eye_adapter,register_eye_adapter,R/003-mapping-adapters.R,man/eyeprocess-adapters.Rd,"(name, detect, read, validate = NULL, priority = 0, overwrite = FALSE)",6,False,False,,,unclassified,False,src/eyeprocesspy/adapters.py,tests/test_import_adapter_parity.py,yes,implemented,implemented,implemented_initial,tested_initial,source_ported,not_applicable,docstring_initial,
remap_recording_ids,remap_recording_ids,R/003-mapping-adapters.R,man/eyeprocess-adapters.Rd,"(x, mapping)",2,False,False,,,unclassified,False,src/eyeprocesspy/adapters.py,tests/test_import_adapter_parity.py,yes,implemented,implemented,implemented_initial,tested_initial,source_ported,not_applicable,docstring_initial,
report_eye_dataset,report_eye_dataset,R/015-export-report-bridges.R,man/eyeprocess-export-report.Rd,"(
    x,
    path = ""eyeprocess-report.md"",
    title = ""eyeprocess data and analysis report"",
    include_plots = FALSE,
    plot_directory = NULL)",5,False,False,,vignettes/getting-started.Rmd|vignettes/responsible-use.Rmd,unclassified,False,eyeprocesspy.io_validation_10,tests/test_io_format_validation_10.py,yes,implemented,implemented,implemented_initial,tested_initial,source_ported,not_applicable,docstring_initial,
report_processirt,report_processirt,R/015-export-report-bridges.R,man/eyeprocess-export-report.Rd,(...),1,True,False,,,unclassified,False,eyeprocesspy.io_validation_10,tests/test_io_format_validation_10.py,yes,implemented,implemented,implemented_initial,tested_initial,source_ported,not_applicable,docstring_initial,
response_matrix,response_matrix,R/013-models.R,man/eyeprocess-models.Rd,"(x, value = c(""score"", ""response""), duplicate = c(""error"", ""last"", ""mean""))",3,False,False,tests/testthat/test-simulation-model-data.R,vignettes/psychometric-process-models.Rmd,experimental,False,eyeprocesspy.legacy_models,tests/test_legacy_models.py,yes,implemented,implemented,implemented_initial,not_started,source_ported,not_applicable,docstring_initial,
response_time_matrix,response_time_matrix,R/013-models.R,man/eyeprocess-models.Rd,"(x, log_transform = FALSE, duplicate = c(""error"", ""last"", ""mean""))",3,False,False,tests/testthat/test-simulation-model-data.R,vignettes/psychometric-process-models.Rmd,experimental,False,eyeprocesspy.legacy_models,tests/test_legacy_models.py,yes,implemented,implemented,implemented_initial,not_started,source_ported,not_applicable,docstring_initial,
rolling_apply,rolling_apply,R/009-preprocessing.R,man/eyeprocess-preprocessing.Rd,"(x, width = 5L, FUN = stats::median, na.rm = TRUE)",4,False,False,,,unclassified,False,eyeprocesspy.preprocess_features_09,tests/test_preprocess_features_09.py,yes,implemented,implemented,implemented_initial,tested_initial,source_ported,not_applicable,docstring_initial,
roundtrip_eye_dataset,roundtrip_eye_dataset,R/017-format-validation.R,man/eyeprocess-format-validation.Rd,"(
    x,
    path = tempfile(""eyeprocess-roundtrip-""),
    include_raw = FALSE,
    numeric_tolerance = 1e-8,
    cleanup = TRUE)",5,False,False,tests/testthat/test-format-validation.R,,unclassified,False,eyeprocesspy.io_validation_10,tests/test_io_format_validation_10.py,yes,implemented,implemented,implemented_initial,tested_initial,source_ported,not_applicable,docstring_initial,
run_gazepoint_workflow,run_gazepoint_workflow,R/019-gazepoint-downstream-workflow.R,man/run_gazepoint_workflow.Rd,"(
    path,
    output_dir = file.path(getwd(), ""eyeprocess-gazepoint-workflow""),
    responses = NULL,
    score_key = NULL,
    item_map = NULL,
    spec = gazepoint_workflow_spec(),
    overwrite = FALSE,
    quiet = FALSE)",8,False,False,tests/testthat/test-gazepoint-downstream-workflow.R,vignettes/gazepoint-downstream-workflow.Rmd,unclassified,False,,,yes,not_started,not_started,not_started,not_started,not_started,not_applicable,not_started,
scanpath_sequence,scanpath_sequence,R/010-features.R,man/eyeprocess-features.Rd,"(x, trial_id = NULL, recording_id = NULL, source = c(""visits"", ""fixations"", ""samples""), collapse_consecutive = TRUE)",5,False,False,,,unclassified,False,eyeprocesspy.preprocess_features_09,tests/test_preprocess_features_09.py,yes,implemented,implemented,implemented_initial,tested_initial,source_ported,not_applicable,docstring_initial,
schema_coverage,schema_coverage,R/017-format-validation.R,man/eyeprocess-format-validation.Rd,"(x, require_gaze = TRUE)",2,False,False,tests/testthat/test-format-validation.R,,unclassified,False,eyeprocesspy.io_validation_10,tests/test_io_format_validation_10.py,yes,implemented,implemented,implemented_initial,tested_initial,source_ported,not_applicable,docstring_initial,
schema_coverage_summary,schema_coverage_summary,R/017-format-validation.R,man/eyeprocess-format-validation.Rd,(x),1,False,False,tests/testthat/test-format-validation.R,,unclassified,False,eyeprocesspy.io_validation_10,tests/test_io_format_validation_10.py,yes,implemented,implemented,implemented_initial,tested_initial,source_ported,not_applicable,docstring_initial,
schema_table,schema_table,R/001-schema.R,man/eyeprocess-schema.Rd,"(name, schema = eye_schema())",2,False,False,tests/testthat/test-schema-class.R,,unclassified,False,src/eyeprocesspy/schema.py,tests/test_core_parity.py,yes,implemented,implemented,implemented_initial,tested_initial,source_ported,not_applicable,docstring_initial,
sensitivity_missing_process,sensitivity_missing_process,R/016-advanced-experimental.R,man/eyeprocess-experimental.Rd,"(x, feature_name, formula, methods = c(""complete_case"", ""median_indicator""))",4,False,False,,,experimental,False,eyeprocesspy.legacy_models,tests/test_legacy_models.py,yes,implemented,implemented,implemented_initial,not_started,python_reference_differs,not_applicable,docstring_initial,Cross-language numerical parity and exact R-engine identity remain pending; Python reference/backend differs or exact R backend is explicitly gated.
sensitivity_process,sensitivity_process,R/011-quality-governance.R,man/eyeprocess-quality.Rd,"(..., label = NULL)",2,True,False,,,unclassified,False,eyeprocesspy.foundation_09,tests/test_core_foundation_09.py,yes,implemented,implemented,implemented_initial,tested_initial,source_ported,not_applicable,docstring_initial,
set_eye_table,set_eye_table,R/002-class.R,man/eyeprocess-class.Rd,"(x, table, value, validate = TRUE)",4,False,False,,,unclassified,False,src/eyeprocesspy/dataset.py,tests/test_core_parity.py,yes,implemented,implemented,implemented_initial,tested_initial,source_ported,not_applicable,docstring_initial,
simulate_eye_dataset,simulate_eye_dataset,R/014-simulation.R,man/eyeprocess-simulation.Rd,"(
    n_person = 30,
    n_item = 10,
    sampling_rate = 60,
    trial_duration = 2,
    samples_per_trial = NULL,
    include_pupil = TRUE,
    include_biometrics = TRUE,
    missing_gaze = 0.05,
    missing_pupil = 0.08,
    seed = NULL)",10,False,False,tests/testthat/test-advanced-models-v2.R|tests/testthat/test-export-report.R|tests/testthat/test-format-validation.R|tests/testthat/test-interoperability-storage.R|tests/testthat/test-preprocessing.R|tests/testthat/test-quality-plots.R|tests/testthat/test-simulation-model-data.R|tests/testthat/test-validation-program.R,vignettes/getting-started.Rmd,unclassified,False,eyeprocesspy.legacy_models,tests/test_legacy_models.py,yes,implemented,implemented,implemented_initial,not_started,source_ported,not_applicable,docstring_initial,
simulate_process_irt,simulate_process_irt,R/014-simulation.R,man/eyeprocess-simulation.Rd,"(
    n_person = 200,
    n_item = 20,
    gaze_effect = 0.4,
    pupil_effect = 0.3,
    ability_speed_correlation = -0.3,
    missing_process = 0.1,
    seed = NULL)",7,False,False,tests/testthat/test-simulation-model-data.R,,unclassified,False,eyeprocesspy.legacy_models,tests/test_legacy_models.py,yes,implemented,implemented,implemented_initial,not_started,source_ported,not_applicable,docstring_initial,
source_preservation_audit,source_preservation_audit,R/017-format-validation.R,man/eyeprocess-format-validation.Rd,"(x, require_raw = FALSE)",2,False,False,tests/testthat/test-format-validation.R,,unclassified,False,eyeprocesspy.io_validation_10,tests/test_io_format_validation_10.py,yes,implemented,implemented,implemented_initial,tested_initial,source_ported,not_applicable,docstring_initial,
standardize_eye_table,standardize_eye_table,R/001-schema.R,man/eyeprocess-schema.Rd,"(data, name, keep_extra = TRUE, schema = eye_schema())",4,False,False,tests/testthat/test-schema-class.R,,unclassified,False,src/eyeprocesspy/schema.py,tests/test_core_parity.py,yes,implemented,implemented,implemented_initial,tested_initial,source_ported,not_applicable,docstring_initial,
store_quality,store_quality,R/011-quality-governance.R,man/eyeprocess-quality.Rd,"(x, report, replace_metric = FALSE)",3,False,False,,,unclassified,False,eyeprocesspy.foundation_09,tests/test_core_foundation_09.py,yes,implemented,implemented,implemented_initial,tested_initial,source_ported,not_applicable,docstring_initial,
summarize_fixations,summarize_fixations,R/010-features.R,man/eyeprocess-features.Rd,"(x, by = c(""recording_id"", ""trial_id"", ""aoi_id""), source = c(""all"", ""vendor"", ""eyeprocess""))",3,False,False,,,unclassified,False,eyeprocesspy.preprocess_features_09,tests/test_preprocess_features_09.py,yes,implemented,implemented,implemented_initial,tested_initial,source_ported,not_applicable,docstring_initial,
supported_eye_formats,supported_eye_formats,R/003-mapping-adapters.R,man/eyeprocess-adapters.Rd,(),0,False,False,,,unclassified,False,src/eyeprocesspy/adapters.py,tests/test_import_adapter_parity.py,yes,implemented,implemented,implemented_initial,tested_initial,source_ported,not_applicable,docstring_initial,
synchronize_eye_biometrics,synchronize_eye_biometrics,R/007-coordinates-time.R,man/eyeprocess-coordinates-time.Rd,"(
    gaze,
    biometrics,
    source_markers = NULL,
    target_markers = NULL,
    method = c(""linear"", ""offset"", ""none""),
    resolve_ids = FALSE)",6,False,False,,vignettes/gazepoint-workflows.Rmd,unclassified,False,eyeprocesspy.foundation_09,tests/test_core_foundation_09.py,yes,implemented,implemented,implemented_initial,tested_initial,source_ported,not_applicable,docstring_initial,
transition_entropy,transition_entropy,R/010-features.R,man/eyeprocess-features.Rd,"(x, source = c(""visits"", ""fixations"", ""samples""), base = 2)",3,False,False,,,unclassified,False,eyeprocesspy.preprocess_features_09,tests/test_preprocess_features_09.py,yes,implemented,implemented,implemented_initial,tested_initial,source_ported,not_applicable,docstring_initial,
transition_matrix,transition_matrix,R/010-features.R,man/eyeprocess-features.Rd,"(x, normalize = c(""none"", ""row"", ""all""), source = c(""visits"", ""fixations"", ""samples""), include_self = FALSE)",4,False,False,,,unclassified,False,eyeprocesspy.preprocess_features_09,tests/test_preprocess_features_09.py,yes,implemented,implemented,implemented_initial,tested_initial,source_ported,not_applicable,docstring_initial,
trial_table,trial_table,R/010-features.R,man/eyeprocess-features.Rd,(x),1,False,False,,,unclassified,False,eyeprocesspy.preprocess_features_09,tests/test_preprocess_features_09.py,yes,implemented,implemented,implemented_initial,tested_initial,source_ported,not_applicable,docstring_initial,
unregister_eye_adapter,unregister_eye_adapter,R/003-mapping-adapters.R,man/eyeprocess-adapters.Rd,(name),1,False,False,,,unclassified,False,src/eyeprocesspy/adapters.py,tests/test_import_adapter_parity.py,yes,implemented,implemented,implemented_initial,tested_initial,source_ported,not_applicable,docstring_initial,
validate_eye_corpus,validate_eye_corpus,R/017-format-validation.R,man/eyeprocess-format-validation.Rd,"(
    manifest,
    spec = format_validation_spec(),
    import_args = list(),
    retain_datasets = FALSE,
    stop_on_failure = FALSE)",5,False,False,tests/testthat/test-format-validation.R,vignettes/multi-vendor-validation.Rmd|vignettes/validating-real-exports.Rmd,unclassified,False,eyeprocesspy.io_validation_10,tests/test_io_format_validation_10.py,yes,implemented,implemented,implemented_initial,tested_initial,source_ported,not_applicable,docstring_initial,
validate_eye_dataset,validate_eye_dataset,R/002-class.R,man/eyeprocess-class.Rd,"(x, strict = FALSE, stop_on_error = FALSE)",3,False,False,tests/testthat/test-format-validation.R|tests/testthat/test-schema-class.R,vignettes/getting-started.Rmd|vignettes/interoperability-storage.Rmd|vignettes/responsible-use.Rmd,unclassified,False,src/eyeprocesspy/dataset.py,tests/test_core_parity.py,yes,implemented,implemented,implemented_initial,tested_initial,source_ported,not_applicable,docstring_initial,
validate_eye_mapping,validate_eye_mapping,R/003-mapping-adapters.R,man/eyeprocess-adapters.Rd,"(mapping, data = NULL, required = c(""timestamp"", ""x"", ""y""))",3,False,False,,,unclassified,False,src/eyeprocesspy/importers.py,tests/test_import_adapter_parity.py,yes,implemented,implemented,implemented_initial,tested_initial,source_ported,not_applicable,docstring_initial,
validate_eye_source,validate_eye_source,R/017-format-validation.R,man/eyeprocess-format-validation.Rd,"(
    path,
    vendor = ""auto"",
    spec = format_validation_spec(),
    import_args = list(),
    retain_dataset = FALSE,
    case_id = NULL)",6,False,False,tests/testthat/test-format-validation.R|tests/testthat/test-gazepoint-v72-real-structure.R,vignettes/validating-real-exports.Rmd,unclassified,False,eyeprocesspy.io_validation_10,tests/test_io_format_validation_10.py,yes,implemented,implemented,implemented_initial,tested_initial,source_ported,not_applicable,docstring_initial,
validate_eye_table,validate_eye_table,R/001-schema.R,man/eyeprocess-schema.Rd,"(data, name, strict = FALSE, schema = eye_schema())",4,False,False,,,unclassified,False,src/eyeprocesspy/schema.py,tests/test_core_parity.py,yes,implemented,implemented,implemented_initial,tested_initial,source_ported,not_applicable,docstring_initial,
validate_eyelink_export,validate_eyelink_export,R/017-format-validation.R,man/eyeprocess-format-validation.Rd,(path),1,False,False,,,unclassified,False,eyeprocesspy.io_validation_10,tests/test_io_format_validation_10.py,yes,implemented,implemented,implemented_initial,tested_initial,source_ported,not_applicable,docstring_initial,
validate_gazepoint_workflow,validate_gazepoint_workflow,R/019-gazepoint-downstream-workflow.R,man/validate_gazepoint_workflow.Rd,(x),1,False,False,tests/testthat/test-gazepoint-downstream-workflow.R,vignettes/gazepoint-downstream-workflow.Rmd,unclassified,False,,,yes,not_started,not_started,not_started,not_started,not_started,not_applicable,not_started,
validate_generic_export,validate_generic_export,R/017-format-validation.R,man/eyeprocess-format-validation.Rd,(path),1,False,False,,,unclassified,False,eyeprocesspy.io_validation_10,tests/test_io_format_validation_10.py,yes,implemented,implemented,implemented_initial,tested_initial,source_ported,not_applicable,docstring_initial,
validate_pupillabs_export,validate_pupillabs_export,R/017-format-validation.R,man/eyeprocess-format-validation.Rd,(path),1,False,False,,,unclassified,False,eyeprocesspy.io_validation_10,tests/test_io_format_validation_10.py,yes,implemented,implemented,implemented_initial,tested_initial,source_ported,not_applicable,docstring_initial,
validate_smi_export,validate_smi_export,R/017-format-validation.R,man/eyeprocess-format-validation.Rd,(path),1,False,False,,,unclassified,False,eyeprocesspy.io_validation_10,tests/test_io_format_validation_10.py,yes,implemented,implemented,implemented_initial,tested_initial,source_ported,not_applicable,docstring_initial,
validate_tobii_export,validate_tobii_export,R/017-format-validation.R,man/eyeprocess-format-validation.Rd,(path),1,False,False,,,unclassified,False,eyeprocesspy.io_validation_10,tests/test_io_format_validation_10.py,yes,implemented,implemented,implemented_initial,tested_initial,source_ported,not_applicable,docstring_initial,
validation_manifest,validation_manifest,R/017-format-validation.R,man/eyeprocess-format-validation.Rd,"(
    paths,
    vendor = ""auto"",
    format_family = NA_character_,
    software_version = NA_character_,
    device_model = NA_character_,
    expected_import = TRUE,
    require_gaze = TRUE,
    require_native_time = TRUE,
    require_coordinate_space = TRUE,
    require_provenance = TRUE,
    require_raw_retention = FALSE,
    run_roundtrip = TRUE,
    case_id = NULL,
    notes = NA_character_)",14,False,False,tests/testthat/test-format-validation.R,vignettes/validating-real-exports.Rmd,unclassified,False,eyeprocesspy.io_validation_10,tests/test_io_format_validation_10.py,yes,implemented,implemented,implemented_initial,tested_initial,source_ported,not_applicable,docstring_initial,
write_eye_dataset,write_eye_dataset,R/015-export-report-bridges.R,man/eyeprocess-export-report.Rd,"(
    x,
    path,
    format = NULL,
    include_raw = FALSE,
    overwrite = FALSE,
    manifest = TRUE)",6,False,False,tests/testthat/test-export-report.R|tests/testthat/test-format-validation.R,vignettes/getting-started.Rmd,unclassified,False,eyeprocesspy.io_validation_10,tests/test_io_format_validation_10.py,yes,implemented,implemented,implemented_initial,tested_initial,python_reference_differs,not_applicable,docstring_initial,Canonical folder semantics are implemented and tested. Native R RDS serialization and R byte-identical table-MD5 fingerprints remain explicit R-specific backend boundaries; eyeprocesspy does not disguise another serialization format as RDS.
write_format_validation_report,write_format_validation_report,R/017-format-validation.R,man/eyeprocess-format-validation.Rd,"(x, path = ""eyeprocess-format-validation.md"")",2,False,False,,,unclassified,False,eyeprocesspy.io_validation_10,tests/test_io_format_validation_10.py,yes,implemented,implemented,implemented_initial,tested_initial,source_ported,not_applicable,docstring_initial,
write_gazepoint_workflow_report,write_gazepoint_workflow_report,R/019-gazepoint-downstream-workflow.R,man/write_gazepoint_workflow_report.Rd,"(
    workflow,
    path = file.path(workflow$output_dir, ""gazepoint-workflow-report.md""),
    render_html = workflow$spec$create_html_report)",3,False,False,,,unclassified,False,,,yes,not_started,not_started,not_started,not_started,not_started,not_applicable,not_started,
write_provenance,write_provenance,R/015-export-report-bridges.R,man/eyeprocess-export-report.Rd,"(x, path, format = c(""csv"", ""json"", ""rds""))",3,False,False,,vignettes/responsible-use.Rmd,unclassified,False,eyeprocesspy.io_validation_10,tests/test_io_format_validation_10.py,yes,implemented,implemented,implemented_initial,tested_initial,python_reference_differs,not_applicable,docstring_initial,Canonical folder semantics are implemented and tested. Native R RDS serialization and R byte-identical table-MD5 fingerprints remain explicit R-specific backend boundaries; eyeprocesspy does not disguise another serialization format as RDS.
write_validation_manifest,write_validation_manifest,R/017-format-validation.R,man/eyeprocess-format-validation.Rd,"(x, path)",2,False,False,tests/testthat/test-format-validation.R,,unclassified,False,eyeprocesspy.io_validation_10,tests/test_io_format_validation_10.py,yes,implemented,implemented,implemented_initial,tested_initial,source_ported,not_applicable,docstring_initial,
eye_storage_spec,eye_storage_spec,R/020-interoperability-storage.R,man/eye_storage_spec.Rd,"(
    path,
    format = c(""rds"", ""parquet"", ""arrow_dataset""),
    tables = canonical_table_names(),
    partitioning = NULL,
    compression = ""zstd"")",5,False,False,,,unclassified,False,,,yes,not_started,not_started,not_started,not_started,not_started,not_applicable,not_started,
write_eye_storage,write_eye_storage,R/020-interoperability-storage.R,man/write_eye_storage.Rd,"(
    x,
    path,
    format = c(""rds"", ""parquet"", ""arrow_dataset""),
    tables = canonical_table_names(),
    partitioning = NULL,
    compression = ""zstd"",
    overwrite = FALSE,
    retain_metadata = TRUE)",8,False,False,tests/testthat/test-interoperability-storage.R,vignettes/interoperability-storage.Rmd,unclassified,False,,,yes,not_started,not_started,not_started,not_started,not_started,not_applicable,not_started,
open_eye_storage,open_eye_storage,R/020-interoperability-storage.R,man/open_eye_storage.Rd,"(path, format = NULL)",2,False,False,,,unclassified,False,,,yes,not_started,not_started,not_started,not_started,not_started,not_applicable,not_started,
collect_eye_storage,collect_eye_storage,R/020-interoperability-storage.R,man/collect_eye_storage.Rd,"(x, tables = NULL)",2,False,False,tests/testthat/test-interoperability-storage.R,vignettes/interoperability-storage.Rmd,unclassified,False,,,yes,not_started,not_started,not_started,not_started,not_started,not_applicable,not_started,
export_eye_bids,export_eye_bids,R/020-interoperability-storage.R,man/export_eye_bids.Rd,"(
    x,
    path,
    task = ""task"",
    dataset_name = ""eyeprocess eye-tracking dataset"",
    overwrite = FALSE,
    screen_distance_m = NULL,
    screen_size_m = NULL)",7,False,False,tests/testthat/test-interoperability-storage.R,vignettes/interoperability-storage.Rmd,unclassified,False,,,yes,not_started,not_started,not_started,not_started,not_started,not_applicable,not_started,
import_eye_bids,import_eye_bids,R/020-interoperability-storage.R,man/import_eye_bids.Rd,"(path, validate = TRUE)",2,False,False,tests/testthat/test-interoperability-storage.R,vignettes/interoperability-storage.Rmd,unclassified,False,,,yes,not_started,not_started,not_started,not_started,not_started,not_applicable,not_started,
as_eyeprocess_eyetools,as_eyeprocess_eyetools,R/020-interoperability-storage.R,man/external_eye_adapters.Rd,"(x, mapping = NULL, ...)",3,True,False,,vignettes/interoperability-storage.Rmd,unclassified,False,,,yes,not_started,not_started,not_started,not_started,not_started,not_applicable,not_started,
as_eyeprocess_eyetrackingr,as_eyeprocess_eyetrackingr,R/020-interoperability-storage.R,man/external_eye_adapters.Rd,"(x, mapping = NULL, ...)",3,True,False,,,unclassified,False,,,yes,not_started,not_started,not_started,not_started,not_started,not_applicable,not_started,
as_eyeprocess_gazer,as_eyeprocess_gazer,R/020-interoperability-storage.R,man/external_eye_adapters.Rd,"(x, mapping = NULL, ...)",3,True,False,,,unclassified,False,,,yes,not_started,not_started,not_started,not_started,not_started,not_applicable,not_started,
as_eyeprocess_eyeris,as_eyeprocess_eyeris,R/020-interoperability-storage.R,man/external_eye_adapters.Rd,"(x, mapping = NULL, ...)",3,True,False,,,unclassified,False,,,yes,not_started,not_started,not_started,not_started,not_started,not_applicable,not_started,
as_eyeprocess_pupillometryr,as_eyeprocess_pupillometryr,R/020-interoperability-storage.R,man/external_eye_adapters.Rd,"(x, mapping = NULL, ...)",3,True,False,,,unclassified,False,,,yes,not_started,not_started,not_started,not_started,not_started,not_applicable,not_started,
as_procdata_sequence,as_procdata_sequence,R/020-interoperability-storage.R,man/sequence_interoperability.Rd,"(x, source = c(""visits"", ""fixations"", ""samples""), collapse_consecutive = TRUE)",3,False,False,tests/testthat/test-interoperability-storage.R,vignettes/interoperability-storage.Rmd,unclassified,False,src/eyeprocesspy/engine_adapters.py,tests/test_engine_adapters.py,yes,implemented,implemented,implemented_initial,not_started,source_ported,not_applicable,docstring_initial,
as_traminer_sequence,as_traminer_sequence,R/020-interoperability-storage.R,man/sequence_interoperability.Rd,"(x, source = c(""visits"", ""fixations"", ""samples""), collapse_consecutive = TRUE, create_object = FALSE)",4,False,False,tests/testthat/test-interoperability-storage.R,vignettes/interoperability-storage.Rmd,unclassified,False,src/eyeprocesspy/engine_adapters.py,tests/test_engine_adapters.py,yes,implemented,implemented,implemented_initial,not_started,source_ported,not_applicable,docstring_initial,
as_seqhmm_data,as_seqhmm_data,R/020-interoperability-storage.R,man/sequence_interoperability.Rd,"(x, source = c(""visits"", ""fixations"", ""samples""), collapse_consecutive = TRUE)",3,False,False,tests/testthat/test-interoperability-storage.R,vignettes/interoperability-storage.Rmd,unclassified,False,src/eyeprocesspy/engine_adapters.py,tests/test_engine_adapters.py,yes,implemented,implemented,implemented_initial,not_started,source_ported,not_applicable,docstring_initial,
fit_gdina_adapter,fit_gdina_adapter,R/028-api-storage-adapters.R,man/fit_gdina_adapter.Rd,"(data, Q, model = ""GDINA"", purpose = ""cognitive diagnosis"", ...)",5,True,False,tests/testthat/test-api-storage-adapters-v2.R; tests/testthat/test-interoperability-storage.R,,experimental,False,src/eyeprocesspy/engine_adapters.py,tests/test_engine_adapters.py,yes,implemented,implemented,implemented_initial,not_started,python_reference_differs,not_applicable,docstring_initial,
fit_diffirt_adapter,fit_diffirt_adapter,R/020-interoperability-storage.R,man/fit_diffirt_adapter.Rd,"(x, model = c(""D"", ""Q""), ...)",3,True,False,tests/testthat/test-interoperability-storage.R,,unclassified,False,src/eyeprocesspy/engine_adapters.py,tests/test_engine_adapters.py,yes,implemented,implemented,implemented_initial,not_started,python_reference_differs,not_applicable,docstring_initial,
fit_openmx_process_model,fit_openmx_process_model,R/020-interoperability-storage.R,man/fit_openmx_process_model.Rd,"(x, model_builder, include_features = TRUE, ...)",4,True,False,tests/testthat/test-interoperability-storage.R,,unclassified,False,src/eyeprocesspy/engine_adapters.py,tests/test_engine_adapters.py,yes,implemented,implemented,implemented_initial,not_started,python_reference_differs,not_applicable,docstring_initial,
vendor_validation_spec,vendor_validation_spec,R/021-validation-program.R,man/vendor_validation_spec.Rd,"(
    required_vendors = c(""gazepoint"", ""tobii"", ""pupillabs"", ""eyelink"", ""smi""),
    min_cases_per_vendor = 2L,
    min_pass_rate = 0.95,
    require_versions = TRUE,
    require_devices = TRUE,
    require_independent_sources = TRUE,
    require_licence_reviewed = TRUE)",7,False,False,tests/testthat/test-validation-program.R,vignettes/multi-vendor-validation.Rmd,review-gated,False,,,yes,not_started,not_started,not_started,not_started,not_started,not_applicable,not_started,
audit_vendor_validation,audit_vendor_validation,R/021-validation-program.R,man/audit_vendor_validation.Rd,"(x, spec = vendor_validation_spec())",2,False,False,tests/testthat/test-validation-program.R,vignettes/multi-vendor-validation.Rmd,review-gated,False,,,yes,not_started,not_started,not_started,not_started,not_started,not_applicable,not_started,
write_vendor_validation_report,write_vendor_validation_report,R/021-validation-program.R,man/write_vendor_validation_report.Rd,"(x, path)",2,False,False,,vignettes/multi-vendor-validation.Rmd,review-gated,False,,,yes,not_started,not_started,not_started,not_started,not_started,not_applicable,not_started,
model_validation_spec,model_validation_spec,R/021-validation-program.R,man/model_validation_spec.Rd,"(
    replications = 100L,
    confidence = 0.95,
    max_abs_bias = 0.10,
    min_coverage = 0.90,
    max_failure_rate = 0.05)",5,False,False,tests/testthat/test-validation-program.R,vignettes/research-validation-program.Rmd,review-gated,False,,,yes,not_started,not_started,not_started,not_started,not_started,not_applicable,not_started,
run_model_validation,run_model_validation,R/021-validation-program.R,man/run_model_validation.Rd,"(
    simulator,
    fitter,
    extractor,
    truth_extractor,
    grid = NULL,
    spec = model_validation_spec(),
    seed = 1L,
    continue_on_error = TRUE)",8,False,False,tests/testthat/test-validation-program.R,vignettes/research-validation-program.Rmd,review-gated,False,,,yes,not_started,not_started,not_started,not_started,not_started,not_applicable,not_started,
model_validation_summary,model_validation_summary,R/021-validation-program.R,man/model_validation_summary.Rd,(x),1,False,False,tests/testthat/test-validation-program.R,vignettes/research-validation-program.Rmd,review-gated,False,,,yes,not_started,not_started,not_started,not_started,not_started,not_applicable,not_started,
advanced_model_evidence_spec,advanced_model_evidence_spec,R/021-validation-program.R,man/advanced_model_evidence_spec.Rd,"(
    models = c(
      ""fit_joint_process_model"", ""fit_shared_process_factor"", ""fit_strategy_mixture"",
      ""fit_process_irt"", ""fit_pupil_informed_irt"", ""fit_multimodal_irt"",
      ""fit_dynamic_aoi_model"", ""fit_gaze_weighted_choice"",
      ""fit_dynamic_irtree"", ""fit_joint_functional_pupil_irt"",
      ""fit_theory_strategy_irt"", ""fit_gaze_diffusion_irt""
    ),
    require_recovery = TRUE,
    require_calibration = TRUE,
    require_misspecification = TRUE,
    require_grouped_validation = TRUE,
    require_engine_equivalence = TRUE,
    require_empirical_reproduction = TRUE,
    require_sensitivity = TRUE)",8,False,False,tests/testthat/test-validation-program.R,vignettes/advanced-model-validation.Rmd,review-gated,False,,,yes,not_started,not_started,not_started,not_started,not_started,not_applicable,not_started,
audit_advanced_model_evidence,audit_advanced_model_evidence,R/021-validation-program.R,man/audit_advanced_model_evidence.Rd,"(
    evidence,
    spec = advanced_model_evidence_spec())",2,False,False,tests/testthat/test-validation-program.R,vignettes/advanced-model-validation.Rmd,review-gated,False,,,yes,not_started,not_started,not_started,not_started,not_started,not_applicable,not_started,
write_advanced_model_evidence_report,write_advanced_model_evidence_report,R/021-validation-program.R,man/write_advanced_model_evidence_report.Rd,"(x, path)",2,False,False,,vignettes/advanced-model-validation.Rmd,review-gated,False,,,yes,not_started,not_started,not_started,not_started,not_started,not_applicable,not_started,
simulation_based_calibration,simulation_based_calibration,R/021-validation-program.R,man/simulation_based_calibration.Rd,"(
    simulator, fitter, posterior_draws, truth_extractor,
    replications = 100L, seed = 1L, ...)",7,True,False,tests/testthat/test-validation-program.R,vignettes/research-validation-program.Rmd,review-gated,False,,,yes,not_started,not_started,not_started,not_started,not_started,not_applicable,not_started,
sbc_summary,sbc_summary,R/021-validation-program.R,man/sbc_summary.Rd,(x),1,False,False,tests/testthat/test-validation-program.R,,review-gated,False,,,yes,not_started,not_started,not_started,not_started,not_started,not_applicable,not_started,
compare_model_engines,compare_model_engines,R/021-validation-program.R,man/compare_model_engines.Rd,"(data, engines, extractors, reference = names(engines)[1L], tolerance = 0.05)",5,False,False,tests/testthat/test-validation-program.R,vignettes/research-validation-program.Rmd,review-gated,False,src/eyeprocesspy/engine_adapters.py,tests/test_engine_adapters.py,yes,implemented,implemented,implemented_initial,not_started,source_ported,not_applicable,docstring_initial,
raven_reproduction_spec,raven_reproduction_spec,R/021-validation-program.R,man/raven_reproduction_spec.Rd,"(
    data_path, response, strategy_features, published_targets = NULL,
    licence_reviewed = FALSE, citation = ""10.1016/j.intell.2023.101782"")",6,False,False,tests/testthat/test-validation-program.R,,review-gated,False,,,yes,not_started,not_started,not_started,not_started,not_started,not_applicable,not_started,
run_raven_reproduction,run_raven_reproduction,R/021-validation-program.R,man/run_raven_reproduction.Rd,"(spec, importer, fitter, extractor, tolerance = 0.05)",5,False,False,tests/testthat/test-validation-program.R,vignettes/research-validation-program.Rmd,review-gated,False,,,yes,not_started,not_started,not_started,not_started,not_started,not_applicable,not_started,
grouped_folds,grouped_folds,R/021-validation-program.R,man/grouped_folds.Rd,"(data, group = c(""participant_id""), v = 5L, seed = 1L)",4,False,False,tests/testthat/test-validation-program.R,,review-gated,False,,,yes,not_started,not_started,not_started,not_started,not_started,not_applicable,not_started,
grouped_cv,grouped_cv,R/021-validation-program.R,man/grouped_cv.Rd,"(
    data, formula, family = stats::binomial(), group = ""participant_id"",
    v = 5L, metric = c(""log_loss"", ""brier"", ""accuracy""), seed = 1L)",7,False,False,tests/testthat/test-validation-program.R,vignettes/research-validation-program.Rmd,review-gated,False,,,yes,not_started,not_started,not_started,not_started,not_started,not_applicable,not_started,
crossed_grouped_folds,crossed_grouped_folds,R/021-validation-program.R,man/crossed_grouped_folds.Rd,"(
    data,
    groups = c(""participant_id"", ""item_id""),
    v = 5L,
    seed = 1L)",4,False,False,tests/testthat/test-validation-program.R,,review-gated,False,,,yes,not_started,not_started,not_started,not_started,not_started,not_applicable,not_started,
crossed_grouped_cv,crossed_grouped_cv,R/021-validation-program.R,man/crossed_grouped_cv.Rd,"(
    data,
    formula,
    family = stats::binomial(),
    groups = c(""participant_id"", ""item_id""),
    v = 5L,
    metric = c(""log_loss"", ""brier"", ""accuracy""),
    seed = 1L)",7,False,False,tests/testthat/test-validation-program.R,vignettes/research-validation-program.Rmd,review-gated,False,,,yes,not_started,not_started,not_started,not_started,not_started,not_applicable,not_started,
quantify_process_leakage,quantify_process_leakage,R/021-validation-program.R,man/quantify_process_leakage.Rd,"(data, formula, group = c(""participant_id"", ""item_id""), v = 5L, seed = 1L)",5,False,False,tests/testthat/test-validation-program.R,vignettes/research-validation-program.Rmd,review-gated,False,,,yes,not_started,not_started,not_started,not_started,not_started,not_applicable,not_started,
preprocessing_multiverse,preprocessing_multiverse,R/021-validation-program.R,man/preprocessing_multiverse.Rd,"(x, specifications, transform, analyse, extract = function(z) as.data.frame(z))",5,False,False,tests/testthat/test-validation-program.R,vignettes/research-validation-program.Rmd,review-gated,False,,,yes,not_started,not_started,not_started,not_started,not_started,not_applicable,not_started,
benchmark_eyeprocess,benchmark_eyeprocess,R/021-validation-program.R,man/benchmark_eyeprocess.Rd,"(expr, iterations = 5L, label = ""operation"")",3,False,False,tests/testthat/test-validation-program.R,,review-gated,False,,,yes,not_started,not_started,not_started,not_started,not_started,not_applicable,not_started,
reporting_guideline_audit,reporting_guideline_audit,R/021-validation-program.R,man/reporting_guideline_audit.Rd,"(x, model = NULL, sensitivity = NULL)",3,False,False,tests/testthat/test-validation-program.R,,review-gated,False,,,yes,not_started,not_started,not_started,not_started,not_started,not_applicable,not_started,
write_reporting_guideline_report,write_reporting_guideline_report,R/021-validation-program.R,man/write_reporting_guideline_report.Rd,"(x, path)",2,False,False,,,review-gated,False,,,yes,not_started,not_started,not_started,not_started,not_started,not_applicable,not_started,
create_public_benchmark,create_public_benchmark,R/021-validation-program.R,man/create_public_benchmark.Rd,"(x, path, max_participants = 50L, include_samples = FALSE, overwrite = FALSE)",5,False,False,tests/testthat/test-validation-program.R,vignettes/research-validation-program.Rmd,review-gated,False,,,yes,not_started,not_started,not_started,not_started,not_started,not_applicable,not_started,
write_software_paper_scaffold,write_software_paper_scaffold,R/021-validation-program.R,man/write_software_paper_scaffold.Rd,"(path, title = ""eyeprocess: Reproducible Psychometric Process Modelling in R"", author = ""Stefanos Balaskas"")",3,False,False,,vignettes/research-validation-program.Rmd,review-gated,False,,,yes,not_started,not_started,not_started,not_started,not_started,not_applicable,not_started,
run_eyeprocess_validation_program,run_eyeprocess_validation_program,R/021-validation-program.R,man/run_eyeprocess_validation_program.Rd,"(
    corpus,
    output_dir,
    model_jobs = list(),
    sbc_jobs = list(),
    engine_jobs = list(),
    reproduction_jobs = list(),
    grouped_jobs = list(),
    leakage_jobs = list(),
    multiverse_jobs = list(),
    benchmark_jobs = list(),
    reporting_dataset = NULL,
    public_benchmark_dataset = NULL,
    public_benchmark_include_samples = FALSE,
    advanced_evidence = list(),
    evidence_spec = advanced_model_evidence_spec(),
    overwrite = FALSE)",16,False,False,tests/testthat/test-validation-program.R,,review-gated,False,,,yes,not_started,not_started,not_started,not_started,not_started,not_applicable,not_started,
dynamic_irtree_spec,dynamic_irtree_spec,R/022-advanced-models-v2.R,man/dynamic_irtree_spec.Rd,"(
    source = c(""samples"", ""visits"", ""fixations""),
    collapse_consecutive = TRUE,
    include_response = TRUE,
    include_person = FALSE,
    include_item = TRUE)",5,False,False,tests/testthat/test-advanced-models-v2.R|tests/testthat/test-dynamic-irtree-engine-v2.R,vignettes/advanced-model-validation.Rmd|vignettes/dynamic-irtree-hardening.Rmd,experimental,False,src/eyeprocesspy/dynamic_irt.py,tests/test_dynamic_irt.py,yes,implemented,implemented,implemented_initial,not_started,source_ported,not_applicable,docstring_initial,R-oracle numerical validation pending
fit_dynamic_irtree,fit_dynamic_irtree,R/022-advanced-models-v2.R,man/fit_dynamic_irtree.Rd,"(x, spec = dynamic_irtree_spec(), min_transitions = 10L)",3,False,False,tests/testthat/test-advanced-models-v2.R|tests/testthat/test-dynamic-irtree-engine-v2.R,vignettes/advanced-model-validation.Rmd|vignettes/dynamic-irtree-hardening.Rmd,experimental,False,src/eyeprocesspy/dynamic_irt.py,tests/test_dynamic_irt.py,yes,implemented,implemented,implemented_initial,not_started,source_ported,not_applicable,docstring_initial,R-oracle numerical validation pending
functional_pupil_irt_spec,functional_pupil_irt_spec,R/026-functional-pupil-engine.R,man/functional_pupil_irt_spec.Rd,"(
    df = 6L,
    basis = c(""natural_spline"", ""bspline""),
    response = ""score"",
    engine = c(""two_stage_glm"", ""two_stage_lme4"", ""brms"", ""stan""),
    alignment = c(""trial"", ""event""),
    event_time_column = NULL,
    latency_ms = 200,
    baseline_window = c(-200, 0),
    baseline_method = c(""subtract"", ""percent"", ""zscore""),
    min_baseline_samples = 3L,
    drop_invalid_baseline = TRUE,
    time_window = NULL,
    pupil_column = NULL,
    time_column = NULL,
    participant_column = ""participant_id"",
    item_column = ""item_id"",
    trial_column = ""trial_id"",
    luminance_column = NULL,
    gaze_x_column = NULL,
    gaze_y_column = NULL,
    blink_column = NULL,
    interpolated_column = NULL,
    max_interpolated_fraction = 0.20,
    nuisance_by_participant = FALSE,
    include_response_time = TRUE,
    ar1 = TRUE,
    participant_effect = TRUE,
    item_effect = TRUE,
    chains = 4L,
    parallel_chains = chains,
    iter_warmup = 1000L,
    iter_sampling = 1000L,
    adapt_delta = 0.95,
    max_treedepth = 12L)",34,False,False,tests/testthat/test-advanced-models-v2.R|tests/testthat/test-functional-pupil-engine-v2.R,vignettes/advanced-model-validation.Rmd|vignettes/functional-pupil-irt-engine.Rmd,experimental,False,eyeprocesspy.functional_pupil,tests/test_functional_pupil.py,yes,implemented,implemented,implemented_initial,not_started,source_ported,not_applicable,docstring_initial,
fit_joint_functional_pupil_irt,fit_joint_functional_pupil_irt,R/026-functional-pupil-engine.R,man/fit_joint_functional_pupil_irt.Rd,"(x, spec = functional_pupil_irt_spec(), seed = 1L, ...)",4,True,False,tests/testthat/test-advanced-models-v2.R,vignettes/advanced-model-validation.Rmd|vignettes/functional-pupil-irt-engine.Rmd,experimental,False,eyeprocesspy.functional_pupil,tests/test_functional_pupil.py,yes,implemented,implemented,implemented_initial,not_started,python_reference_differs,not_applicable,docstring_initial,Cross-language numerical parity remains pending; Python basis/statistical backend differs from the frozen R implementation.
theory_strategy_spec,theory_strategy_spec,R/022-advanced-models-v2.R,man/theory_strategy_spec.Rd,"(prototypes, feature_sd = NULL, prior = NULL)",3,False,False,tests/testthat/test-advanced-models-v2.R|tests/testthat/test-strategy-diffusion-v2.R,vignettes/advanced-model-validation.Rmd|vignettes/theory-strategy-mixtures.Rmd,experimental,False,src/eyeprocesspy/dynamic_irt.py,tests/test_dynamic_irt.py,yes,implemented,implemented,implemented_initial,not_started,source_ported,not_applicable,docstring_initial,R-oracle numerical validation pending
fit_theory_strategy_irt,fit_theory_strategy_irt,R/022-advanced-models-v2.R,man/fit_theory_strategy_irt.Rd,"(x, spec, response = ""score"", participant = ""participant_id"", item = ""item_id"")",5,False,False,tests/testthat/test-advanced-models-v2.R|tests/testthat/test-strategy-diffusion-v2.R,vignettes/advanced-model-validation.Rmd|vignettes/theory-strategy-mixtures.Rmd,experimental,False,src/eyeprocesspy/dynamic_irt.py,tests/test_dynamic_irt.py,yes,implemented,implemented,implemented_initial,not_started,source_ported,not_applicable,docstring_initial,R-oracle numerical validation pending
gaze_diffusion_spec,gaze_diffusion_spec,R/022-advanced-models-v2.R,man/gaze_diffusion_spec.Rd,"(engine = c(""ez_regression"", ""diffIRT"", ""brms""), gaze_features = character(), response = ""score"", response_time = ""response_time"")",4,False,False,tests/testthat/test-advanced-models-v2.R|tests/testthat/test-strategy-diffusion-v2.R,vignettes/advanced-model-validation.Rmd|vignettes/gaze-diffusion-irt.Rmd,experimental,False,src/eyeprocesspy/dynamic_irt.py,tests/test_dynamic_irt.py,yes,implemented,implemented,implemented_initial,not_started,source_ported,not_applicable,docstring_initial,R-oracle numerical validation pending
fit_gaze_diffusion_irt,fit_gaze_diffusion_irt,R/022-advanced-models-v2.R,man/fit_gaze_diffusion_irt.Rd,"(x, spec = gaze_diffusion_spec(), ...)",3,True,False,tests/testthat/test-advanced-models-v2.R|tests/testthat/test-strategy-diffusion-v2.R,vignettes/advanced-model-validation.Rmd|vignettes/gaze-diffusion-irt.Rmd,experimental,False,src/eyeprocesspy/dynamic_irt.py,tests/test_dynamic_irt.py,yes,implemented,implemented,implemented_initial,not_started,source_ported,not_applicable,docstring_initial,R-oracle numerical validation pending
advanced_validation_grid,advanced_validation_grid,R/022-advanced-models-v2.R,man/advanced_validation_grid.Rd,"(quick = FALSE, full_factorial = FALSE)",2,False,False,tests/testthat/test-advanced-models-v2.R,vignettes/advanced-model-validation.Rmd|vignettes/research-validation-program.Rmd,unclassified,False,eyeprocesspy.functional_pupil,tests/test_functional_pupil.py,yes,implemented,implemented,implemented_initial,not_started,source_ported,not_applicable,docstring_initial,
simulate_advanced_process_data,simulate_advanced_process_data,R/022-advanced-models-v2.R,man/simulate_advanced_process_data.Rd,"(
    n_person = 100L,
    n_item = 20L,
    n_time = 30L,
    n_states = 3L,
    ability_speed_correlation = -0.30,
    gaze_effect = 0.35,
    feature_reliability = 0.70,
    missing_process = 0,
    state_misclassification = 0,
    pupil_ar1 = 0.60,
    luminance_effect = 0,
    dif_effect = 0,
    local_dependence = 0,
    seed = 1L)",14,False,False,tests/testthat/test-advanced-models-v2.R,,unclassified,False,eyeprocesspy.functional_pupil,tests/test_functional_pupil.py,yes,implemented,implemented,implemented_initial,not_started,source_ported,not_applicable,docstring_initial,
audit_benchmark_release,audit_benchmark_release,R/029-benchmark-reproducibility.R,man/audit_benchmark_release.Rd,(study = eyeprocess_benchmark_study()),1,False,False,,vignettes/benchmark-reproduction.Rmd,experimental,False,,,yes,not_started,not_started,not_started,not_started,not_started,not_applicable,not_started,
audit_model_promotion,audit_model_promotion,R/023-validation-orchestration.R,man/audit_model_promotion.Rd,"(evidence, spec = model_promotion_spec())",2,False,False,tests/testthat/test-validation-orchestration-v2.R,vignettes/validation-execution-engine.Rmd,experimental,False,,,yes,not_started,not_started,not_started,not_started,not_started,not_applicable,not_started,
audit_roundtrip_loss,audit_roundtrip_loss,R/025-vendor-corpus.R,man/audit_roundtrip_loss.Rd,"(source, roundtrip, tables = canonical_table_names(), tolerance = 1e-8)",4,False,False,,vignettes/independent-vendor-corpus.Rmd,review-gated,False,,,yes,not_started,not_started,not_started,not_started,not_started,not_applicable,not_started,
audit_validation_completion,audit_validation_completion,R/023-validation-orchestration.R,man/audit_validation_completion.Rd,"(x, thresholds = validation_thresholds(), empirical_reproduction = NULL)",3,False,False,,vignettes/validation-execution-engine.Rmd,experimental,False,,,yes,not_started,not_started,not_started,not_started,not_started,not_applicable,not_started,
audit_vendor_field_coverage,audit_vendor_field_coverage,R/025-vendor-corpus.R,man/audit_vendor_field_coverage.Rd,"(semantics, required_fields)",2,False,False,,vignettes/independent-vendor-corpus.Rmd,review-gated,False,,,yes,not_started,not_started,not_started,not_started,not_started,not_applicable,not_started,
benchmark_expected_outputs,benchmark_expected_outputs,R/029-benchmark-reproducibility.R,man/benchmark_expected_outputs.Rd,(study = eyeprocess_benchmark_study()),1,False,False,,,experimental,False,,,yes,not_started,not_started,not_started,not_started,not_started,not_applicable,not_started,
benchmark_eye_storage,benchmark_eye_storage,R/028-api-storage-adapters.R,man/benchmark_eye_storage.Rd,"(x, formats = c(""rds"", ""csv"", ""parquet""), partition_by = c(""participant_id"", ""recording_id""), repetitions = 3L, directory = tempdir())",5,False,False,,vignettes/api-storage-adapters.Rmd,deprecated,False,,,yes,not_started,not_started,not_started,not_started,not_started,not_applicable,not_started,
build_compatibility_matrix,build_compatibility_matrix,R/025-vendor-corpus.R,man/build_compatibility_matrix.Rd,"(x, required_vendors = c(""gazepoint"", ""tobii"", ""pupillabs"", ""eyelink"", ""smi""), min_empirical_cases = 2L)",3,False,False,tests/testthat/test-vendor-corpus-v2.R,vignettes/independent-vendor-corpus.Rmd|vignettes/validation-evidence-0-7.Rmd,review-gated,False,,,yes,not_started,not_started,not_started,not_started,not_started,not_applicable,not_started,
collect_validation_jobs,collect_validation_jobs,R/023-validation-orchestration.R,man/collect_validation_jobs.Rd,"(path, plan = NULL, strict = TRUE)",3,False,False,tests/testthat/test-validation-orchestration-v2.R,vignettes/validation-execution-engine.Rmd,experimental,False,,,yes,not_started,not_started,not_started,not_started,not_started,not_applicable,not_started,
compare_diffusion_accuracy_rt,compare_diffusion_accuracy_rt,R/027-strategy-diffusion-engines.R,man/compare_diffusion_accuracy_rt.Rd,(object),1,False,False,,vignettes/gaze-diffusion-irt.Rmd,experimental,False,src/eyeprocesspy/dynamic_irt.py,tests/test_dynamic_irt.py,yes,implemented,implemented,implemented_initial,not_started,source_ported,not_applicable,docstring_initial,R-oracle numerical validation pending
compare_dynamic_transition_models,compare_dynamic_transition_models,R/024-dynamic-irtree-engine.R,man/compare_dynamic_transition_models.Rd,"(..., criterion = c(""AIC"", ""BIC"", ""log_score"", ""accuracy""))",2,True,False,tests/testthat/test-dynamic-irtree-engine-v2.R,vignettes/dynamic-irtree-hardening.Rmd,experimental,False,src/eyeprocesspy/dynamic_irt.py,tests/test_dynamic_irt.py,yes,implemented,implemented,implemented_initial,not_started,source_ported,not_applicable,docstring_initial,R-oracle numerical validation pending
compare_engine_adapters,compare_engine_adapters,R/028-api-storage-adapters.R,man/compare_engine_adapters.Rd,(...),1,True,False,,,deprecated,False,src/eyeprocesspy/engine_adapters.py,tests/test_engine_adapters.py,yes,implemented,implemented,implemented_initial,not_started,source_ported,not_applicable,docstring_initial,
compare_functional_scalar_models,compare_functional_scalar_models,R/026-functional-pupil-engine.R,man/compare_functional_scalar_models.Rd,"(x, scalar_features = c(""pupil_peak"", ""pupil_auc"", ""pupil_mean""), criterion = c(""AIC"", ""log_loss""), folds = 5L, seed = 1L)",5,False,False,,vignettes/functional-pupil-irt-engine.Rmd,experimental,False,eyeprocesspy.functional_pupil,tests/test_functional_pupil.py,yes,implemented,implemented,implemented_initial,not_started,python_reference_differs,not_applicable,docstring_initial,Cross-language numerical parity remains pending; Python basis/statistical backend differs from the frozen R implementation.
compare_strategy_heterogeneity,compare_strategy_heterogeneity,R/027-strategy-diffusion-engines.R,man/compare_strategy_heterogeneity.Rd,(object),1,False,False,,vignettes/theory-strategy-mixtures.Rmd,experimental,False,src/eyeprocesspy/dynamic_irt.py,tests/test_dynamic_irt.py,yes,implemented,implemented,implemented_initial,not_started,source_ported,not_applicable,docstring_initial,R-oracle numerical validation pending
compare_vendor_semantics,compare_vendor_semantics,R/025-vendor-corpus.R,man/compare_vendor_semantics.Rd,"(x, vendors = NULL)",2,False,False,tests/testthat/test-vendor-corpus-v2.R,vignettes/independent-vendor-corpus.Rmd,review-gated,False,,,yes,not_started,not_started,not_started,not_started,not_started,not_applicable,not_started,
decode_dynamic_states,decode_dynamic_states,R/024-dynamic-irtree-engine.R,man/decode_dynamic_states.Rd,"(object, method = c(""mode"", ""probability"", ""draw""))",2,False,False,tests/testthat/test-dynamic-irtree-engine-v2.R,vignettes/dynamic-irtree-hardening.Rmd,experimental,False,src/eyeprocesspy/dynamic_irt.py,tests/test_dynamic_irt.py,yes,implemented,implemented,implemented_initial,not_started,source_ported,not_applicable,docstring_initial,R-oracle numerical validation pending
detect_corrupt_partitions,detect_corrupt_partitions,R/028-api-storage-adapters.R,man/detect_corrupt_partitions.Rd,(storage),1,False,False,tests/testthat/test-api-storage-adapters-v2.R,vignettes/api-storage-adapters.Rmd,deprecated,False,,,yes,not_started,not_started,not_started,not_started,not_started,not_applicable,not_started,
diffusion_identification_study,diffusion_identification_study,R/027-strategy-diffusion-engines.R,man/diffusion_identification_study.Rd,"(
  conditions = list(n_person = c(50L, 150L), n_item = c(10L, 30L), gaze_effect = c(0, 0.35), contaminant_fraction = c(0, 0.05)),
  replications = 20L, base_seed = 20260805L,
  spec = gaze_diffusion_spec(drift_features = ""gaze_balance"", engine = ""stan"")
)",4,False,False,,vignettes/gaze-diffusion-irt.Rmd,experimental,False,src/eyeprocesspy/dynamic_irt.py,tests/test_dynamic_irt.py,yes,implemented,implemented,implemented_initial,not_started,source_ported,not_applicable,docstring_initial,R-oracle numerical validation pending
diffusion_parameter_diagnostics,diffusion_parameter_diagnostics,R/027-strategy-diffusion-engines.R,man/diffusion_parameter_diagnostics.Rd,"(object, correlation_threshold = 0.85)",2,False,False,tests/testthat/test-strategy-diffusion-v2.R,vignettes/gaze-diffusion-irt.Rmd,experimental,False,src/eyeprocesspy/dynamic_irt.py,tests/test_dynamic_irt.py,yes,implemented,implemented,implemented_initial,not_started,source_ported,not_applicable,docstring_initial,R-oracle numerical validation pending
diffusion_posterior_predictive,diffusion_posterior_predictive,R/027-strategy-diffusion-engines.R,man/diffusion_posterior_predictive.Rd,"(object, draws = 200L, method = c(""rtdists"", ""stan_proxy""), seed = 1L)",4,False,False,,vignettes/gaze-diffusion-irt.Rmd,experimental,False,src/eyeprocesspy/dynamic_irt.py,tests/test_dynamic_irt.py,yes,implemented,implemented,implemented_initial,not_started,source_ported,not_applicable,docstring_initial,R-oracle numerical validation pending
dynamic_irtree_recovery,dynamic_irtree_recovery,R/024-dynamic-irtree-engine.R,man/dynamic_irtree_recovery.Rd,"(grid = expand.grid(state_misclassification = c(0, 0.05, 0.15), missing_state = c(0, 0.10), stringsAsFactors = FALSE), replications = 20L, spec = dynamic_irtree_spec(engine = ""multinomial""), base_seed = 1L)",4,False,False,,vignettes/dynamic-irtree-hardening.Rmd,experimental,False,src/eyeprocesspy/dynamic_irt.py,tests/test_dynamic_irt.py,yes,implemented,implemented,implemented_initial,not_started,source_ported,not_applicable,docstring_initial,R-oracle numerical validation pending
dynamic_posterior_predictive_check,dynamic_posterior_predictive_check,R/024-dynamic-irtree-engine.R,man/dynamic_posterior_predictive_check.Rd,"(object, draws = 200L, seed = 1L)",3,False,False,,,experimental,False,src/eyeprocesspy/dynamic_irt.py,tests/test_dynamic_irt.py,yes,implemented,implemented,implemented_initial,not_started,source_ported,not_applicable,docstring_initial,R-oracle numerical validation pending
dynamic_transition_design,dynamic_transition_design,R/024-dynamic-irtree-engine.R,man/dynamic_transition_design.Rd,"(data, spec = dynamic_irtree_spec(), formula = NULL)",3,False,False,tests/testthat/test-dynamic-irtree-engine-v2.R,vignettes/dynamic-irtree-hardening.Rmd,experimental,False,src/eyeprocesspy/dynamic_irt.py,tests/test_dynamic_irt.py,yes,implemented,implemented,implemented_initial,not_started,source_ported,not_applicable,docstring_initial,R-oracle numerical validation pending
engine_adapter_status,engine_adapter_status,R/028-api-storage-adapters.R,man/engine_adapter_status.Rd,(engine),1,False,False,,,deprecated,False,src/eyeprocesspy/engine_adapters.py,tests/test_engine_adapters.py,yes,implemented,implemented,implemented_initial,not_started,source_ported,not_applicable,docstring_initial,
external_model_engines,external_model_engines,R/028-api-storage-adapters.R,man/external_model_engines.Rd,(),0,False,False,tests/testthat/test-api-storage-adapters-v2.R,vignettes/api-storage-adapters.Rmd,deprecated,False,src/eyeprocesspy/engine_adapters.py,tests/test_engine_adapters.py,yes,implemented,implemented,implemented_initial,not_started,source_ported,not_applicable,docstring_initial,
extract_diffusion_parameters,extract_diffusion_parameters,R/027-strategy-diffusion-engines.R,man/extract_diffusion_parameters.Rd,"(object, variables = c(""beta_drift"", ""beta_boundary"", ""beta_nondecision"", ""beta_starting"", ""person_drift"", ""item_difficulty"", ""boundary"", ""nondecision"", ""starting"", ""contaminant_probability""))",2,False,False,tests/testthat/test-strategy-diffusion-v2.R,vignettes/gaze-diffusion-irt.Rmd,experimental,False,src/eyeprocesspy/dynamic_irt.py,tests/test_dynamic_irt.py,yes,implemented,implemented,implemented_initial,not_started,source_ported,not_applicable,docstring_initial,R-oracle numerical validation pending
extract_functional_pupil_parameters,extract_functional_pupil_parameters,R/026-functional-pupil-engine.R,man/extract_functional_pupil_parameters.Rd,"(x, pattern = NULL, confidence = 0.95)",3,False,False,,vignettes/functional-pupil-irt-engine.Rmd,experimental,False,eyeprocesspy.functional_pupil,tests/test_functional_pupil.py,yes,implemented,implemented,implemented_initial,not_started,source_ported,not_applicable,docstring_initial,
eyeprocess_api_version,eyeprocess_api_version,R/028-api-storage-adapters.R,man/eyeprocess_api_version.Rd,(),0,False,False,tests/testthat/test-api-storage-adapters-v2.R,vignettes/api-storage-adapters.Rmd,deprecated,False,src/eyeprocesspy/engine_adapters.py,tests/test_engine_adapters.py,yes,implemented,implemented,implemented_initial,not_started,source_ported,not_applicable,docstring_initial,
eyeprocess_benchmark_study,eyeprocess_benchmark_study,R/029-benchmark-reproducibility.R,man/eyeprocess_benchmark_study.Rd,(path = NULL),1,False,False,tests/testthat/test-benchmark-reproducibility-v2.R,vignettes/benchmark-reproduction.Rmd,experimental,False,,,yes,not_started,not_started,not_started,not_started,not_started,not_applicable,not_started,
eyeprocess_deprecation,eyeprocess_deprecation,R/028-api-storage-adapters.R,man/eyeprocess_deprecation.Rd,"(old, replacement, since, remove_after, reason = """")",5,False,False,,vignettes/api-storage-adapters.Rmd,deprecated,False,src/eyeprocesspy/engine_adapters.py,tests/test_engine_adapters.py,yes,implemented,implemented,implemented_initial,not_started,source_ported,not_applicable,docstring_initial,
fingerprint_validation_case,fingerprint_validation_case,R/025-vendor-corpus.R,man/fingerprint_validation_case.Rd,"(path, algorithms = c(""md5"", ""sha256""), include_hidden = FALSE)",3,False,False,tests/testthat/test-vendor-corpus-v2.R,vignettes/independent-vendor-corpus.Rmd,review-gated,False,,,yes,not_started,not_started,not_started,not_started,not_started,not_applicable,not_started,
fit_brms_adapter,fit_brms_adapter,R/028-api-storage-adapters.R,man/fit_brms_adapter.Rd,"(formula, data, purpose, ...)",4,True,False,,vignettes/api-storage-adapters.Rmd,deprecated,False,src/eyeprocesspy/engine_adapters.py,tests/test_engine_adapters.py,yes,implemented,implemented,implemented_initial,not_started,python_reference_differs,not_applicable,docstring_initial,
fit_diffirt_engine_adapter,fit_diffirt_engine_adapter,R/028-api-storage-adapters.R,man/fit_diffirt_engine_adapter.Rd,"(data, purpose, ...)",3,True,False,,,deprecated,False,src/eyeprocesspy/engine_adapters.py,tests/test_engine_adapters.py,yes,implemented,implemented,implemented_initial,not_started,python_reference_differs,not_applicable,docstring_initial,
fit_dynamic_irtree_stan,fit_dynamic_irtree_stan,R/024-dynamic-irtree-engine.R,man/fit_dynamic_irtree_stan.Rd,"(design, spec, seed = 1L, refresh = 0L, output_dir = NULL, ...)",6,True,False,,,experimental,False,src/eyeprocesspy/dynamic_irt.py,tests/test_dynamic_irt.py,yes,implemented,implemented,implemented_initial,not_started,source_ported,not_applicable,docstring_initial,R-oracle numerical validation pending
fit_external_engine,fit_external_engine,R/028-api-storage-adapters.R,man/fit_external_engine.Rd,"(engine, data, specification = NULL, purpose, ...)",5,True,False,tests/testthat/test-api-storage-adapters-v2.R,,deprecated,False,src/eyeprocesspy/engine_adapters.py,tests/test_engine_adapters.py,yes,implemented,implemented,implemented_initial,not_started,python_reference_differs,not_applicable,docstring_initial,
fit_eyetrackingr_adapter,fit_eyetrackingr_adapter,R/028-api-storage-adapters.R,man/fit_eyetrackingr_adapter.Rd,"(data, purpose, ...)",3,True,False,,,deprecated,False,src/eyeprocesspy/engine_adapters.py,tests/test_engine_adapters.py,yes,implemented,implemented,implemented_initial,not_started,python_reference_differs,not_applicable,docstring_initial,
fit_functional_pupil_stan,fit_functional_pupil_stan,R/026-functional-pupil-engine.R,man/fit_functional_pupil_stan.Rd,"(prepared, basis_matrix = NULL, seed = 1L, refresh = 0L, output_dir = NULL, ...)",6,True,False,,,experimental,False,eyeprocesspy.functional_pupil,tests/test_functional_pupil.py,yes,implemented,implemented,implemented_initial,not_started,source_ported,not_applicable,docstring_initial,
fit_gaze_diffusion_stan,fit_gaze_diffusion_stan,R/027-strategy-diffusion-engines.R,man/fit_gaze_diffusion_stan.Rd,"(prepared, seed = 1L, refresh = 0L, output_dir = NULL, ...)",5,True,False,,,experimental,False,src/eyeprocesspy/dynamic_irt.py,tests/test_dynamic_irt.py,yes,implemented,implemented,implemented_initial,not_started,source_ported,not_applicable,docstring_initial,R-oracle numerical validation pending
fit_lnirt_adapter,fit_lnirt_adapter,R/028-api-storage-adapters.R,man/fit_lnirt_adapter.Rd,"(data, purpose, ...)",3,True,False,,vignettes/api-storage-adapters.Rmd,deprecated,False,src/eyeprocesspy/engine_adapters.py,tests/test_engine_adapters.py,yes,implemented,implemented,implemented_initial,not_started,python_reference_differs,not_applicable,docstring_initial,
fit_mirt_adapter,fit_mirt_adapter,R/028-api-storage-adapters.R,man/fit_mirt_adapter.Rd,"(data, model = 1L, purpose, ...)",4,True,False,,vignettes/api-storage-adapters.Rmd,deprecated,False,src/eyeprocesspy/engine_adapters.py,tests/test_engine_adapters.py,yes,implemented,implemented,implemented_initial,not_started,python_reference_differs,not_applicable,docstring_initial,
fit_multinomial_transition,fit_multinomial_transition,R/024-dynamic-irtree-engine.R,man/fit_multinomial_transition.Rd,"(design, ridge = 1e-4, reference_state = NULL, control = list(maxit = 1000L, reltol = 1e-9))",4,False,False,,,experimental,False,src/eyeprocesspy/dynamic_irt.py,tests/test_dynamic_irt.py,yes,implemented,implemented,implemented_initial,not_started,source_ported,not_applicable,docstring_initial,R-oracle numerical validation pending
fit_openmx_adapter,fit_openmx_adapter,R/028-api-storage-adapters.R,man/fit_openmx_adapter.Rd,"(model, purpose, ...)",3,True,False,,,deprecated,False,src/eyeprocesspy/engine_adapters.py,tests/test_engine_adapters.py,yes,implemented,implemented,implemented_initial,not_started,python_reference_differs,not_applicable,docstring_initial,
fit_pupillometryr_adapter,fit_pupillometryr_adapter,R/028-api-storage-adapters.R,man/fit_pupillometryr_adapter.Rd,"(data, purpose, ...)",3,True,False,,,deprecated,False,src/eyeprocesspy/engine_adapters.py,tests/test_engine_adapters.py,yes,implemented,implemented,implemented_initial,not_started,python_reference_differs,not_applicable,docstring_initial,
fit_seqhmm_adapter,fit_seqhmm_adapter,R/028-api-storage-adapters.R,man/fit_seqhmm_adapter.Rd,"(data, purpose, ...)",3,True,False,,,deprecated,False,src/eyeprocesspy/engine_adapters.py,tests/test_engine_adapters.py,yes,implemented,implemented,implemented_initial,not_started,python_reference_differs,not_applicable,docstring_initial,
fit_strategy_mixture_em,fit_strategy_mixture_em,R/027-strategy-diffusion-engines.R,man/fit_strategy_mixture_em.Rd,"(prepared, starts = prepared$spec$multiple_starts, max_iter = 300L, tolerance = 1e-7, seed = 1L)",5,False,False,,,experimental,False,src/eyeprocesspy/dynamic_irt.py,tests/test_dynamic_irt.py,yes,implemented,implemented,implemented_initial,not_started,source_ported,not_applicable,docstring_initial,R-oracle numerical validation pending
fit_strategy_mixture_stan,fit_strategy_mixture_stan,R/027-strategy-diffusion-engines.R,man/fit_strategy_mixture_stan.Rd,"(prepared, seed = 1L, refresh = 0L, output_dir = NULL, ...)",5,True,False,,,experimental,False,src/eyeprocesspy/dynamic_irt.py,tests/test_dynamic_irt.py,yes,implemented,implemented,implemented_initial,not_started,source_ported,not_applicable,docstring_initial,R-oracle numerical validation pending
fit_tam_adapter,fit_tam_adapter,R/028-api-storage-adapters.R,man/fit_tam_adapter.Rd,"(data, purpose, ...)",3,True,False,,vignettes/api-storage-adapters.Rmd,deprecated,False,src/eyeprocesspy/engine_adapters.py,tests/test_engine_adapters.py,yes,implemented,implemented,implemented_initial,not_started,python_reference_differs,not_applicable,docstring_initial,
fit_traminer_adapter,fit_traminer_adapter,R/028-api-storage-adapters.R,man/fit_traminer_adapter.Rd,"(data, purpose, ...)",3,True,False,,,deprecated,False,src/eyeprocesspy/engine_adapters.py,tests/test_engine_adapters.py,yes,implemented,implemented,implemented_initial,not_started,python_reference_differs,not_applicable,docstring_initial,
functional_pupil_basis,functional_pupil_basis,R/026-functional-pupil-engine.R,man/functional_pupil_basis.Rd,"(x, df = 6L, basis = c(""natural_spline"", ""bspline""), degree = 3L, boundary_knots = NULL, knots = NULL)",6,False,False,tests/testthat/test-functional-pupil-engine-v2.R,vignettes/functional-pupil-irt-engine.Rmd,experimental,False,eyeprocesspy.functional_pupil,tests/test_functional_pupil.py,yes,implemented,implemented,implemented_initial,not_started,python_reference_differs,not_applicable,docstring_initial,Cross-language numerical parity remains pending; Python basis/statistical backend differs from the frozen R implementation.
functional_pupil_diagnostics,functional_pupil_diagnostics,R/026-functional-pupil-engine.R,man/functional_pupil_diagnostics.Rd,(x),1,False,False,,vignettes/functional-pupil-irt-engine.Rmd,experimental,False,eyeprocesspy.functional_pupil,tests/test_functional_pupil.py,yes,implemented,implemented,implemented_initial,not_started,source_ported,not_applicable,docstring_initial,
import_benchmark_study,import_benchmark_study,R/029-benchmark-reproducibility.R,man/import_benchmark_study.Rd,(study = eyeprocess_benchmark_study()),1,False,False,,,experimental,False,,,yes,not_started,not_started,not_started,not_started,not_started,not_applicable,not_started,
init_vendor_corpus,init_vendor_corpus,R/025-vendor-corpus.R,man/init_vendor_corpus.Rd,"(path, overwrite = FALSE)",2,False,False,tests/testthat/test-vendor-corpus-v2.R,vignettes/independent-vendor-corpus.Rmd,review-gated,False,,,yes,not_started,not_started,not_started,not_started,not_started,not_applicable,not_started,
migrate_eye_storage_schema,migrate_eye_storage_schema,R/028-api-storage-adapters.R,man/migrate_eye_storage_schema.Rd,"(storage, target_path, target_version = ""2.0.0"", format = NULL, overwrite = FALSE)",5,False,False,tests/testthat/test-api-storage-adapters-v2.R,vignettes/api-storage-adapters.Rmd,deprecated,False,,,yes,not_started,not_started,not_started,not_started,not_started,not_applicable,not_started,
model_promotion_spec,model_promotion_spec,R/023-validation-orchestration.R,man/model_promotion_spec.Rd,"(
    model_families = c(""dynamic_irtree"", ""functional_pupil_irt"", ""theory_strategy_irt"", ""gaze_diffusion_irt""),
    require_completion = TRUE,
    require_sbc = TRUE,
    require_misspecification = TRUE,
    require_grouped_validation = TRUE,
    require_engine_equivalence = TRUE,
    require_empirical_reproduction = TRUE,
    require_preprocessing_sensitivity = TRUE,
    require_multi_vendor = FALSE)",9,False,False,tests/testthat/test-validation-orchestration-v2.R,,experimental,False,,,yes,not_started,not_started,not_started,not_started,not_started,not_applicable,not_started,
object_schema,object_schema,R/028-api-storage-adapters.R,man/object_schema.Rd,"(object = c(""eye_dataset"", ""eyeprocess_model"", ""validation_plan"", ""validation_collection"", ""vendor_corpus"", ""eye_storage""))",1,False,False,tests/testthat/test-api-storage-adapters-v2.R,vignettes/api-storage-adapters.Rmd,deprecated,False,src/eyeprocesspy/engine_adapters.py,tests/test_engine_adapters.py,yes,implemented,implemented,implemented_initial,not_started,source_ported,not_applicable,docstring_initial,
open_partitioned_eye_storage,open_partitioned_eye_storage,R/028-api-storage-adapters.R,man/open_partitioned_eye_storage.Rd,(path),1,False,False,,,deprecated,False,,,yes,not_started,not_started,not_started,not_started,not_started,not_applicable,not_started,
package_reproducibility_manifest,package_reproducibility_manifest,R/029-benchmark-reproducibility.R,man/package_reproducibility_manifest.Rd,"(paths, include_session = TRUE)",2,False,False,,,experimental,False,,,yes,not_started,not_started,not_started,not_started,not_started,not_applicable,not_started,
partition_eye_storage,partition_eye_storage,R/028-api-storage-adapters.R,man/partition_eye_storage.Rd,"(by = c(""participant_id"", ""session_id"", ""recording_id""), format = c(""parquet"", ""csv"", ""rds""), compression = ""zstd"", max_rows = 1000000L)",4,False,False,tests/testthat/test-api-storage-adapters-v2.R,vignettes/api-storage-adapters.Rmd,deprecated,False,,,yes,not_started,not_started,not_started,not_started,not_started,not_applicable,not_started,
plot_interval_coverage,plot_interval_coverage,R/023-validation-orchestration.R,man/plot_interval_coverage.Rd,"(x, target = 0.95, engine = c(""auto"", ""ggplot2"", ""base""), ...)",4,True,False,,vignettes/validation-execution-engine.Rmd,experimental,True,,,yes,not_started,not_started,not_started,not_started,not_started,not_started,not_started,
plot_parameter_recovery,plot_parameter_recovery,R/023-validation-orchestration.R,man/plot_parameter_recovery.Rd,"(x, parameter = NULL, engine = c(""auto"", ""ggplot2"", ""base""), ...)",4,True,False,,vignettes/validation-execution-engine.Rmd,experimental,True,,,yes,not_started,not_started,not_started,not_started,not_started,not_started,not_started,
plot_sbc_rank,plot_sbc_rank,R/023-validation-orchestration.R,man/plot_sbc_rank.Rd,"(x, parameter = NULL, bins = 10L, engine = c(""auto"", ""ggplot2"", ""base""), ...)",5,True,False,,vignettes/validation-execution-engine.Rmd,experimental,True,,,yes,not_started,not_started,not_started,not_started,not_started,not_started,not_started,
plot_validation_failures,plot_validation_failures,R/023-validation-orchestration.R,man/plot_validation_failures.Rd,"(x, engine = c(""auto"", ""ggplot2"", ""base""), ...)",3,True,False,,vignettes/validation-execution-engine.Rmd,experimental,True,,,yes,not_started,not_started,not_started,not_started,not_started,not_started,not_started,
plot_validation_runtime,plot_validation_runtime,R/023-validation-orchestration.R,man/plot_validation_runtime.Rd,"(x, engine = c(""auto"", ""ggplot2"", ""base""), ...)",3,True,False,,vignettes/validation-execution-engine.Rmd,experimental,True,,,yes,not_started,not_started,not_started,not_started,not_started,not_started,not_started,
prepare_dynamic_irtree_data,prepare_dynamic_irtree_data,R/024-dynamic-irtree-engine.R,man/prepare_dynamic_irtree_data.Rd,"(
    x,
    spec = dynamic_irtree_spec(),
    person = ""participant_id"",
    item = ""item_id"",
    trial = ""trial_id"",
    state = ""state"",
    time = NULL,
    from = ""from_state"",
    to = ""to_state"",
    states = NULL)",10,False,False,tests/testthat/test-dynamic-irtree-engine-v2.R,,experimental,False,src/eyeprocesspy/dynamic_irt.py,tests/test_dynamic_irt.py,yes,implemented,implemented,implemented_initial,not_started,source_ported,not_applicable,docstring_initial,R-oracle numerical validation pending
prepare_functional_pupil_data,prepare_functional_pupil_data,R/026-functional-pupil-engine.R,man/prepare_functional_pupil_data.Rd,"(x, spec = functional_pupil_irt_spec())",2,False,False,tests/testthat/test-functional-pupil-engine-v2.R,vignettes/functional-pupil-irt-engine.Rmd,experimental,False,eyeprocesspy.functional_pupil,tests/test_functional_pupil.py,yes,implemented,implemented,implemented_initial,not_started,source_ported,not_applicable,docstring_initial,
prepare_gaze_diffusion_data,prepare_gaze_diffusion_data,R/027-strategy-diffusion-engines.R,man/prepare_gaze_diffusion_data.Rd,"(data, spec, minimum_rt = 0.05)",3,False,False,tests/testthat/test-strategy-diffusion-v2.R,vignettes/gaze-diffusion-irt.Rmd,experimental,False,src/eyeprocesspy/dynamic_irt.py,tests/test_dynamic_irt.py,yes,implemented,implemented,implemented_initial,not_started,source_ported,not_applicable,docstring_initial,R-oracle numerical validation pending
prepare_strategy_mixture_data,prepare_strategy_mixture_data,R/027-strategy-diffusion-engines.R,man/prepare_strategy_mixture_data.Rd,"(data, spec, standardize = TRUE)",3,False,False,,,experimental,False,src/eyeprocesspy/dynamic_irt.py,tests/test_dynamic_irt.py,yes,implemented,implemented,implemented_initial,not_started,source_ported,not_applicable,docstring_initial,R-oracle numerical validation pending
promote_vendor_support,promote_vendor_support,R/025-vendor-corpus.R,man/promote_vendor_support.Rd,"(corpus_path, case_id, level = c(""fixture-tested"", ""empirically-validated""), validation, reviewer, notes = NA_character_)",6,False,False,,,review-gated,False,,,yes,not_started,not_started,not_started,not_started,not_started,not_applicable,not_started,
prune_validation_checkpoints,prune_validation_checkpoints,R/023-validation-orchestration.R,man/prune_validation_checkpoints.Rd,"(path, statuses = c(""corrupt"", ""locked""), dry_run = TRUE)",3,False,False,,,experimental,False,,,yes,not_started,not_started,not_started,not_started,not_started,not_applicable,not_started,
pupil_preprocessing_grid,pupil_preprocessing_grid,R/026-functional-pupil-engine.R,man/pupil_preprocessing_grid.Rd,"(
    baseline_windows = list(c(-200, 0), c(-500, 0)),
    latency_ms = c(100, 200, 300),
    basis_df = c(4L, 6L, 8L),
    baseline_methods = c(""subtract"", ""percent""),
    max_interpolated_fraction = c(0.10, 0.20))",5,False,False,tests/testthat/test-functional-pupil-engine-v2.R,vignettes/functional-pupil-irt-engine.Rmd,experimental,False,eyeprocesspy.functional_pupil,tests/test_functional_pupil.py,yes,implemented,implemented,implemented_initial,not_started,source_ported,not_applicable,docstring_initial,
pupil_preprocessing_sensitivity,pupil_preprocessing_sensitivity,R/026-functional-pupil-engine.R,man/pupil_preprocessing_sensitivity.Rd,"(x, grid = pupil_preprocessing_grid(), base_spec = functional_pupil_irt_spec(engine = ""two_stage_glm""), fit = TRUE, extractor = extract_functional_pupil_parameters, continue_on_error = TRUE, ...)",7,True,False,,vignettes/functional-pupil-irt-engine.Rmd,experimental,False,eyeprocesspy.functional_pupil,tests/test_functional_pupil.py,yes,implemented,implemented,implemented_initial,not_started,source_ported,not_applicable,docstring_initial,
query_eye_storage,query_eye_storage,R/028-api-storage-adapters.R,man/query_eye_storage.Rd,"(storage, table, filters = list(), columns = NULL, collect = TRUE)",5,False,False,tests/testthat/test-api-storage-adapters-v2.R,vignettes/api-storage-adapters.Rmd,deprecated,False,,,yes,not_started,not_started,not_started,not_started,not_started,not_applicable,not_started,
read_benchmark_table,read_benchmark_table,R/029-benchmark-reproducibility.R,man/read_benchmark_table.Rd,"(study = eyeprocess_benchmark_study(), table)",2,False,False,tests/testthat/test-benchmark-reproducibility-v2.R,,experimental,False,,,yes,not_started,not_started,not_started,not_started,not_started,not_applicable,not_started,
read_validation_job_manifest,read_validation_job_manifest,R/023-validation-orchestration.R,man/read_validation_job_manifest.Rd,(path),1,False,False,,,experimental,False,,,yes,not_started,not_started,not_started,not_started,not_started,not_applicable,not_started,
read_vendor_registry,read_vendor_registry,R/025-vendor-corpus.R,man/read_vendor_registry.Rd,(corpus_path),1,False,False,tests/testthat/test-vendor-corpus-v2.R,,review-gated,False,,,yes,not_started,not_started,not_started,not_started,not_started,not_applicable,not_started,
redact_validation_case,redact_validation_case,R/025-vendor-corpus.R,man/redact_validation_case.Rd,"(
    source_path,
    output_path,
    id_columns = c(""participant_id"", ""subject"", ""participant"", ""recording_id"", ""session_id""),
    remove_columns = c(""name"", ""email"", ""address"", ""birthdate"", ""date_of_birth""),
    text_redactor = NULL,
    salt,
    copy_non_tabular = FALSE,
    overwrite = FALSE)",8,False,False,,vignettes/independent-vendor-corpus.Rmd,review-gated,False,,,yes,not_started,not_started,not_started,not_started,not_started,not_applicable,not_started,
register_validation_case,register_validation_case,R/025-vendor-corpus.R,man/register_validation_case.Rd,"(
    corpus_path,
    source_path,
    vendor,
    device_model,
    software_name,
    software_version,
    hardware_version = NA_character_,
    export_profile = NA_character_,
    sampling_rate_hz = NA_real_,
    coordinate_system = NA_character_,
    timebase = NA_character_,
    event_semantics = NA_character_,
    ocular_structure = NA_character_,
    missingness_convention = NA_character_,
    vendor_fixations = NA_character_,
    package_transformations = NA_character_,
    unsupported_fields = NA_character_,
    independent_source = TRUE,
    licence_reviewed = FALSE,
    redistribution_allowed = FALSE,
    support_level = c(""declared"", ""fixture-tested"", ""empirically-validated""),
    mode = c(""reference"", ""copy""),
    case_id = NULL,
    notes = NA_character_)",24,False,False,tests/testthat/test-vendor-corpus-v2.R,vignettes/independent-vendor-corpus.Rmd,review-gated,False,,,yes,not_started,not_started,not_started,not_started,not_started,not_applicable,not_started,
register_vendor_semantics,register_vendor_semantics,R/025-vendor-corpus.R,man/register_vendor_semantics.Rd,"(
    corpus_path,
    vendor,
    native_field,
    native_meaning,
    canonical_table,
    canonical_field,
    unit = NA_character_,
    transformation = ""identity"",
    loss_risk = c(""none"", ""low"", ""moderate"", ""high"", ""unsupported""),
    evidence_case_id = NA_character_)",10,False,False,,vignettes/independent-vendor-corpus.Rmd,review-gated,False,,,yes,not_started,not_started,not_started,not_started,not_started,not_applicable,not_started,
resume_validation_jobs,resume_validation_jobs,R/023-validation-orchestration.R,man/resume_validation_jobs.Rd,"(plan, output_dir, retry = c(""missing"", ""failed"", ""nonconverged"", ""locked"", ""corrupt""), ...)",4,True,False,tests/testthat/test-validation-orchestration-v2.R,vignettes/validation-execution-engine.Rmd,experimental,False,,,yes,not_started,not_started,not_started,not_started,not_started,not_applicable,not_started,
run_benchmark_reproduction,run_benchmark_reproduction,R/029-benchmark-reproducibility.R,man/run_benchmark_reproduction.Rd,(study = eyeprocess_benchmark_study()),1,False,False,tests/testthat/test-benchmark-reproducibility-v2.R,vignettes/benchmark-reproduction.Rmd,experimental,False,,,yes,not_started,not_started,not_started,not_started,not_started,not_applicable,not_started,
run_validation_jobs,run_validation_jobs,R/023-validation-orchestration.R,man/run_validation_jobs.Rd,"(
    plan,
    simulator,
    fitter,
    extractor,
    truth_extractor,
    output_dir,
    workers = 1L,
    backend = c(""auto"", ""sequential"", ""future""),
    isolation = c(""auto"", ""in_process"", ""callr""),
    timeout_seconds = Inf,
    memory_limit_mb = Inf,
    stale_lock_seconds = 3600,
    overwrite = FALSE,
    fail_fast = FALSE,
    progress = interactive(),
    job_ids = NULL,
    chunks = NULL,
    simulation_args = list(),
    fit_args = list(),
    diagnostics_extractor = NULL,
    draws_extractor = NULL,
    predictions_extractor = NULL,
    confidence = 0.95,
    run_metadata = list())",24,False,False,tests/testthat/test-validation-orchestration-v2.R,vignettes/validation-execution-engine.Rmd,experimental,False,,,yes,not_started,not_started,not_started,not_started,not_started,not_applicable,not_started,
simulate_dynamic_irtree_data,simulate_dynamic_irtree_data,R/024-dynamic-irtree-engine.R,man/simulate_dynamic_irtree_data.Rd,"(
    n_person = 100L,
    n_item = 20L,
    transitions_per_trial = 8L,
    states = c(""prompt"", ""evidence"", ""options""),
    beta_response = 0.5,
    person_sd = 0.4,
    item_sd = 0.3,
    irregular_time = TRUE,
    state_misclassification = 0,
    missing_state = 0,
    structural_zeros = NULL,
    seed = 1L)",12,False,False,tests/testthat/test-dynamic-irtree-engine-v2.R,vignettes/dynamic-irtree-hardening.Rmd,experimental,False,src/eyeprocesspy/dynamic_irt.py,tests/test_dynamic_irt.py,yes,implemented,implemented,implemented_initial,not_started,source_ported,not_applicable,docstring_initial,R-oracle numerical validation pending
simulate_gaze_diffusion_data,simulate_gaze_diffusion_data,R/027-strategy-diffusion-engines.R,man/simulate_gaze_diffusion_data.Rd,"(n_person = 80L, n_item = 20L, trials_per_item = 1L, gaze_effect = 0.35, contaminant_fraction = 0.02, time_step = 0.002, max_decision_time = 10, seed = 1L)",8,False,False,tests/testthat/test-strategy-diffusion-v2.R,,experimental,False,src/eyeprocesspy/dynamic_irt.py,tests/test_dynamic_irt.py,yes,implemented,implemented,implemented_initial,not_started,source_ported,not_applicable,docstring_initial,R-oracle numerical validation pending
simulate_strategy_mixture_data,simulate_strategy_mixture_data,R/027-strategy-diffusion-engines.R,man/simulate_strategy_mixture_data.Rd,"(n_person = 100L, n_item = 20L, signatures, trials_per_item = 1L, strategy_prevalence = NULL, feature_sd = 0.6, seed = 1L)",7,False,False,tests/testthat/test-strategy-diffusion-v2.R,,experimental,False,src/eyeprocesspy/dynamic_irt.py,tests/test_dynamic_irt.py,yes,implemented,implemented,implemented_initial,not_started,source_ported,not_applicable,docstring_initial,R-oracle numerical validation pending
split_validation_plan,split_validation_plan,R/023-validation-orchestration.R,man/split_validation_plan.Rd,"(plan, chunks = NULL)",2,False,False,,,experimental,False,,,yes,not_started,not_started,not_started,not_started,not_started,not_applicable,not_started,
storage_transaction_manifest,storage_transaction_manifest,R/028-api-storage-adapters.R,man/storage_transaction_manifest.Rd,(storage),1,False,False,,vignettes/api-storage-adapters.Rmd,deprecated,False,,,yes,not_started,not_started,not_started,not_started,not_started,not_applicable,not_started,
strategy_aoi_sensitivity,strategy_aoi_sensitivity,R/027-strategy-diffusion-engines.R,man/strategy_aoi_sensitivity.Rd,"(datasets, spec, seed = 1L, ...)",4,True,False,,vignettes/theory-strategy-mixtures.Rmd,experimental,False,src/eyeprocesspy/dynamic_irt.py,tests/test_dynamic_irt.py,yes,implemented,implemented,implemented_initial,not_started,source_ported,not_applicable,docstring_initial,R-oracle numerical validation pending
strategy_classification_uncertainty,strategy_classification_uncertainty,R/027-strategy-diffusion-engines.R,man/strategy_classification_uncertainty.Rd,"(object, threshold = 0.70)",2,False,False,tests/testthat/test-strategy-diffusion-v2.R,vignettes/theory-strategy-mixtures.Rmd,experimental,False,src/eyeprocesspy/dynamic_irt.py,tests/test_dynamic_irt.py,yes,implemented,implemented,implemented_initial,not_started,source_ported,not_applicable,docstring_initial,R-oracle numerical validation pending
strategy_label_switching_diagnostics,strategy_label_switching_diagnostics,R/027-strategy-diffusion-engines.R,man/strategy_label_switching_diagnostics.Rd,"(object, tolerance = 1e-4)",2,False,False,,vignettes/theory-strategy-mixtures.Rmd,experimental,False,src/eyeprocesspy/dynamic_irt.py,tests/test_dynamic_irt.py,yes,implemented,implemented,implemented_initial,not_started,source_ported,not_applicable,docstring_initial,R-oracle numerical validation pending
strategy_posterior_probabilities,strategy_posterior_probabilities,R/027-strategy-diffusion-engines.R,man/strategy_posterior_probabilities.Rd,(object),1,False,False,tests/testthat/test-strategy-diffusion-v2.R,vignettes/theory-strategy-mixtures.Rmd,experimental,False,src/eyeprocesspy/dynamic_irt.py,tests/test_dynamic_irt.py,yes,implemented,implemented,implemented_initial,not_started,source_ported,not_applicable,docstring_initial,R-oracle numerical validation pending
structural_transition_mask,structural_transition_mask,R/024-dynamic-irtree-engine.R,man/structural_transition_mask.Rd,"(states, forbidden = NULL, allowed = NULL, allow_self = TRUE, structural_zeros = NULL, allowed_transitions = NULL)",6,False,False,tests/testthat/test-dynamic-irtree-engine-v2.R,,experimental,False,src/eyeprocesspy/dynamic_irt.py,tests/test_dynamic_irt.py,yes,implemented,implemented,implemented_initial,not_started,source_ported,not_applicable,docstring_initial,R-oracle numerical validation pending
transition_residual_diagnostics,transition_residual_diagnostics,R/024-dynamic-irtree-engine.R,man/transition_residual_diagnostics.Rd,"(object, type = c(""pearson"", ""deviance"", ""randomized""))",2,False,False,tests/testthat/test-dynamic-irtree-engine-v2.R,vignettes/dynamic-irtree-hardening.Rmd,experimental,False,src/eyeprocesspy/dynamic_irt.py,tests/test_dynamic_irt.py,yes,implemented,implemented,implemented_initial,not_started,source_ported,not_applicable,docstring_initial,R-oracle numerical validation pending
upgrade_eye_dataset,upgrade_eye_dataset,R/028-api-storage-adapters.R,man/upgrade_eye_dataset.Rd,"(x, target_version = ""2.0.0"", copy = TRUE)",3,False,False,,vignettes/api-storage-adapters.Rmd,deprecated,False,,,yes,not_started,not_started,not_started,not_started,not_started,not_applicable,not_started,
upgrade_eyeprocess_model,upgrade_eyeprocess_model,R/028-api-storage-adapters.R,man/upgrade_eyeprocess_model.Rd,"(x, target_version = ""1.0.0"")",2,False,False,,vignettes/api-storage-adapters.Rmd,deprecated,False,src/eyeprocesspy/engine_adapters.py,tests/test_engine_adapters.py,yes,implemented,implemented,implemented_initial,not_started,source_ported,not_applicable,docstring_initial,
validate_benchmark_study,validate_benchmark_study,R/029-benchmark-reproducibility.R,man/validate_benchmark_study.Rd,"(study = eyeprocess_benchmark_study(), verify_hashes = TRUE)",2,False,False,tests/testthat/test-benchmark-reproducibility-v2.R,vignettes/benchmark-reproduction.Rmd,experimental,False,,,yes,not_started,not_started,not_started,not_started,not_started,not_applicable,not_started,
validate_engine_adapter,validate_engine_adapter,R/028-api-storage-adapters.R,man/validate_engine_adapter.Rd,"(result, require_fit = FALSE)",2,False,False,tests/testthat/test-api-storage-adapters-v2.R,,deprecated,False,src/eyeprocesspy/engine_adapters.py,tests/test_engine_adapters.py,yes,implemented,implemented,implemented_initial,not_started,source_ported,not_applicable,docstring_initial,
validate_eye_storage_metadata,validate_eye_storage_metadata,R/028-api-storage-adapters.R,man/validate_eye_storage_metadata.Rd,"(storage, verify_hashes = TRUE)",2,False,False,tests/testthat/test-api-storage-adapters-v2.R,vignettes/api-storage-adapters.Rmd,deprecated,False,,,yes,not_started,not_started,not_started,not_started,not_started,not_applicable,not_started,
validate_model_object,validate_model_object,R/028-api-storage-adapters.R,man/validate_model_object.Rd,"(object, strict = FALSE)",2,False,False,,vignettes/api-storage-adapters.Rmd,deprecated,False,src/eyeprocesspy/engine_adapters.py,tests/test_engine_adapters.py,yes,implemented,implemented,implemented_initial,not_started,source_ported,not_applicable,docstring_initial,
validate_strategy_manipulation,validate_strategy_manipulation,R/027-strategy-diffusion-engines.R,man/validate_strategy_manipulation.Rd,"(object, condition, expected_strategy, minimum_contrast = 0)",4,False,False,,,experimental,False,src/eyeprocesspy/dynamic_irt.py,tests/test_dynamic_irt.py,yes,implemented,implemented,implemented_initial,not_started,source_ported,not_applicable,docstring_initial,R-oracle numerical validation pending
validation_calibration_summary,validation_calibration_summary,R/023-validation-orchestration.R,man/validation_calibration_summary.Rd,"(x, by = c(""model_family"", ""scenario_id""), bins = 10L)",3,False,False,,vignettes/validation-execution-engine.Rmd,experimental,False,,,yes,not_started,not_started,not_started,not_started,not_started,not_applicable,not_started,
validation_failure_summary,validation_failure_summary,R/023-validation-orchestration.R,man/validation_failure_summary.Rd,"(x, by = c(""model_family"", ""scenario_id""))",2,False,False,tests/testthat/test-validation-orchestration-v2.R,vignettes/validation-execution-engine.Rmd,experimental,False,,,yes,not_started,not_started,not_started,not_started,not_started,not_applicable,not_started,
validation_job_plan,validation_job_plan,R/023-validation-orchestration.R,man/validation_job_plan.Rd,"(
    grid = NULL,
    replications = 100L,
    base_seed = 1L,
    model_family = ""unspecified"",
    plan_id = NULL,
    chunk_size = 1L,
    metadata = list())",7,False,False,tests/testthat/test-validation-orchestration-v2.R,vignettes/validation-execution-engine.Rmd,experimental,False,,,yes,not_started,not_started,not_started,not_started,not_started,not_applicable,not_started,
validation_recovery_summary,validation_recovery_summary,R/023-validation-orchestration.R,man/validation_recovery_summary.Rd,"(x, by = character())",2,False,False,tests/testthat/test-validation-orchestration-v2.R,vignettes/validation-execution-engine.Rmd,experimental,False,,,yes,not_started,not_started,not_started,not_started,not_started,not_applicable,not_started,
validation_runtime_summary,validation_runtime_summary,R/023-validation-orchestration.R,man/validation_runtime_summary.Rd,"(x, by = c(""model_family"", ""scenario_id""))",2,False,False,,vignettes/validation-execution-engine.Rmd,experimental,False,,,yes,not_started,not_started,not_started,not_started,not_started,not_applicable,not_started,
validation_sbc_summary,validation_sbc_summary,R/023-validation-orchestration.R,man/validation_sbc_summary.Rd,"(x, by = c(""model_family"", ""scenario_id""), bins = 10L)",3,False,False,,vignettes/validation-execution-engine.Rmd,experimental,False,,,yes,not_started,not_started,not_started,not_started,not_started,not_applicable,not_started,
validation_seed,validation_seed,R/023-validation-orchestration.R,man/validation_seed.Rd,"(design, replication, base_seed = 1L, stream = 1L)",4,False,False,,,experimental,False,,,yes,not_started,not_started,not_started,not_started,not_started,not_applicable,not_started,
validation_thresholds,validation_thresholds,R/023-validation-orchestration.R,man/validation_thresholds.Rd,"(
    required_replications = 100L,
    max_failure_rate = 0.05,
    max_absolute_bias = 0.10,
    max_rmse = Inf,
    min_coverage = 0.90,
    max_coverage = 0.99,
    max_rhat = 1.01,
    min_ess_bulk = 400,
    max_divergence_rate = 0.01,
    require_sbc = TRUE,
    require_empirical_reproduction = TRUE)",11,False,False,,,experimental,False,,,yes,not_started,not_started,not_started,not_started,not_started,not_applicable,not_started,
verify_reproducibility_manifest,verify_reproducibility_manifest,R/029-benchmark-reproducibility.R,man/verify_reproducibility_manifest.Rd,(manifest),1,False,False,tests/testthat/test-benchmark-reproducibility-v2.R,,experimental,False,,,yes,not_started,not_started,not_started,not_started,not_started,not_applicable,not_started,
write_benchmark_data_dictionary,write_benchmark_data_dictionary,R/029-benchmark-reproducibility.R,man/write_benchmark_data_dictionary.Rd,"(study = eyeprocess_benchmark_study(), path = ""benchmark-data-dictionary.md"")",2,False,False,,vignettes/benchmark-reproduction.Rmd,experimental,False,,,yes,not_started,not_started,not_started,not_started,not_started,not_applicable,not_started,
write_model_promotion_report,write_model_promotion_report,R/023-validation-orchestration.R,man/write_model_promotion_report.Rd,"(x, path)",2,False,False,,,experimental,False,,,yes,not_started,not_started,not_started,not_started,not_started,not_applicable,not_started,
write_partitioned_eye_storage,write_partitioned_eye_storage,R/028-api-storage-adapters.R,man/write_partitioned_eye_storage.Rd,"(x, path, spec = partition_eye_storage(format = if (requireNamespace(""arrow"", quietly = TRUE)) ""parquet"" else ""rds""), overwrite = FALSE, tables = NULL)",5,False,False,tests/testthat/test-api-storage-adapters-v2.R,vignettes/api-storage-adapters.Rmd,deprecated,False,,,yes,not_started,not_started,not_started,not_started,not_started,not_applicable,not_started,
write_software_paper_reproduction,write_software_paper_reproduction,R/029-benchmark-reproducibility.R,man/write_software_paper_reproduction.Rd,"(directory, study = eyeprocess_benchmark_study(), overwrite = FALSE)",3,False,False,tests/testthat/test-benchmark-reproducibility-v2.R,vignettes/benchmark-reproduction.Rmd,experimental,False,,,yes,not_started,not_started,not_started,not_started,not_started,not_applicable,not_started,
write_validation_job_manifest,write_validation_job_manifest,R/023-validation-orchestration.R,man/write_validation_job_manifest.Rd,"(plan, path, overwrite = FALSE)",3,False,False,,vignettes/validation-execution-engine.Rmd,experimental,False,,,yes,not_started,not_started,not_started,not_started,not_started,not_applicable,not_started,
write_validation_release_report,write_validation_release_report,R/023-validation-orchestration.R,man/write_validation_release_report.Rd,"(
    x,
    path,
    completion = NULL,
    promotion = NULL,
    title = ""eyeprocess validation release report"",
    include_session = TRUE)",6,False,False,,vignettes/validation-execution-engine.Rmd,experimental,False,,,yes,not_started,not_started,not_started,not_started,not_started,not_applicable,not_started,
write_vendor_case_report,write_vendor_case_report,R/025-vendor-corpus.R,man/write_vendor_case_report.Rd,"(corpus_path, case_id, path, validation = NULL, roundtrip = NULL)",5,False,False,,vignettes/independent-vendor-corpus.Rmd,review-gated,False,,,yes,not_started,not_started,not_started,not_started,not_started,not_applicable,not_started,
write_vendor_registry,write_vendor_registry,R/025-vendor-corpus.R,man/write_vendor_registry.Rd,"(x, corpus_path)",2,False,False,,,review-gated,False,,,yes,not_started,not_started,not_started,not_started,not_started,not_applicable,not_started,
aoi_balance_coordinates,aoi_balance_coordinates,R/032-compositional-aoi.R,man/032-compositional-aoi.Rd,"(x, balances)",2,False,False,,,experimental,False,,,yes,not_started,not_started,not_started,not_started,not_started,not_applicable,not_started,
apply_device_linking,apply_device_linking,R/036-device-linking.R,man/036-device-linking.Rd,"(x, linking_model, metric = NULL, device_col = NULL, output_col = NULL)",5,False,False,tests/testthat/test-device-linking.R,,experimental,False,src/eyeprocesspy/measurement_intelligence.py,tests/test_measurement_intelligence.py,yes,implemented,implemented,implemented_initial,not_started,source_ported,not_applicable,docstring_initial,R-oracle numerical validation pending
apply_offline_recalibration,apply_offline_recalibration,R/034-calibration-recalibration.R,man/034-calibration-recalibration.Rd,"(x, model, x_col = NULL, y_col = NULL, suffix = ""_recalibrated"")",5,False,False,tests/testthat/test-calibration-recalibration.R,vignettes/uncertainty-calibration.Rmd,review-gated,False,src/eyeprocesspy/measurement_quality_legacy.py,tests/test_reconstructed_measurement_process.py,yes,implemented,implemented,implemented_initial,not_started,source_ported,not_applicable,article_or_example_initial,R oracle pending
assign_aois_probabilistic,assign_aois_probabilistic,R/031-probabilistic-aoi.R,man/031-probabilistic-aoi.Rd,"(
    x,
    aois,
    error_model = c(""empirical"", ""gaussian"", ""ellipse""),
    accuracy = NULL,
    precision = NULL,
    x_col = NULL,
    y_col = NULL,
    id_cols = NULL)",8,False,False,tests/testthat/test-probabilistic-aoi.R,vignettes/probabilistic-aoi-compositions.Rmd,experimental,False,,,yes,not_started,not_started,not_started,not_started,not_started,not_applicable,not_started,
audit_aoi_separation,audit_aoi_separation,R/031-probabilistic-aoi.R,man/031-probabilistic-aoi.Rd,"(x = NULL, aois = NULL)",2,False,False,tests/testthat/test-probabilistic-aoi.R,vignettes/probabilistic-aoi-compositions.Rmd,experimental,False,,,yes,not_started,not_started,not_started,not_started,not_started,not_applicable,not_started,
audit_bank_decision_stability,audit_bank_decision_stability,R/043-item-bank-optimization.R,man/043-item-bank-optimization.Rd,"(x, draws = 1000, noise_sd = 0.1, seed = 20260807)",4,False,False,tests/testthat/test-item-bank-optimization.R,vignettes/item-bank-fairness-norms.Rmd,experimental,False,src/eyeprocesspy/measurement_intelligence.py,tests/test_measurement_intelligence.py,yes,implemented,implemented,implemented_initial,not_started,source_ported,not_applicable,docstring_initial,R-oracle numerical validation pending
audit_device_equivalence,audit_device_equivalence,R/036-device-linking.R,man/036-device-linking.Rd,"(x, equivalence_margin, by = c(""metric"", ""task"", ""aoi""))",3,False,False,tests/testthat/test-device-linking.R,vignettes/reliability-device-transportability.Rmd,experimental,False,src/eyeprocesspy/measurement_intelligence.py,tests/test_measurement_intelligence.py,yes,implemented,implemented,implemented_initial,not_started,source_ported,not_applicable,docstring_initial,R-oracle numerical validation pending
audit_evidence_dependencies,audit_evidence_dependencies,R/046-evidence-provenance-graph.R,man/046-evidence-provenance-graph.Rd,(graph),1,False,False,tests/testthat/test-evidence-provenance.R,vignettes/evidence-decision-provenance.Rmd,experimental,False,src/eyeprocesspy/evidence_graph.py,tests/test_reconstructed_measurement_process.py,yes,implemented,implemented,implemented_initial,not_started,source_ported,not_applicable,article_or_example_initial,R oracle pending
audit_fairness_transportability,audit_fairness_transportability,R/044-process-dif-fairness.R,man/044-process-dif-fairness.Rd,"(x, context = ""device"", effect = ""process_dif"", item = ""item_id"")",4,False,False,tests/testthat/test-process-dif.R,,review-gated,False,src/eyeprocesspy/measurement_intelligence.py,tests/test_measurement_intelligence.py,yes,implemented,implemented,implemented_initial,not_started,source_ported,not_applicable,docstring_initial,R-oracle numerical validation pending
audit_norm_transportability,audit_norm_transportability,R/045-process-norms.R,man/045-process-norms.Rd,"(model, new_sample)",2,False,False,tests/testthat/test-process-norms.R,vignettes/item-bank-fairness-norms.Rmd,experimental,False,src/eyeprocesspy/measurement_intelligence.py,tests/test_measurement_intelligence.py,yes,implemented,implemented,implemented_initial,not_started,source_ported,not_applicable,docstring_initial,R-oracle numerical validation pending
audit_process_reliability,audit_process_reliability,R/035-process-reliability.R,man/035-process-reliability.Rd,"(x, metrics, method = c(""icc"", ""gtheory"", ""split_half"", ""bootstrap""), person_col = ""person_id"", item_col = ""item_id"", draws = 250)",6,False,False,tests/testthat/test-process-reliability.R,vignettes/reliability-device-transportability.Rmd,experimental,False,src/eyeprocesspy/measurement_quality_legacy.py,tests/test_reconstructed_measurement_process.py,yes,implemented,implemented,implemented_initial,not_started,source_ported,not_applicable,article_or_example_initial,R oracle pending
audit_pupil_registration,audit_pupil_registration,R/037-pupil-registration.R,man/037-pupil-registration.Rd,(x),1,False,False,,vignettes/pupil-registration-missingness.Rmd,experimental,False,src/eyeprocesspy/pupil_missingness.py,tests/test_reconstructed_measurement_process.py,yes,implemented,implemented,implemented_initial,not_started,source_ported,not_applicable,article_or_example_initial,R oracle pending
audit_recalibration,audit_recalibration,R/034-calibration-recalibration.R,man/034-calibration-recalibration.Rd,"(before, after, minimum_improvement = NULL)",3,False,False,tests/testthat/test-calibration-recalibration.R,vignettes/uncertainty-calibration.Rmd,review-gated,False,src/eyeprocesspy/measurement_quality_legacy.py,tests/test_reconstructed_measurement_process.py,yes,implemented,implemented,implemented_initial,not_started,source_ported,not_applicable,article_or_example_initial,R oracle pending
autoplot_eyeprocess,autoplot_eyeprocess,R/030-measurement-intelligence-utils.R,man/030-measurement-intelligence-utils.Rd,"(object, ...)",2,True,False,,,experimental,False,,,yes,not_started,not_started,not_started,not_started,not_started,not_applicable,not_started,
bootstrap_representative_scanpath,bootstrap_representative_scanpath,R/041-representative-scanpaths.R,man/041-representative-scanpaths.Rd,"(x, draws = 250, seed = 20260807)",3,False,False,tests/testthat/test-representative-scanpaths.R,,experimental,False,src/eyeprocesspy/process_dynamics.py,tests/test_reconstructed_measurement_process.py,yes,implemented,implemented,implemented_initial,not_started,source_ported,not_applicable,article_or_example_initial,R oracle pending
build_evidence_graph,build_evidence_graph,R/046-evidence-provenance-graph.R,man/046-evidence-provenance-graph.Rd,"(raw_data, transformations = NULL, metrics = NULL, models = NULL, diagnostics = NULL, decisions = NULL, edges = NULL)",7,False,False,tests/testthat/test-evidence-provenance.R,vignettes/evidence-decision-provenance.Rmd,experimental,False,src/eyeprocesspy/evidence_graph.py,tests/test_reconstructed_measurement_process.py,yes,implemented,implemented,implemented_initial,not_started,source_ported,not_applicable,article_or_example_initial,R oracle pending
compare_aoi_compositions,compare_aoi_compositions,R/032-compositional-aoi.R,man/032-compositional-aoi.Rd,"(
    x,
    group,
    method = c(""permanova"", ""compositional_manova""),
    permutations = 499,
    seed = 20260807)",5,False,False,tests/testthat/test-compositional-aoi.R,vignettes/probabilistic-aoi-compositions.Rmd,experimental,False,,,yes,not_started,not_started,not_started,not_started,not_started,not_applicable,not_started,
compare_decision_provenance,compare_decision_provenance,R/046-evidence-provenance-graph.R,man/046-evidence-provenance-graph.Rd,"(graph_a, graph_b)",2,False,False,tests/testthat/test-evidence-provenance.R,vignettes/evidence-decision-provenance.Rmd,experimental,False,src/eyeprocesspy/evidence_graph.py,tests/test_reconstructed_measurement_process.py,yes,implemented,implemented,implemented_initial,not_started,source_ported,not_applicable,article_or_example_initial,R oracle pending
compare_episode_structure,compare_episode_structure,R/042-process-episodes.R,man/042-process-episodes.Rd,"(x, group)",2,False,False,tests/testthat/test-process-episodes.R,,experimental,False,src/eyeprocesspy/process_dynamics.py,tests/test_reconstructed_measurement_process.py,yes,implemented,implemented,implemented_initial,not_started,source_ported,not_applicable,article_or_example_initial,R oracle pending
compare_scanpath_distributions,compare_scanpath_distributions,R/041-representative-scanpaths.R,man/041-representative-scanpaths.Rd,"(x, group, distance = c(""multimatch"", ""edit"", ""transport""), permutations = 499)",4,False,False,tests/testthat/test-representative-scanpaths.R,vignettes/scanpaths-and-cognitive-episodes.Rmd,experimental,False,src/eyeprocesspy/process_dynamics.py,tests/test_reconstructed_measurement_process.py,yes,implemented,implemented,implemented_initial,not_started,source_ported,not_applicable,article_or_example_initial,R oracle pending
compare_uncertainty_budgets,compare_uncertainty_budgets,R/033-process-uncertainty.R,man/033-process-uncertainty.Rd,(...),1,True,False,tests/testthat/test-process-uncertainty.R,,experimental,False,src/eyeprocesspy/measurement_quality_legacy.py,tests/test_reconstructed_measurement_process.py,yes,implemented,implemented,implemented_initial,not_started,source_ported,not_applicable,article_or_example_initial,R oracle pending
cross_recurrence,cross_recurrence,R/039-recurrence-analysis.R,man/039-recurrence-analysis.Rd,"(x, y, channels = c(""gaze_pupil"", ""gaze_eda"", ""pupil_eda""), radius = NULL)",4,False,False,tests/testthat/test-recurrence-analysis.R,vignettes/temporal-spatial-process-science.Rmd,experimental,False,src/eyeprocesspy/process_dynamics.py,tests/test_reconstructed_measurement_process.py,yes,implemented,implemented,implemented_initial,not_started,source_ported,not_applicable,article_or_example_initial,R oracle pending
crossmodal_recurrence_model,crossmodal_recurrence_model,R/047-measurement-intelligence-adapters.R,man/047-measurement-intelligence-adapters.Rd,"(
    x,
    y,
    outcome = NULL,
    channels = c(""gaze_pupil"", ""gaze_eda"", ""pupil_eda""),
    radius = NULL,
    covariates = NULL)",6,False,False,tests/testthat/test-measurement-intelligence-adapters.R,,experimental,False,src/eyeprocesspy/evidence_graph.py,tests/test_reconstructed_measurement_process.py,yes,implemented,implemented,implemented_initial,not_started,source_ported,not_applicable,article_or_example_initial,R oracle pending
decompose_dif_evidence,decompose_dif_evidence,R/044-process-dif-fairness.R,man/044-process-dif-fairness.Rd,"(psychometric, process = NULL, design_features = NULL)",3,False,False,tests/testthat/test-process-dif.R,,review-gated,False,src/eyeprocesspy/measurement_intelligence.py,tests/test_measurement_intelligence.py,yes,implemented,implemented,implemented_initial,not_started,source_ported,not_applicable,docstring_initial,R-oracle numerical validation pending
decompose_pupil_phase_amplitude,decompose_pupil_phase_amplitude,R/037-pupil-registration.R,man/037-pupil-registration.Rd,"(x, components = 3)",2,False,False,tests/testthat/test-pupil-registration.R,vignettes/pupil-registration-missingness.Rmd,experimental,False,src/eyeprocesspy/pupil_missingness.py,tests/test_reconstructed_measurement_process.py,yes,implemented,implemented,implemented_initial,not_started,source_ported,not_applicable,article_or_example_initial,R oracle pending
derive_aoi_composition,derive_aoi_composition,R/032-compositional-aoi.R,man/032-compositional-aoi.Rd,"(
    x,
    aois,
    denominator = c(""total_aoi_dwell"", ""trial_duration""),
    zero_method = c(""multiplicative"", ""bayesian""),
    id_cols = NULL,
    aoi_col = ""aoi"",
    value_col = ""dwell_ms"",
    trial_duration_col = NULL)",8,False,False,tests/testthat/test-compositional-aoi.R,vignettes/probabilistic-aoi-compositions.Rmd,experimental,False,,,yes,not_started,not_started,not_started,not_started,not_started,not_applicable,not_started,
design_process_dstudy,design_process_dstudy,R/035-process-reliability.R,man/035-process-reliability.Rd,"(gstudy, persons = NULL, items = seq(5, 50, 5), sessions = 1:5, devices = 1)",5,False,False,tests/testthat/test-process-reliability.R,vignettes/reliability-device-transportability.Rmd,experimental,False,src/eyeprocesspy/measurement_quality_legacy.py,tests/test_reconstructed_measurement_process.py,yes,implemented,implemented,implemented_initial,not_started,source_ported,not_applicable,article_or_example_initial,R oracle pending
detect_calibration_drift,detect_calibration_drift,R/034-calibration-recalibration.R,man/034-calibration-recalibration.Rd,"(
    x,
    references = NULL,
    window = ""30 sec"",
    method = c(""targets"", ""known_aois"", ""fixation_density""),
    x_col = NULL,
    y_col = NULL,
    time_col = NULL)",7,False,False,tests/testthat/test-calibration-recalibration.R,vignettes/uncertainty-calibration.Rmd,review-gated,False,src/eyeprocesspy/measurement_quality_legacy.py,tests/test_reconstructed_measurement_process.py,yes,implemented,implemented,implemented_initial,not_started,source_ported,not_applicable,article_or_example_initial,R oracle pending
detect_process_changepoints,detect_process_changepoints,R/042-process-episodes.R,man/042-process-episodes.Rd,"(x, channels = c(""gaze_velocity"", ""aoi"", ""pupil"", ""eda""), time_col = NULL, window = 10, threshold_quantile = 0.9, min_segment = 5)",6,False,False,tests/testthat/test-process-episodes.R,vignettes/scanpaths-and-cognitive-episodes.Rmd,experimental,False,src/eyeprocesspy/process_dynamics.py,tests/test_reconstructed_measurement_process.py,yes,implemented,implemented,implemented_initial,not_started,source_ported,not_applicable,article_or_example_initial,R oracle pending
diagnose_gaze_point_process,diagnose_gaze_point_process,R/040-fixation-point-process.R,man/040-fixation-point-process.Rd,(model),1,False,False,tests/testthat/test-fixation-point-process.R,vignettes/temporal-spatial-process-science.Rmd,experimental,False,src/eyeprocesspy/process_dynamics.py,tests/test_reconstructed_measurement_process.py,yes,implemented,implemented,implemented_initial,not_started,python_reference_differs,not_applicable,article_or_example_initial,Python reference differs from frozen R estimator; cross-language equivalence not claimed.
estimate_device_specific_error,estimate_device_specific_error,R/036-device-linking.R,man/036-device-linking.Rd,(x),1,False,False,tests/testthat/test-device-linking.R,,experimental,False,src/eyeprocesspy/measurement_intelligence.py,tests/test_measurement_intelligence.py,yes,implemented,implemented,implemented_initial,not_started,source_ported,not_applicable,docstring_initial,R-oracle numerical validation pending
estimate_process_uncertainty,estimate_process_uncertainty,R/033-process-uncertainty.R,man/033-process-uncertainty.Rd,"(x, spec = process_uncertainty_spec(), metrics = NULL, cluster = NULL)",4,False,False,tests/testthat/test-process-uncertainty.R,vignettes/uncertainty-calibration.Rmd,experimental,False,src/eyeprocesspy/measurement_quality_legacy.py,tests/test_reconstructed_measurement_process.py,yes,implemented,implemented,implemented_initial,not_started,source_ported,not_applicable,article_or_example_initial,R oracle pending
eye_plot_spec,eye_plot_spec,R/030-measurement-intelligence-utils.R,man/030-measurement-intelligence-utils.Rd,"(
    type = ""default"",
    title = NULL,
    xlab = NULL,
    ylab = NULL,
    caption = NULL,
    show_uncertainty = TRUE,
    show_raw = TRUE,
    facet_by = NULL,
    label_items = FALSE,
    interactive = FALSE)",10,False,False,,,experimental,False,,,yes,not_started,not_started,not_started,not_started,not_started,not_applicable,not_started,
fit_aoi_compositional_model,fit_aoi_compositional_model,R/032-compositional-aoi.R,man/032-compositional-aoi.Rd,"(composition, formula, random = NULL, data = NULL, method = ""ilr"")",5,False,False,tests/testthat/test-compositional-aoi.R,,experimental,False,,,yes,not_started,not_started,not_started,not_started,not_started,not_applicable,not_started,
fit_device_linking,fit_device_linking,R/036-device-linking.R,man/036-device-linking.Rd,"(x, metric, reference_device, method = c(""mixed_bland_altman"", ""hierarchical"", ""equipercentile""), device_col = ""device"", id_cols = c(""person_id"", ""item_id""))",6,False,False,tests/testthat/test-device-linking.R,vignettes/reliability-device-transportability.Rmd,experimental,False,src/eyeprocesspy/measurement_intelligence.py,tests/test_measurement_intelligence.py,yes,implemented,implemented,implemented_initial,not_started,source_ported,not_applicable,docstring_initial,R-oracle numerical validation pending
fit_fixation_point_process,fit_fixation_point_process,R/040-fixation-point-process.R,man/040-fixation-point-process.Rd,"(
    x,
    spatial_covariates = NULL,
    temporal_covariates = NULL,
    interaction = c(""none"", ""self_exciting""),
    x_col = ""x"",
    y_col = ""y"",
    time_col = ""time"",
    grid_size = 20)",8,False,False,tests/testthat/test-fixation-point-process.R,vignettes/temporal-spatial-process-science.Rmd,experimental,False,src/eyeprocesspy/process_dynamics.py,tests/test_reconstructed_measurement_process.py,yes,implemented,implemented,implemented_initial,not_started,python_reference_differs,not_applicable,article_or_example_initial,Python reference differs from frozen R estimator; cross-language equivalence not claimed.
fit_joint_signal_missingness,fit_joint_signal_missingness,R/038-informative-missingness.R,man/038-informative-missingness.Rd,"(outcome, observation, method = c(""selection"", ""shared_parameter""), x = NULL, predictors = NULL)",5,False,False,tests/testthat/test-informative-missingness.R,vignettes/pupil-registration-missingness.Rmd,experimental,False,src/eyeprocesspy/pupil_missingness.py,tests/test_reconstructed_measurement_process.py,yes,implemented,implemented,implemented_initial,not_started,source_ported,not_applicable,article_or_example_initial,R oracle pending
fit_marked_gaze_process,fit_marked_gaze_process,R/040-fixation-point-process.R,man/040-fixation-point-process.Rd,"(x, marks = c(""duration"", ""pupil"", ""saccade_amplitude""), x_col = ""x"", y_col = ""y"", time_col = ""time"")",5,False,False,tests/testthat/test-fixation-point-process.R,,experimental,False,src/eyeprocesspy/process_dynamics.py,tests/test_reconstructed_measurement_process.py,yes,implemented,implemented,implemented_initial,not_started,source_ported,not_applicable,article_or_example_initial,R oracle pending
fit_offline_recalibration,fit_offline_recalibration,R/034-calibration-recalibration.R,man/034-calibration-recalibration.Rd,"(
    x,
    method = c(""translation"", ""affine"", ""polynomial""),
    robust = TRUE,
    x_col = NULL,
    y_col = NULL,
    reference_x_col = NULL,
    reference_y_col = NULL)",7,False,False,tests/testthat/test-calibration-recalibration.R,vignettes/uncertainty-calibration.Rmd,review-gated,False,src/eyeprocesspy/measurement_quality_legacy.py,tests/test_reconstructed_measurement_process.py,yes,implemented,implemented,implemented_initial,not_started,python_reference_differs,not_applicable,article_or_example_initial,Python reference differs from frozen R estimator; cross-language equivalence not claimed.
fit_phase_amplitude_irt,fit_phase_amplitude_irt,R/037-pupil-registration.R,man/037-pupil-registration.Rd,"(responses, phase_scores, amplitude_scores = NULL, person_id = NULL, family = c(""gaussian"", ""binomial""), ...)",6,True,False,tests/testthat/test-pupil-registration.R,,experimental,False,src/eyeprocesspy/pupil_missingness.py,tests/test_reconstructed_measurement_process.py,yes,implemented,implemented,implemented_initial,not_started,source_ported,not_applicable,article_or_example_initial,R oracle pending
fit_process_dif,fit_process_dif,R/044-process-dif-fairness.R,man/044-process-dif-fairness.Rd,"(x, response, process, group, item, ability = NULL)",6,False,False,tests/testthat/test-process-dif.R,vignettes/item-bank-fairness-norms.Rmd,review-gated,False,src/eyeprocesspy/measurement_intelligence.py,tests/test_measurement_intelligence.py,yes,implemented,implemented,implemented_initial,not_started,source_ported,not_applicable,docstring_initial,R-oracle numerical validation pending
fit_process_gstudy,fit_process_gstudy,R/035-process-reliability.R,man/035-process-reliability.Rd,"(x, metric, facets = c(""person"", ""item"", ""session"", ""device""), design = c(""crossed"", ""nested""))",4,False,False,tests/testthat/test-process-reliability.R,vignettes/reliability-device-transportability.Rmd,experimental,False,src/eyeprocesspy/measurement_quality_legacy.py,tests/test_reconstructed_measurement_process.py,yes,implemented,implemented,implemented_initial,not_started,source_ported,not_applicable,article_or_example_initial,R oracle pending
fit_process_missingness_model,fit_process_missingness_model,R/047-measurement-intelligence-adapters.R,man/047-measurement-intelligence-adapters.Rd,"(x, observed, predictors, random = c(""person"", ""item""))",4,False,False,tests/testthat/test-measurement-intelligence-adapters.R,,experimental,False,src/eyeprocesspy/evidence_graph.py,tests/test_reconstructed_measurement_process.py,yes,implemented,implemented,implemented_initial,not_started,source_ported,not_applicable,article_or_example_initial,R oracle pending
fit_process_norms,fit_process_norms,R/045-process-norms.R,man/045-process-norms.Rd,"(x, metric, covariates, family = c(""auto"", ""gaussian"", ""lognormal""))",4,False,False,tests/testthat/test-process-norms.R,vignettes/item-bank-fairness-norms.Rmd,experimental,False,src/eyeprocesspy/measurement_intelligence.py,tests/test_measurement_intelligence.py,yes,implemented,implemented,implemented_initial,not_started,source_ported,not_applicable,docstring_initial,R-oracle numerical validation pending
fit_process_observation_model,fit_process_observation_model,R/038-informative-missingness.R,man/038-informative-missingness.Rd,"(x, observed, predictors, random = c(""person"", ""item""))",4,False,False,tests/testthat/test-informative-missingness.R,vignettes/pupil-registration-missingness.Rmd,experimental,False,src/eyeprocesspy/pupil_missingness.py,tests/test_reconstructed_measurement_process.py,yes,implemented,implemented,implemented_initial,not_started,source_ported,not_applicable,article_or_example_initial,R oracle pending
gaze_recurrence,gaze_recurrence,R/039-recurrence-analysis.R,man/039-recurrence-analysis.Rd,"(x, representation = c(""coordinates"", ""aoi"", ""velocity""), x_col = ""x"", y_col = ""y"", aoi_col = ""aoi"", radius = NULL)",6,False,False,tests/testthat/test-recurrence-analysis.R,vignettes/temporal-spatial-process-science.Rmd,experimental,False,src/eyeprocesspy/process_dynamics.py,tests/test_reconstructed_measurement_process.py,yes,implemented,implemented,implemented_initial,not_started,source_ported,not_applicable,article_or_example_initial,R oracle pending
item_objective_spec,item_objective_spec,R/043-item-bank-optimization.R,man/043-item-bank-optimization.Rd,"(
    information,
    process_burden,
    fairness,
    exposure,
    content_constraints = NULL,
    weights = c(information = 1, process_burden = 1, fairness = 1, exposure = 1),
    directions = c(information = ""max"", process_burden = ""min"", fairness = ""min"", exposure = ""min""))",7,False,False,tests/testthat/test-item-bank-optimization.R,vignettes/item-bank-fairness-norms.Rmd,experimental,False,src/eyeprocesspy/measurement_intelligence.py,tests/test_measurement_intelligence.py,yes,implemented,implemented,implemented_initial,not_started,source_ported,not_applicable,docstring_initial,R-oracle numerical validation pending
item_pareto_front,item_pareto_front,R/043-item-bank-optimization.R,man/043-item-bank-optimization.Rd,"(x, objectives)",2,False,False,tests/testthat/test-item-bank-optimization.R,vignettes/item-bank-fairness-norms.Rmd,experimental,False,src/eyeprocesspy/measurement_intelligence.py,tests/test_measurement_intelligence.py,yes,implemented,implemented,implemented_initial,not_started,source_ported,not_applicable,docstring_initial,R-oracle numerical validation pending
label_process_episodes,label_process_episodes,R/042-process-episodes.R,man/042-process-episodes.Rd,"(x, rules = NULL, model = NULL)",3,False,False,tests/testthat/test-process-episodes.R,vignettes/scanpaths-and-cognitive-episodes.Rmd,experimental,False,src/eyeprocesspy/process_dynamics.py,tests/test_reconstructed_measurement_process.py,yes,implemented,implemented,implemented_initial,not_started,source_ported,not_applicable,article_or_example_initial,R oracle pending
monitor_dif_drift,monitor_dif_drift,R/044-process-dif-fairness.R,man/044-process-dif-fairness.Rd,"(x, time, group, metrics, item = NULL)",5,False,False,tests/testthat/test-process-dif.R,vignettes/item-bank-fairness-norms.Rmd,review-gated,False,src/eyeprocesspy/measurement_intelligence.py,tests/test_measurement_intelligence.py,yes,implemented,implemented,implemented_initial,not_started,source_ported,not_applicable,docstring_initial,R-oracle numerical validation pending
optimize_item_bank,optimize_item_bank,R/043-item-bank-optimization.R,man/043-item-bank-optimization.Rd,"(x, n_items, objectives, constraints = NULL, method = c(""integer"", ""evolutionary""), iterations = 500, seed = 20260807)",7,False,False,tests/testthat/test-item-bank-optimization.R,vignettes/item-bank-fairness-norms.Rmd,experimental,False,src/eyeprocesspy/measurement_intelligence.py,tests/test_measurement_intelligence.py,yes,implemented,implemented,implemented_initial,not_started,source_ported,not_applicable,docstring_initial,R-oracle numerical validation pending
plot_aoi_balance_biplot,plot_aoi_balance_biplot,R/032-compositional-aoi.R,man/032-compositional-aoi.Rd,"(x, ...)",2,True,False,,,experimental,True,,,yes,not_started,not_started,not_started,not_started,not_started,not_started,not_started,
plot_aoi_boundary_risk,plot_aoi_boundary_risk,R/031-probabilistic-aoi.R,man/031-probabilistic-aoi.Rd,"(x, ...)",2,True,False,,vignettes/probabilistic-aoi-compositions.Rmd,experimental,True,,,yes,not_started,not_started,not_started,not_started,not_started,not_started,not_started,
plot_aoi_composition_trajectory,plot_aoi_composition_trajectory,R/032-compositional-aoi.R,man/032-compositional-aoi.Rd,"(x, ...)",2,True,False,,,experimental,True,,,yes,not_started,not_started,not_started,not_started,not_started,not_started,not_started,
plot_aoi_metric_uncertainty,plot_aoi_metric_uncertainty,R/031-probabilistic-aoi.R,man/031-probabilistic-aoi.Rd,"(x, ...)",2,True,False,tests/testthat/test-probabilistic-aoi.R,vignettes/probabilistic-aoi-compositions.Rmd,experimental,True,,,yes,not_started,not_started,not_started,not_started,not_started,not_started,not_started,
plot_aoi_probability_map,plot_aoi_probability_map,R/031-probabilistic-aoi.R,man/031-probabilistic-aoi.Rd,"(x, ...)",2,True,False,tests/testthat/test-probabilistic-aoi.R,vignettes/probabilistic-aoi-compositions.Rmd,experimental,True,,,yes,not_started,not_started,not_started,not_started,not_started,not_started,not_started,
plot_aoi_ternary,plot_aoi_ternary,R/032-compositional-aoi.R,man/032-compositional-aoi.Rd,"(x, ...)",2,True,False,tests/testthat/test-compositional-aoi.R,vignettes/probabilistic-aoi-compositions.Rmd,experimental,True,,,yes,not_started,not_started,not_started,not_started,not_started,not_started,not_started,
plot_aoi_variation_matrix,plot_aoi_variation_matrix,R/032-compositional-aoi.R,man/032-compositional-aoi.Rd,"(x, ...)",2,True,False,,vignettes/probabilistic-aoi-compositions.Rmd,experimental,True,,,yes,not_started,not_started,not_started,not_started,not_started,not_started,not_started,
plot_bank_information_coverage,plot_bank_information_coverage,R/043-item-bank-optimization.R,man/043-item-bank-optimization.Rd,"(x, ...)",2,True,False,,,experimental,True,src/eyeprocesspy/measurement_intelligence.py,tests/test_measurement_intelligence.py,yes,implemented,implemented,implemented_initial,not_started,source_ported,not_started,docstring_initial,R-oracle numerical validation pending
plot_calibration_error_ellipses,plot_calibration_error_ellipses,R/034-calibration-recalibration.R,man/034-calibration-recalibration.Rd,"(x, ...)",2,True,False,,,review-gated,True,src/eyeprocesspy/measurement_quality_legacy.py,tests/test_reconstructed_measurement_process.py,yes,implemented,implemented,implemented_initial,not_started,source_ported,implemented,article_or_example_initial,R oracle pending
plot_calibration_vector_field,plot_calibration_vector_field,R/034-calibration-recalibration.R,man/034-calibration-recalibration.Rd,"(x, ...)",2,True,False,tests/testthat/test-calibration-recalibration.R,vignettes/uncertainty-calibration.Rmd,review-gated,True,src/eyeprocesspy/measurement_quality_legacy.py,tests/test_reconstructed_measurement_process.py,yes,implemented,implemented,implemented_initial,not_started,source_ported,implemented,article_or_example_initial,R oracle pending
plot_changepoint_ribbons,plot_changepoint_ribbons,R/042-process-episodes.R,man/042-process-episodes.Rd,"(x, ...)",2,True,False,,vignettes/scanpaths-and-cognitive-episodes.Rmd,experimental,True,src/eyeprocesspy/process_dynamics.py,tests/test_reconstructed_measurement_process.py,yes,implemented,implemented,implemented_initial,not_started,source_ported,implemented,article_or_example_initial,R oracle pending
plot_complete_case_sensitivity,plot_complete_case_sensitivity,R/038-informative-missingness.R,man/038-informative-missingness.Rd,"(x, ...)",2,True,False,,,experimental,True,src/eyeprocesspy/pupil_missingness.py,tests/test_reconstructed_measurement_process.py,yes,implemented,implemented,implemented_initial,not_started,source_ported,implemented,article_or_example_initial,R oracle pending
plot_compositional_group_difference,plot_compositional_group_difference,R/032-compositional-aoi.R,man/032-compositional-aoi.Rd,"(x, ...)",2,True,False,,vignettes/probabilistic-aoi-compositions.Rmd,experimental,True,,,yes,not_started,not_started,not_started,not_started,not_started,not_started,not_started,
plot_covariate_effect_surface,plot_covariate_effect_surface,R/040-fixation-point-process.R,man/040-fixation-point-process.Rd,"(x, ...)",2,True,False,,,experimental,True,src/eyeprocesspy/process_dynamics.py,tests/test_reconstructed_measurement_process.py,yes,implemented,implemented,implemented_initial,not_started,source_ported,implemented,article_or_example_initial,R oracle pending
plot_cross_vendor_metric_matrix,plot_cross_vendor_metric_matrix,R/036-device-linking.R,man/036-device-linking.Rd,"(x, ...)",2,True,False,,,experimental,True,src/eyeprocesspy/measurement_intelligence.py,tests/test_measurement_intelligence.py,yes,implemented,implemented,implemented_initial,not_started,source_ported,not_started,docstring_initial,R-oracle numerical validation pending
plot_crossmodal_recurrence,plot_crossmodal_recurrence,R/039-recurrence-analysis.R,man/039-recurrence-analysis.Rd,"(x, ...)",2,True,False,,vignettes/temporal-spatial-process-science.Rmd,experimental,True,src/eyeprocesspy/process_dynamics.py,tests/test_reconstructed_measurement_process.py,yes,implemented,implemented,implemented_initial,not_started,source_ported,implemented,article_or_example_initial,R oracle pending
plot_decision_stability,plot_decision_stability,R/043-item-bank-optimization.R,man/043-item-bank-optimization.Rd,"(x, ...)",2,True,False,,vignettes/item-bank-fairness-norms.Rmd,experimental,True,src/eyeprocesspy/measurement_intelligence.py,tests/test_measurement_intelligence.py,yes,implemented,implemented,implemented_initial,not_started,source_ported,not_started,docstring_initial,R-oracle numerical validation pending
plot_dependability_surface,plot_dependability_surface,R/035-process-reliability.R,man/035-process-reliability.Rd,"(x, ...)",2,True,False,tests/testthat/test-process-reliability.R,vignettes/reliability-device-transportability.Rmd,experimental,True,src/eyeprocesspy/measurement_quality_legacy.py,tests/test_reconstructed_measurement_process.py,yes,implemented,implemented,implemented_initial,not_started,source_ported,implemented,article_or_example_initial,R oracle pending
plot_device_agreement,plot_device_agreement,R/036-device-linking.R,man/036-device-linking.Rd,"(x, ...)",2,True,False,tests/testthat/test-device-linking.R,vignettes/reliability-device-transportability.Rmd,experimental,True,src/eyeprocesspy/measurement_intelligence.py,tests/test_measurement_intelligence.py,yes,implemented,implemented,implemented_initial,not_started,source_ported,not_started,docstring_initial,R-oracle numerical validation pending
plot_device_bias_by_magnitude,plot_device_bias_by_magnitude,R/036-device-linking.R,man/036-device-linking.Rd,"(x, ...)",2,True,False,,vignettes/reliability-device-transportability.Rmd,experimental,True,src/eyeprocesspy/measurement_intelligence.py,tests/test_measurement_intelligence.py,yes,implemented,implemented,implemented_initial,not_started,source_ported,not_started,docstring_initial,R-oracle numerical validation pending
plot_device_equivalence_intervals,plot_device_equivalence_intervals,R/036-device-linking.R,man/036-device-linking.Rd,"(x, ...)",2,True,False,,vignettes/reliability-device-transportability.Rmd,experimental,True,src/eyeprocesspy/measurement_intelligence.py,tests/test_measurement_intelligence.py,yes,implemented,implemented,implemented_initial,not_started,source_ported,not_started,docstring_initial,R-oracle numerical validation pending
plot_device_transfer_curve,plot_device_transfer_curve,R/036-device-linking.R,man/036-device-linking.Rd,"(x, ...)",2,True,False,,vignettes/reliability-device-transportability.Rmd,experimental,True,src/eyeprocesspy/measurement_intelligence.py,tests/test_measurement_intelligence.py,yes,implemented,implemented,implemented_initial,not_started,source_ported,not_started,docstring_initial,R-oracle numerical validation pending
plot_diagnostics,plot_diagnostics,R/030-measurement-intelligence-utils.R,man/030-measurement-intelligence-utils.Rd,"(x, ...)",2,True,True,,,experimental,True,,,yes,not_started,not_started,not_started,not_started,not_started,not_started,not_started,
plot_diagonal_recurrence_profile,plot_diagonal_recurrence_profile,R/039-recurrence-analysis.R,man/039-recurrence-analysis.Rd,"(x, ...)",2,True,False,,vignettes/temporal-spatial-process-science.Rmd,experimental,True,src/eyeprocesspy/process_dynamics.py,tests/test_reconstructed_measurement_process.py,yes,implemented,implemented,implemented_initial,not_started,source_ported,implemented,article_or_example_initial,R oracle pending
plot_dif_drift_heatmap,plot_dif_drift_heatmap,R/044-process-dif-fairness.R,man/044-process-dif-fairness.Rd,"(x, ...)",2,True,False,,vignettes/item-bank-fairness-norms.Rmd,review-gated,True,src/eyeprocesspy/measurement_intelligence.py,tests/test_measurement_intelligence.py,yes,implemented,implemented,implemented_initial,not_started,source_ported,not_started,docstring_initial,R-oracle numerical validation pending
plot_drift_over_time,plot_drift_over_time,R/034-calibration-recalibration.R,man/034-calibration-recalibration.Rd,"(x, ...)",2,True,False,,vignettes/uncertainty-calibration.Rmd,review-gated,True,src/eyeprocesspy/measurement_quality_legacy.py,tests/test_reconstructed_measurement_process.py,yes,implemented,implemented,implemented_initial,not_started,source_ported,implemented,article_or_example_initial,R oracle pending
plot_episode_duration_distribution,plot_episode_duration_distribution,R/042-process-episodes.R,man/042-process-episodes.Rd,"(x, ...)",2,True,False,,vignettes/scanpaths-and-cognitive-episodes.Rmd,experimental,True,src/eyeprocesspy/process_dynamics.py,tests/test_reconstructed_measurement_process.py,yes,implemented,implemented,implemented_initial,not_started,source_ported,implemented,article_or_example_initial,R oracle pending
plot_episode_transition_graph,plot_episode_transition_graph,R/042-process-episodes.R,man/042-process-episodes.Rd,"(x, ...)",2,True,False,,vignettes/scanpaths-and-cognitive-episodes.Rmd,experimental,True,src/eyeprocesspy/process_dynamics.py,tests/test_reconstructed_measurement_process.py,yes,implemented,implemented,implemented_initial,not_started,source_ported,implemented,article_or_example_initial,R oracle pending
plot_episode_waterfall,plot_episode_waterfall,R/042-process-episodes.R,man/042-process-episodes.Rd,"(x, ...)",2,True,False,,,experimental,True,src/eyeprocesspy/process_dynamics.py,tests/test_reconstructed_measurement_process.py,yes,implemented,implemented,implemented_initial,not_started,source_ported,implemented,article_or_example_initial,R oracle pending
plot_evidence,plot_evidence,R/030-measurement-intelligence-utils.R,man/030-measurement-intelligence-utils.Rd,"(x, ...)",2,True,True,,,experimental,True,,,yes,not_started,not_started,not_started,not_started,not_started,not_started,not_started,
plot_evidence_graph,plot_evidence_graph,R/046-evidence-provenance-graph.R,man/046-evidence-provenance-graph.Rd,"(x, ...)",2,True,False,tests/testthat/test-evidence-provenance.R,vignettes/evidence-decision-provenance.Rmd,experimental,True,src/eyeprocesspy/evidence_graph.py,tests/test_reconstructed_measurement_process.py,yes,implemented,implemented,implemented_initial,not_started,source_ported,implemented,article_or_example_initial,R oracle pending
plot_fairness_transport_matrix,plot_fairness_transport_matrix,R/044-process-dif-fairness.R,man/044-process-dif-fairness.Rd,"(x, ...)",2,True,False,,,review-gated,True,src/eyeprocesspy/measurement_intelligence.py,tests/test_measurement_intelligence.py,yes,implemented,implemented,implemented_initial,not_started,source_ported,not_started,docstring_initial,R-oracle numerical validation pending
plot_fixation_intensity,plot_fixation_intensity,R/040-fixation-point-process.R,man/040-fixation-point-process.Rd,"(x, ...)",2,True,False,tests/testthat/test-fixation-point-process.R,vignettes/temporal-spatial-process-science.Rmd,experimental,True,src/eyeprocesspy/process_dynamics.py,tests/test_reconstructed_measurement_process.py,yes,implemented,implemented,implemented_initial,not_started,source_ported,implemented,article_or_example_initial,R oracle pending
plot_fuzzy_transition_matrix,plot_fuzzy_transition_matrix,R/031-probabilistic-aoi.R,man/031-probabilistic-aoi.Rd,"(x, ...)",2,True,False,,,experimental,True,,,yes,not_started,not_started,not_started,not_started,not_started,not_started,not_started,
plot_group_icc_process_overlay,plot_group_icc_process_overlay,R/044-process-dif-fairness.R,man/044-process-dif-fairness.Rd,"(x, ...)",2,True,False,,,review-gated,True,src/eyeprocesspy/measurement_intelligence.py,tests/test_measurement_intelligence.py,yes,implemented,implemented,implemented_initial,not_started,source_ported,not_started,docstring_initial,R-oracle numerical validation pending
plot_group_scanpath_transport,plot_group_scanpath_transport,R/041-representative-scanpaths.R,man/041-representative-scanpaths.Rd,"(x, ...)",2,True,False,,vignettes/scanpaths-and-cognitive-episodes.Rmd,experimental,True,src/eyeprocesspy/process_dynamics.py,tests/test_reconstructed_measurement_process.py,yes,implemented,implemented,implemented_initial,not_started,source_ported,implemented,article_or_example_initial,R oracle pending
plot_item_decision_path,plot_item_decision_path,R/046-evidence-provenance-graph.R,man/046-evidence-provenance-graph.Rd,"(x, ...)",2,True,False,,vignettes/evidence-decision-provenance.Rmd,experimental,True,src/eyeprocesspy/evidence_graph.py,tests/test_reconstructed_measurement_process.py,yes,implemented,implemented,implemented_initial,not_started,source_ported,implemented,article_or_example_initial,R oracle pending
plot_item_group_process_curves,plot_item_group_process_curves,R/044-process-dif-fairness.R,man/044-process-dif-fairness.Rd,"(x, ...)",2,True,False,,,review-gated,True,src/eyeprocesspy/measurement_intelligence.py,tests/test_measurement_intelligence.py,yes,implemented,implemented,implemented_initial,not_started,source_ported,not_started,docstring_initial,R-oracle numerical validation pending
plot_item_normative_deviation,plot_item_normative_deviation,R/045-process-norms.R,man/045-process-norms.Rd,"(x, ...)",2,True,False,,,experimental,True,src/eyeprocesspy/measurement_intelligence.py,tests/test_measurement_intelligence.py,yes,implemented,implemented,implemented_initial,not_started,source_ported,not_started,docstring_initial,R-oracle numerical validation pending
plot_item_pareto,plot_item_pareto,R/043-item-bank-optimization.R,man/043-item-bank-optimization.Rd,"(x, ...)",2,True,False,tests/testthat/test-item-bank-optimization.R,vignettes/item-bank-fairness-norms.Rmd,experimental,True,src/eyeprocesspy/measurement_intelligence.py,tests/test_measurement_intelligence.py,yes,implemented,implemented,implemented_initial,not_started,source_ported,not_started,docstring_initial,R-oracle numerical validation pending
plot_item_phase_delay,plot_item_phase_delay,R/037-pupil-registration.R,man/037-pupil-registration.Rd,"(x, ...)",2,True,False,,,experimental,True,src/eyeprocesspy/pupil_missingness.py,tests/test_reconstructed_measurement_process.py,yes,implemented,implemented,implemented_initial,not_started,source_ported,implemented,article_or_example_initial,R oracle pending
plot_item_sampling_reliability,plot_item_sampling_reliability,R/035-process-reliability.R,man/035-process-reliability.Rd,"(x, ...)",2,True,False,,,experimental,True,src/eyeprocesspy/measurement_quality_legacy.py,tests/test_reconstructed_measurement_process.py,yes,implemented,implemented,implemented_initial,not_started,source_ported,implemented,article_or_example_initial,R oracle pending
plot_metric_dependency_graph,plot_metric_dependency_graph,R/046-evidence-provenance-graph.R,man/046-evidence-provenance-graph.Rd,"(x, ...)",2,True,False,,vignettes/evidence-decision-provenance.Rmd,experimental,True,src/eyeprocesspy/evidence_graph.py,tests/test_reconstructed_measurement_process.py,yes,implemented,implemented,implemented_initial,not_started,source_ported,implemented,article_or_example_initial,R oracle pending
plot_missingness_by_aoi,plot_missingness_by_aoi,R/038-informative-missingness.R,man/038-informative-missingness.Rd,"(x, ...)",2,True,False,,,experimental,True,src/eyeprocesspy/pupil_missingness.py,tests/test_reconstructed_measurement_process.py,yes,implemented,implemented,implemented_initial,not_started,source_ported,implemented,article_or_example_initial,R oracle pending
plot_missingness_by_time,plot_missingness_by_time,R/038-informative-missingness.R,man/038-informative-missingness.Rd,"(x, ...)",2,True,False,,,experimental,True,src/eyeprocesspy/pupil_missingness.py,tests/test_reconstructed_measurement_process.py,yes,implemented,implemented,implemented_initial,not_started,source_ported,implemented,article_or_example_initial,R oracle pending
plot_mnar_tipping_point,plot_mnar_tipping_point,R/038-informative-missingness.R,man/038-informative-missingness.Rd,"(x, ...)",2,True,False,tests/testthat/test-informative-missingness.R,vignettes/pupil-registration-missingness.Rmd,experimental,True,src/eyeprocesspy/pupil_missingness.py,tests/test_reconstructed_measurement_process.py,yes,implemented,implemented,implemented_initial,not_started,source_ported,implemented,article_or_example_initial,R oracle pending
plot_model_decision_impact,plot_model_decision_impact,R/046-evidence-provenance-graph.R,man/046-evidence-provenance-graph.Rd,"(x, ...)",2,True,False,,vignettes/evidence-decision-provenance.Rmd,experimental,True,src/eyeprocesspy/evidence_graph.py,tests/test_reconstructed_measurement_process.py,yes,implemented,implemented,implemented_initial,not_started,source_ported,implemented,article_or_example_initial,R oracle pending
plot_normative_fan,plot_normative_fan,R/045-process-norms.R,man/045-process-norms.Rd,"(x, ...)",2,True,False,,,experimental,True,src/eyeprocesspy/measurement_intelligence.py,tests/test_measurement_intelligence.py,yes,implemented,implemented,implemented_initial,not_started,source_ported,not_started,docstring_initial,R-oracle numerical validation pending
plot_objective_tradeoffs,plot_objective_tradeoffs,R/043-item-bank-optimization.R,man/043-item-bank-optimization.Rd,"(x, ...)",2,True,False,,,experimental,True,src/eyeprocesspy/measurement_intelligence.py,tests/test_measurement_intelligence.py,yes,implemented,implemented,implemented_initial,not_started,source_ported,not_started,docstring_initial,R-oracle numerical validation pending
plot_observation_probability,plot_observation_probability,R/038-informative-missingness.R,man/038-informative-missingness.Rd,"(x, ...)",2,True,False,,vignettes/pupil-registration-missingness.Rmd,experimental,True,src/eyeprocesspy/pupil_missingness.py,tests/test_reconstructed_measurement_process.py,yes,implemented,implemented,implemented_initial,not_started,source_ported,implemented,article_or_example_initial,R oracle pending
plot_observed_expected_fixations,plot_observed_expected_fixations,R/040-fixation-point-process.R,man/040-fixation-point-process.Rd,"(x, ...)",2,True,False,,vignettes/temporal-spatial-process-science.Rmd,experimental,True,src/eyeprocesspy/process_dynamics.py,tests/test_reconstructed_measurement_process.py,yes,implemented,implemented,implemented_initial,not_started,source_ported,implemented,article_or_example_initial,R oracle pending
plot_person_normative_profile,plot_person_normative_profile,R/045-process-norms.R,man/045-process-norms.Rd,"(x, ...)",2,True,False,,,experimental,True,src/eyeprocesspy/measurement_intelligence.py,tests/test_measurement_intelligence.py,yes,implemented,implemented,implemented_initial,not_started,source_ported,not_started,docstring_initial,R-oracle numerical validation pending
plot_phase_amplitude_scores,plot_phase_amplitude_scores,R/037-pupil-registration.R,man/037-pupil-registration.Rd,"(x, ...)",2,True,False,,vignettes/pupil-registration-missingness.Rmd,experimental,True,src/eyeprocesspy/pupil_missingness.py,tests/test_reconstructed_measurement_process.py,yes,implemented,implemented,implemented_initial,not_started,source_ported,implemented,article_or_example_initial,R oracle pending
plot_probabilistic_scanpath,plot_probabilistic_scanpath,R/031-probabilistic-aoi.R,man/031-probabilistic-aoi.Rd,"(x, ...)",2,True,False,,,experimental,True,,,yes,not_started,not_started,not_started,not_started,not_started,not_started,not_started,
plot_process_centiles,plot_process_centiles,R/045-process-norms.R,man/045-process-norms.Rd,"(x, ...)",2,True,False,tests/testthat/test-process-norms.R,vignettes/item-bank-fairness-norms.Rmd,experimental,True,src/eyeprocesspy/measurement_intelligence.py,tests/test_measurement_intelligence.py,yes,implemented,implemented,implemented_initial,not_started,source_ported,not_started,docstring_initial,R-oracle numerical validation pending
plot_process_dif_forest,plot_process_dif_forest,R/044-process-dif-fairness.R,man/044-process-dif-fairness.Rd,"(x, ...)",2,True,False,tests/testthat/test-process-dif.R,vignettes/item-bank-fairness-norms.Rmd,review-gated,True,src/eyeprocesspy/measurement_intelligence.py,tests/test_measurement_intelligence.py,yes,implemented,implemented,implemented_initial,not_started,source_ported,not_started,docstring_initial,R-oracle numerical validation pending
plot_process_episodes,plot_process_episodes,R/042-process-episodes.R,man/042-process-episodes.Rd,"(x, ...)",2,True,False,tests/testthat/test-process-episodes.R,vignettes/scanpaths-and-cognitive-episodes.Rmd,experimental,True,src/eyeprocesspy/process_dynamics.py,tests/test_reconstructed_measurement_process.py,yes,implemented,implemented,implemented_initial,not_started,source_ported,implemented,article_or_example_initial,R oracle pending
plot_pupil_registration,plot_pupil_registration,R/037-pupil-registration.R,man/037-pupil-registration.Rd,"(x, ...)",2,True,False,tests/testthat/test-pupil-registration.R,vignettes/pupil-registration-missingness.Rmd,experimental,True,src/eyeprocesspy/pupil_missingness.py,tests/test_reconstructed_measurement_process.py,yes,implemented,implemented,implemented_initial,not_started,source_ported,implemented,article_or_example_initial,R oracle pending
plot_recalibration_before_after,plot_recalibration_before_after,R/034-calibration-recalibration.R,man/034-calibration-recalibration.Rd,"(x, ...)",2,True,False,tests/testthat/test-calibration-recalibration.R,vignettes/uncertainty-calibration.Rmd,review-gated,True,src/eyeprocesspy/measurement_quality_legacy.py,tests/test_reconstructed_measurement_process.py,yes,implemented,implemented,implemented_initial,not_started,source_ported,implemented,article_or_example_initial,R oracle pending
plot_recurrence_matrix,plot_recurrence_matrix,R/039-recurrence-analysis.R,man/039-recurrence-analysis.Rd,"(x, ...)",2,True,False,tests/testthat/test-recurrence-analysis.R,vignettes/temporal-spatial-process-science.Rmd,experimental,True,src/eyeprocesspy/process_dynamics.py,tests/test_reconstructed_measurement_process.py,yes,implemented,implemented,implemented_initial,not_started,source_ported,implemented,article_or_example_initial,R oracle pending
plot_recurrence_network,plot_recurrence_network,R/039-recurrence-analysis.R,man/039-recurrence-analysis.Rd,"(x, ...)",2,True,False,,,experimental,True,src/eyeprocesspy/process_dynamics.py,tests/test_reconstructed_measurement_process.py,yes,implemented,implemented,implemented_initial,not_started,source_ported,implemented,article_or_example_initial,R oracle pending
plot_registered_pupil_effects,plot_registered_pupil_effects,R/037-pupil-registration.R,man/037-pupil-registration.Rd,"(x, ...)",2,True,False,,,experimental,True,src/eyeprocesspy/pupil_missingness.py,tests/test_reconstructed_measurement_process.py,yes,implemented,implemented,implemented_initial,not_started,source_ported,implemented,article_or_example_initial,R oracle pending
plot_reliability_by_metric,plot_reliability_by_metric,R/035-process-reliability.R,man/035-process-reliability.Rd,"(x, ...)",2,True,False,,vignettes/reliability-device-transportability.Rmd,experimental,True,src/eyeprocesspy/measurement_quality_legacy.py,tests/test_reconstructed_measurement_process.py,yes,implemented,implemented,implemented_initial,not_started,source_ported,implemented,article_or_example_initial,R oracle pending
plot_representative_scanpath,plot_representative_scanpath,R/041-representative-scanpaths.R,man/041-representative-scanpaths.Rd,"(x, ...)",2,True,False,tests/testthat/test-representative-scanpaths.R,vignettes/scanpaths-and-cognitive-episodes.Rmd,experimental,True,src/eyeprocesspy/process_dynamics.py,tests/test_reconstructed_measurement_process.py,yes,implemented,implemented,implemented_initial,not_started,source_ported,implemented,article_or_example_initial,R oracle pending
plot_scanpath_atlas,plot_scanpath_atlas,R/041-representative-scanpaths.R,man/041-representative-scanpaths.Rd,"(x, ...)",2,True,False,,,experimental,True,src/eyeprocesspy/process_dynamics.py,tests/test_reconstructed_measurement_process.py,yes,implemented,implemented,implemented_initial,not_started,source_ported,implemented,article_or_example_initial,R oracle pending
plot_scanpath_dispersion,plot_scanpath_dispersion,R/041-representative-scanpaths.R,man/041-representative-scanpaths.Rd,"(x, ...)",2,True,False,,vignettes/scanpaths-and-cognitive-episodes.Rmd,experimental,True,src/eyeprocesspy/process_dynamics.py,tests/test_reconstructed_measurement_process.py,yes,implemented,implemented,implemented_initial,not_started,source_ported,implemented,article_or_example_initial,R oracle pending
plot_scanpath_similarity_matrix,plot_scanpath_similarity_matrix,R/041-representative-scanpaths.R,man/041-representative-scanpaths.Rd,"(x, ...)",2,True,False,,vignettes/scanpaths-and-cognitive-episodes.Rmd,experimental,True,src/eyeprocesspy/process_dynamics.py,tests/test_reconstructed_measurement_process.py,yes,implemented,implemented,implemented_initial,not_started,source_ported,implemented,article_or_example_initial,R oracle pending
plot_screen_coverage,plot_screen_coverage,R/034-calibration-recalibration.R,man/034-calibration-recalibration.Rd,"(x, ...)",2,True,False,,,review-gated,True,src/eyeprocesspy/measurement_quality_legacy.py,tests/test_reconstructed_measurement_process.py,yes,implemented,implemented,implemented_initial,not_started,source_ported,implemented,article_or_example_initial,R oracle pending
plot_selected_bank_profile,plot_selected_bank_profile,R/043-item-bank-optimization.R,man/043-item-bank-optimization.Rd,"(x, ...)",2,True,False,,vignettes/item-bank-fairness-norms.Rmd,experimental,True,src/eyeprocesspy/measurement_intelligence.py,tests/test_measurement_intelligence.py,yes,implemented,implemented,implemented_initial,not_started,source_ported,not_started,docstring_initial,R-oracle numerical validation pending
plot_sensitivity,plot_sensitivity,R/030-measurement-intelligence-utils.R,man/030-measurement-intelligence-utils.Rd,"(x, ...)",2,True,True,,,experimental,True,,,yes,not_started,not_started,not_started,not_started,not_started,not_started,not_started,
plot_session_stability,plot_session_stability,R/035-process-reliability.R,man/035-process-reliability.Rd,"(x, ...)",2,True,False,,,experimental,True,src/eyeprocesspy/measurement_quality_legacy.py,tests/test_reconstructed_measurement_process.py,yes,implemented,implemented,implemented_initial,not_started,source_ported,implemented,article_or_example_initial,R oracle pending
plot_spatial_residuals,plot_spatial_residuals,R/040-fixation-point-process.R,man/040-fixation-point-process.Rd,"(x, ...)",2,True,False,,vignettes/temporal-spatial-process-science.Rmd,experimental,True,src/eyeprocesspy/process_dynamics.py,tests/test_reconstructed_measurement_process.py,yes,implemented,implemented,implemented_initial,not_started,source_ported,implemented,article_or_example_initial,R oracle pending
plot_temporal_excitation_kernel,plot_temporal_excitation_kernel,R/040-fixation-point-process.R,man/040-fixation-point-process.Rd,"(x, ...)",2,True,False,,,experimental,True,src/eyeprocesspy/process_dynamics.py,tests/test_reconstructed_measurement_process.py,yes,implemented,implemented,implemented_initial,not_started,source_ported,implemented,article_or_example_initial,R oracle pending
plot_uncertainty_by_item,plot_uncertainty_by_item,R/033-process-uncertainty.R,man/033-process-uncertainty.Rd,"(x, ...)",2,True,False,,,experimental,True,src/eyeprocesspy/measurement_quality_legacy.py,tests/test_reconstructed_measurement_process.py,yes,implemented,implemented,implemented_initial,not_started,source_ported,implemented,article_or_example_initial,R oracle pending
plot_uncertainty_by_stage,plot_uncertainty_by_stage,R/033-process-uncertainty.R,man/033-process-uncertainty.Rd,"(x, ...)",2,True,False,,,experimental,True,src/eyeprocesspy/measurement_quality_legacy.py,tests/test_reconstructed_measurement_process.py,yes,implemented,implemented,implemented_initial,not_started,source_ported,implemented,article_or_example_initial,R oracle pending
plot_uncertainty_tornado,plot_uncertainty_tornado,R/033-process-uncertainty.R,man/033-process-uncertainty.Rd,"(x, ...)",2,True,False,,vignettes/uncertainty-calibration.Rmd,experimental,True,src/eyeprocesspy/measurement_quality_legacy.py,tests/test_reconstructed_measurement_process.py,yes,implemented,implemented,implemented_initial,not_started,source_ported,implemented,article_or_example_initial,R oracle pending
plot_uncertainty_waterfall,plot_uncertainty_waterfall,R/033-process-uncertainty.R,man/033-process-uncertainty.Rd,"(x, ...)",2,True,False,tests/testthat/test-process-uncertainty.R,vignettes/uncertainty-calibration.Rmd,experimental,True,src/eyeprocesspy/measurement_quality_legacy.py,tests/test_reconstructed_measurement_process.py,yes,implemented,implemented,implemented_initial,not_started,source_ported,implemented,article_or_example_initial,R oracle pending
plot_variance_components,plot_variance_components,R/035-process-reliability.R,man/035-process-reliability.Rd,"(x, ...)",2,True,False,,vignettes/reliability-device-transportability.Rmd,experimental,True,src/eyeprocesspy/measurement_quality_legacy.py,tests/test_reconstructed_measurement_process.py,yes,implemented,implemented,implemented_initial,not_started,source_ported,implemented,article_or_example_initial,R oracle pending
plot_warping_functions,plot_warping_functions,R/037-pupil-registration.R,man/037-pupil-registration.Rd,"(x, ...)",2,True,False,,vignettes/pupil-registration-missingness.Rmd,experimental,True,src/eyeprocesspy/pupil_missingness.py,tests/test_reconstructed_measurement_process.py,yes,implemented,implemented,implemented_initial,not_started,source_ported,implemented,article_or_example_initial,R oracle pending
plot_windowed_recurrence,plot_windowed_recurrence,R/039-recurrence-analysis.R,man/039-recurrence-analysis.Rd,"(x, ...)",2,True,False,,vignettes/temporal-spatial-process-science.Rmd,experimental,True,src/eyeprocesspy/process_dynamics.py,tests/test_reconstructed_measurement_process.py,yes,implemented,implemented,implemented_initial,not_started,source_ported,implemented,article_or_example_initial,R oracle pending
predict_fixation_intensity,predict_fixation_intensity,R/040-fixation-point-process.R,man/040-fixation-point-process.Rd,"(model, new_stimulus = NULL)",2,False,False,tests/testthat/test-fixation-point-process.R,,experimental,False,src/eyeprocesspy/process_dynamics.py,tests/test_reconstructed_measurement_process.py,yes,implemented,implemented,implemented_initial,not_started,python_reference_differs,not_applicable,article_or_example_initial,Python reference differs from frozen R estimator; cross-language equivalence not claimed.
predict_process_centiles,predict_process_centiles,R/045-process-norms.R,man/045-process-norms.Rd,"(model, newdata, centiles = c(2.5, 10, 25, 50, 75, 90, 97.5))",3,False,False,tests/testthat/test-process-norms.R,vignettes/item-bank-fairness-norms.Rmd,experimental,False,src/eyeprocesspy/measurement_intelligence.py,tests/test_measurement_intelligence.py,yes,implemented,implemented,implemented_initial,not_started,source_ported,not_applicable,docstring_initial,R-oracle numerical validation pending
process_pattern_mixture,process_pattern_mixture,R/038-informative-missingness.R,man/038-informative-missingness.Rd,"(x, delta = seq(-1, 1, 0.1), metric = NULL, estimand = mean)",4,False,False,tests/testthat/test-informative-missingness.R,vignettes/pupil-registration-missingness.Rmd,experimental,False,src/eyeprocesspy/pupil_missingness.py,tests/test_reconstructed_measurement_process.py,yes,implemented,implemented,implemented_initial,not_started,source_ported,not_applicable,article_or_example_initial,R oracle pending
process_uncertainty_spec,process_uncertainty_spec,R/033-process-uncertainty.R,man/033-process-uncertainty.Rd,"(
    calibration = TRUE,
    aoi_assignment = TRUE,
    preprocessing = TRUE,
    sampling = TRUE,
    model = TRUE,
    source_sd = NULL,
    draws = 1000,
    seed = 20260807)",8,False,False,tests/testthat/test-process-uncertainty.R,vignettes/uncertainty-calibration.Rmd,experimental,False,src/eyeprocesspy/measurement_quality_legacy.py,tests/test_reconstructed_measurement_process.py,yes,implemented,implemented,implemented_initial,not_started,source_ported,not_applicable,article_or_example_initial,R oracle pending
process_variance_components,process_variance_components,R/035-process-reliability.R,man/035-process-reliability.Rd,(x),1,False,False,,vignettes/reliability-device-transportability.Rmd,experimental,False,src/eyeprocesspy/measurement_quality_legacy.py,tests/test_reconstructed_measurement_process.py,yes,implemented,implemented,implemented_initial,not_started,source_ported,not_applicable,article_or_example_initial,R oracle pending
propagate_aoi_uncertainty,propagate_aoi_uncertainty,R/031-probabilistic-aoi.R,man/031-probabilistic-aoi.Rd,"(
    x,
    metrics = c(""dwell"", ""ttff"", ""transitions"", ""entropy""),
    draws = 500,
    time_col = NULL,
    duration_col = NULL,
    seed = 20260807)",6,False,False,tests/testthat/test-probabilistic-aoi.R,vignettes/probabilistic-aoi-compositions.Rmd,experimental,False,,,yes,not_started,not_started,not_started,not_started,not_started,not_applicable,not_started,
propagate_process_uncertainty,propagate_process_uncertainty,R/033-process-uncertainty.R,man/033-process-uncertainty.Rd,"(
    x,
    estimand = function(data) mean(data, na.rm = TRUE),
    method = c(""bootstrap"", ""simulation"", ""posterior""),
    draws = NULL,
    seed = NULL)",5,False,False,tests/testthat/test-process-uncertainty.R,vignettes/uncertainty-calibration.Rmd,experimental,False,src/eyeprocesspy/measurement_quality_legacy.py,tests/test_reconstructed_measurement_process.py,yes,implemented,implemented,implemented_initial,not_started,source_ported,not_applicable,article_or_example_initial,R oracle pending
recurrence_features,recurrence_features,R/039-recurrence-analysis.R,man/039-recurrence-analysis.Rd,"(x, minimum_line = 2L)",2,False,False,,vignettes/temporal-spatial-process-science.Rmd,experimental,False,src/eyeprocesspy/process_dynamics.py,tests/test_reconstructed_measurement_process.py,yes,implemented,implemented,implemented_initial,not_started,source_ported,not_applicable,article_or_example_initial,R oracle pending
register_pupil_curves,register_pupil_curves,R/037-pupil-registration.R,man/037-pupil-registration.Rd,"(x, time, pupil, anchor = c(""stimulus"", ""response"", ""event""), method = c(""elastic"", ""landmark""), id_col = ""person_id"", grid_size = 101)",7,False,False,tests/testthat/test-pupil-registration.R,vignettes/pupil-registration-missingness.Rmd,experimental,False,src/eyeprocesspy/pupil_missingness.py,tests/test_reconstructed_measurement_process.py,yes,implemented,implemented,implemented_initial,not_started,source_ported,not_applicable,article_or_example_initial,R oracle pending
representative_scanpath,representative_scanpath,R/041-representative-scanpaths.R,man/041-representative-scanpaths.Rd,"(x, method = c(""medoid"", ""barycenter"", ""consensus""), id_col = ""person_id"", aoi_col = ""aoi"", x_col = ""x"", y_col = ""y"", distance = c(""multimatch"", ""edit"", ""transport""))",7,False,False,tests/testthat/test-representative-scanpaths.R,vignettes/scanpaths-and-cognitive-episodes.Rmd,experimental,False,src/eyeprocesspy/process_dynamics.py,tests/test_reconstructed_measurement_process.py,yes,implemented,implemented,implemented_initial,not_started,source_ported,not_applicable,article_or_example_initial,R oracle pending
scanpath_dispersion,scanpath_dispersion,R/041-representative-scanpaths.R,man/041-representative-scanpaths.Rd,(x),1,False,False,tests/testthat/test-representative-scanpaths.R,,experimental,False,src/eyeprocesspy/process_dynamics.py,tests/test_reconstructed_measurement_process.py,yes,implemented,implemented,implemented_initial,not_started,source_ported,not_applicable,article_or_example_initial,R oracle pending
score_process_deviation,score_process_deviation,R/045-process-norms.R,man/045-process-norms.Rd,"(model, newdata, type = c(""z"", ""centile"", ""tail_probability""))",3,False,False,tests/testthat/test-process-norms.R,vignettes/item-bank-fairness-norms.Rmd,experimental,False,src/eyeprocesspy/measurement_intelligence.py,tests/test_measurement_intelligence.py,yes,implemented,implemented,implemented_initial,not_started,source_ported,not_applicable,docstring_initial,R-oracle numerical validation pending
segment_process_episodes,segment_process_episodes,R/042-process-episodes.R,man/042-process-episodes.Rd,"(x, ...)",2,True,False,tests/testthat/test-process-episodes.R,vignettes/scanpaths-and-cognitive-episodes.Rmd,experimental,False,src/eyeprocesspy/process_dynamics.py,tests/test_reconstructed_measurement_process.py,yes,implemented,implemented,implemented_initial,not_started,source_ported,not_applicable,article_or_example_initial,R oracle pending
sensitivity_mnar_process,sensitivity_mnar_process,R/038-informative-missingness.R,man/038-informative-missingness.Rd,"(x, estimand = mean, null = 0, ...)",4,True,False,tests/testthat/test-informative-missingness.R,vignettes/pupil-registration-missingness.Rmd,experimental,False,src/eyeprocesspy/pupil_missingness.py,tests/test_reconstructed_measurement_process.py,yes,implemented,implemented,implemented_initial,not_started,source_ported,not_applicable,article_or_example_initial,R oracle pending
summarise_aoi_membership,summarise_aoi_membership,R/031-probabilistic-aoi.R,man/031-probabilistic-aoi.Rd,"(x, by = NULL)",2,False,False,,,experimental,False,,,yes,not_started,not_started,not_started,not_started,not_started,not_applicable,not_started,
trace_item_decision,trace_item_decision,R/046-evidence-provenance-graph.R,man/046-evidence-provenance-graph.Rd,"(graph, item_id)",2,False,False,tests/testthat/test-evidence-provenance.R,vignettes/evidence-decision-provenance.Rmd,experimental,False,src/eyeprocesspy/evidence_graph.py,tests/test_reconstructed_measurement_process.py,yes,implemented,implemented,implemented_initial,not_started,source_ported,not_applicable,article_or_example_initial,R oracle pending
transform_aoi_composition,transform_aoi_composition,R/032-compositional-aoi.R,man/032-compositional-aoi.Rd,"(x, method = c(""ilr"", ""clr"", ""alr""), reference = NULL)",3,False,False,tests/testthat/test-compositional-aoi.R,vignettes/probabilistic-aoi-compositions.Rmd,experimental,False,,,yes,not_started,not_started,not_started,not_started,not_started,not_applicable,not_started,
uncertainty_budget,uncertainty_budget,R/033-process-uncertainty.R,man/033-process-uncertainty.Rd,(x),1,False,False,tests/testthat/test-process-uncertainty.R,vignettes/uncertainty-calibration.Rmd,experimental,False,src/eyeprocesspy/measurement_quality_legacy.py,tests/test_reconstructed_measurement_process.py,yes,implemented,implemented,implemented_initial,not_started,source_ported,not_applicable,article_or_example_initial,R oracle pending
windowed_recurrence,windowed_recurrence,R/039-recurrence-analysis.R,man/039-recurrence-analysis.Rd,"(x, window, step)",3,False,False,tests/testthat/test-recurrence-analysis.R,vignettes/temporal-spatial-process-science.Rmd,experimental,False,src/eyeprocesspy/process_dynamics.py,tests/test_reconstructed_measurement_process.py,yes,implemented,implemented,implemented_initial,not_started,source_ported,not_applicable,article_or_example_initial,R oracle pending
algorithm_facet_effects,algorithm_facet_effects,R/055-requested-api-completion-0-7.R,man/algorithm_facet_effects.Rd,"(object, channel = c(""response"", ""process""))",2,False,False,,vignettes/process-irt-model-atlas-0-7.Rmd,unclassified,False,eyeprocesspy.requested_api_07,tests/test_semantic_requested_api_07.py,yes,implemented,implemented,implemented_initial,not_started,source_ported,not_applicable,docstring_initial,R-oracle numerical validation pending
as_irt_recovery_results,as_irt_recovery_results,R/052-irt-validation-0-7.R,man/as_irt_recovery_results.Rd,(results),1,False,False,,,unclassified,False,src/eyeprocesspy/irt_validation_07.py,tests/test_advanced_process_irt_07.py,yes,implemented,implemented,implemented_initial,not_started,source_ported,not_applicable,docstring_initial,R-oracle numerical validation pending
audit_bias,audit_bias,R/052-irt-validation-0-7.R,man/audit_bias.Rd,"(results, threshold = 0.10, by = c(""scenario"", ""engine"", ""parameter""))",3,False,False,,vignettes/advanced-model-validation-0-7.Rmd,unclassified,False,src/eyeprocesspy/irt_validation_07.py,tests/test_advanced_process_irt_07.py,yes,implemented,implemented,implemented_initial,not_started,source_ported,not_applicable,docstring_initial,R-oracle numerical validation pending
audit_channel_incremental_information,audit_channel_incremental_information,R/052-irt-validation-0-7.R,man/audit_channel_incremental_information.Rd,"(
    data, fold, baseline_fitter, process_fitter, predictor, scorer,
    higher_is_better = TRUE)",7,False,False,,vignettes/advanced-model-validation-0-7.Rmd|vignettes/process-irt-model-atlas-0-7.Rmd,unclassified,False,src/eyeprocesspy/irt_validation_07.py,tests/test_advanced_process_irt_07.py,yes,implemented,implemented,implemented_initial,not_started,source_ported,not_applicable,docstring_initial,R-oracle numerical validation pending
audit_convergence,audit_convergence,R/052-irt-validation-0-7.R,man/audit_convergence.Rd,"(results, minimum = 0.95,
                              by = c(""scenario"", ""engine""))",3,False,False,tests/testthat/test-0-7-validation-contract.R,vignettes/advanced-model-validation-0-7.Rmd,unclassified,False,src/eyeprocesspy/irt_validation_07.py,tests/test_advanced_process_irt_07.py,yes,implemented,implemented,implemented_initial,not_started,source_ported,not_applicable,docstring_initial,R-oracle numerical validation pending
audit_coverage,audit_coverage,R/052-irt-validation-0-7.R,man/audit_coverage.Rd,"(results, minimum = 0.90, maximum = 1,
                           by = c(""scenario"", ""engine"", ""parameter""))",4,False,False,,vignettes/advanced-model-validation-0-7.Rmd,unclassified,False,src/eyeprocesspy/irt_validation_07.py,tests/test_advanced_process_irt_07.py,yes,implemented,implemented,implemented_initial,not_started,source_ported,not_applicable,docstring_initial,R-oracle numerical validation pending
audit_distractor_attention,audit_distractor_attention,R/050-process-irt-models-0-7.R,man/audit_distractor_attention.Rd,"(data, response_option = ""response_option"",
                                       option_gaze, chosen_suffix = NULL)",4,False,False,,vignettes/multimodal-process-irt-0-7.Rmd,experimental,False,src/eyeprocesspy/process_irt_07.py,tests/test_process_irt_07.py,yes,implemented,implemented,implemented_initial,not_started,source_ported,not_applicable,docstring_initial,R-oracle numerical validation pending
audit_identifiability,audit_identifiability,R/052-irt-validation-0-7.R,man/audit_identifiability.Rd,"(results, max_missing = 0.05,
                                  max_sd_ratio = 10,
                                  correlation_matrix = NULL,
                                  max_abs_correlation = 0.995)",5,False,False,,vignettes/advanced-model-validation-0-7.Rmd,unclassified,False,src/eyeprocesspy/irt_validation_07.py,tests/test_advanced_process_irt_07.py,yes,implemented,implemented,implemented_initial,not_started,source_ported,not_applicable,docstring_initial,R-oracle numerical validation pending
audit_interval_width,audit_interval_width,R/052-irt-validation-0-7.R,man/audit_interval_width.Rd,"(results, maximum = Inf,
                                 by = c(""scenario"", ""engine"", ""parameter""))",3,False,False,,vignettes/advanced-model-validation-0-7.Rmd,unclassified,False,src/eyeprocesspy/irt_validation_07.py,tests/test_advanced_process_irt_07.py,yes,implemented,implemented,implemented_initial,not_started,source_ported,not_applicable,docstring_initial,R-oracle numerical validation pending
audit_irf_shape,audit_irf_shape,R/051-advanced-process-irt-0-7.R,man/audit_irf_shape.Rd,"(comparison, mean_absolute_threshold = 0.05,
                            max_absolute_threshold = 0.15)",3,False,False,,vignettes/experimental-process-irt-0-7.Rmd|vignettes/process-irt-model-atlas-0-7.Rmd,experimental,False,src/eyeprocesspy/advanced_process_irt_07.py,tests/test_advanced_process_irt_07.py,yes,implemented,implemented,implemented_initial,not_started,python_reference_differs,not_applicable,docstring_initial,Python reference estimator differs from R optional-engine/spline implementation; R-oracle validation pending
audit_latent_distribution,audit_latent_distribution,R/055-requested-api-completion-0-7.R,man/audit_latent_distribution.Rd,"(theta, tail_z = 3)",2,False,False,tests/testthat/test-0-7-api-completion.R,vignettes/process-irt-model-atlas-0-7.Rmd,unclassified,False,eyeprocesspy.requested_api_07,tests/test_semantic_requested_api_07.py,yes,implemented,implemented,implemented_initial,not_started,source_ported,not_applicable,docstring_initial,R-oracle numerical validation pending
audit_measurement_transportability,audit_measurement_transportability,R/052-irt-validation-0-7.R,man/audit_measurement_transportability.Rd,"(validation, metric, higher_is_better = TRUE,
                                               max_range = NULL,
                                               minimum = NULL,
                                               maximum = NULL)",6,False,False,,vignettes/advanced-model-validation-0-7.Rmd,unclassified,False,src/eyeprocesspy/irt_validation_07.py,tests/test_advanced_process_irt_07.py,yes,implemented,implemented,implemented_initial,not_started,source_ported,not_applicable,docstring_initial,R-oracle numerical validation pending
audit_process_adjusted_dif,audit_process_adjusted_dif,R/051-advanced-process-irt-0-7.R,man/audit_process_adjusted_dif.Rd,"(data,
                                       response = ""response"", ability,
                                       group, item = ""item_id"",
                                       process_features,
                                       person = ""participant_id"")",7,False,False,,vignettes/experimental-process-irt-0-7.Rmd|vignettes/process-irt-model-atlas-0-7.Rmd,experimental,False,src/eyeprocesspy/advanced_process_irt_07.py,tests/test_advanced_process_irt_07.py,yes,implemented,implemented,implemented_initial,not_started,python_reference_differs,not_applicable,docstring_initial,Python reference estimator differs from R optional-engine/spline implementation; R-oracle validation pending
audit_process_local_dependence,audit_process_local_dependence,R/057-emerging-process-irt-0-7.R,man/audit_process_local_dependence.Rd,"(response_residuals,
                                           process_residuals = NULL,
                                           threshold = 0.20)",3,False,False,tests/testthat/test-0-7-emerging-process.R,vignettes/multiple-response-and-revisiting-irt-0-7.Rmd|vignettes/process-irt-model-atlas-0-7.Rmd,experimental,False,src/eyeprocesspy/process_irt_07.py,tests/test_process_irt_07.py,yes,implemented,implemented,implemented_initial,not_started,source_ported,not_applicable,docstring_initial,R-oracle numerical validation pending
audit_process_measurement_invariance,audit_process_measurement_invariance,R/050-process-irt-models-0-7.R,man/audit_process_measurement_invariance.Rd,"(object, channel = c(""process"", ""response""),
                                                 relative_sd_threshold = 0.25)",3,False,False,,vignettes/multimodal-process-irt-0-7.Rmd|vignettes/process-irt-model-atlas-0-7.Rmd,experimental,False,src/eyeprocesspy/process_irt_07.py,tests/test_process_irt_07.py,yes,implemented,implemented,implemented_initial,not_started,python_reference_differs,not_applicable,docstring_initial,R optional-engine algorithm differs; cross-language validation pending
audit_rmse,audit_rmse,R/052-irt-validation-0-7.R,man/audit_rmse.Rd,"(results, threshold = 0.30, by = c(""scenario"", ""engine"", ""parameter""))",3,False,False,,vignettes/advanced-model-validation-0-7.Rmd,unclassified,False,src/eyeprocesspy/irt_validation_07.py,tests/test_advanced_process_irt_07.py,yes,implemented,implemented,implemented_initial,not_started,source_ported,not_applicable,docstring_initial,R-oracle numerical validation pending
audit_sbc,audit_sbc,R/052-irt-validation-0-7.R,man/audit_sbc.Rd,"(x, bins = 10L, alpha = 0.01)",3,False,False,tests/testthat/test-0-7-validation-contract.R,vignettes/advanced-model-validation-0-7.Rmd,unclassified,False,src/eyeprocesspy/irt_validation_07.py,tests/test_advanced_process_irt_07.py,yes,implemented,implemented,implemented_initial,not_started,source_ported,not_applicable,docstring_initial,R-oracle numerical validation pending
calibration_transfer_audit,calibration_transfer_audit,R/052-irt-validation-0-7.R,man/calibration_transfer_audit.Rd,"(data, group, observed, predicted)",4,False,False,,,unclassified,False,src/eyeprocesspy/irt_validation_07.py,tests/test_advanced_process_irt_07.py,yes,implemented,implemented,implemented_initial,not_started,source_ported,not_applicable,docstring_initial,R-oracle numerical validation pending
classify_item_missingness,classify_item_missingness,R/050-process-irt-models-0-7.R,man/classify_item_missingness.Rd,"(data, response = ""response"", reached = ""reached"",
                                      inspected = NULL, started = NULL)",5,False,False,tests/testthat/test-0-7-process-irt-core.R,vignettes/multimodal-process-irt-0-7.Rmd|vignettes/process-irt-model-atlas-0-7.Rmd,experimental,False,src/eyeprocesspy/process_irt_07.py,tests/test_process_irt_07.py,yes,implemented,implemented,implemented_initial,not_started,source_ported,not_applicable,docstring_initial,R-oracle numerical validation pending
compare_irt_models,compare_irt_models,R/049-multimodal-irt-registry.R,man/compare_irt_models.Rd,"(..., names = NULL)",2,True,False,,,experimental,False,src/eyeprocesspy/process_irt_07.py,tests/test_process_irt_07.py,yes,implemented,implemented,implemented_initial,not_started,source_ported,not_applicable,docstring_initial,R-oracle numerical validation pending
compare_latent_distribution_models,compare_latent_distribution_models,R/055-requested-api-completion-0-7.R,man/compare_latent_distribution_models.Rd,(theta),1,False,False,tests/testthat/test-0-7-api-completion.R,vignettes/process-irt-model-atlas-0-7.Rmd,unclassified,False,eyeprocesspy.requested_api_07,tests/test_semantic_requested_api_07.py,yes,implemented,implemented,implemented_initial,not_started,source_ported,not_applicable,docstring_initial,R-oracle numerical validation pending
compare_parametric_nonparametric_irf,compare_parametric_nonparametric_irf,R/051-advanced-process-irt-0-7.R,man/compare_parametric_nonparametric_irf.Rd,"(response_matrix, gpirt_object = NULL,
                                                 theta_grid = seq(-4, 4, length.out = 101))",3,False,False,,vignettes/experimental-process-irt-0-7.Rmd|vignettes/process-irt-model-atlas-0-7.Rmd,experimental,False,src/eyeprocesspy/advanced_process_irt_07.py,tests/test_advanced_process_irt_07.py,yes,implemented,implemented,implemented_initial,not_started,python_reference_differs,not_applicable,docstring_initial,Python reference estimator differs from R optional-engine/spline implementation; R-oracle validation pending
compare_validation_engines,compare_validation_engines,R/052-irt-validation-0-7.R,man/compare_validation_engines.Rd,(results),1,False,False,,,unclassified,False,src/eyeprocesspy/irt_validation_07.py,tests/test_advanced_process_irt_07.py,yes,implemented,implemented,implemented_initial,not_started,source_ported,not_applicable,docstring_initial,R-oracle numerical validation pending
compatibility_evidence_matrix,compatibility_evidence_matrix,R/048-semantic-validation-0-7.R,man/compatibility_evidence_matrix.Rd,"(compatibility, evidence = NULL)",2,False,False,,vignettes/validation-evidence-0-7.Rmd,unclassified,False,eyeprocesspy.semantic_validation_07,tests/test_semantic_requested_api_07.py,yes,implemented,implemented,implemented_initial,not_started,source_ported,not_applicable,docstring_initial,R-oracle numerical validation pending
coordinate_fidelity_audit,coordinate_fidelity_audit,R/048-semantic-validation-0-7.R,man/coordinate_fidelity_audit.Rd,"(source, roundtrip,
                                      source_x = ""x"", source_y = ""y"",
                                      roundtrip_x = source_x, roundtrip_y = source_y,
                                      key = NULL,
                                      tolerance = 1e-6,
                                      correlation_floor = 0.999)",9,False,False,,vignettes/validation-evidence-0-7.Rmd,unclassified,False,eyeprocesspy.semantic_validation_07,tests/test_semantic_requested_api_07.py,yes,implemented,implemented,implemented_initial,not_started,source_ported,not_applicable,docstring_initial,R-oracle numerical validation pending
cross_device_process_equating_audit,cross_device_process_equating_audit,R/054-additional-process-measurement-0-7.R,man/cross_device_process_equating_audit.Rd,"(data, value, reference_value,
                                                device, anchor = NULL)",5,False,False,,,experimental,False,src/eyeprocesspy/process_irt_07.py,tests/test_process_irt_07.py,yes,implemented,implemented,implemented_initial,not_started,source_ported,not_applicable,docstring_initial,R-oracle numerical validation pending
cross_version_adapter_regression,cross_version_adapter_regression,R/055-requested-api-completion-0-7.R,man/cross_version_adapter_regression.Rd,"(
    input, baseline_adapter, candidate_adapter,
    baseline_version = ""baseline"", candidate_version = ""candidate"",
    extract_samples = .ep07_adapter_extract_samples, audit_args = list())",7,False,False,tests/testthat/test-0-7-api-completion.R,,unclassified,False,eyeprocesspy.requested_api_07,tests/test_semantic_requested_api_07.py,yes,implemented,implemented,implemented_initial,not_started,source_ported,not_applicable,docstring_initial,R-oracle numerical validation pending
detect_irt_changepoints,detect_irt_changepoints,R/050-process-irt-models-0-7.R,man/detect_irt_changepoints.Rd,"(data,
                                    person = ""participant_id"", order = ""item_order"",
                                    response = ""response"", rt = ""rt"", gaze = NULL,
                                    min_segment = 5L, min_delta_sic = 2,
                                    max_changes = 2L)",9,False,False,,,experimental,False,src/eyeprocesspy/process_irt_07.py,tests/test_process_irt_07.py,yes,implemented,implemented,implemented_initial,not_started,source_ported,not_applicable,docstring_initial,R-oracle numerical validation pending
detect_process_changepoint,detect_process_changepoint,R/055-requested-api-completion-0-7.R,man/detect_process_changepoint.Rd,(...),1,True,False,,,unclassified,False,eyeprocesspy.requested_api_07,tests/test_semantic_requested_api_07.py,yes,implemented,implemented,implemented_initial,not_started,source_ported,not_applicable,docstring_initial,R-oracle numerical validation pending
device_facet_effects,device_facet_effects,R/055-requested-api-completion-0-7.R,man/device_facet_effects.Rd,"(object, channel = c(""response"", ""process""))",2,False,False,,vignettes/process-irt-model-atlas-0-7.Rmd,unclassified,False,eyeprocesspy.requested_api_07,tests/test_semantic_requested_api_07.py,yes,implemented,implemented,implemented_initial,not_started,source_ported,not_applicable,docstring_initial,R-oracle numerical validation pending
distractor_process_map,distractor_process_map,R/050-process-irt-models-0-7.R,man/distractor_process_map.Rd,(object),1,False,False,,vignettes/multimodal-process-irt-0-7.Rmd,experimental,False,src/eyeprocesspy/process_irt_07.py,tests/test_process_irt_07.py,yes,implemented,implemented,implemented_initial,not_started,source_ported,not_applicable,docstring_initial,R-oracle numerical validation pending
encode_response_combinations,encode_response_combinations,R/057-emerging-process-irt-0-7.R,man/encode_response_combinations.Rd,"(data,
                                         person = ""participant_id"",
                                         item = ""item_id"",
                                         option = ""option_id"",
                                         selected = ""selected"",
                                         sort_options = TRUE,
                                         empty_code = ""<none>"")",7,False,False,tests/testthat/test-0-7-emerging-process.R,vignettes/multiple-response-and-revisiting-irt-0-7.Rmd,experimental,False,src/eyeprocesspy/process_irt_07.py,tests/test_process_irt_07.py,yes,implemented,implemented,implemented_initial,not_started,source_ported,not_applicable,docstring_initial,R-oracle numerical validation pending
equate_irt_scales,equate_irt_scales,R/051-advanced-process-irt-0-7.R,man/equate_irt_scales.Rd,"(reference, new,
                               method = c(""stocking-lord"", ""haebara"", ""mean-sigma"", ""mean-mean""),
                               theta_grid = seq(-4, 4, length.out = 81))",4,False,False,tests/testthat/test-0-7-process-irt-core.R,vignettes/experimental-process-irt-0-7.Rmd,experimental,False,src/eyeprocesspy/advanced_process_irt_07.py,tests/test_advanced_process_irt_07.py,yes,implemented,implemented,implemented_initial,not_started,source_ported,not_applicable,docstring_initial,R-oracle numerical validation pending
estimate_visual_exposure_probability,estimate_visual_exposure_probability,R/050-process-irt-models-0-7.R,man/estimate_visual_exposure_probability.Rd,"(data, exposed = ""reached"",
                                                 predictors, family = stats::binomial())",4,False,False,,,experimental,False,src/eyeprocesspy/process_irt_07.py,tests/test_process_irt_07.py,yes,implemented,implemented,implemented_initial,not_started,source_ported,not_applicable,docstring_initial,R-oracle numerical validation pending
event_roundtrip_audit,event_roundtrip_audit,R/055-requested-api-completion-0-7.R,man/event_roundtrip_audit.Rd,"(source_events, roundtrip_events,
                                  hed_column = NULL, ...)",4,True,False,tests/testthat/test-0-7-api-completion.R,,unclassified,False,eyeprocesspy.requested_api_07,tests/test_semantic_requested_api_07.py,yes,implemented,implemented,implemented_initial,not_started,source_ported,not_applicable,docstring_initial,R-oracle numerical validation pending
event_semantics_audit,event_semantics_audit,R/048-semantic-validation-0-7.R,man/event_semantics_audit.Rd,"(source_events, roundtrip_events,
                                  label = ""event"",
                                  time = ""timestamp"",
                                  key = NULL,
                                  tolerance = 1e-6)",6,False,False,,vignettes/validation-evidence-0-7.Rmd,unclassified,False,eyeprocesspy.semantic_validation_07,tests/test_semantic_requested_api_07.py,yes,implemented,implemented,implemented_initial,not_started,source_ported,not_applicable,docstring_initial,R-oracle numerical validation pending
expected_process_information,expected_process_information,R/051-advanced-process-irt-0-7.R,man/expected_process_information.Rd,"(info, theta_weights = NULL)",2,False,False,,vignettes/experimental-process-irt-0-7.Rmd,experimental,False,src/eyeprocesspy/advanced_process_irt_07.py,tests/test_advanced_process_irt_07.py,yes,implemented,implemented,implemented_initial,not_started,source_ported,not_applicable,docstring_initial,R-oracle numerical validation pending
explain_latent_interaction,explain_latent_interaction,R/055-requested-api-completion-0-7.R,man/explain_latent_interaction.Rd,"(object, person = NULL, item = NULL, top = 10L)",4,False,False,,,unclassified,False,eyeprocesspy.requested_api_07,tests/test_semantic_requested_api_07.py,yes,implemented,implemented,implemented_initial,not_started,source_ported,not_applicable,docstring_initial,R-oracle numerical validation pending
external_validate_irt,external_validate_irt,R/052-irt-validation-0-7.R,man/external_validate_irt.Rd,"(train_data, external_data, fitter, predictor, scorer,
                                  label = ""external"")",6,False,False,,vignettes/advanced-model-validation-0-7.Rmd,unclassified,False,src/eyeprocesspy/irt_validation_07.py,tests/test_advanced_process_irt_07.py,yes,implemented,implemented,implemented_initial,not_started,source_ported,not_applicable,docstring_initial,R-oracle numerical validation pending
extract_parameter_truth,extract_parameter_truth,R/055-requested-api-completion-0-7.R,man/extract_parameter_truth.Rd,(simulation),1,False,False,,,unclassified,False,eyeprocesspy.requested_api_07,tests/test_semantic_requested_api_07.py,yes,implemented,implemented,implemented_initial,not_started,source_ported,not_applicable,docstring_initial,R-oracle numerical validation pending
eye_stream_fidelity_audit,eye_stream_fidelity_audit,R/048-semantic-validation-0-7.R,man/eye_stream_fidelity_audit.Rd,"(source, roundtrip,
                                      source_eye = ""eye"",
                                      roundtrip_eye = source_eye,
                                      key = NULL)",5,False,False,,,unclassified,False,eyeprocesspy.semantic_validation_07,tests/test_semantic_requested_api_07.py,yes,implemented,implemented,implemented_initial,not_started,source_ported,not_applicable,docstring_initial,R-oracle numerical validation pending
facet_effects,facet_effects,R/050-process-irt-models-0-7.R,man/facet_effects.Rd,"(object, channel = c(""response"", ""process""))",2,False,False,,vignettes/multimodal-process-irt-0-7.Rmd,experimental,False,src/eyeprocesspy/process_irt_07.py,tests/test_process_irt_07.py,yes,implemented,implemented,implemented_initial,not_started,python_reference_differs,not_applicable,docstring_initial,R optional-engine algorithm differs; cross-language validation pending
field_fidelity_report,field_fidelity_report,R/048-semantic-validation-0-7.R,man/field_fidelity_report.Rd,"(source, roundtrip,
                                  fields = NULL,
                                  mapping = NULL,
                                  key = NULL,
                                  tolerance = 1e-8,
                                  spec = semantic_fidelity_spec())",7,False,False,tests/testthat/test-0-7-semantic-validation.R,,unclassified,False,eyeprocesspy.semantic_validation_07,tests/test_semantic_requested_api_07.py,yes,implemented,implemented,implemented_initial,not_started,source_ported,not_applicable,docstring_initial,R-oracle numerical validation pending
fit_censored_normal_process_irt,fit_censored_normal_process_irt,R/054-additional-process-measurement-0-7.R,man/fit_censored_normal_process_irt.Rd,"(
    response_matrix, theta, lower = 0, upper = 1,
    control = list(maxit = 1000))",5,False,False,tests/testthat/test-0-7-continuous-process.R,vignettes/multimodal-process-irt-0-7.Rmd|vignettes/process-irt-model-atlas-0-7.Rmd,experimental,False,src/eyeprocesspy/process_irt_07.py,tests/test_process_irt_07.py,yes,implemented,implemented,implemented_initial,not_started,source_ported,not_applicable,docstring_initial,R-oracle numerical validation pending
fit_changepoint_multimodal_irt,fit_changepoint_multimodal_irt,R/050-process-irt-models-0-7.R,man/fit_changepoint_multimodal_irt.Rd,"(data, ..., gaze = ""fixation_count"", refit = TRUE)",4,True,False,,vignettes/process-irt-model-atlas-0-7.Rmd,experimental,False,src/eyeprocesspy/process_irt_07.py,tests/test_process_irt_07.py,yes,implemented,implemented,implemented_initial,not_started,source_ported,not_applicable,docstring_initial,R-oracle numerical validation pending
fit_changepoint_rt_irt,fit_changepoint_rt_irt,R/050-process-irt-models-0-7.R,man/fit_changepoint_rt_irt.Rd,"(data, ..., refit = TRUE)",3,True,False,,,experimental,False,src/eyeprocesspy/process_irt_07.py,tests/test_process_irt_07.py,yes,implemented,implemented,implemented_initial,not_started,source_ported,not_applicable,docstring_initial,R-oracle numerical validation pending
fit_cognitive_diagnosis_process,fit_cognitive_diagnosis_process,R/051-advanced-process-irt-0-7.R,man/fit_cognitive_diagnosis_process.Rd,"(response_matrix, q_matrix,
                                            process_data = NULL,
                                            process_features = NULL,
                                            person_id = NULL,
                                            engine = c(""GDINA"", ""external""),
                                            external_engine = NULL, ...)",8,True,False,,vignettes/experimental-process-irt-0-7.Rmd,experimental,False,src/eyeprocesspy/advanced_process_irt_07.py,tests/test_advanced_process_irt_07.py,yes,implemented,implemented,implemented_initial,not_started,source_ported,not_applicable,docstring_initial,R-oracle numerical validation pending
fit_continuous_time_irt,fit_continuous_time_irt,R/051-advanced-process-irt-0-7.R,man/fit_continuous_time_irt.Rd,"(data, external_engine = NULL, ...)",3,True,False,tests/testthat/test-0-7-process-irt-core.R,vignettes/experimental-process-irt-0-7.Rmd,experimental,False,src/eyeprocesspy/advanced_process_irt_07.py,tests/test_advanced_process_irt_07.py,yes,implemented,implemented,implemented_initial,not_started,source_ported,not_applicable,docstring_initial,R-oracle numerical validation pending
fit_crossclassified_process_irt,fit_crossclassified_process_irt,R/051-advanced-process-irt-0-7.R,man/fit_crossclassified_process_irt.Rd,"(data, outcome,
                                            person = ""participant_id"", item = ""item_id"",
                                            context = NULL,
                                            family = c(""gaussian"", ""binomial"", ""poisson"", ""negative_binomial""),
                                            fixed = NULL)",7,False,False,,,experimental,False,src/eyeprocesspy/advanced_process_irt_07.py,tests/test_advanced_process_irt_07.py,yes,implemented,implemented,implemented_initial,not_started,python_reference_differs,not_applicable,docstring_initial,Python reference estimator differs from R optional-engine/spline implementation; R-oracle validation pending
fit_dynamic_gpirt,fit_dynamic_gpirt,R/051-advanced-process-irt-0-7.R,man/fit_dynamic_gpirt.Rd,"(data, external_engine = NULL, ...)",3,True,False,tests/testthat/test-0-7-process-irt-core.R,vignettes/experimental-process-irt-0-7.Rmd,experimental,False,src/eyeprocesspy/advanced_process_irt_07.py,tests/test_advanced_process_irt_07.py,yes,implemented,implemented,implemented_initial,not_started,source_ported,not_applicable,docstring_initial,R-oracle numerical validation pending
fit_event_time_irt,fit_event_time_irt,R/055-requested-api-completion-0-7.R,man/fit_event_time_irt.Rd,"(
    data, event_time = ""event_time"", event = ""event"", theta = ""theta"",
    person = ""participant_id"", item = ""item_id"",
    engine = c(""cox_reference"", ""external""), external_engine = NULL, ...)",9,True,False,,vignettes/process-irt-model-atlas-0-7.Rmd,unclassified,False,eyeprocesspy.requested_api_07,tests/test_semantic_requested_api_07.py,yes,implemented,implemented,implemented_initial,not_started,python_reference_differs,not_applicable,docstring_initial,R-oracle numerical validation pending
fit_flow_mirt,fit_flow_mirt,R/051-advanced-process-irt-0-7.R,man/fit_flow_mirt.Rd,"(response_matrix, external_engine = NULL, ...)",3,True,False,tests/testthat/test-0-7-process-irt-core.R,vignettes/experimental-process-irt-0-7.Rmd,experimental,False,src/eyeprocesspy/advanced_process_irt_07.py,tests/test_advanced_process_irt_07.py,yes,implemented,implemented,implemented_initial,not_started,source_ported,not_applicable,docstring_initial,R-oracle numerical validation pending
fit_gaze_informed_missingness_irt,fit_gaze_informed_missingness_irt,R/055-requested-api-completion-0-7.R,man/fit_gaze_informed_missingness_irt.Rd,"(
    data, response = ""response"", person = ""participant_id"", item = ""item_id"",
    gaze_exposure = ""gaze_exposure"", theta = NULL, reached = NULL)",7,False,False,tests/testthat/test-0-7-api-completion.R,vignettes/process-irt-model-atlas-0-7.Rmd,unclassified,False,eyeprocesspy.requested_api_07,tests/test_semantic_requested_api_07.py,yes,implemented,implemented,implemented_initial,not_started,source_ported,not_applicable,docstring_initial,R-oracle numerical validation pending
fit_gpirt,fit_gpirt,R/051-advanced-process-irt-0-7.R,man/fit_gpirt.Rd,"(response_matrix,
                      engine = c(""spline_reference"", ""external""),
                      external_engine = NULL, spline_df = 5L, ...)",5,True,False,,vignettes/experimental-process-irt-0-7.Rmd|vignettes/process-irt-model-atlas-0-7.Rmd,experimental,False,src/eyeprocesspy/advanced_process_irt_07.py,tests/test_advanced_process_irt_07.py,yes,implemented,implemented,implemented_initial,not_started,python_reference_differs,not_applicable,docstring_initial,Python reference estimator differs from R optional-engine/spline implementation; R-oracle validation pending
fit_irt_model,fit_irt_model,R/049-multimodal-irt-registry.R,man/fit_irt_model.Rd,"(spec, data, ..., allow_experimental = FALSE)",4,True,False,,,experimental,False,src/eyeprocesspy/process_irt_07.py,tests/test_process_irt_07.py,yes,implemented,implemented,implemented_initial,not_started,source_ported,not_applicable,docstring_initial,R-oracle numerical validation pending
fit_joint_gaze_rt_irt,fit_joint_gaze_rt_irt,R/050-process-irt-models-0-7.R,man/fit_joint_gaze_rt_irt.Rd,"(data,
                                  response = ""response"", rt = ""rt"",
                                  gaze = ""fixation_count"",
                                  person = ""participant_id"", item = ""item_id"",
                                  gaze_family = c(""negative_binomial"", ""poisson""),
                                  engine = c(""reference"", ""brms""),
                                  iter = 2000, chains = 4, cores = 1,
                                  seed = 1, ...)",13,True,False,,vignettes/multimodal-process-irt-0-7.Rmd|vignettes/process-irt-model-atlas-0-7.Rmd,experimental,False,src/eyeprocesspy/process_irt_07.py,tests/test_process_irt_07.py,yes,implemented,implemented,implemented_initial,not_started,python_reference_differs,not_applicable,docstring_initial,R optional-engine algorithm differs; cross-language validation pending
fit_joint_graded_rt_process_irt,fit_joint_graded_rt_process_irt,R/050-process-irt-models-0-7.R,man/fit_joint_graded_rt_process_irt.Rd,"(data,
                                            response = ""response"", rt = ""rt"",
                                            process = ""fixation_count"",
                                            person = ""participant_id"", item = ""item_id"",
                                            engine = c(""reference"", ""brms""),
                                            process_family = c(""negative_binomial"", ""poisson"", ""gaussian""),
                                            iter = 2000, chains = 4, cores = 1,
                                            seed = 1, ...)",13,True,False,,vignettes/multimodal-process-irt-0-7.Rmd|vignettes/process-irt-model-atlas-0-7.Rmd,experimental,False,src/eyeprocesspy/process_irt_07.py,tests/test_process_irt_07.py,yes,implemented,implemented,implemented_initial,not_started,python_reference_differs,not_applicable,docstring_initial,R optional-engine algorithm differs; cross-language validation pending
fit_latent_class_process_irt,fit_latent_class_process_irt,R/051-advanced-process-irt-0-7.R,man/fit_latent_class_process_irt.Rd,"(data,
                                         response = ""response"",
                                         process_features,
                                         person = ""participant_id"", item = ""item_id"",
                                         n_classes = 2L, seed = 1)",7,False,False,,vignettes/experimental-process-irt-0-7.Rmd,experimental,False,src/eyeprocesspy/advanced_process_irt_07.py,tests/test_advanced_process_irt_07.py,yes,implemented,implemented,implemented_initial,not_started,python_reference_differs,not_applicable,docstring_initial,Python reference estimator differs from R optional-engine/spline implementation; R-oracle validation pending
fit_latent_space_irt,fit_latent_space_irt,R/051-advanced-process-irt-0-7.R,man/fit_latent_space_irt.Rd,"(response_matrix, dimensions = 2L,
                                 penalty = NULL, constraint = NULL,
                                 starts = NULL, tol = 1e-3, silent = TRUE)",7,False,False,,vignettes/experimental-process-irt-0-7.Rmd|vignettes/process-irt-model-atlas-0-7.Rmd,experimental,False,src/eyeprocesspy/advanced_process_irt_07.py,tests/test_advanced_process_irt_07.py,yes,implemented,implemented,implemented_initial,not_started,source_ported,not_applicable,docstring_initial,R-oracle numerical validation pending
fit_manyfacet_process_irt,fit_manyfacet_process_irt,R/050-process-irt-models-0-7.R,man/fit_manyfacet_process_irt.Rd,"(data,
                                      response = ""response"",
                                      process = NULL,
                                      person = ""participant_id"", item = ""item_id"",
                                      device = NULL, session = NULL, site = NULL,
                                      algorithm = NULL, aoi_definition = NULL,
                                      process_family = c(""gaussian"", ""poisson"", ""negative_binomial""))",11,False,False,,vignettes/multimodal-process-irt-0-7.Rmd|vignettes/process-irt-model-atlas-0-7.Rmd,experimental,False,src/eyeprocesspy/process_irt_07.py,tests/test_process_irt_07.py,yes,implemented,implemented,implemented_initial,not_started,python_reference_differs,not_applicable,docstring_initial,R optional-engine algorithm differs; cross-language validation pending
fit_multimodal_trait_irt,fit_multimodal_trait_irt,R/054-additional-process-measurement-0-7.R,man/fit_multimodal_trait_irt.Rd,"(data, response, rt, gaze, person, item,
                                     trait_label = ""trait"",
                                     process_label = ""process"",
                                     ...)",9,True,False,,,experimental,False,src/eyeprocesspy/process_irt_07.py,tests/test_process_irt_07.py,yes,implemented,implemented,implemented_initial,not_started,python_reference_differs,not_applicable,docstring_initial,R optional-engine algorithm differs; cross-language validation pending
fit_multiple_response_process_irt,fit_multiple_response_process_irt,R/057-emerging-process-irt-0-7.R,man/fit_multiple_response_process_irt.Rd,"(
    data, selected = ""selected"", theta = ""theta"",
    person = ""participant_id"", item = ""item_id"", option = ""option_id"",
    gaze = NULL, engine = c(""reference"", ""external""),
    external_engine = NULL, ...)",10,True,False,tests/testthat/test-0-7-emerging-process.R,vignettes/multiple-response-and-revisiting-irt-0-7.Rmd|vignettes/process-irt-model-atlas-0-7.Rmd,experimental,False,src/eyeprocesspy/process_irt_07.py,tests/test_process_irt_07.py,yes,implemented,implemented,implemented_initial,not_started,python_reference_differs,not_applicable,docstring_initial,R optional-engine algorithm differs; cross-language validation pending
fit_nominal_gaze_irt,fit_nominal_gaze_irt,R/050-process-irt-models-0-7.R,man/fit_nominal_gaze_irt.Rd,"(data,
                                 response_option = ""response_option"",
                                 option_gaze,
                                 person = ""participant_id"", item = ""item_id"",
                                 ability = NULL, correct_option = NULL,
                                 add_item_effects = TRUE, ...)",9,True,False,,vignettes/multimodal-process-irt-0-7.Rmd|vignettes/process-irt-model-atlas-0-7.Rmd,experimental,False,src/eyeprocesspy/process_irt_07.py,tests/test_process_irt_07.py,yes,implemented,implemented,implemented_initial,not_started,python_reference_differs,not_applicable,docstring_initial,R optional-engine algorithm differs; cross-language validation pending
fit_omission_survival_irt,fit_omission_survival_irt,R/050-process-irt-models-0-7.R,man/fit_omission_survival_irt.Rd,"(data,
                                      response = ""response"",
                                      response_time = ""response_time"",
                                      omission_time = NULL,
                                      reached = ""reached"",
                                      person = ""participant_id"", item = ""item_id"",
                                      gaze_exposure = NULL,
                                      first_fixation_latency = NULL,
                                      ...)",10,True,False,,vignettes/multimodal-process-irt-0-7.Rmd|vignettes/process-irt-model-atlas-0-7.Rmd,experimental,False,src/eyeprocesspy/process_irt_07.py,tests/test_process_irt_07.py,yes,implemented,implemented,implemented_initial,not_started,python_reference_differs,not_applicable,docstring_initial,R optional-engine algorithm differs; cross-language validation pending
fit_process_hmm_irt,fit_process_hmm_irt,R/051-advanced-process-irt-0-7.R,man/fit_process_hmm_irt.Rd,"(data,
                                sequence_id = ""trial_id"", order = ""timestamp"",
                                process_features = c(""x"", ""y""),
                                response = ""response"",
                                person = ""participant_id"", item = ""item_id"",
                                n_states = 3L, max_iter = 100L, tol = 1e-5,
                                seed = 1)",11,False,False,,vignettes/experimental-process-irt-0-7.Rmd|vignettes/process-irt-model-atlas-0-7.Rmd,experimental,False,src/eyeprocesspy/advanced_process_irt_07.py,tests/test_advanced_process_irt_07.py,yes,implemented,implemented,implemented_initial,not_started,python_reference_differs,not_applicable,docstring_initial,Python reference estimator differs from R optional-engine/spline implementation; R-oracle validation pending
fit_response_process_embedding_irt,fit_response_process_embedding_irt,R/051-advanced-process-irt-0-7.R,man/fit_response_process_embedding_irt.Rd,"(data, sequences,
                                               response = ""response"",
                                               person = ""participant_id"", item = ""item_id"",
                                               dimensions = 5L, n = c(1L, 2L, 3L))",7,False,False,,vignettes/experimental-process-irt-0-7.Rmd,experimental,False,src/eyeprocesspy/advanced_process_irt_07.py,tests/test_advanced_process_irt_07.py,yes,implemented,implemented,implemented_initial,not_started,python_reference_differs,not_applicable,docstring_initial,Python reference estimator differs from R optional-engine/spline implementation; R-oracle validation pending
fit_revisit_process_cdm,fit_revisit_process_cdm,R/057-emerging-process-irt-0-7.R,man/fit_revisit_process_cdm.Rd,"(response_matrix, q_matrix, process_data,
                                    person_id = ""participant_id"",
                                    revisited = ""revisited"", rt = ""response_time"",
                                    gaze = NULL, ...)",8,True,False,,vignettes/multiple-response-and-revisiting-irt-0-7.Rmd|vignettes/process-irt-model-atlas-0-7.Rmd,experimental,False,src/eyeprocesspy/process_irt_07.py,tests/test_process_irt_07.py,yes,implemented,implemented,implemented_initial,not_started,python_reference_differs,not_applicable,docstring_initial,R optional-engine algorithm differs; cross-language validation pending
fit_speed_accuracy_engagement_irt,fit_speed_accuracy_engagement_irt,R/050-process-irt-models-0-7.R,man/fit_speed_accuracy_engagement_irt.Rd,"(data, ..., engine = c(""reference"", ""brms""))",3,True,False,,,experimental,False,src/eyeprocesspy/process_irt_07.py,tests/test_process_irt_07.py,yes,implemented,implemented,implemented_initial,not_started,python_reference_differs,not_applicable,docstring_initial,R optional-engine algorithm differs; cross-language validation pending
fit_validation_replicate,fit_validation_replicate,R/055-requested-api-completion-0-7.R,man/fit_validation_replicate.Rd,"(replicate, generator, fitter, extractor,
                                     scenario = ""baseline"", engine = ""unspecified"")",6,False,False,tests/testthat/test-0-7-api-completion.R,,unclassified,False,eyeprocesspy.requested_api_07,tests/test_semantic_requested_api_07.py,yes,implemented,implemented,implemented_initial,not_started,source_ported,not_applicable,docstring_initial,R-oracle numerical validation pending
fit_variational_irt,fit_variational_irt,R/051-advanced-process-irt-0-7.R,man/fit_variational_irt.Rd,"(response_matrix, external_engine = NULL, ...)",3,True,False,,vignettes/experimental-process-irt-0-7.Rmd,experimental,False,src/eyeprocesspy/advanced_process_irt_07.py,tests/test_advanced_process_irt_07.py,yes,implemented,implemented,implemented_initial,not_started,source_ported,not_applicable,docstring_initial,R-oracle numerical validation pending
generalizability_process_study,generalizability_process_study,R/054-additional-process-measurement-0-7.R,man/generalizability_process_study.Rd,"(data, outcome, facets,
                                           REML = TRUE)",4,False,False,,vignettes/multimodal-process-irt-0-7.Rmd,experimental,False,src/eyeprocesspy/process_irt_07.py,tests/test_process_irt_07.py,yes,implemented,implemented,implemented_initial,not_started,python_reference_differs,not_applicable,docstring_initial,R optional-engine algorithm differs; cross-language validation pending
get_irt_model,get_irt_model,R/049-multimodal-irt-registry.R,man/get_irt_model.Rd,(id),1,False,False,,,experimental,False,src/eyeprocesspy/process_irt_07.py,tests/test_process_irt_07.py,yes,implemented,implemented,implemented_initial,not_started,source_ported,not_applicable,docstring_initial,R-oracle numerical validation pending
grade_model_evidence,grade_model_evidence,R/052-irt-validation-0-7.R,man/grade_model_evidence.Rd,"(
    recovery,
    spec = irt_validation_spec(""unspecified""),
    external_validation = NULL,
    sbc = NULL,
    ppc = NULL,
    semantic_roundtrip = NULL)",6,False,False,,vignettes/advanced-model-validation-0-7.Rmd|vignettes/multiple-response-and-revisiting-irt-0-7.Rmd|vignettes/process-irt-model-atlas-0-7.Rmd,unclassified,False,src/eyeprocesspy/irt_validation_07.py,tests/test_advanced_process_irt_07.py,yes,implemented,implemented,implemented_initial,not_started,source_ported,not_applicable,docstring_initial,R-oracle numerical validation pending
irt_compositional_channel,irt_compositional_channel,R/049-multimodal-irt-registry.R,man/irt_compositional_channel.Rd,"(parts, family = c(""logratio_gaussian"", ""dirichlet""),
                                      latent = ""process"", options = list())",4,False,False,,,experimental,False,src/eyeprocesspy/process_irt_07.py,tests/test_process_irt_07.py,yes,implemented,implemented,implemented_initial,not_started,source_ported,not_applicable,docstring_initial,R-oracle numerical validation pending
irt_continuous_channel,irt_continuous_channel,R/054-additional-process-measurement-0-7.R,man/irt_continuous_channel.Rd,"(
    family = c(""censored_normal"", ""beta"", ""gaussian""),
    value = ""process_value"", lower = 0, upper = 1,
    latent = ""process"", options = list())",6,False,False,,vignettes/multimodal-process-irt-0-7.Rmd,experimental,False,src/eyeprocesspy/process_irt_07.py,tests/test_process_irt_07.py,yes,implemented,implemented,implemented_initial,not_started,source_ported,not_applicable,docstring_initial,R-oracle numerical validation pending
irt_count_channel,irt_count_channel,R/049-multimodal-irt-registry.R,man/irt_count_channel.Rd,"(family = c(""negative_binomial"", ""poisson""),
                              value = ""fixation_count"", latent = ""engagement"", options = list())",4,False,False,tests/testthat/test-0-10-spec-architecture.R|tests/testthat/test-0-7-process-irt-core.R,vignettes/multimodal-process-irt-0-7.Rmd,experimental,False,src/eyeprocesspy/process_irt_07.py,tests/test_process_irt_07.py,yes,implemented,implemented,implemented_initial,not_started,source_ported,not_applicable,docstring_initial,R-oracle numerical validation pending
irt_functional_channel,irt_functional_channel,R/049-multimodal-irt-registry.R,man/irt_functional_channel.Rd,"(value = ""pupil"", time = ""time"",
                                   family = c(""basis_gaussian"", ""functional_factor""),
                                   latent = ""process"", options = list())",5,False,False,,,experimental,False,src/eyeprocesspy/process_irt_07.py,tests/test_process_irt_07.py,yes,implemented,implemented,implemented_initial,not_started,source_ported,not_applicable,docstring_initial,R-oracle numerical validation pending
irt_model_spec,irt_model_spec,R/049-multimodal-irt-registry.R,man/irt_model_spec.Rd,"(id, latent, channels,
                           status = c(""experimental"", ""reference"", ""gated""),
                           fit_fun = NULL, simulate_fun = NULL, validate_fun = NULL,
                           citation = character(), description = NULL,
                           requirements = character(), metadata = list())",11,False,False,tests/testthat/test-0-7-process-irt-core.R,vignettes/multimodal-process-irt-0-7.Rmd,experimental,False,src/eyeprocesspy/process_irt_07.py,tests/test_process_irt_07.py,yes,implemented,implemented,implemented_initial,not_started,source_ported,not_applicable,docstring_initial,R-oracle numerical validation pending
irt_nominal_channel,irt_nominal_channel,R/049-multimodal-irt-registry.R,man/irt_nominal_channel.Rd,"(choice = ""response_option"", categories = NULL,
                                latent = ""ability"", options = list())",4,False,False,,,experimental,False,src/eyeprocesspy/process_irt_07.py,tests/test_process_irt_07.py,yes,implemented,implemented,implemented_initial,not_started,source_ported,not_applicable,docstring_initial,R-oracle numerical validation pending
irt_response_channel,irt_response_channel,R/049-multimodal-irt-registry.R,man/irt_response_channel.Rd,"(family = c(""2pl"", ""rasch"", ""graded"", ""partial_credit""),
                                 response = ""response"", latent = ""ability"", options = list())",4,False,False,tests/testthat/test-0-10-backend-gating.R|tests/testthat/test-0-10-spec-architecture.R|tests/testthat/test-0-7-process-irt-core.R,vignettes/multimodal-process-irt-0-7.Rmd,experimental,False,src/eyeprocesspy/process_irt_07.py,tests/test_process_irt_07.py,yes,implemented,implemented,implemented_initial,not_started,source_ported,not_applicable,docstring_initial,R-oracle numerical validation pending
irt_rt_channel,irt_rt_channel,R/049-multimodal-irt-registry.R,man/irt_rt_channel.Rd,"(family = c(""lognormal"", ""gaussian_log"", ""shifted_lognormal""),
                           rt = ""rt"", latent = ""speed"", options = list())",4,False,False,tests/testthat/test-0-10-spec-architecture.R,vignettes/multimodal-process-irt-0-7.Rmd,experimental,False,src/eyeprocesspy/process_irt_07.py,tests/test_process_irt_07.py,yes,implemented,implemented,implemented_initial,not_started,source_ported,not_applicable,docstring_initial,R-oracle numerical validation pending
irt_sequence_channel,irt_sequence_channel,R/049-multimodal-irt-registry.R,man/irt_sequence_channel.Rd,"(sequence = ""sequence"", family = c(""ngram"", ""hmm"", ""embedding""),
                                 latent = ""strategy"", options = list())",4,False,False,,vignettes/multimodal-process-irt-0-7.Rmd,experimental,False,src/eyeprocesspy/process_irt_07.py,tests/test_process_irt_07.py,yes,implemented,implemented,implemented_initial,not_started,source_ported,not_applicable,docstring_initial,R-oracle numerical validation pending
irt_survival_channel,irt_survival_channel,R/049-multimodal-irt-registry.R,man/irt_survival_channel.Rd,"(family = c(""cox"", ""weibull"", ""exponential""),
                                 time = ""time"", event = ""event"", latent = NULL, options = list())",5,False,False,,,experimental,False,src/eyeprocesspy/process_irt_07.py,tests/test_process_irt_07.py,yes,implemented,implemented,implemented_initial,not_started,source_ported,not_applicable,docstring_initial,R-oracle numerical validation pending
irt_validation_spec,irt_validation_spec,R/052-irt-validation-0-7.R,man/irt_validation_spec.Rd,"(
    model_id,
    replications = 250L,
    parameters = NULL,
    metrics = c(""bias"", ""rmse"", ""coverage"", ""interval_width"", ""convergence""),
    grouped_validation = c(""device"", ""session"", ""site""),
    preprocessing_variants = NULL,
    misspecification_scenarios = NULL,
    thresholds = list(
      max_abs_bias = 0.10,
      max_rmse = 0.30,
      min_coverage = 0.90,
      max_failure_rate = 0.05,
      min_external_folds = 2L
    ),
    seed = 20260808L,
    notes = NULL)",10,False,False,,vignettes/advanced-model-validation-0-7.Rmd|vignettes/multiple-response-and-revisiting-irt-0-7.Rmd|vignettes/process-irt-model-atlas-0-7.Rmd,unclassified,False,src/eyeprocesspy/irt_validation_07.py,tests/test_advanced_process_irt_07.py,yes,implemented,implemented,implemented_initial,not_started,source_ported,not_applicable,docstring_initial,R-oracle numerical validation pending
latent_distribution_stress_test,latent_distribution_stress_test,R/055-requested-api-completion-0-7.R,man/latent_distribution_stress_test.Rd,(...),1,True,False,,vignettes/process-irt-model-atlas-0-7.Rmd,unclassified,False,eyeprocesspy.requested_api_07,tests/test_semantic_requested_api_07.py,yes,implemented,implemented,implemented_initial,not_started,source_ported,not_applicable,docstring_initial,R-oracle numerical validation pending
latent_trait_trajectory,latent_trait_trajectory,R/051-advanced-process-irt-0-7.R,man/latent_trait_trajectory.Rd,"(time, theta, spar = NULL)",3,False,False,,,experimental,False,src/eyeprocesspy/advanced_process_irt_07.py,tests/test_advanced_process_irt_07.py,yes,implemented,implemented,implemented_initial,not_started,python_reference_differs,not_applicable,docstring_initial,Python reference estimator differs from R optional-engine/spline implementation; R-oracle validation pending
leave_device_out_validation,leave_device_out_validation,R/052-irt-validation-0-7.R,man/leave_device_out_validation.Rd,"(data, device, fitter, predictor, scorer)",5,False,False,,vignettes/advanced-model-validation-0-7.Rmd,unclassified,False,src/eyeprocesspy/irt_validation_07.py,tests/test_advanced_process_irt_07.py,yes,implemented,implemented,implemented_initial,not_started,source_ported,not_applicable,docstring_initial,R-oracle numerical validation pending
leave_item_out_validation,leave_item_out_validation,R/052-irt-validation-0-7.R,man/leave_item_out_validation.Rd,"(data, item, fitter, predictor, scorer)",5,False,False,,vignettes/advanced-model-validation-0-7.Rmd,unclassified,False,src/eyeprocesspy/irt_validation_07.py,tests/test_advanced_process_irt_07.py,yes,implemented,implemented,implemented_initial,not_started,source_ported,not_applicable,docstring_initial,R-oracle numerical validation pending
leave_session_out_validation,leave_session_out_validation,R/052-irt-validation-0-7.R,man/leave_session_out_validation.Rd,"(data, session, fitter, predictor, scorer)",5,False,False,,vignettes/advanced-model-validation-0-7.Rmd,unclassified,False,src/eyeprocesspy/irt_validation_07.py,tests/test_advanced_process_irt_07.py,yes,implemented,implemented,implemented_initial,not_started,source_ported,not_applicable,docstring_initial,R-oracle numerical validation pending
leave_site_out_validation,leave_site_out_validation,R/052-irt-validation-0-7.R,man/leave_site_out_validation.Rd,"(data, site, fitter, predictor, scorer)",5,False,False,,vignettes/advanced-model-validation-0-7.Rmd,unclassified,False,src/eyeprocesspy/irt_validation_07.py,tests/test_advanced_process_irt_07.py,yes,implemented,implemented,implemented_initial,not_started,source_ported,not_applicable,docstring_initial,R-oracle numerical validation pending
list_irt_models,list_irt_models,R/049-multimodal-irt-registry.R,man/list_irt_models.Rd,(),0,False,False,tests/testthat/test-0-7-process-irt-core.R,vignettes/multimodal-process-irt-0-7.Rmd|vignettes/process-irt-model-atlas-0-7.Rmd,experimental,False,src/eyeprocesspy/process_irt_07.py,tests/test_process_irt_07.py,yes,implemented,implemented,implemented_initial,not_started,source_ported,not_applicable,docstring_initial,R-oracle numerical validation pending
negative_control_process_test,negative_control_process_test,R/052-irt-validation-0-7.R,man/negative_control_process_test.Rd,"(
    data, process_columns, evaluator, within = NULL, permutations = 100L,
    higher_is_better = TRUE, seed = 20260808L)",7,False,False,tests/testthat/test-0-7-validation-contract.R,vignettes/advanced-model-validation-0-7.Rmd|vignettes/process-irt-model-atlas-0-7.Rmd,unclassified,False,src/eyeprocesspy/irt_validation_07.py,tests/test_advanced_process_irt_07.py,yes,implemented,implemented,implemented_initial,not_started,source_ported,not_applicable,docstring_initial,R-oracle numerical validation pending
option_process_information,option_process_information,R/050-process-irt-models-0-7.R,man/option_process_information.Rd,(object),1,False,False,,vignettes/multimodal-process-irt-0-7.Rmd,experimental,False,src/eyeprocesspy/process_irt_07.py,tests/test_process_irt_07.py,yes,implemented,implemented,implemented_initial,not_started,source_ported,not_applicable,docstring_initial,R-oracle numerical validation pending
plot_distractor_information,plot_distractor_information,R/055-requested-api-completion-0-7.R,man/plot_distractor_information.Rd,"(object, ...)",2,True,False,,,unclassified,True,eyeprocesspy.requested_api_07,tests/test_semantic_requested_api_07.py,yes,implemented,implemented,implemented_initial,not_started,source_ported,implemented,docstring_initial,R-oracle numerical validation pending
plot_irf_uncertainty,plot_irf_uncertainty,R/055-requested-api-completion-0-7.R,man/plot_irf_uncertainty.Rd,"(object, item = 1L,
                                 theta_grid = seq(-4, 4, length.out = 101),
                                 level = 0.95, ...)",5,True,False,,vignettes/process-irt-model-atlas-0-7.Rmd,unclassified,True,eyeprocesspy.requested_api_07,tests/test_semantic_requested_api_07.py,yes,implemented,implemented,implemented_initial,not_started,python_reference_differs,implemented,docstring_initial,R-oracle numerical validation pending
plot_person_item_space,plot_person_item_space,R/055-requested-api-completion-0-7.R,man/plot_person_item_space.Rd,"(object, dimensions = c(1L, 2L), labels = FALSE, ...)",4,True,False,,,unclassified,True,eyeprocesspy.requested_api_07,tests/test_semantic_requested_api_07.py,yes,implemented,implemented,implemented_initial,not_started,source_ported,implemented,docstring_initial,R-oracle numerical validation pending
plot_process_changepoint,plot_process_changepoint,R/055-requested-api-completion-0-7.R,man/plot_process_changepoint.Rd,"(object, ...)",2,True,False,,,unclassified,True,eyeprocesspy.requested_api_07,tests/test_semantic_requested_api_07.py,yes,implemented,implemented,implemented_initial,not_started,source_ported,implemented,docstring_initial,R-oracle numerical validation pending
posterior_predictive_discrepancies,posterior_predictive_discrepancies,R/052-irt-validation-0-7.R,man/posterior_predictive_discrepancies.Rd,"(
    observed,
    replicated,
    discrepancies = list(
      mean = function(x) mean(x, na.rm = TRUE),
      sd = function(x) stats::sd(x, na.rm = TRUE),
      zero_rate = function(x) mean(x == 0, na.rm = TRUE)
    ))",3,False,False,tests/testthat/test-0-7-validation-contract.R,vignettes/advanced-model-validation-0-7.Rmd,unclassified,False,src/eyeprocesspy/irt_validation_07.py,tests/test_advanced_process_irt_07.py,yes,implemented,implemented,implemented_initial,not_started,source_ported,not_applicable,docstring_initial,R-oracle numerical validation pending
posterior_sbc_contract,posterior_sbc_contract,R/052-irt-validation-0-7.R,man/posterior_sbc_contract.Rd,(replication),1,False,False,,vignettes/advanced-model-validation-0-7.Rmd,unclassified,False,src/eyeprocesspy/irt_validation_07.py,tests/test_advanced_process_irt_07.py,yes,implemented,implemented,implemented_initial,not_started,source_ported,not_applicable,docstring_initial,R-oracle numerical validation pending
predict_theta_at_time,predict_theta_at_time,R/051-advanced-process-irt-0-7.R,man/predict_theta_at_time.Rd,"(object, time)",2,False,False,,,experimental,False,src/eyeprocesspy/advanced_process_irt_07.py,tests/test_advanced_process_irt_07.py,yes,implemented,implemented,implemented_initial,not_started,python_reference_differs,not_applicable,docstring_initial,Python reference estimator differs from R optional-engine/spline implementation; R-oracle validation pending
process_channel_ablation,process_channel_ablation,R/054-additional-process-measurement-0-7.R,man/process_channel_ablation.Rd,"(data, channels, evaluator, baseline = character(),
                                     higher_is_better = TRUE)",5,False,False,tests/testthat/test-0-7-continuous-process.R,vignettes/multiple-response-and-revisiting-irt-0-7.Rmd,experimental,False,src/eyeprocesspy/process_irt_07.py,tests/test_process_irt_07.py,yes,implemented,implemented,implemented_initial,not_started,source_ported,not_applicable,docstring_initial,R-oracle numerical validation pending
process_dependent_discrimination_audit,process_dependent_discrimination_audit,R/054-additional-process-measurement-0-7.R,man/process_dependent_discrimination_audit.Rd,"(
    data, response, theta, process, person, item, nonlinear = TRUE)",7,False,False,,vignettes/advanced-model-validation-0-7.Rmd,experimental,False,src/eyeprocesspy/process_irt_07.py,tests/test_process_irt_07.py,yes,implemented,implemented,implemented_initial,not_started,python_reference_differs,not_applicable,docstring_initial,R optional-engine algorithm differs; cross-language validation pending
process_dif_nuisance_surrogate,process_dif_nuisance_surrogate,R/051-advanced-process-irt-0-7.R,man/process_dif_nuisance_surrogate.Rd,"(data, process_features,
                                           person = ""participant_id"",
                                           aggregate = TRUE)",4,False,False,,vignettes/experimental-process-irt-0-7.Rmd,experimental,False,src/eyeprocesspy/advanced_process_irt_07.py,tests/test_advanced_process_irt_07.py,yes,implemented,implemented,implemented_initial,not_started,source_ported,not_applicable,docstring_initial,R-oracle numerical validation pending
process_item_information,process_item_information,R/051-advanced-process-irt-0-7.R,man/process_item_information.Rd,"(theta, a, b,
                                     process_information = 0,
                                     rt_information = 0,
                                     weights = c(response = 1, rt = 0, process = 0),
                                     expected_time = 0, burden_weight = 0)",8,False,False,,vignettes/experimental-process-irt-0-7.Rmd,experimental,False,src/eyeprocesspy/advanced_process_irt_07.py,tests/test_advanced_process_irt_07.py,yes,implemented,implemented,implemented_initial,not_started,source_ported,not_applicable,docstring_initial,R-oracle numerical validation pending
process_ngram_features,process_ngram_features,R/051-advanced-process-irt-0-7.R,man/process_ngram_features.Rd,"(sequence, n = c(1L, 2L, 3L), separator = "">"")",3,False,False,tests/testthat/test-0-7-process-irt-core.R,vignettes/experimental-process-irt-0-7.Rmd,experimental,False,src/eyeprocesspy/advanced_process_irt_07.py,tests/test_advanced_process_irt_07.py,yes,implemented,implemented,implemented_initial,not_started,source_ported,not_applicable,docstring_initial,R-oracle numerical validation pending
process_person_fit,process_person_fit,R/051-advanced-process-irt-0-7.R,man/process_person_fit.Rd,"(object, data = NULL, person = NULL,
                               response_weight = 1, rt_weight = 1, process_weight = 1)",6,False,False,,vignettes/experimental-process-irt-0-7.Rmd,experimental,False,src/eyeprocesspy/advanced_process_irt_07.py,tests/test_advanced_process_irt_07.py,yes,implemented,implemented,implemented_initial,not_started,python_reference_differs,not_applicable,docstring_initial,Python reference estimator differs from R optional-engine/spline implementation; R-oracle validation pending
process_residual_map,process_residual_map,R/051-advanced-process-irt-0-7.R,man/process_residual_map.Rd,"(object, entity = c(""both"", ""person"", ""item""))",2,False,False,,vignettes/experimental-process-irt-0-7.Rmd,experimental,False,src/eyeprocesspy/advanced_process_irt_07.py,tests/test_advanced_process_irt_07.py,yes,implemented,implemented,implemented_initial,not_started,source_ported,not_applicable,docstring_initial,R-oracle numerical validation pending
process_sequence_embedding,process_sequence_embedding,R/051-advanced-process-irt-0-7.R,man/process_sequence_embedding.Rd,"(sequence, n = c(1L, 2L, 3L), dimensions = 5L)",3,False,False,tests/testthat/test-0-7-process-irt-core.R,vignettes/experimental-process-irt-0-7.Rmd,experimental,False,src/eyeprocesspy/advanced_process_irt_07.py,tests/test_advanced_process_irt_07.py,yes,implemented,implemented,implemented_initial,not_started,source_ported,not_applicable,docstring_initial,R-oracle numerical validation pending
process_state_occupancy,process_state_occupancy,R/051-advanced-process-irt-0-7.R,man/process_state_occupancy.Rd,(object),1,False,False,,vignettes/experimental-process-irt-0-7.Rmd,experimental,False,src/eyeprocesspy/advanced_process_irt_07.py,tests/test_advanced_process_irt_07.py,yes,implemented,implemented,implemented_initial,not_started,source_ported,not_applicable,docstring_initial,R-oracle numerical validation pending
process_state_transition_summary,process_state_transition_summary,R/051-advanced-process-irt-0-7.R,man/process_state_transition_summary.Rd,(object),1,False,False,,vignettes/experimental-process-irt-0-7.Rmd,experimental,False,src/eyeprocesspy/advanced_process_irt_07.py,tests/test_advanced_process_irt_07.py,yes,implemented,implemented,implemented_initial,not_started,source_ported,not_applicable,docstring_initial,R-oracle numerical validation pending
promote_irt_model,promote_irt_model,R/049-multimodal-irt-registry.R,man/promote_irt_model.Rd,"(spec, evidence,
                              target = c(""experimental"", ""reference""),
                              update_registry = FALSE)",4,False,False,,vignettes/multimodal-process-irt-0-7.Rmd,experimental,False,src/eyeprocesspy/process_irt_07.py,tests/test_process_irt_07.py,yes,implemented,implemented,implemented_initial,not_started,source_ported,not_applicable,docstring_initial,R-oracle numerical validation pending
public_validation_corpus,public_validation_corpus,R/048-semantic-validation-0-7.R,man/public_validation_corpus.Rd,(),0,False,False,tests/testthat/test-0-7-semantic-validation.R,vignettes/validation-evidence-0-7.Rmd,unclassified,False,eyeprocesspy.semantic_validation_07,tests/test_semantic_requested_api_07.py,yes,implemented,implemented,implemented_initial,not_started,source_ported,not_applicable,docstring_initial,R-oracle numerical validation pending
pupil_unit_fidelity_audit,pupil_unit_fidelity_audit,R/048-semantic-validation-0-7.R,man/pupil_unit_fidelity_audit.Rd,"(source, roundtrip,
                                      source_pupil = ""pupil_size"",
                                      roundtrip_pupil = source_pupil,
                                      key = NULL,
                                      tolerance = 1e-6,
                                      correlation_floor = 0.995)",7,False,False,,vignettes/validation-evidence-0-7.Rmd,unclassified,False,eyeprocesspy.semantic_validation_07,tests/test_semantic_requested_api_07.py,yes,implemented,implemented,implemented_initial,not_started,source_ported,not_applicable,docstring_initial,R-oracle numerical validation pending
recalibrate_after_changepoint,recalibrate_after_changepoint,R/050-process-irt-models-0-7.R,man/recalibrate_after_changepoint.Rd,"(data, fitter,
                                          person = ""participant_id"", order = ""item_order"",
                                          policy = c(""flag"", ""exclude_post_change"", ""add_regime""), ...)",6,True,False,,,experimental,False,src/eyeprocesspy/process_irt_07.py,tests/test_process_irt_07.py,yes,implemented,implemented,implemented_initial,not_started,source_ported,not_applicable,docstring_initial,R-oracle numerical validation pending
recommended_validation_replications,recommended_validation_replications,R/052-irt-validation-0-7.R,man/recommended_validation_replications.Rd,"(
    target_mcse = 0.01,
    metric = c(""coverage"", ""mean""),
    anticipated_sd = 1,
    anticipated_probability = 0.95,
    minimum = 100L)",5,False,False,,vignettes/advanced-model-validation-0-7.Rmd,unclassified,False,src/eyeprocesspy/irt_validation_07.py,tests/test_advanced_process_irt_07.py,yes,implemented,implemented,implemented_initial,not_started,source_ported,not_applicable,docstring_initial,R-oracle numerical validation pending
register_irt_model,register_irt_model,R/049-multimodal-irt-registry.R,man/register_irt_model.Rd,"(spec, overwrite = FALSE)",2,False,False,,vignettes/multimodal-process-irt-0-7.Rmd,experimental,False,src/eyeprocesspy/process_irt_07.py,tests/test_process_irt_07.py,yes,implemented,implemented,implemented_initial,not_started,source_ported,not_applicable,docstring_initial,R-oracle numerical validation pending
roundtrip_eye_bids,roundtrip_eye_bids,R/055-requested-api-completion-0-7.R,man/roundtrip_eye_bids.Rd,"(source, exporter, importer,
                               export_args = list(), import_args = list(),
                               extract_samples = .ep07_roundtrip_extract_samples,
                               audit_args = list())",7,False,False,tests/testthat/test-0-7-api-completion.R,,unclassified,False,eyeprocesspy.requested_api_07,tests/test_semantic_requested_api_07.py,yes,implemented,implemented,implemented_initial,not_started,source_ported,not_applicable,docstring_initial,R-oracle numerical validation pending
run_posterior_sbc,run_posterior_sbc,R/052-irt-validation-0-7.R,man/run_posterior_sbc.Rd,"(observed_data, contract, replications = 100L,
                              seed = 20260808L)",4,False,False,,vignettes/advanced-model-validation-0-7.Rmd,unclassified,False,src/eyeprocesspy/irt_validation_07.py,tests/test_advanced_process_irt_07.py,yes,implemented,implemented,implemented_initial,not_started,source_ported,not_applicable,docstring_initial,R-oracle numerical validation pending
run_sbc,run_sbc,R/052-irt-validation-0-7.R,man/run_sbc.Rd,"(simulator, fitter, posterior_draws, replications = 100L,
                    seed = 20260808L)",5,False,False,tests/testthat/test-0-7-validation-contract.R,vignettes/advanced-model-validation-0-7.Rmd,unclassified,False,src/eyeprocesspy/irt_validation_07.py,tests/test_advanced_process_irt_07.py,yes,implemented,implemented,implemented_initial,not_started,source_ported,not_applicable,docstring_initial,R-oracle numerical validation pending
select_next_item_process,select_next_item_process,R/051-advanced-process-irt-0-7.R,man/select_next_item_process.Rd,"(theta, item_bank,
                                     used = character(),
                                     weights = c(response = 1, rt = 0, process = 0),
                                     burden_weight = 0)",5,False,False,,vignettes/experimental-process-irt-0-7.Rmd,experimental,False,src/eyeprocesspy/advanced_process_irt_07.py,tests/test_advanced_process_irt_07.py,yes,implemented,implemented,implemented_initial,not_started,source_ported,not_applicable,docstring_initial,R-oracle numerical validation pending
semantic_fidelity_spec,semantic_fidelity_spec,R/048-semantic-validation-0-7.R,man/semantic_fidelity_spec.Rd,"(timestamp_tolerance = 1e-6,
                                   coordinate_tolerance = 1e-6,
                                   pupil_tolerance = 1e-6,
                                   missingness_tolerance = 1e-6,
                                   correlation_floor = 0.999,
                                   allow_row_reorder = TRUE)",6,False,False,,vignettes/validation-evidence-0-7.Rmd,unclassified,False,eyeprocesspy.semantic_validation_07,tests/test_semantic_requested_api_07.py,yes,implemented,implemented,implemented_initial,not_started,source_ported,not_applicable,docstring_initial,R-oracle numerical validation pending
semantic_loss_map,semantic_loss_map,R/048-semantic-validation-0-7.R,man/semantic_loss_map.Rd,(x),1,False,False,,vignettes/validation-evidence-0-7.Rmd,unclassified,False,eyeprocesspy.semantic_validation_07,tests/test_semantic_requested_api_07.py,yes,implemented,implemented,implemented_initial,not_started,source_ported,not_applicable,docstring_initial,R-oracle numerical validation pending
semantic_roundtrip_audit,semantic_roundtrip_audit,R/048-semantic-validation-0-7.R,man/semantic_roundtrip_audit.Rd,"(source, roundtrip, key = NULL, fields = NULL,
                                     timestamp = list(), coordinates = list(), pupil = NULL,
                                     eye = NULL, source_events = NULL, roundtrip_events = NULL,
                                     event_args = list())",11,False,False,,vignettes/validation-evidence-0-7.Rmd,unclassified,False,eyeprocesspy.semantic_validation_07,tests/test_semantic_requested_api_07.py,yes,implemented,implemented,implemented_initial,not_started,source_ported,not_applicable,docstring_initial,R-oracle numerical validation pending
session_facet_effects,session_facet_effects,R/055-requested-api-completion-0-7.R,man/session_facet_effects.Rd,"(object, channel = c(""response"", ""process""))",2,False,False,,vignettes/process-irt-model-atlas-0-7.Rmd,unclassified,False,eyeprocesspy.requested_api_07,tests/test_semantic_requested_api_07.py,yes,implemented,implemented,implemented_initial,not_started,source_ported,not_applicable,docstring_initial,R-oracle numerical validation pending
simulate_from_model,simulate_from_model,R/055-requested-api-completion-0-7.R,man/simulate_from_model.Rd,"(model, ...)",2,True,False,,,unclassified,False,eyeprocesspy.requested_api_07,tests/test_semantic_requested_api_07.py,yes,implemented,implemented,implemented_initial,not_started,source_ported,not_applicable,docstring_initial,R-oracle numerical validation pending
simulate_irt_model,simulate_irt_model,R/049-multimodal-irt-registry.R,man/simulate_irt_model.Rd,"(spec, ..., allow_experimental = TRUE)",3,True,False,,,experimental,False,src/eyeprocesspy/process_irt_07.py,tests/test_process_irt_07.py,yes,implemented,implemented,implemented_initial,not_started,source_ported,not_applicable,docstring_initial,R-oracle numerical validation pending
simulate_process_cat,simulate_process_cat,R/051-advanced-process-irt-0-7.R,man/simulate_process_cat.Rd,"(item_bank, true_theta = 0, n_items = 10L,
                                 weights = c(response = 1, rt = 0, process = 0),
                                 burden_weight = 0, seed = 1)",6,False,False,,vignettes/experimental-process-irt-0-7.Rmd,experimental,False,src/eyeprocesspy/advanced_process_irt_07.py,tests/test_advanced_process_irt_07.py,yes,implemented,implemented,implemented_initial,not_started,source_ported,not_applicable,docstring_initial,R-oracle numerical validation pending
stress_test_latent_distribution,stress_test_latent_distribution,R/052-irt-validation-0-7.R,man/stress_test_latent_distribution.Rd,"(runner, replications = 50L,
                                            seed = 20260808L)",3,False,False,,vignettes/advanced-model-validation-0-7.Rmd,unclassified,False,src/eyeprocesspy/irt_validation_07.py,tests/test_advanced_process_irt_07.py,yes,implemented,implemented,implemented_initial,not_started,source_ported,not_applicable,docstring_initial,R-oracle numerical validation pending
stress_test_local_dependence,stress_test_local_dependence,R/052-irt-validation-0-7.R,man/stress_test_local_dependence.Rd,"(runner, strengths = c(0, 0.2, 0.5, 0.8),
                                         replications = 50L, seed = 20260808L)",4,False,False,,vignettes/advanced-model-validation-0-7.Rmd|vignettes/multiple-response-and-revisiting-irt-0-7.Rmd,unclassified,False,src/eyeprocesspy/irt_validation_07.py,tests/test_advanced_process_irt_07.py,yes,implemented,implemented,implemented_initial,not_started,source_ported,not_applicable,docstring_initial,R-oracle numerical validation pending
stress_test_missingness,stress_test_missingness,R/052-irt-validation-0-7.R,man/stress_test_missingness.Rd,"(runner,
                                    mechanisms = c(""MCAR"", ""MAR"", ""MNAR_omission"", ""not_reached""),
                                    rates = c(.05, .15, .30),
                                    replications = 50L, seed = 20260808L)",5,False,False,,vignettes/advanced-model-validation-0-7.Rmd,unclassified,False,src/eyeprocesspy/irt_validation_07.py,tests/test_advanced_process_irt_07.py,yes,implemented,implemented,implemented_initial,not_started,source_ported,not_applicable,docstring_initial,R-oracle numerical validation pending
stress_test_misspecification,stress_test_misspecification,R/052-irt-validation-0-7.R,man/stress_test_misspecification.Rd,"(scenarios, runner, replications = 50L,
                                         seed = 20260808L)",4,False,False,,,unclassified,False,src/eyeprocesspy/irt_validation_07.py,tests/test_advanced_process_irt_07.py,yes,implemented,implemented,implemented_initial,not_started,source_ported,not_applicable,docstring_initial,R-oracle numerical validation pending
stress_test_preprocessing,stress_test_preprocessing,R/052-irt-validation-0-7.R,man/stress_test_preprocessing.Rd,"(runner, variants,
                                      replications = 25L, seed = 20260808L)",4,False,False,,vignettes/advanced-model-validation-0-7.Rmd,unclassified,False,src/eyeprocesspy/irt_validation_07.py,tests/test_advanced_process_irt_07.py,yes,implemented,implemented,implemented_initial,not_started,source_ported,not_applicable,docstring_initial,R-oracle numerical validation pending
stress_test_speededness,stress_test_speededness,R/052-irt-validation-0-7.R,man/stress_test_speededness.Rd,"(runner, proportions = c(0, .10, .25, .40),
                                    replications = 50L, seed = 20260808L)",4,False,False,,vignettes/advanced-model-validation-0-7.Rmd,unclassified,False,src/eyeprocesspy/irt_validation_07.py,tests/test_advanced_process_irt_07.py,yes,implemented,implemented,implemented_initial,not_started,source_ported,not_applicable,docstring_initial,R-oracle numerical validation pending
summarize_parameter_recovery,summarize_parameter_recovery,R/052-irt-validation-0-7.R,man/summarize_parameter_recovery.Rd,"(
    results,
    by = c(""scenario"", ""engine"", ""parameter""),
    interval_level = 0.95)",3,False,False,tests/testthat/test-0-7-validation-contract.R,vignettes/advanced-model-validation-0-7.Rmd,unclassified,False,src/eyeprocesspy/irt_validation_07.py,tests/test_advanced_process_irt_07.py,yes,implemented,implemented,implemented_initial,not_started,source_ported,not_applicable,docstring_initial,R-oracle numerical validation pending
timestamp_fidelity_audit,timestamp_fidelity_audit,R/048-semantic-validation-0-7.R,man/timestamp_fidelity_audit.Rd,"(source, roundtrip,
                                     source_time = ""timestamp"",
                                     roundtrip_time = source_time,
                                     source_unit = ""seconds"",
                                     roundtrip_unit = source_unit,
                                     key = NULL,
                                     tolerance = 1e-6)",8,False,False,,vignettes/validation-evidence-0-7.Rmd,unclassified,False,eyeprocesspy.semantic_validation_07,tests/test_semantic_requested_api_07.py,yes,implemented,implemented,implemented_initial,not_started,source_ported,not_applicable,docstring_initial,R-oracle numerical validation pending
validate_bids_eye_semantics,validate_bids_eye_semantics,R/048-semantic-validation-0-7.R,man/validate_bids_eye_semantics.Rd,"(data, metadata, events_metadata = NULL)",3,False,False,tests/testthat/test-0-7-semantic-validation.R,vignettes/validation-evidence-0-7.Rmd,unclassified,False,eyeprocesspy.semantic_validation_07,tests/test_semantic_requested_api_07.py,yes,implemented,implemented,implemented_initial,not_started,source_ported,not_applicable,docstring_initial,R-oracle numerical validation pending
validate_hed_event_semantics,validate_hed_event_semantics,R/048-semantic-validation-0-7.R,man/validate_hed_event_semantics.Rd,"(events, hed_column = ""HED"")",2,False,False,,vignettes/validation-evidence-0-7.Rmd,unclassified,False,eyeprocesspy.semantic_validation_07,tests/test_semantic_requested_api_07.py,yes,implemented,implemented,implemented_initial,not_started,source_ported,not_applicable,docstring_initial,R-oracle numerical validation pending
validate_irt_model,validate_irt_model,R/049-multimodal-irt-registry.R,man/validate_irt_model.Rd,"(spec, validation = NULL, ...)",3,True,False,,vignettes/multimodal-process-irt-0-7.Rmd,experimental,False,src/eyeprocesspy/process_irt_07.py,tests/test_process_irt_07.py,yes,implemented,implemented,implemented_initial,not_started,source_ported,not_applicable,docstring_initial,R-oracle numerical validation pending
validate_latent_space_process_similarity,validate_latent_space_process_similarity,R/051-advanced-process-irt-0-7.R,man/validate_latent_space_process_similarity.Rd,"(object, process_matrix,
                                                     entity = c(""person"", ""item""))",3,False,False,,vignettes/experimental-process-irt-0-7.Rmd,experimental,False,src/eyeprocesspy/advanced_process_irt_07.py,tests/test_advanced_process_irt_07.py,yes,implemented,implemented,implemented_initial,not_started,source_ported,not_applicable,docstring_initial,R-oracle numerical validation pending
validate_vendor_semantics,validate_vendor_semantics,R/055-requested-api-completion-0-7.R,man/validate_vendor_semantics.Rd,"(data, contract, metadata = list())",3,False,False,tests/testthat/test-0-7-api-completion.R,,unclassified,False,eyeprocesspy.requested_api_07,tests/test_semantic_requested_api_07.py,yes,implemented,implemented,implemented_initial,not_started,source_ported,not_applicable,docstring_initial,R-oracle numerical validation pending
validate_vendor_timestamp_semantics,validate_vendor_timestamp_semantics,R/048-semantic-validation-0-7.R,man/validate_vendor_timestamp_semantics.Rd,"(data, vendor,
                                                device_time = NULL,
                                                system_time = NULL,
                                                media_time = NULL)",5,False,False,,vignettes/validation-evidence-0-7.Rmd,unclassified,False,eyeprocesspy.semantic_validation_07,tests/test_semantic_requested_api_07.py,yes,implemented,implemented,implemented_initial,not_started,source_ported,not_applicable,docstring_initial,R-oracle numerical validation pending
validation_evidence_levels,validation_evidence_levels,R/048-semantic-validation-0-7.R,man/validation_evidence_levels.Rd,(),0,False,False,,vignettes/process-irt-model-atlas-0-7.Rmd|vignettes/validation-evidence-0-7.Rmd,unclassified,False,eyeprocesspy.semantic_validation_07,tests/test_semantic_requested_api_07.py,yes,implemented,implemented,implemented_initial,not_started,source_ported,not_applicable,docstring_initial,R-oracle numerical validation pending
validation_failure_taxonomy,validation_failure_taxonomy,R/052-irt-validation-0-7.R,man/validation_failure_taxonomy.Rd,(x),1,False,False,,,unclassified,False,src/eyeprocesspy/irt_validation_07.py,tests/test_advanced_process_irt_07.py,yes,implemented,implemented,implemented_initial,not_started,source_ported,not_applicable,docstring_initial,R-oracle numerical validation pending
validation_mcse,validation_mcse,R/052-irt-validation-0-7.R,man/validation_mcse.Rd,"(results, metric = c(""bias"", ""rmse"", ""coverage""))",2,False,False,,vignettes/advanced-model-validation-0-7.Rmd,unclassified,False,src/eyeprocesspy/irt_validation_07.py,tests/test_advanced_process_irt_07.py,yes,implemented,implemented,implemented_initial,not_started,source_ported,not_applicable,docstring_initial,R-oracle numerical validation pending
vendor_schema_contract,vendor_schema_contract,R/055-requested-api-completion-0-7.R,man/vendor_schema_contract.Rd,"(
    vendor, version = NA_character_, required_fields = character(),
    optional_fields = character(), aliases = list(), timestamp = list(),
    coordinate = list(), units = list(), eye_streams = character(),
    event_fields = character())",10,False,False,tests/testthat/test-0-7-api-completion.R,,unclassified,False,eyeprocesspy.requested_api_07,tests/test_semantic_requested_api_07.py,yes,implemented,implemented,implemented_initial,not_started,source_ported,not_applicable,docstring_initial,R-oracle numerical validation pending
addm_glam_proxy_features,addm_glam_proxy_features,R/066-process-decision-features-0-8.R,man/addm_glam_proxy_features.Rd,"(
    data, by = c(""person_id"", ""trial_id""), time = ""time_ms"", aoi = ""aoi"",
    target_aoi = ""target"", distractor_aoi = ""distractor"", action_aoi = ""button"")",7,False,False,tests/testthat/test-0-8-decision-plots.R,vignettes/process-decision-proxies-and-frontier-gates.Rmd,unclassified,False,src/eyeprocesspy/operational_validation_08.py,tests/test_operational_validation_08.py,yes,implemented,implemented,implemented_initial,not_started,source_ported,not_applicable,article_or_example_initial,R oracle pending
adjust_pupil_confounds,adjust_pupil_confounds,R/061-pupil-advanced-representations-0-8.R,man/adjust_pupil_confounds.Rd,(x),1,False,False,,vignettes/advanced-pupillometry-representations.Rmd,unclassified,False,src/eyeprocesspy/process_governance_08.py,tests/test_process_governance_08.py,yes,implemented,implemented,implemented_initial,not_started,source_ported,not_applicable,article_or_example_initial,R oracle pending
aoi_trajectory_features,aoi_trajectory_features,R/060-process-window-representations-0-8.R,man/aoi_trajectory_features.Rd,"(data, person = ""person_id"", trial = ""trial_id"",
                                    time = ""time_ms"", aoi = ""aoi"", bin_ms = 100,
                                    degree = 3L, aois = NULL)",8,False,False,tests/testthat/test-0-8-windows-pupil.R,vignettes/temporal-process-representations.Rmd,unclassified,False,src/eyeprocesspy/process_governance_08.py,tests/test_process_governance_08.py,yes,implemented,implemented,implemented_initial,not_started,source_ported,not_applicable,article_or_example_initial,R oracle pending
apply_preflight_decision,apply_preflight_decision,R/058-process-preflight-governance-0-8.R,man/apply_preflight_decision.Rd,"(
    data, audit,
    keep_decisions = c(""pass_preflight"", ""use_with_caution""))",3,False,False,,vignettes/process-preflight-and-anomaly-governance.Rmd,review-gated,False,src/eyeprocesspy/process_governance_08.py,tests/test_process_governance_08.py,yes,implemented,implemented,implemented_initial,not_started,source_ported,not_applicable,article_or_example_initial,R oracle pending
assign_process_feature_family,assign_process_feature_family,R/066-process-decision-features-0-8.R,man/assign_process_feature_family.Rd,"(feature_names, registry = process_feature_family_registry())",2,False,False,,vignettes/process-decision-proxies-and-frontier-gates.Rmd,unclassified,False,src/eyeprocesspy/operational_validation_08.py,tests/test_operational_validation_08.py,yes,implemented,implemented,implemented_initial,not_started,source_ported,not_applicable,article_or_example_initial,R oracle pending
audit_3pl_process_signatures,audit_3pl_process_signatures,R/068-bayesian-3pl-process-diagnostics-0-8.R,man/audit_3pl_process_signatures.Rd,"(
    x, lower_asymptote_quantile = 0.80, fast_rt_quantile = 0.20,
    fast_ttff_quantile = 0.20)",4,False,False,,vignettes/bayesian-and-3pl-process-diagnostics.Rmd,unclassified,False,src/eyeprocesspy/bayesian_3pl_08.py,tests/test_irt_frontier_08.py,yes,implemented,implemented,implemented_initial,not_started,source_ported,not_applicable,docstring_initial,Cross-language numerical parity pending R oracle.
audit_biometric_imputation,audit_biometric_imputation,R/067-advanced-sensitivity-diagnostics-0-8.R,man/audit_biometric_imputation.Rd,(...),1,True,False,,,experimental,False,src/eyeprocesspy/sensitivity_08.py,tests/test_irt_frontier_08.py,yes,implemented,implemented,implemented_initial,not_started,python_reference_differs,not_applicable,docstring_initial,Exact frozen R optional engine is explicit/gated in Python; no silent substitute. Cross-language numerical parity pending.
audit_biometric_preflight,audit_biometric_preflight,R/058-process-preflight-governance-0-8.R,man/audit_biometric_preflight.Rd,"(
    data,
    by = c(""person_id""),
    spec = process_preflight_spec(),
    valid_gaze_prop = ""valid_gaze_prop"",
    valid_pupil_prop = ""valid_pupil_prop"",
    missing_gaze = ""missing_gaze"",
    missing_pupil = ""missing_pupil"",
    rt_ms = ""rt_ms"",
    blink_cluster_count = ""blink_cluster_count"",
    sampling_rate_hz = ""sampling_rate_hz"")",10,False,False,tests/testthat/test-0-8-preflight-drift.R,vignettes/process-preflight-and-anomaly-governance.Rmd,review-gated,False,src/eyeprocesspy/process_governance_08.py,tests/test_process_governance_08.py,yes,implemented,implemented,implemented_initial,not_started,source_ported,not_applicable,article_or_example_initial,R oracle pending
audit_candidate_item_bank,audit_candidate_item_bank,R/062-context-process-structure-0-8.R,man/audit_candidate_item_bank.Rd,"(object, candidate_data,
                                      difficulty_range = c(-3, 3), discrimination_min = 0.3)",4,False,False,,vignettes/item-seeding-accessibility-and-presentation-fairness.Rmd,unclassified,False,src/eyeprocesspy/context_structure_08.py,tests/test_irt_frontier_08.py,yes,implemented,implemented,implemented_initial,not_started,source_ported,not_applicable,docstring_initial,Cross-language numerical parity pending R oracle.
audit_frontier_model_contract,audit_frontier_model_contract,R/065-frontier-gates-0-8.R,man/audit_frontier_model_contract.Rd,"(x, evidence = list())",2,False,False,tests/testthat/test-0-8-validation-frontier.R,,experimental,False,src/eyeprocesspy/frontier_08.py,tests/test_irt_frontier_08.py,yes,implemented,implemented,implemented_initial,not_started,source_ported,not_applicable,docstring_initial,Cross-language numerical parity pending R oracle.
audit_item_reduction_sensitivity,audit_item_reduction_sensitivity,R/067-advanced-sensitivity-diagnostics-0-8.R,man/audit_item_reduction_sensitivity.Rd,"(
    erm_model, criterion = list(""itemfit""), alpha = 0.05, maxstep = 5L)",4,False,False,,vignettes/advanced-rasch-mixture-and-imputation-sensitivity.Rmd,experimental,False,src/eyeprocesspy/sensitivity_08.py,tests/test_irt_frontier_08.py,yes,implemented,implemented,implemented_initial,not_started,python_reference_differs,not_applicable,docstring_initial,Exact frozen R optional engine is explicit/gated in Python; no silent substitute. Cross-language numerical parity pending.
audit_multivariate_process_quality,audit_multivariate_process_quality,R/058-process-preflight-governance-0-8.R,man/audit_multivariate_process_quality.Rd,(...),1,True,False,,,review-gated,False,src/eyeprocesspy/process_governance_08.py,tests/test_process_governance_08.py,yes,implemented,implemented,implemented_initial,not_started,source_ported,not_applicable,article_or_example_initial,R oracle pending
audit_nonparametric_rasch,audit_nonparametric_rasch,R/067-advanced-sensitivity-diagnostics-0-8.R,man/audit_nonparametric_rasch.Rd,"(
    response_matrix, methods = c(""T1"", ""T10""), n = 100L,
    splitcr = ""median"", seed = 321)",5,False,False,,vignettes/advanced-rasch-mixture-and-imputation-sensitivity.Rmd,experimental,False,src/eyeprocesspy/sensitivity_08.py,tests/test_irt_frontier_08.py,yes,implemented,implemented,implemented_initial,not_started,python_reference_differs,not_applicable,docstring_initial,Exact frozen R optional engine is explicit/gated in Python; no silent substitute. Cross-language numerical parity pending.
audit_presentation_accessibility,audit_presentation_accessibility,R/058-process-preflight-governance-0-8.R,man/audit_presentation_accessibility.Rd,"(
    data, person = ""person_id"", rt = ""rt_ms"", dwell = ""dwell_ms"",
    revisits = ""revisits"", entropy = ""aoi_entropy"", pupil = ""pupil_peak"",
    gaze_validity = ""valid_gaze_prop"", review_quantile = 0.90)",9,False,False,tests/testthat/test-0-8-validity-seeding.R,vignettes/item-seeding-accessibility-and-presentation-fairness.Rmd,review-gated,False,src/eyeprocesspy/process_governance_08.py,tests/test_process_governance_08.py,yes,implemented,implemented,implemented_initial,not_started,source_ported,not_applicable,article_or_example_initial,R oracle pending
audit_process_anomalies,audit_process_anomalies,R/058-process-preflight-governance-0-8.R,man/audit_process_anomalies.Rd,"(data, person = ""person_id"", metrics = NULL,
                                    alpha = 0.975, aggregate = TRUE, ridge = 1e-6)",6,False,False,tests/testthat/test-0-8-preflight-drift.R,vignettes/process-preflight-and-anomaly-governance.Rmd,review-gated,False,src/eyeprocesspy/process_governance_08.py,tests/test_process_governance_08.py,yes,implemented,implemented,implemented_initial,not_started,source_ported,not_applicable,article_or_example_initial,R oracle pending
audit_process_drift,audit_process_drift,R/059-deployment-drift-0-8.R,man/audit_process_drift.Rd,"(
    data, item = ""item_id"", batch = ""deployment_batch"",
    metrics = c(""irt_difficulty"", ""irt_discrimination"", ""rt_ms"", ""dwell_ms"",
                ""pupil_bc"", ""valid_gaze_prop"", ""screen_luminance""),
    spec = process_drift_spec(), reference_batch = NULL,
    aggregate_fun = .ep08_mean)",7,False,False,tests/testthat/test-0-8-preflight-drift.R,vignettes/deployment-drift-monitoring.Rmd,review-gated,False,src/eyeprocesspy/process_governance_08.py,tests/test_process_governance_08.py,yes,implemented,implemented,implemented_initial,not_started,source_ported,not_applicable,article_or_example_initial,R oracle pending
audit_process_external_validity,audit_process_external_validity,R/062-context-process-structure-0-8.R,man/audit_process_external_validity.Rd,"(data, criterion, predictors,
                                            baseline_predictors = NULL)",4,False,False,tests/testthat/test-0-8-validity-seeding.R,vignettes/multiblock-profiles-and-external-validity.Rmd,unclassified,False,src/eyeprocesspy/context_structure_08.py,tests/test_irt_frontier_08.py,yes,implemented,implemented,implemented_initial,not_started,source_ported,not_applicable,docstring_initial,Cross-language numerical parity pending R oracle.
audit_process_window_sensitivity,audit_process_window_sensitivity,R/060-process-window-representations-0-8.R,man/audit_process_window_sensitivity.Rd,"(
    data, widths_ms = c(250, 500, 1000, 1500), steps_ms = c(100, 250, 500),
    metric = ""pupil_mean"", grid = TRUE, ...)",6,True,False,,vignettes/temporal-process-representations.Rmd,unclassified,False,src/eyeprocesspy/process_governance_08.py,tests/test_process_governance_08.py,yes,implemented,implemented,implemented_initial,not_started,source_ported,not_applicable,article_or_example_initial,R oracle pending
audit_pupil_fatigue_drift,audit_pupil_fatigue_drift,R/061-pupil-advanced-representations-0-8.R,man/audit_pupil_fatigue_drift.Rd,"(
    data, pupil = ""pupil_peak"", trial_order = ""trial_sequence"", person = ""person_id"",
    luminance = NULL, difficulty = NULL,
    engine = c(""auto"", ""plm"", ""lm_fixed_effects""))",7,False,False,,,unclassified,False,src/eyeprocesspy/process_governance_08.py,tests/test_process_governance_08.py,yes,implemented,implemented,implemented_initial,not_started,python_reference_differs,not_applicable,article_or_example_initial,Cross-language numerical parity and exact R-engine identity remain pending; Python reference/backend differs or exact R backend is explicitly gated.
audit_pupil_frequency_stability,audit_pupil_frequency_stability,R/061-pupil-advanced-representations-0-8.R,man/audit_pupil_frequency_stability.Rd,"(
    data, windows_ms = c(500, 1000, 2000), by = c(""person_id"", ""trial_id""),
    time = ""time_ms"", pupil = ""pupil_bc"", sampling_rate_hz = 60)",6,False,False,,,unclassified,False,src/eyeprocesspy/process_governance_08.py,tests/test_process_governance_08.py,yes,implemented,implemented,implemented_initial,not_started,source_ported,not_applicable,article_or_example_initial,R oracle pending
audit_signal_filter,audit_signal_filter,R/061-pupil-advanced-representations-0-8.R,man/audit_signal_filter.Rd,(x),1,False,False,tests/testthat/test-0-8-windows-pupil.R,vignettes/advanced-pupillometry-representations.Rmd,unclassified,False,src/eyeprocesspy/process_governance_08.py,tests/test_process_governance_08.py,yes,implemented,implemented,implemented_initial,not_started,source_ported,not_applicable,article_or_example_initial,R oracle pending
audit_visual_context_dependence,audit_visual_context_dependence,R/062-context-process-structure-0-8.R,man/audit_visual_context_dependence.Rd,(x),1,False,False,,vignettes/visual-context-and-testlet-irt.Rmd,unclassified,False,src/eyeprocesspy/context_structure_08.py,tests/test_irt_frontier_08.py,yes,implemented,implemented,implemented_initial,not_started,source_ported,not_applicable,docstring_initial,Cross-language numerical parity pending R oracle.
bayesian_process_diagnostic_flags,bayesian_process_diagnostic_flags,R/068-bayesian-3pl-process-diagnostics-0-8.R,man/bayesian_process_diagnostic_flags.Rd,"(x, rhat_threshold = 1.01, ess_threshold = 400)",3,False,False,,vignettes/bayesian-and-3pl-process-diagnostics.Rmd,unclassified,False,src/eyeprocesspy/bayesian_3pl_08.py,tests/test_irt_frontier_08.py,yes,implemented,implemented,implemented_initial,not_started,source_ported,not_applicable,docstring_initial,Cross-language numerical parity pending R oracle.
bayesian_process_diagnostics_dashboard,bayesian_process_diagnostics_dashboard,R/068-bayesian-3pl-process-diagnostics-0-8.R,man/bayesian_process_diagnostics_dashboard.Rd,"(
    ..., model_names = NULL, compute_loo = TRUE,
    compute_bayes_factor = FALSE, posterior_summary = TRUE)",5,True,False,,vignettes/bayesian-and-3pl-process-diagnostics.Rmd,unclassified,False,src/eyeprocesspy/bayesian_3pl_08.py,tests/test_irt_frontier_08.py,yes,implemented,implemented,implemented_initial,not_started,python_reference_differs,not_applicable,docstring_initial,Exact frozen R optional engine is explicit/gated in Python; no silent substitute. Cross-language numerical parity pending.
bind_process_windows,bind_process_windows,R/060-process-window-representations-0-8.R,man/bind_process_windows.Rd,(...),1,True,False,,,unclassified,False,src/eyeprocesspy/process_governance_08.py,tests/test_process_governance_08.py,yes,implemented,implemented,implemented_initial,not_started,source_ported,not_applicable,article_or_example_initial,R oracle pending
biometric_imputation_sensitivity,biometric_imputation_sensitivity,R/067-advanced-sensitivity-diagnostics-0-8.R,man/biometric_imputation_sensitivity.Rd,"(
    data, variables, methods = c(""mice"", ""missForest""), m = 3L, maxit = 3L, seed = 521)",6,False,False,tests/testthat/test-0-8-advanced-sensitivity.R,vignettes/advanced-rasch-mixture-and-imputation-sensitivity.Rmd,experimental,False,src/eyeprocesspy/sensitivity_08.py,tests/test_irt_frontier_08.py,yes,implemented,implemented,implemented_initial,not_started,python_reference_differs,not_applicable,docstring_initial,Exact frozen R optional engine is explicit/gated in Python; no silent substitute. Cross-language numerical parity pending.
collect_validation_evidence,collect_validation_evidence,R/063-operational-validation-0-8.R,man/collect_validation_evidence.Rd,"(..., model_name = NULL, notes = NULL)",3,True,False,tests/testthat/test-0-8-validation-frontier.R,vignettes/streaming-scoring-and-validation-bundles.Rmd,review-gated,False,src/eyeprocesspy/operational_validation_08.py,tests/test_operational_validation_08.py,yes,implemented,implemented,implemented_initial,not_started,source_ported,not_applicable,article_or_example_initial,R oracle pending
compare_aoi_trajectories,compare_aoi_trajectories,R/060-process-window-representations-0-8.R,man/compare_aoi_trajectories.Rd,(...),1,True,False,,,unclassified,False,src/eyeprocesspy/process_governance_08.py,tests/test_process_governance_08.py,yes,implemented,implemented,implemented_initial,not_started,source_ported,not_applicable,article_or_example_initial,R oracle pending
compare_bayesian_process_models,compare_bayesian_process_models,R/067-advanced-sensitivity-diagnostics-0-8.R,man/compare_bayesian_process_models.Rd,"(..., method = c(""loo"", ""bayes_factor""))",2,True,False,,,experimental,False,src/eyeprocesspy/sensitivity_08.py,tests/test_irt_frontier_08.py,yes,implemented,implemented,implemented_initial,not_started,python_reference_differs,not_applicable,docstring_initial,Exact frozen R optional engine is explicit/gated in Python; no silent substitute. Cross-language numerical parity pending.
compare_deployment_batches,compare_deployment_batches,R/059-deployment-drift-0-8.R,man/compare_deployment_batches.Rd,"(data, batch = ""deployment_batch"", batch_a, batch_b,
                                       metrics = NULL, item = ""item_id"")",6,False,False,,,review-gated,False,src/eyeprocesspy/process_governance_08.py,tests/test_process_governance_08.py,yes,implemented,implemented,implemented_initial,not_started,source_ported,not_applicable,article_or_example_initial,R oracle pending
compare_presentation_fairness,compare_presentation_fairness,R/058-process-preflight-governance-0-8.R,man/compare_presentation_fairness.Rd,"(data, variant, outcome, person = NULL)",4,False,False,,vignettes/item-seeding-accessibility-and-presentation-fairness.Rmd,review-gated,False,src/eyeprocesspy/process_governance_08.py,tests/test_process_governance_08.py,yes,implemented,implemented,implemented_initial,not_started,source_ported,not_applicable,article_or_example_initial,R oracle pending
compare_process_criterion_models,compare_process_criterion_models,R/062-context-process-structure-0-8.R,man/compare_process_criterion_models.Rd,(x),1,False,False,,,unclassified,False,src/eyeprocesspy/context_structure_08.py,tests/test_irt_frontier_08.py,yes,implemented,implemented,implemented_initial,not_started,source_ported,not_applicable,docstring_initial,Cross-language numerical parity pending R oracle.
compare_process_profile_solutions,compare_process_profile_solutions,R/062-context-process-structure-0-8.R,man/compare_process_profile_solutions.Rd,"(data, variables, k_values = 2:6, seed = 777)",4,False,False,,,unclassified,False,src/eyeprocesspy/context_structure_08.py,tests/test_irt_frontier_08.py,yes,implemented,implemented,implemented_initial,not_started,source_ported,not_applicable,docstring_initial,Cross-language numerical parity pending R oracle.
compare_pupil_kernels,compare_pupil_kernels,R/061-pupil-advanced-representations-0-8.R,man/compare_pupil_kernels.Rd,"(data, tmax_values = c(512, 930), ...)",3,True,False,,vignettes/advanced-pupillometry-representations.Rmd,unclassified,False,src/eyeprocesspy/process_governance_08.py,tests/test_process_governance_08.py,yes,implemented,implemented,implemented_initial,not_started,source_ported,not_applicable,article_or_example_initial,R oracle pending
compare_raw_adjusted_pupil,compare_raw_adjusted_pupil,R/061-pupil-advanced-representations-0-8.R,man/compare_raw_adjusted_pupil.Rd,(x),1,False,False,,vignettes/advanced-pupillometry-representations.Rmd,unclassified,False,src/eyeprocesspy/process_governance_08.py,tests/test_process_governance_08.py,yes,implemented,implemented,implemented_initial,not_started,source_ported,not_applicable,article_or_example_initial,R oracle pending
compare_signal_filters,compare_signal_filters,R/061-pupil-advanced-representations-0-8.R,man/compare_signal_filters.Rd,"(signal, widths = c(5L, 9L, 15L), methods = c(""runmed"", ""robfilter""))",3,False,False,,vignettes/advanced-pupillometry-representations.Rmd,unclassified,False,src/eyeprocesspy/process_governance_08.py,tests/test_process_governance_08.py,yes,implemented,implemented,implemented_initial,not_started,python_reference_differs,not_applicable,article_or_example_initial,Cross-language numerical parity and exact R-engine identity remain pending; Python reference/backend differs or exact R backend is explicitly gated.
compare_visual_context_irt,compare_visual_context_irt,R/062-context-process-structure-0-8.R,man/compare_visual_context_irt.Rd,(x),1,False,False,,vignettes/visual-context-and-testlet-irt.Rmd,unclassified,False,src/eyeprocesspy/context_structure_08.py,tests/test_irt_frontier_08.py,yes,implemented,implemented,implemented_initial,not_started,source_ported,not_applicable,docstring_initial,Cross-language numerical parity pending R oracle.
context_factor_effects,context_factor_effects,R/062-context-process-structure-0-8.R,man/context_factor_effects.Rd,"(x, IRTpars = FALSE)",2,False,False,,vignettes/visual-context-and-testlet-irt.Rmd,unclassified,False,src/eyeprocesspy/context_structure_08.py,tests/test_irt_frontier_08.py,yes,implemented,implemented,implemented_initial,not_started,python_reference_differs,not_applicable,docstring_initial,Exact frozen R optional engine is explicit/gated in Python; no silent substitute. Cross-language numerical parity pending.
drift_by_device,drift_by_device,R/059-deployment-drift-0-8.R,man/drift_by_device.Rd,"(data, device = ""device_id"", ...)",3,True,False,,vignettes/deployment-drift-monitoring.Rmd,review-gated,False,src/eyeprocesspy/process_governance_08.py,tests/test_process_governance_08.py,yes,implemented,implemented,implemented_initial,not_started,source_ported,not_applicable,article_or_example_initial,R oracle pending
drift_by_site,drift_by_site,R/059-deployment-drift-0-8.R,man/drift_by_site.Rd,"(data, site = ""site_id"", ...)",3,True,False,,vignettes/deployment-drift-monitoring.Rmd,review-gated,False,src/eyeprocesspy/process_governance_08.py,tests/test_process_governance_08.py,yes,implemented,implemented,implemented_initial,not_started,source_ported,not_applicable,article_or_example_initial,R oracle pending
drift_by_stimulus_version,drift_by_stimulus_version,R/059-deployment-drift-0-8.R,man/drift_by_stimulus_version.Rd,"(data, stimulus_version = ""stimulus_version"", ...)",3,True,False,,vignettes/deployment-drift-monitoring.Rmd,review-gated,False,src/eyeprocesspy/process_governance_08.py,tests/test_process_governance_08.py,yes,implemented,implemented,implemented_initial,not_started,source_ported,not_applicable,article_or_example_initial,R oracle pending
drift_by_vendor,drift_by_vendor,R/059-deployment-drift-0-8.R,man/drift_by_vendor.Rd,"(data, vendor = ""vendor"", ...)",3,True,False,,vignettes/deployment-drift-monitoring.Rmd,review-gated,False,src/eyeprocesspy/process_governance_08.py,tests/test_process_governance_08.py,yes,implemented,implemented,implemented_initial,not_started,source_ported,not_applicable,article_or_example_initial,R oracle pending
export_validation_bundle,export_validation_bundle,R/063-operational-validation-0-8.R,man/export_validation_bundle.Rd,"(x, directory, overwrite = FALSE, include_rds = TRUE)",4,False,False,,vignettes/streaming-scoring-and-validation-bundles.Rmd,review-gated,False,src/eyeprocesspy/operational_validation_08.py,tests/test_operational_validation_08.py,yes,implemented,implemented,implemented_initial,not_started,python_reference_differs,not_applicable,article_or_example_initial,Exact R mirt/RDS backend identity is unavailable; Python keeps the boundary explicit and does not impersonate it.
extract_process_windows,extract_process_windows,R/060-process-window-representations-0-8.R,man/extract_process_windows.Rd,"(
    data, person = ""person_id"", trial = ""trial_id"", time = ""time_ms"",
    spec = process_window_spec(), align_time = NULL,
    pupil = ""pupil_bc"", pupil_tonic = ""pupil_tonic"", pupil_phasic = ""pupil_phasic"",
    gaze_x = ""x"", gaze_y = ""y"", aoi = ""aoi"",
    valid_gaze = ""valid_gaze_prop"", valid_pupil = ""valid_pupil_prop"",
    blink = ""blink"", trackloss = ""trackloss"")",16,False,False,tests/testthat/test-0-8-windows-pupil.R,vignettes/temporal-process-representations.Rmd,unclassified,False,src/eyeprocesspy/process_governance_08.py,tests/test_process_governance_08.py,yes,implemented,implemented,implemented_initial,not_started,source_ported,not_applicable,article_or_example_initial,R oracle pending
filter_eye_signal,filter_eye_signal,R/061-pupil-advanced-representations-0-8.R,man/filter_eye_signal.Rd,"(signal, width = 9L,
                              method = c(""auto"", ""robfilter"", ""runmed""), online = TRUE)",4,False,False,tests/testthat/test-0-8-windows-pupil.R,,unclassified,False,src/eyeprocesspy/process_governance_08.py,tests/test_process_governance_08.py,yes,implemented,implemented,implemented_initial,not_started,python_reference_differs,not_applicable,article_or_example_initial,Cross-language numerical parity and exact R-engine identity remain pending; Python reference/backend differs or exact R backend is explicitly gated.
filter_pupil_signal,filter_pupil_signal,R/061-pupil-advanced-representations-0-8.R,man/filter_pupil_signal.Rd,(...),1,True,False,,vignettes/advanced-pupillometry-representations.Rmd,unclassified,False,src/eyeprocesspy/process_governance_08.py,tests/test_process_governance_08.py,yes,implemented,implemented,implemented_initial,not_started,python_reference_differs,not_applicable,article_or_example_initial,Cross-language numerical parity and exact R-engine identity remain pending; Python reference/backend differs or exact R backend is explicitly gated.
fit_aoi_growth_curve,fit_aoi_growth_curve,R/060-process-window-representations-0-8.R,man/fit_aoi_growth_curve.Rd,"(data, time, outcome, degree = 3L)",4,False,False,,,unclassified,False,src/eyeprocesspy/process_governance_08.py,tests/test_process_governance_08.py,yes,implemented,implemented,implemented_initial,not_started,source_ported,not_applicable,article_or_example_initial,R oracle pending
fit_crossclassified_process_irt_mhrm,fit_crossclassified_process_irt_mhrm,R/065-frontier-gates-0-8.R,man/fit_crossclassified_process_irt_mhrm.Rd,"(data, engine = NULL, ...)",3,True,False,,vignettes/process-decision-proxies-and-frontier-gates.Rmd,experimental,False,src/eyeprocesspy/frontier_08.py,tests/test_irt_frontier_08.py,yes,implemented,implemented,implemented_initial,not_started,source_ported,not_applicable,docstring_initial,Cross-language numerical parity pending R oracle.
fit_gaze_anchored_3pl_audit,fit_gaze_anchored_3pl_audit,R/068-bayesian-3pl-process-diagnostics-0-8.R,man/fit_gaze_anchored_3pl_audit.Rd,"(
    response_matrix, process_data = NULL, item = ""item_id"",
    process_features = c(""ttff_ms"", ""dwell_ms"", ""pupil_bc"", ""pupil_peak"", ""rt_ms"", ""accuracy""),
    model = 1, SE = FALSE)",6,False,False,tests/testthat/test-0-8-bayesian-3pl-diagnostics.R,vignettes/bayesian-and-3pl-process-diagnostics.Rmd,unclassified,False,src/eyeprocesspy/bayesian_3pl_08.py,tests/test_irt_frontier_08.py,yes,implemented,implemented,implemented_initial,not_started,python_reference_differs,not_applicable,docstring_initial,Exact frozen R optional engine is explicit/gated in Python; no silent substitute. Cross-language numerical parity pending.
fit_item_parameter_seed_model,fit_item_parameter_seed_model,R/062-context-process-structure-0-8.R,man/fit_item_parameter_seed_model.Rd,"(
    item_data, difficulty = ""irt_difficulty"", discrimination = ""irt_discrimination"",
    predictors, engine = c(""auto"", ""ranger"", ""lm""), seed = 2221)",6,False,False,tests/testthat/test-0-8-validity-seeding.R,vignettes/item-seeding-accessibility-and-presentation-fairness.Rmd,experimental,False,src/eyeprocesspy/context_structure_08.py,tests/test_irt_frontier_08.py,yes,implemented,implemented,implemented_initial,not_started,source_ported,not_applicable,docstring_initial,Cross-language numerical parity pending R oracle.
fit_kde_latent_distribution_irt,fit_kde_latent_distribution_irt,R/065-frontier-gates-0-8.R,man/fit_kde_latent_distribution_irt.Rd,"(response_matrix, engine = NULL, ...)",3,True,False,tests/testthat/test-0-8-validation-frontier.R,vignettes/process-decision-proxies-and-frontier-gates.Rmd,experimental,False,src/eyeprocesspy/frontier_08.py,tests/test_irt_frontier_08.py,yes,implemented,implemented,implemented_initial,not_started,source_ported,not_applicable,docstring_initial,Cross-language numerical parity pending R oracle.
fit_mixture_irt_process_classes,fit_mixture_irt_process_classes,R/067-advanced-sensitivity-diagnostics-0-8.R,man/fit_mixture_irt_process_classes.Rd,"(
    response_matrix, n_classes = 2L, model = 1, itemtype = ""2PL"", SE = FALSE)",5,False,False,tests/testthat/test-0-8-advanced-sensitivity.R,vignettes/advanced-rasch-mixture-and-imputation-sensitivity.Rmd,experimental,False,src/eyeprocesspy/sensitivity_08.py,tests/test_irt_frontier_08.py,yes,implemented,implemented,implemented_initial,not_started,python_reference_differs,not_applicable,docstring_initial,Exact frozen R optional engine is explicit/gated in Python; no silent substitute. Cross-language numerical parity pending.
fit_multiblock_process_map,fit_multiblock_process_map,R/062-context-process-structure-0-8.R,man/fit_multiblock_process_map.Rd,"(x, blocks = NULL, id = NULL,
                                       engine = c(""auto"", ""FactoMineR"", ""pca_block_scaled""), ncp = 5L)",5,False,False,tests/testthat/test-0-8-context-structure.R,vignettes/multiblock-profiles-and-external-validity.Rmd,unclassified,False,src/eyeprocesspy/context_structure_08.py,tests/test_irt_frontier_08.py,yes,implemented,implemented,implemented_initial,not_started,source_ported,not_applicable,docstring_initial,Cross-language numerical parity pending R oracle.
fit_nonignorable_missing_irt,fit_nonignorable_missing_irt,R/065-frontier-gates-0-8.R,man/fit_nonignorable_missing_irt.Rd,"(data, engine = NULL, ...)",3,True,False,tests/testthat/test-0-8-validation-frontier.R,vignettes/process-decision-proxies-and-frontier-gates.Rmd,experimental,False,src/eyeprocesspy/frontier_08.py,tests/test_irt_frontier_08.py,yes,implemented,implemented,implemented_initial,not_started,source_ported,not_applicable,docstring_initial,Cross-language numerical parity pending R oracle.
fit_persistence_gaze_diffusion_irt,fit_persistence_gaze_diffusion_irt,R/065-frontier-gates-0-8.R,man/fit_persistence_gaze_diffusion_irt.Rd,"(data, engine = NULL, ...)",3,True,False,tests/testthat/test-0-8-validation-frontier.R,vignettes/process-decision-proxies-and-frontier-gates.Rmd,experimental,False,src/eyeprocesspy/frontier_08.py,tests/test_irt_frontier_08.py,yes,implemented,implemented,implemented_initial,not_started,source_ported,not_applicable,docstring_initial,Cross-language numerical parity pending R oracle.
fit_process_profile_mixture,fit_process_profile_mixture,R/062-context-process-structure-0-8.R,man/fit_process_profile_mixture.Rd,"(
    data, variables, k = 3L, id = ""person_id"",
    engine = c(""auto"", ""tidyLPA"", ""kmeans_reference""), seed = 777)",6,False,False,tests/testthat/test-0-8-context-structure.R,vignettes/multiblock-profiles-and-external-validity.Rmd,unclassified,False,src/eyeprocesspy/context_structure_08.py,tests/test_irt_frontier_08.py,yes,implemented,implemented,implemented_initial,not_started,source_ported,not_applicable,docstring_initial,Cross-language numerical parity pending R oracle.
fit_process_rasch_tree,fit_process_rasch_tree,R/067-advanced-sensitivity-diagnostics-0-8.R,man/fit_process_rasch_tree.Rd,"(response_matrix, covariates, formula = NULL, maxit = 60L)",4,False,False,,vignettes/advanced-rasch-mixture-and-imputation-sensitivity.Rmd,experimental,False,src/eyeprocesspy/sensitivity_08.py,tests/test_irt_frontier_08.py,yes,implemented,implemented,implemented_initial,not_started,python_reference_differs,not_applicable,docstring_initial,Exact frozen R optional engine is explicit/gated in Python; no silent substitute. Cross-language numerical parity pending.
fit_pupil_confound_model,fit_pupil_confound_model,R/061-pupil-advanced-representations-0-8.R,man/fit_pupil_confound_model.Rd,"(
    data, pupil = ""pupil_peak"", luminance = ""screen_luminance"",
    trial_order = ""trial_sequence"", theta = NULL,
    person = ""person_id"", item = ""item_id"",
    engine = c(""auto"", ""mgcv"", ""lm""))",8,False,False,tests/testthat/test-0-8-windows-pupil.R,vignettes/advanced-pupillometry-representations.Rmd,unclassified,False,src/eyeprocesspy/process_governance_08.py,tests/test_process_governance_08.py,yes,implemented,implemented,implemented_initial,not_started,python_reference_differs,not_applicable,article_or_example_initial,Cross-language numerical parity and exact R-engine identity remain pending; Python reference/backend differs or exact R backend is explicitly gated.
fit_pupil_event_deconvolution,fit_pupil_event_deconvolution,R/061-pupil-advanced-representations-0-8.R,man/fit_pupil_event_deconvolution.Rd,"(
    data, by = c(""person_id"", ""trial_id""), time = ""time_ms"", pupil = ""pupil_bc"",
    events = list(stimulus = 0), tmax_ms = 930, shape = 10.1, min_samples = 20L)",8,False,False,tests/testthat/test-0-8-windows-pupil.R,vignettes/advanced-pupillometry-representations.Rmd,unclassified,False,src/eyeprocesspy/process_governance_08.py,tests/test_process_governance_08.py,yes,implemented,implemented,implemented_initial,not_started,source_ported,not_applicable,article_or_example_initial,R oracle pending
fit_visual_context_irt,fit_visual_context_irt,R/062-context-process-structure-0-8.R,man/fit_visual_context_irt.Rd,"(
    response_matrix, registry, context = NULL, itemtype = ""2PL"",
    model_dimension = ""Ability"", context_dimension = ""VisualContextFactor"",
    SE = FALSE)",7,False,False,tests/testthat/test-0-8-context-structure.R,vignettes/visual-context-and-testlet-irt.Rmd,unclassified,False,src/eyeprocesspy/context_structure_08.py,tests/test_irt_frontier_08.py,yes,implemented,implemented,implemented_initial,not_started,python_reference_differs,not_applicable,docstring_initial,Exact frozen R optional engine is explicit/gated in Python; no silent substitute. Cross-language numerical parity pending.
gaze_anchored_3pl_alignment,gaze_anchored_3pl_alignment,R/068-bayesian-3pl-process-diagnostics-0-8.R,man/gaze_anchored_3pl_alignment.Rd,(x),1,False,False,tests/testthat/test-0-8-bayesian-3pl-diagnostics.R,vignettes/bayesian-and-3pl-process-diagnostics.Rmd,unclassified,False,src/eyeprocesspy/bayesian_3pl_08.py,tests/test_irt_frontier_08.py,yes,implemented,implemented,implemented_initial,not_started,source_ported,not_applicable,docstring_initial,Cross-language numerical parity pending R oracle.
incremental_process_validity,incremental_process_validity,R/062-context-process-structure-0-8.R,man/incremental_process_validity.Rd,(x),1,False,False,,vignettes/multiblock-profiles-and-external-validity.Rmd,unclassified,False,src/eyeprocesspy/context_structure_08.py,tests/test_irt_frontier_08.py,yes,implemented,implemented,implemented_initial,not_started,source_ported,not_applicable,docstring_initial,Cross-language numerical parity pending R oracle.
map_latent_classes_to_process_profiles,map_latent_classes_to_process_profiles,R/067-advanced-sensitivity-diagnostics-0-8.R,man/map_latent_classes_to_process_profiles.Rd,"(
    class_membership, process_data, person = ""person_id"", class_col = ""class"",
    process_features)",5,False,False,tests/testthat/test-0-8-advanced-sensitivity.R,vignettes/advanced-rasch-mixture-and-imputation-sensitivity.Rmd,experimental,False,src/eyeprocesspy/sensitivity_08.py,tests/test_irt_frontier_08.py,yes,implemented,implemented,implemented_initial,not_started,source_ported,not_applicable,docstring_initial,Cross-language numerical parity pending R oracle.
multiblock_contributions,multiblock_contributions,R/062-context-process-structure-0-8.R,man/multiblock_contributions.Rd,(x),1,False,False,,vignettes/multiblock-profiles-and-external-validity.Rmd,unclassified,False,src/eyeprocesspy/context_structure_08.py,tests/test_irt_frontier_08.py,yes,implemented,implemented,implemented_initial,not_started,source_ported,not_applicable,docstring_initial,Cross-language numerical parity pending R oracle.
multiblock_person_coordinates,multiblock_person_coordinates,R/062-context-process-structure-0-8.R,man/multiblock_person_coordinates.Rd,(x),1,False,False,tests/testthat/test-0-8-context-structure.R,vignettes/multiblock-profiles-and-external-validity.Rmd,unclassified,False,src/eyeprocesspy/context_structure_08.py,tests/test_irt_frontier_08.py,yes,implemented,implemented,implemented_initial,not_started,source_ported,not_applicable,docstring_initial,Cross-language numerical parity pending R oracle.
multiblock_variable_coordinates,multiblock_variable_coordinates,R/062-context-process-structure-0-8.R,man/multiblock_variable_coordinates.Rd,(x),1,False,False,,vignettes/multiblock-profiles-and-external-validity.Rmd,unclassified,False,src/eyeprocesspy/context_structure_08.py,tests/test_irt_frontier_08.py,yes,implemented,implemented,implemented_initial,not_started,source_ported,not_applicable,docstring_initial,Cross-language numerical parity pending R oracle.
plot_aoi_transition_matrix,plot_aoi_transition_matrix,R/064-next-generation-plots-0-8.R,man/plot_aoi_transition_matrix.Rd,"(data, from = ""from"", to = ""to"",
                                       normalize = c(""from"", ""all"", ""none""), ...)",5,True,False,tests/testthat/test-0-8-decision-plots.R,,review-gated,True,,,yes,not_started,not_started,not_started,not_started,not_started,not_started,not_started,
plot_aoi_transition_rank,plot_aoi_transition_rank,R/064-next-generation-plots-0-8.R,man/plot_aoi_transition_rank.Rd,"(data, from = ""from"", to = ""to"",
                                     normalize = c(""from"", ""all"", ""none""), top_n = 20L, ...)",6,True,False,tests/testthat/test-0-8-decision-plots.R,,review-gated,True,,,yes,not_started,not_started,not_started,not_started,not_started,not_started,not_started,
plot_process_channel_ablation_delta,plot_process_channel_ablation_delta,R/064-next-generation-plots-0-8.R,man/plot_process_channel_ablation_delta.Rd,"(
    x = NULL, table = NULL, channel_col = ""channel"", metric_col = ""metric"",
    value_col = ""value"", full_label = ""full"", metric = NULL, ...)",8,True,False,,,review-gated,True,,,yes,not_started,not_started,not_started,not_started,not_started,not_started,not_started,
plot_process_feature_stability,plot_process_feature_stability,R/064-next-generation-plots-0-8.R,man/plot_process_feature_stability.Rd,"(data, feature = ""feature"",
                                           stability = ""selection_rate"", top_n = 20L, ...)",5,True,False,,,review-gated,True,src/eyeprocesspy/plots_operational_08.py,tests/test_operational_validation_08.py,yes,implemented,implemented,implemented_initial,not_started,source_ported,implemented,article_or_example_initial,R oracle pending
plot_process_window_sensitivity,plot_process_window_sensitivity,R/064-next-generation-plots-0-8.R,man/plot_process_window_sensitivity.Rd,"(x, ...)",2,True,False,,,review-gated,True,src/eyeprocesspy/plots_governance_08.py,tests/test_process_governance_08.py,yes,implemented,implemented,implemented_initial,not_started,source_ported,implemented,article_or_example_initial,R oracle pending
plot_pupil_activity_sensitivity,plot_pupil_activity_sensitivity,R/064-next-generation-plots-0-8.R,man/plot_pupil_activity_sensitivity.Rd,"(x, feature = ""pupil_frequency_contrast"", ...)",3,True,False,,,review-gated,True,src/eyeprocesspy/plots_governance_08.py,tests/test_process_governance_08.py,yes,implemented,implemented,implemented_initial,not_started,source_ported,implemented,article_or_example_initial,R oracle pending
plot_pupil_activity_windows,plot_pupil_activity_windows,R/064-next-generation-plots-0-8.R,man/plot_pupil_activity_windows.Rd,"(x, feature = ""pupil_frequency_contrast"", ...)",3,True,False,,,review-gated,True,src/eyeprocesspy/plots_governance_08.py,tests/test_process_governance_08.py,yes,implemented,implemented,implemented_initial,not_started,source_ported,implemented,article_or_example_initial,R oracle pending
plot_pupil_band_power,plot_pupil_band_power,R/064-next-generation-plots-0-8.R,man/plot_pupil_band_power.Rd,"(x, ...)",2,True,False,,,review-gated,True,src/eyeprocesspy/plots_governance_08.py,tests/test_process_governance_08.py,yes,implemented,implemented,implemented_initial,not_started,source_ported,implemented,article_or_example_initial,R oracle pending
plot_pupil_components,plot_pupil_components,R/064-next-generation-plots-0-8.R,man/plot_pupil_components.Rd,"(data, time = ""time_ms"", smoothed = ""pupil_smoothed"",
                                  tonic = ""pupil_tonic"", phasic = ""pupil_phasic"", ...)",6,True,False,,,review-gated,True,,,yes,not_started,not_started,not_started,not_started,not_started,not_started,not_started,
plot_pupil_preprocessing_audit,plot_pupil_preprocessing_audit,R/064-next-generation-plots-0-8.R,man/plot_pupil_preprocessing_audit.Rd,"(
    data, time = ""time_ms"",
    signals = c(""pupil_raw"", ""pupil_interpolated"", ""pupil_smoothed"", ""pupil_bc""), ...)",4,True,False,tests/testthat/test-0-8-decision-plots.R,,review-gated,True,,,yes,not_started,not_started,not_started,not_started,not_started,not_started,not_started,
plot_pupil_spectrum,plot_pupil_spectrum,R/064-next-generation-plots-0-8.R,man/plot_pupil_spectrum.Rd,"(signal, sampling_rate_hz, max_hz = sampling_rate_hz / 2, ...)",4,True,False,,,review-gated,True,src/eyeprocesspy/plots_governance_08.py,tests/test_process_governance_08.py,yes,implemented,implemented,implemented_initial,not_started,source_ported,implemented,article_or_example_initial,R oracle pending
preaction_process_features,preaction_process_features,R/066-process-decision-features-0-8.R,man/preaction_process_features.Rd,"(
    data, by = c(""person_id"", ""trial_id""), time = ""time_ms"", response_time = ""response_time_ms"",
    windows_ms = c(500, 1000, 2000), aoi = ""aoi"", pupil = ""pupil_bc"", blink = ""blink"")",8,False,False,tests/testthat/test-0-8-decision-plots.R,vignettes/process-decision-proxies-and-frontier-gates.Rmd,unclassified,False,src/eyeprocesspy/operational_validation_08.py,tests/test_operational_validation_08.py,yes,implemented,implemented,implemented_initial,not_started,source_ported,not_applicable,article_or_example_initial,R oracle pending
predict_aoi_trajectory,predict_aoi_trajectory,R/060-process-window-representations-0-8.R,man/predict_aoi_trajectory.Rd,"(object, time = NULL)",2,False,False,,,unclassified,False,src/eyeprocesspy/process_governance_08.py,tests/test_process_governance_08.py,yes,implemented,implemented,implemented_initial,not_started,source_ported,not_applicable,article_or_example_initial,R oracle pending
predict_item_parameter_priors,predict_item_parameter_priors,R/062-context-process-structure-0-8.R,man/predict_item_parameter_priors.Rd,"(object, newdata)",2,False,False,tests/testthat/test-0-8-validity-seeding.R,vignettes/item-seeding-accessibility-and-presentation-fairness.Rmd,unclassified,False,src/eyeprocesspy/context_structure_08.py,tests/test_irt_frontier_08.py,yes,implemented,implemented,implemented_initial,not_started,source_ported,not_applicable,docstring_initial,Cross-language numerical parity pending R oracle.
preflight_decisions,preflight_decisions,R/058-process-preflight-governance-0-8.R,man/preflight_decisions.Rd,(x),1,False,False,tests/testthat/test-0-8-preflight-drift.R,vignettes/process-preflight-and-anomaly-governance.Rmd,review-gated,False,src/eyeprocesspy/process_governance_08.py,tests/test_process_governance_08.py,yes,implemented,implemented,implemented_initial,not_started,source_ported,not_applicable,article_or_example_initial,R oracle pending
preflight_exclusion_manifest,preflight_exclusion_manifest,R/058-process-preflight-governance-0-8.R,man/preflight_exclusion_manifest.Rd,(x),1,False,False,tests/testthat/test-0-8-preflight-drift.R,vignettes/process-preflight-and-anomaly-governance.Rmd,review-gated,False,src/eyeprocesspy/process_governance_08.py,tests/test_process_governance_08.py,yes,implemented,implemented,implemented_initial,not_started,source_ported,not_applicable,article_or_example_initial,R oracle pending
preflight_failures,preflight_failures,R/058-process-preflight-governance-0-8.R,man/preflight_failures.Rd,(x),1,False,False,,vignettes/process-preflight-and-anomaly-governance.Rmd,review-gated,False,src/eyeprocesspy/process_governance_08.py,tests/test_process_governance_08.py,yes,implemented,implemented,implemented_initial,not_started,source_ported,not_applicable,article_or_example_initial,R oracle pending
preflight_passed,preflight_passed,R/058-process-preflight-governance-0-8.R,man/preflight_passed.Rd,(x),1,False,False,,,review-gated,False,src/eyeprocesspy/process_governance_08.py,tests/test_process_governance_08.py,yes,implemented,implemented,implemented_initial,not_started,source_ported,not_applicable,article_or_example_initial,R oracle pending
prepare_structured_unstructured_process_features,prepare_structured_unstructured_process_features,R/065-frontier-gates-0-8.R,man/prepare_structured_unstructured_process_features.Rd,"(
    structured, unstructured = NULL, fold = NULL, builder = NULL,
    id = c(""person_id"", ""item_id""), ...)",6,True,False,tests/testthat/test-0-8-validation-frontier.R,vignettes/process-decision-proxies-and-frontier-gates.Rmd,experimental,False,src/eyeprocesspy/frontier_08.py,tests/test_irt_frontier_08.py,yes,implemented,implemented,implemented_initial,not_started,source_ported,not_applicable,docstring_initial,Cross-language numerical parity pending R oracle.
process_anomaly_distance,process_anomaly_distance,R/058-process-preflight-governance-0-8.R,man/process_anomaly_distance.Rd,(x),1,False,False,,vignettes/process-preflight-and-anomaly-governance.Rmd,review-gated,False,src/eyeprocesspy/process_governance_08.py,tests/test_process_governance_08.py,yes,implemented,implemented,implemented_initial,not_started,source_ported,not_applicable,article_or_example_initial,R oracle pending
process_criterion_associations,process_criterion_associations,R/062-context-process-structure-0-8.R,man/process_criterion_associations.Rd,(x),1,False,False,tests/testthat/test-0-8-validity-seeding.R,vignettes/multiblock-profiles-and-external-validity.Rmd,unclassified,False,src/eyeprocesspy/context_structure_08.py,tests/test_irt_frontier_08.py,yes,implemented,implemented,implemented_initial,not_started,source_ported,not_applicable,docstring_initial,Cross-language numerical parity pending R oracle.
process_drift_alerts,process_drift_alerts,R/059-deployment-drift-0-8.R,man/process_drift_alerts.Rd,(x),1,False,False,tests/testthat/test-0-8-preflight-drift.R,vignettes/deployment-drift-monitoring.Rmd,review-gated,False,src/eyeprocesspy/process_governance_08.py,tests/test_process_governance_08.py,yes,implemented,implemented,implemented_initial,not_started,source_ported,not_applicable,article_or_example_initial,R oracle pending
process_drift_spec,process_drift_spec,R/059-deployment-drift-0-8.R,man/process_drift_spec.Rd,"(
    baseline = c(""first_batch"", ""reference_batch""),
    difficulty_limit = 0.40,
    discrimination_limit = 0.35,
    gaze_validity_drop = 0.10,
    luminance_limit = 25,
    relative_metric_quantile = 0.90,
    min_batches = 2L)",7,False,False,,vignettes/deployment-drift-monitoring.Rmd,review-gated,False,src/eyeprocesspy/process_governance_08.py,tests/test_process_governance_08.py,yes,implemented,implemented,implemented_initial,not_started,source_ported,not_applicable,article_or_example_initial,R oracle pending
process_feature_blocks,process_feature_blocks,R/062-context-process-structure-0-8.R,man/process_feature_blocks.Rd,"(data, blocks, id = NULL, drop_constant = TRUE)",4,False,False,tests/testthat/test-0-8-context-structure.R,vignettes/multiblock-profiles-and-external-validity.Rmd,unclassified,False,src/eyeprocesspy/context_structure_08.py,tests/test_irt_frontier_08.py,yes,implemented,implemented,implemented_initial,not_started,source_ported,not_applicable,docstring_initial,Cross-language numerical parity pending R oracle.
process_feature_family_registry,process_feature_family_registry,R/066-process-decision-features-0-8.R,man/process_feature_family_registry.Rd,(),0,False,False,,vignettes/process-decision-proxies-and-frontier-gates.Rmd,unclassified,False,src/eyeprocesspy/operational_validation_08.py,tests/test_operational_validation_08.py,yes,implemented,implemented,implemented_initial,not_started,source_ported,not_applicable,article_or_example_initial,R oracle pending
process_feature_stability,process_feature_stability,R/066-process-decision-features-0-8.R,man/process_feature_stability.Rd,"(data, feature = ""feature"", split = ""split"",
                                      importance = ""importance"", top_n = 20L)",5,False,False,tests/testthat/test-0-8-decision-plots.R,vignettes/process-decision-proxies-and-frontier-gates.Rmd,unclassified,False,src/eyeprocesspy/operational_validation_08.py,tests/test_operational_validation_08.py,yes,implemented,implemented,implemented_initial,not_started,source_ported,not_applicable,article_or_example_initial,R oracle pending
process_preflight_spec,process_preflight_spec,R/058-process-preflight-governance-0-8.R,man/process_preflight_spec.Rd,"(
    min_gaze_validity = 0.80,
    min_pupil_validity = 0.70,
    max_gaze_missingness = 0.25,
    max_pupil_missingness = 0.30,
    min_valid_trial_fraction = 0.70,
    trial_gaze_validity_threshold = 0.75,
    min_rt_ms = 200,
    max_rt_ms = 10000,
    sampling_rate_tolerance = 0.20,
    blink_quantile = 0.95,
    caution_flags = 1L,
    review_flags = 2L)",12,False,False,,vignettes/process-preflight-and-anomaly-governance.Rmd,review-gated,False,src/eyeprocesspy/process_governance_08.py,tests/test_process_governance_08.py,yes,implemented,implemented,implemented_initial,not_started,source_ported,not_applicable,article_or_example_initial,R oracle pending
process_profile_probabilities,process_profile_probabilities,R/062-context-process-structure-0-8.R,man/process_profile_probabilities.Rd,(x),1,False,False,tests/testthat/test-0-8-context-structure.R,vignettes/multiblock-profiles-and-external-validity.Rmd,unclassified,False,src/eyeprocesspy/context_structure_08.py,tests/test_irt_frontier_08.py,yes,implemented,implemented,implemented_initial,not_started,source_ported,not_applicable,docstring_initial,Cross-language numerical parity pending R oracle.
process_profile_summary,process_profile_summary,R/062-context-process-structure-0-8.R,man/process_profile_summary.Rd,(x),1,False,False,,vignettes/multiblock-profiles-and-external-validity.Rmd,unclassified,False,src/eyeprocesspy/context_structure_08.py,tests/test_irt_frontier_08.py,yes,implemented,implemented,implemented_initial,not_started,source_ported,not_applicable,docstring_initial,Cross-language numerical parity pending R oracle.
process_window_spec,process_window_spec,R/060-process-window-representations-0-8.R,man/process_window_spec.Rd,"(width_ms = 1000, step_ms = 500,
                                start_ms = 0, end_ms = 3000,
                                align = c(""stimulus"", ""response"", ""custom""),
                                min_samples = 5L)",6,False,False,tests/testthat/test-0-8-windows-pupil.R,vignettes/temporal-process-representations.Rmd,unclassified,False,src/eyeprocesspy/process_governance_08.py,tests/test_process_governance_08.py,yes,implemented,implemented,implemented_initial,not_started,source_ported,not_applicable,article_or_example_initial,R oracle pending
pupil_activity_index,pupil_activity_index,R/061-pupil-advanced-representations-0-8.R,man/pupil_activity_index.Rd,"(
    y, time_ms = seq_along(y), sampling_rate_hz = NULL,
    method = c(""velocity"", ""frequency_contrast"", ""ripa_proxy""),
    low_band = c(0.05, 0.50), high_band = c(0.50, 4.00),
    fast_window_ms = 250, slow_window_ms = 750)",8,False,False,tests/testthat/test-0-8-windows-pupil.R,vignettes/advanced-pupillometry-representations.Rmd,unclassified,False,src/eyeprocesspy/process_governance_08.py,tests/test_process_governance_08.py,yes,implemented,implemented,implemented_initial,not_started,source_ported,not_applicable,article_or_example_initial,R oracle pending
pupil_band_power,pupil_band_power,R/061-pupil-advanced-representations-0-8.R,man/pupil_band_power.Rd,"(y, sampling_rate_hz, lower_hz, upper_hz, detrend = TRUE)",5,False,False,tests/testthat/test-0-8-windows-pupil.R,,unclassified,False,src/eyeprocesspy/process_governance_08.py,tests/test_process_governance_08.py,yes,implemented,implemented,implemented_initial,not_started,source_ported,not_applicable,article_or_example_initial,R oracle pending
pupil_confound_effects,pupil_confound_effects,R/061-pupil-advanced-representations-0-8.R,man/pupil_confound_effects.Rd,(x),1,False,False,,vignettes/advanced-pupillometry-representations.Rmd,unclassified,False,src/eyeprocesspy/process_governance_08.py,tests/test_process_governance_08.py,yes,implemented,implemented,implemented_initial,not_started,source_ported,not_applicable,article_or_example_initial,R oracle pending
pupil_event_effects,pupil_event_effects,R/061-pupil-advanced-representations-0-8.R,man/pupil_event_effects.Rd,(x),1,False,False,,vignettes/advanced-pupillometry-representations.Rmd,unclassified,False,src/eyeprocesspy/process_governance_08.py,tests/test_process_governance_08.py,yes,implemented,implemented,implemented_initial,not_started,source_ported,not_applicable,article_or_example_initial,R oracle pending
pupil_event_regressor,pupil_event_regressor,R/061-pupil-advanced-representations-0-8.R,man/pupil_event_regressor.Rd,"(time_ms, event_time_ms, tmax_ms = 930, shape = 10.1)",4,False,False,,,unclassified,False,src/eyeprocesspy/process_governance_08.py,tests/test_process_governance_08.py,yes,implemented,implemented,implemented_initial,not_started,source_ported,not_applicable,article_or_example_initial,R oracle pending
pupil_frequency_features,pupil_frequency_features,R/061-pupil-advanced-representations-0-8.R,man/pupil_frequency_features.Rd,"(
    data, by = c(""person_id"", ""trial_id""), time = ""time_ms"", pupil = ""pupil_bc"",
    sampling_rate_hz = 60, low_band = c(0.05, 0.50), high_band = c(0.50, 4.00))",7,False,False,tests/testthat/test-0-8-windows-pupil.R,vignettes/advanced-pupillometry-representations.Rmd,unclassified,False,src/eyeprocesspy/process_governance_08.py,tests/test_process_governance_08.py,yes,implemented,implemented,implemented_initial,not_started,source_ported,not_applicable,article_or_example_initial,R oracle pending
pupil_response_kernel,pupil_response_kernel,R/061-pupil-advanced-representations-0-8.R,man/pupil_response_kernel.Rd,"(time_since_event_ms, tmax_ms = 930, shape = 10.1, normalize = TRUE)",4,False,False,tests/testthat/test-0-8-windows-pupil.R,,unclassified,False,src/eyeprocesspy/process_governance_08.py,tests/test_process_governance_08.py,yes,implemented,implemented,implemented_initial,not_started,source_ported,not_applicable,article_or_example_initial,R oracle pending
pupil_velocity_activity,pupil_velocity_activity,R/061-pupil-advanced-representations-0-8.R,man/pupil_velocity_activity.Rd,"(y, time_ms)",2,False,False,tests/testthat/test-0-8-windows-pupil.R,,unclassified,False,src/eyeprocesspy/process_governance_08.py,tests/test_process_governance_08.py,yes,implemented,implemented,implemented_initial,not_started,source_ported,not_applicable,article_or_example_initial,R oracle pending
score_partial_response_pattern,score_partial_response_pattern,R/063-operational-validation-0-8.R,man/score_partial_response_pattern.Rd,"(model, response_pattern,
                                           method = c(""MAP"", ""EAP""), ...)",4,True,False,,vignettes/streaming-scoring-and-validation-bundles.Rmd,review-gated,False,src/eyeprocesspy/operational_validation_08.py,tests/test_operational_validation_08.py,yes,implemented,implemented,implemented_initial,not_started,python_reference_differs,not_applicable,article_or_example_initial,Exact R mirt/RDS backend identity is unavailable; Python keeps the boundary explicit and does not impersonate it.
score_response_stream,score_response_stream,R/063-operational-validation-0-8.R,man/score_response_stream.Rd,"(model, response_pattern, observed_order = NULL,
                                  method = c(""MAP"", ""EAP""), ...)",5,True,False,,vignettes/streaming-scoring-and-validation-bundles.Rmd,review-gated,False,src/eyeprocesspy/operational_validation_08.py,tests/test_operational_validation_08.py,yes,implemented,implemented,implemented_initial,not_started,python_reference_differs,not_applicable,article_or_example_initial,Exact R mirt/RDS backend identity is unavailable; Python keeps the boundary explicit and does not impersonate it.
simulate_presentation_variants,simulate_presentation_variants,R/058-process-preflight-governance-0-8.R,man/simulate_presentation_variants.Rd,"(
    audit, line_spacing_multiplier = 1.25, key_term_highlighting = TRUE)",3,False,False,,vignettes/item-seeding-accessibility-and-presentation-fairness.Rmd,review-gated,False,src/eyeprocesspy/process_governance_08.py,tests/test_process_governance_08.py,yes,implemented,implemented,implemented_initial,not_started,source_ported,not_applicable,article_or_example_initial,R oracle pending
streaming_score_history,streaming_score_history,R/063-operational-validation-0-8.R,man/streaming_score_history.Rd,(x),1,False,False,,vignettes/streaming-scoring-and-validation-bundles.Rmd,review-gated,False,src/eyeprocesspy/operational_validation_08.py,tests/test_operational_validation_08.py,yes,implemented,implemented,implemented_initial,not_started,source_ported,not_applicable,article_or_example_initial,R oracle pending
summarize_process_windows,summarize_process_windows,R/060-process-window-representations-0-8.R,man/summarize_process_windows.Rd,"(x, by = NULL)",2,False,False,,vignettes/temporal-process-representations.Rmd,unclassified,False,src/eyeprocesspy/process_governance_08.py,tests/test_process_governance_08.py,yes,implemented,implemented,implemented_initial,not_started,source_ported,not_applicable,article_or_example_initial,R oracle pending
update_person_score,update_person_score,R/063-operational-validation-0-8.R,man/update_person_score.Rd,"(model, current_pattern, item_position, response,
                                method = c(""MAP"", ""EAP""), ...)",6,True,False,,,review-gated,False,src/eyeprocesspy/operational_validation_08.py,tests/test_operational_validation_08.py,yes,implemented,implemented,implemented_initial,not_started,python_reference_differs,not_applicable,article_or_example_initial,Exact R mirt/RDS backend identity is unavailable; Python keeps the boundary explicit and does not impersonate it.
validate_process_windows,validate_process_windows,R/060-process-window-representations-0-8.R,man/validate_process_windows.Rd,(x),1,False,False,tests/testthat/test-0-8-windows-pupil.R,vignettes/temporal-process-representations.Rmd,unclassified,False,src/eyeprocesspy/process_governance_08.py,tests/test_process_governance_08.py,yes,implemented,implemented,implemented_initial,not_started,source_ported,not_applicable,article_or_example_initial,R oracle pending
validation_bundle_manifest,validation_bundle_manifest,R/063-operational-validation-0-8.R,man/validation_bundle_manifest.Rd,(x),1,False,False,tests/testthat/test-0-8-validation-frontier.R,vignettes/streaming-scoring-and-validation-bundles.Rmd,review-gated,False,src/eyeprocesspy/operational_validation_08.py,tests/test_operational_validation_08.py,yes,implemented,implemented,implemented_initial,not_started,source_ported,not_applicable,article_or_example_initial,R oracle pending
validation_report,validation_report,R/063-operational-validation-0-8.R,man/validation_report.Rd,"(x, include_session = TRUE)",2,False,False,tests/testthat/test-0-8-validation-frontier.R,vignettes/streaming-scoring-and-validation-bundles.Rmd,review-gated,False,src/eyeprocesspy/operational_validation_08.py,tests/test_operational_validation_08.py,yes,implemented,implemented,implemented_initial,not_started,source_ported,not_applicable,article_or_example_initial,R oracle pending
visual_context_registry,visual_context_registry,R/062-context-process-structure-0-8.R,man/visual_context_registry.Rd,"(
    item_metadata, item = ""item_id"", context = NULL,
    context_candidates = c(""visual_anchor_id"", ""stimulus_id"", ""stimulus_page"", ""page_id"",
                           ""layout_id"", ""screen_id"", ""diagram_id""),
    min_items_per_context = 3L)",5,False,False,tests/testthat/test-0-8-context-structure.R,vignettes/visual-context-and-testlet-irt.Rmd,unclassified,False,src/eyeprocesspy/context_structure_08.py,tests/test_irt_frontier_08.py,yes,implemented,implemented,implemented_initial,not_started,source_ported,not_applicable,docstring_initial,Cross-language numerical parity pending R oracle.
write_validation_report,write_validation_report,R/063-operational-validation-0-8.R,man/write_validation_report.Rd,"(x, path, ...)",3,True,False,,,review-gated,False,src/eyeprocesspy/operational_validation_08.py,tests/test_operational_validation_08.py,yes,implemented,implemented,implemented_initial,not_started,source_ported,not_applicable,article_or_example_initial,R oracle pending
analysis_decision_entropy,analysis_decision_entropy,R/073-decision-manifests-0-9.R,man/analysis_decision_entropy.Rd,"(..., base = 2)",2,True,False,,,unclassified,False,src/eyeprocesspy/governance_09.py,tests/test_governance_09.py,yes,implemented,implemented,implemented_initial,not_started,source_ported,not_applicable,article_or_example_initial,
analysis_environment_snapshot,analysis_environment_snapshot,R/078-reproducibility-provenance-0-9.R,man/analysis_environment_snapshot.Rd,(packages = loadedNamespaces()),1,False,False,,,unclassified,False,,,yes,not_started,not_started,not_started,not_started,not_started,not_applicable,not_started,
analysis_resolution_guard,analysis_resolution_guard,R/081-validation-extras-0-9.R,man/analysis_resolution_guard.Rd,"(event_duration_ms, effective_hz,
                                      spatial_feature_size = NA_real_, radial_error = NA_real_,
                                      min_samples = 3, max_error_fraction = .5)",6,False,False,tests/testthat/test-0-9-validation-extras.R,vignettes/simulation-calibration-and-resolution-guards.Rmd,unclassified,False,,,yes,not_started,not_started,not_started,not_started,not_started,not_applicable,not_started,
aoi_membership_probability,aoi_membership_probability,R/076-calibration-quality-uncertainty-0-9.R,man/aoi_membership_probability.Rd,"(draws, aois)",2,False,False,,,unclassified,False,src/eyeprocesspy/process_quality_09.py,tests/test_process_quality_09.py,yes,implemented,implemented,implemented_initial,not_started,source_ported,not_applicable,docstring_initial,
api_family_map,api_family_map,R/071-api-lifecycle-0-9.R,man/api_family_map.Rd,(inventory),1,False,False,,,deprecated,False,src/eyeprocesspy/governance_09.py,tests/test_governance_09.py,yes,implemented,implemented,implemented_initial,not_started,source_ported,not_applicable,article_or_example_initial,
api_lifecycle_diff,api_lifecycle_diff,R/071-api-lifecycle-0-9.R,man/api_lifecycle_diff.Rd,"(old, new)",2,False,False,,,deprecated,False,src/eyeprocesspy/governance_09.py,tests/test_governance_09.py,yes,implemented,implemented,implemented_initial,not_started,source_ported,not_applicable,article_or_example_initial,
api_surface_summary,api_surface_summary,R/071-api-lifecycle-0-9.R,man/api_surface_summary.Rd,(inventory),1,False,False,,vignettes/api-lifecycle-and-canonical-interfaces.Rmd,deprecated,False,src/eyeprocesspy/governance_09.py,tests/test_governance_09.py,yes,implemented,implemented,implemented_initial,not_started,source_ported,not_applicable,article_or_example_initial,
apply_synthetic_corruption,apply_synthetic_corruption,R/075-benchmark-stress-0-9.R,man/apply_synthetic_corruption.Rd,"(data, plan,
                                       gaze_columns = c(""gaze_x"", ""gaze_y""), pupil = ""pupil"",
                                       time = ""timestamp_ms"", aoi = NULL, device_column = NULL)",7,False,False,tests/testthat/test-0-9-benchmark-stress.R,,unclassified,False,,,yes,not_started,not_started,not_started,not_started,not_started,not_applicable,not_started,
audit_decision_provenance,audit_decision_provenance,R/073-decision-manifests-0-9.R,man/audit_decision_provenance.Rd,"(
    x,
    required_domains = c(""sampling"", ""validity"", ""fixation"", ""pupil"", ""aoi"", ""model"", ""sensitivity"", ""exclusions""),
    required_provenance = c(""data_source"", ""software_version"", ""analysis_commit""))",3,False,False,,,unclassified,False,src/eyeprocesspy/governance_09.py,tests/test_governance_09.py,yes,implemented,implemented,implemented_initial,not_started,source_ported,not_applicable,article_or_example_initial,
audit_eye_api,audit_eye_api,R/071-api-lifecycle-0-9.R,man/audit_eye_api.Rd,"(inventory = eye_api_inventory(), registry = eye_api_lifecycle())",2,False,False,tests/testthat/test-0-9-api-lifecycle.R,vignettes/api-lifecycle-and-canonical-interfaces.Rmd,deprecated,False,src/eyeprocesspy/governance_09.py,tests/test_governance_09.py,yes,implemented,implemented,implemented_initial,not_started,source_ported,not_applicable,article_or_example_initial,
audit_eye_pipeline,audit_eye_pipeline,R/070-governed-pipelines-0-9.R,man/audit_eye_pipeline.Rd,(x),1,False,False,tests/testthat/test-0-9-pipelines.R,vignettes/governed-end-to-end-pipelines.Rmd,unclassified,False,src/eyeprocesspy/governance_09.py,tests/test_governance_09.py,yes,implemented,implemented,implemented_initial,not_started,source_ported,not_applicable,article_or_example_initial,
audit_pupil_preprocessing_order,audit_pupil_preprocessing_order,R/081-validation-extras-0-9.R,man/audit_pupil_preprocessing_order.Rd,"(steps,
                                            cleaning_patterns = c(""blink"", ""missing"", ""interpol"", ""artifact"", ""smooth"", ""filter""),
                                            baseline_pattern = ""baseline"")",3,False,False,tests/testthat/test-0-9-validation-extras.R,vignettes/simulation-calibration-and-resolution-guards.Rmd,unclassified,False,,,yes,not_started,not_started,not_started,not_started,not_started,not_applicable,not_started,
audit_sampling_irregularity,audit_sampling_irregularity,R/076-calibration-quality-uncertainty-0-9.R,man/audit_sampling_irregularity.Rd,"(data, time = ""timestamp_ms"", unit = c(""ms"", ""s"", ""us""),
                                        by = NULL, cv_threshold = .05)",5,False,False,,,unclassified,False,src/eyeprocesspy/process_quality_09.py,tests/test_process_quality_09.py,yes,implemented,implemented,implemented_initial,not_started,source_ported,not_applicable,docstring_initial,
audit_temporal_leakage,audit_temporal_leakage,R/077-negative-controls-leakage-0-9.R,man/audit_temporal_leakage.Rd,"(provenance, allow_equal = TRUE, tolerance = 0)",3,False,False,tests/testthat/test-0-9-negative-controls.R|tests/testthat/test-0-9-plots.R,vignettes/negative-controls-and-temporal-leakage.Rmd,unclassified,False,,,yes,not_started,not_started,not_started,not_started,not_started,not_applicable,not_started,
benchmark_memory_estimate,benchmark_memory_estimate,R/075-benchmark-stress-0-9.R,man/benchmark_memory_estimate.Rd,"(x, generator = NULL)",2,False,False,,,unclassified,False,,,yes,not_started,not_started,not_started,not_started,not_started,not_applicable,not_started,
benchmark_scaling_curve,benchmark_scaling_curve,R/075-benchmark-stress-0-9.R,man/benchmark_scaling_curve.Rd,(x),1,False,False,,,unclassified,False,,,yes,not_started,not_started,not_started,not_started,not_started,not_applicable,not_started,
bootstrap_process_reliability,bootstrap_process_reliability,R/074-process-registry-reliability-0-9.R,man/bootstrap_process_reliability.Rd,"(data, person, session, measure, replications = 500L, seed = 1L)",6,False,False,,,review-gated,False,src/eyeprocesspy/process_quality_09.py,tests/test_process_quality_09.py,yes,implemented,implemented,implemented_initial,not_started,source_ported,not_applicable,docstring_initial,
calibration_drift_profile,calibration_drift_profile,R/076-calibration-quality-uncertainty-0-9.R,man/calibration_drift_profile.Rd,"(data, by, gaze_x = ""gaze_x"", gaze_y = ""gaze_y"",
                                      target_x = ""target_x"", target_y = ""target_y"")",6,False,False,,,unclassified,False,src/eyeprocesspy/process_quality_09.py,tests/test_process_quality_09.py,yes,implemented,implemented,implemented_initial,not_started,source_ported,not_applicable,docstring_initial,
calibration_error_model,calibration_error_model,R/076-calibration-quality-uncertainty-0-9.R,man/calibration_error_model.Rd,"(data, gaze_x = ""gaze_x"", gaze_y = ""gaze_y"",
                                    target_x = ""target_x"", target_y = ""target_y"")",5,False,False,tests/testthat/test-0-9-calibration-quality.R,vignettes/calibration-uncertainty-and-data-quality.Rmd,unclassified,False,src/eyeprocesspy/process_quality_09.py,tests/test_process_quality_09.py,yes,implemented,implemented,implemented_initial,not_started,source_ported,not_applicable,docstring_initial,
calibration_sensitivity_grid,calibration_sensitivity_grid,R/076-calibration-quality-uncertainty-0-9.R,man/calibration_sensitivity_grid.Rd,"(offset_x = c(-.02, 0, .02), offset_y = c(-.02, 0, .02))",2,False,False,,,unclassified,False,src/eyeprocesspy/process_quality_09.py,tests/test_process_quality_09.py,yes,implemented,implemented,implemented_initial,not_started,source_ported,not_applicable,docstring_initial,
canonical_eye_api,canonical_eye_api,R/071-api-lifecycle-0-9.R,man/canonical_eye_api.Rd,(registry = eye_api_lifecycle()),1,False,False,tests/testthat/test-0-9-api-lifecycle.R,,deprecated,False,src/eyeprocesspy/governance_09.py,tests/test_governance_09.py,yes,implemented,implemented,implemented_initial,not_started,source_ported,not_applicable,article_or_example_initial,
compare_aoi_methods,compare_aoi_methods,R/072-sensitivity-multiverse-0-9.R,man/compare_aoi_methods.Rd,"(data, methods, analysis_fun, extract_fun = .ep09_default_sensitivity_extract)",4,False,False,,,unclassified,False,src/eyeprocesspy/governance_09.py,tests/test_governance_09.py,yes,implemented,implemented,implemented_initial,not_started,source_ported,not_applicable,article_or_example_initial,
compare_decision_manifests,compare_decision_manifests,R/073-decision-manifests-0-9.R,man/compare_decision_manifests.Rd,"(old, new)",2,False,False,tests/testthat/test-0-9-manifests.R,,unclassified,False,src/eyeprocesspy/governance_09.py,tests/test_governance_09.py,yes,implemented,implemented,implemented_initial,not_started,source_ported,not_applicable,article_or_example_initial,
compare_fixation_methods,compare_fixation_methods,R/072-sensitivity-multiverse-0-9.R,man/compare_fixation_methods.Rd,"(data, methods, analysis_fun, extract_fun = .ep09_default_sensitivity_extract)",4,False,False,,,unclassified,False,src/eyeprocesspy/governance_09.py,tests/test_governance_09.py,yes,implemented,implemented,implemented_initial,not_started,source_ported,not_applicable,article_or_example_initial,
compare_hard_probabilistic_aoi,compare_hard_probabilistic_aoi,R/076-calibration-quality-uncertainty-0-9.R,man/compare_hard_probabilistic_aoi.Rd,"(data, aois, probabilistic, x = ""gaze_x"", y = ""gaze_y"")",5,False,False,,,unclassified,False,src/eyeprocesspy/process_quality_09.py,tests/test_process_quality_09.py,yes,implemented,implemented,implemented_initial,not_started,source_ported,not_applicable,docstring_initial,
compare_process_models,compare_process_models,R/072-sensitivity-multiverse-0-9.R,man/compare_process_models.Rd,"(data, methods, analysis_fun, extract_fun = .ep09_default_sensitivity_extract)",4,False,False,,,unclassified,False,src/eyeprocesspy/governance_09.py,tests/test_governance_09.py,yes,implemented,implemented,implemented_initial,not_started,source_ported,not_applicable,article_or_example_initial,
compare_pupil_preprocessing,compare_pupil_preprocessing,R/072-sensitivity-multiverse-0-9.R,man/compare_pupil_preprocessing.Rd,"(data, methods, analysis_fun, extract_fun = .ep09_default_sensitivity_extract)",4,False,False,,,unclassified,False,src/eyeprocesspy/governance_09.py,tests/test_governance_09.py,yes,implemented,implemented,implemented_initial,not_started,source_ported,not_applicable,article_or_example_initial,
compare_reproducibility_fingerprints,compare_reproducibility_fingerprints,R/078-reproducibility-provenance-0-9.R,man/compare_reproducibility_fingerprints.Rd,"(old, new)",2,False,False,tests/testthat/test-0-9-reproducibility-paper.R,,unclassified,False,,,yes,not_started,not_started,not_started,not_started,not_started,not_applicable,not_started,
coverage_calibration_curve,coverage_calibration_curve,R/081-validation-extras-0-9.R,man/coverage_calibration_curve.Rd,"(truth, lower, upper, nominal = NULL)",4,False,False,tests/testthat/test-0-9-validation-extras.R,,unclassified,False,,,yes,not_started,not_started,not_started,not_started,not_started,not_applicable,not_started,
data_quality_reporting_table,data_quality_reporting_table,R/076-calibration-quality-uncertainty-0-9.R,man/data_quality_reporting_table.Rd,(x),1,False,False,,vignettes/calibration-uncertainty-and-data-quality.Rmd,unclassified,False,src/eyeprocesspy/process_quality_09.py,tests/test_process_quality_09.py,yes,implemented,implemented,implemented_initial,not_started,source_ported,not_applicable,docstring_initial,
decision_manifest_diff,decision_manifest_diff,R/073-decision-manifests-0-9.R,man/decision_manifest_diff.Rd,"(old, new)",2,False,False,,,unclassified,False,src/eyeprocesspy/governance_09.py,tests/test_governance_09.py,yes,implemented,implemented,implemented_initial,not_started,source_ported,not_applicable,article_or_example_initial,
decision_manifest_hash,decision_manifest_hash,R/073-decision-manifests-0-9.R,man/decision_manifest_hash.Rd,(x),1,False,False,tests/testthat/test-0-9-manifests.R,,unclassified,False,src/eyeprocesspy/governance_09.py,tests/test_governance_09.py,yes,implemented,implemented,implemented_initial,not_started,source_ported,not_applicable,article_or_example_initial,
decision_manifest_table,decision_manifest_table,R/073-decision-manifests-0-9.R,man/decision_manifest_table.Rd,(x),1,False,False,,,unclassified,False,src/eyeprocesspy/governance_09.py,tests/test_governance_09.py,yes,implemented,implemented,implemented_initial,not_started,source_ported,not_applicable,article_or_example_initial,
decision_space_coverage,decision_space_coverage,R/073-decision-manifests-0-9.R,man/decision_space_coverage.Rd,"(grid, evaluated)",2,False,False,,,unclassified,False,src/eyeprocesspy/governance_09.py,tests/test_governance_09.py,yes,implemented,implemented,implemented_initial,not_started,source_ported,not_applicable,article_or_example_initial,
decision_stability,decision_stability,R/072-sensitivity-multiverse-0-9.R,man/decision_stability.Rd,"(x, effect = ""effect"", p_value = NULL, alpha = .05, threshold = 0)",5,False,False,tests/testthat/test-0-9-sensitivity.R,vignettes/multiverse-sensitivity-and-decision-stability.Rmd,unclassified,False,src/eyeprocesspy/governance_09.py,tests/test_governance_09.py,yes,implemented,implemented,implemented_initial,not_started,source_ported,not_applicable,article_or_example_initial,
effective_sampling_frequency,effective_sampling_frequency,R/076-calibration-quality-uncertainty-0-9.R,man/effective_sampling_frequency.Rd,"(data, time = ""timestamp_ms"",
                                         unit = c(""ms"", ""s"", ""us""), by = NULL)",4,False,False,,,unclassified,False,src/eyeprocesspy/process_quality_09.py,tests/test_process_quality_09.py,yes,implemented,implemented,implemented_initial,not_started,source_ported,not_applicable,docstring_initial,
estimate_calibration_error,estimate_calibration_error,R/076-calibration-quality-uncertainty-0-9.R,man/estimate_calibration_error.Rd,"(data, gaze_x = ""gaze_x"", gaze_y = ""gaze_y"",
                                       target_x = ""target_x"", target_y = ""target_y"", by = NULL)",6,False,False,,,unclassified,False,src/eyeprocesspy/process_quality_09.py,tests/test_process_quality_09.py,yes,implemented,implemented,implemented_initial,not_started,source_ported,not_applicable,docstring_initial,
expand_process_validation_design,expand_process_validation_design,R/069-validation-program-0-9.R,man/expand_process_validation_design.Rd,"(x, max_conditions = 250000L)",2,False,False,tests/testthat/test-0-9-validation.R,,unclassified,False,src/eyeprocesspy/governance_09.py,tests/test_governance_09.py,yes,implemented,implemented,implemented_initial,not_started,source_ported,not_applicable,article_or_example_initial,
export_eye_pipeline,export_eye_pipeline,R/070-governed-pipelines-0-9.R,man/export_eye_pipeline.Rd,"(x, path)",2,False,False,,,unclassified,False,src/eyeprocesspy/governance_09.py,tests/test_governance_09.py,yes,implemented,implemented,implemented_initial,not_started,source_ported,not_applicable,article_or_example_initial,
export_prov_json,export_prov_json,R/078-reproducibility-provenance-0-9.R,man/export_prov_json.Rd,"(x, path)",2,False,False,,,unclassified,False,,,yes,not_started,not_started,not_started,not_started,not_started,not_applicable,not_started,
export_ro_crate_metadata,export_ro_crate_metadata,R/078-reproducibility-provenance-0-9.R,man/export_ro_crate_metadata.Rd,"(path = ""ro-crate-metadata.json"", name = ""eyeprocess analysis"",
                                     description = ""Reproducible eyeprocess analysis crate"", files = NULL,
                                     creator = NULL, license = NULL, doi = NULL)",7,False,False,,vignettes/reproducibility-prov-and-ro-crate.Rmd,unclassified,False,,,yes,not_started,not_started,not_started,not_started,not_started,not_applicable,not_started,
eye_analysis_pipeline,eye_analysis_pipeline,R/070-governed-pipelines-0-9.R,man/eye_analysis_pipeline.Rd,"(..., spec = eye_analysis_spec(), name = ""eye_analysis"", strict = TRUE)",4,True,False,tests/testthat/test-0-9-pipelines.R,vignettes/governed-end-to-end-pipelines.Rmd,unclassified,False,src/eyeprocesspy/governance_09.py,tests/test_governance_09.py,yes,implemented,implemented,implemented_initial,not_started,source_ported,not_applicable,article_or_example_initial,
eye_analysis_spec,eye_analysis_spec,R/070-governed-pipelines-0-9.R,man/eye_analysis_spec.Rd,"(
    blink_correction = NULL,
    pupil_baseline = NULL,
    fixation_algorithm = NULL,
    aoi_rule = NULL,
    exclusions = NULL,
    model = NULL,
    sensitivity = NULL,
    ...)",8,True,False,tests/testthat/test-0-9-pipelines.R,vignettes/governed-end-to-end-pipelines.Rmd,unclassified,False,src/eyeprocesspy/governance_09.py,tests/test_governance_09.py,yes,implemented,implemented,implemented_initial,not_started,source_ported,not_applicable,article_or_example_initial,
eye_api_inventory,eye_api_inventory,R/071-api-lifecycle-0-9.R,man/eye_api_inventory.Rd,"(package = ""eyeprocess"", lifecycle = eye_api_lifecycle())",2,False,False,tests/testthat/test-0-9-api-lifecycle.R,vignettes/api-lifecycle-and-canonical-interfaces.Rmd,deprecated,False,src/eyeprocesspy/governance_09.py,tests/test_governance_09.py,yes,implemented,implemented,implemented_initial,not_started,python_reference_differs,not_applicable,article_or_example_initial,
eye_api_lifecycle,eye_api_lifecycle,R/071-api-lifecycle-0-9.R,man/eye_api_lifecycle.Rd,(registry = NULL),1,False,False,tests/testthat/test-0-9-api-lifecycle.R,vignettes/api-lifecycle-and-canonical-interfaces.Rmd,deprecated,False,src/eyeprocesspy/governance_09.py,tests/test_governance_09.py,yes,implemented,implemented,implemented_initial,not_started,source_ported,not_applicable,article_or_example_initial,
eye_api_recommendation,eye_api_recommendation,R/071-api-lifecycle-0-9.R,man/eye_api_recommendation.Rd,(audit),1,False,False,,vignettes/api-lifecycle-and-canonical-interfaces.Rmd,deprecated,False,src/eyeprocesspy/governance_09.py,tests/test_governance_09.py,yes,implemented,implemented,implemented_initial,not_started,source_ported,not_applicable,article_or_example_initial,
eye_api_status,eye_api_status,R/071-api-lifecycle-0-9.R,man/eye_api_status.Rd,"(name, registry = eye_api_lifecycle())",2,False,False,tests/testthat/test-0-9-api-lifecycle.R,,deprecated,False,src/eyeprocesspy/governance_09.py,tests/test_governance_09.py,yes,implemented,implemented,implemented_initial,not_started,source_ported,not_applicable,article_or_example_initial,
eye_api_superseded,eye_api_superseded,R/071-api-lifecycle-0-9.R,man/eye_api_superseded.Rd,(registry = eye_api_lifecycle()),1,False,False,,,deprecated,False,src/eyeprocesspy/governance_09.py,tests/test_governance_09.py,yes,implemented,implemented,implemented_initial,not_started,source_ported,not_applicable,article_or_example_initial,
eye_benchmark_design,eye_benchmark_design,R/075-benchmark-stress-0-9.R,man/eye_benchmark_design.Rd,"(n_obs = c(1e4, 1e5, 1e6), repetitions = 3L,
                                 label = ""eyeprocess_scaling"")",3,False,False,,vignettes/benchmarking-and-stress-testing.Rmd,unclassified,False,,,yes,not_started,not_started,not_started,not_started,not_started,not_applicable,not_started,
eye_decision_manifest,eye_decision_manifest,R/073-decision-manifests-0-9.R,man/eye_decision_manifest.Rd,"(
    sampling = list(), validity = list(), fixation = list(), pupil = list(),
    aoi = list(), model = list(), sensitivity = list(), exclusions = list(),
    provenance = list(), notes = NULL, ...)",11,True,False,tests/testthat/test-0-9-manifests.R|tests/testthat/test-0-9-plots.R,,unclassified,False,src/eyeprocesspy/governance_09.py,tests/test_governance_09.py,yes,implemented,implemented,implemented_initial,not_started,source_ported,not_applicable,article_or_example_initial,
eye_pipeline_dot,eye_pipeline_dot,R/070-governed-pipelines-0-9.R,man/eye_pipeline_dot.Rd,(x),1,False,False,tests/testthat/test-0-9-pipelines.R,,unclassified,False,src/eyeprocesspy/governance_09.py,tests/test_governance_09.py,yes,implemented,implemented,implemented_initial,not_started,source_ported,not_applicable,article_or_example_initial,
eye_pipeline_graph,eye_pipeline_graph,R/070-governed-pipelines-0-9.R,man/eye_pipeline_graph.Rd,(x),1,False,False,,,unclassified,False,src/eyeprocesspy/governance_09.py,tests/test_governance_09.py,yes,implemented,implemented,implemented_initial,not_started,source_ported,not_applicable,article_or_example_initial,
eye_pipeline_manifest,eye_pipeline_manifest,R/070-governed-pipelines-0-9.R,man/eye_pipeline_manifest.Rd,(x),1,False,False,,,unclassified,False,src/eyeprocesspy/governance_09.py,tests/test_governance_09.py,yes,implemented,implemented,implemented_initial,not_started,source_ported,not_applicable,article_or_example_initial,
eye_pipeline_mermaid,eye_pipeline_mermaid,R/070-governed-pipelines-0-9.R,man/eye_pipeline_mermaid.Rd,(x),1,False,False,tests/testthat/test-0-9-pipelines.R,,unclassified,False,src/eyeprocesspy/governance_09.py,tests/test_governance_09.py,yes,implemented,implemented,implemented_initial,not_started,source_ported,not_applicable,article_or_example_initial,
eye_pipeline_step,eye_pipeline_step,R/070-governed-pipelines-0-9.R,man/eye_pipeline_step.Rd,"(name, fun, requires = character(), optional = FALSE,
                              description = NULL, decision = NULL)",6,False,False,tests/testthat/test-0-9-pipelines.R,vignettes/governed-end-to-end-pipelines.Rmd,unclassified,False,src/eyeprocesspy/governance_09.py,tests/test_governance_09.py,yes,implemented,implemented,implemented_initial,not_started,source_ported,not_applicable,article_or_example_initial,
eye_prov_graph,eye_prov_graph,R/078-reproducibility-provenance-0-9.R,man/eye_prov_graph.Rd,"(nodes, edges = data.frame(from = character(), to = character(), relation = character()), metadata = list())",3,False,False,,,unclassified,False,,,yes,not_started,not_started,not_started,not_started,not_started,not_applicable,not_started,
eye_reproducibility_fingerprint,eye_reproducibility_fingerprint,R/078-reproducibility-provenance-0-9.R,man/eye_reproducibility_fingerprint.Rd,"(data = NULL, analysis_spec = NULL, model_spec = NULL,
                                            decisions = NULL, result = NULL, files = NULL,
                                            seeds = NULL, label = ""eyeprocess_analysis"")",8,False,False,tests/testthat/test-0-9-reproducibility-paper.R,vignettes/reproducibility-prov-and-ro-crate.Rmd,unclassified,False,,,yes,not_started,not_started,not_started,not_started,not_started,not_applicable,not_started,
eye_session_manifest,eye_session_manifest,R/078-reproducibility-provenance-0-9.R,man/eye_session_manifest.Rd,"(data = NULL, files = NULL, adapter = NA_character_, decisions = NULL,
                                 pipeline = NULL, seeds = NULL, notes = NULL)",7,False,False,,,unclassified,False,,,yes,not_started,not_started,not_started,not_started,not_started,not_applicable,not_started,
eye_targets_manifest,eye_targets_manifest,R/070-governed-pipelines-0-9.R,man/eye_targets_manifest.Rd,(x),1,False,False,,vignettes/governed-end-to-end-pipelines.Rmd|vignettes/targets-interoperability.Rmd,unclassified,False,src/eyeprocesspy/governance_09.py,tests/test_governance_09.py,yes,implemented,implemented,implemented_initial,not_started,source_ported,not_applicable,article_or_example_initial,
file_hash_manifest,file_hash_manifest,R/078-reproducibility-provenance-0-9.R,man/file_hash_manifest.Rd,"(paths, algorithm = c(""md5"", ""sha256""))",2,False,False,,,unclassified,False,,,yes,not_started,not_started,not_started,not_started,not_started,not_applicable,not_started,
find_process_measures,find_process_measures,R/074-process-registry-reliability-0-9.R,man/find_process_measures.Rd,"(registry = process_measure_registry(), channel = NULL,
                                  level = NULL, status = NULL, query = NULL)",5,False,False,,,review-gated,False,src/eyeprocesspy/process_quality_09.py,tests/test_process_quality_09.py,yes,implemented,implemented,implemented_initial,not_started,source_ported,not_applicable,docstring_initial,
fixation_boundary_uncertainty,fixation_boundary_uncertainty,R/076-calibration-quality-uncertainty-0-9.R,man/fixation_boundary_uncertainty.Rd,"(data, aois, x = ""gaze_x"", y = ""gaze_y"")",4,False,False,tests/testthat/test-0-9-calibration-quality.R,,unclassified,False,src/eyeprocesspy/process_quality_09.py,tests/test_process_quality_09.py,yes,implemented,implemented,implemented_initial,not_started,source_ported,not_applicable,docstring_initial,
freeze_software_paper_evidence,freeze_software_paper_evidence,R/079-software-paper-evidence-0-9.R,man/freeze_software_paper_evidence.Rd,"(x, path)",2,False,False,,,unclassified,False,,,yes,not_started,not_started,not_started,not_started,not_started,not_applicable,not_started,
freeze_validation_reference,freeze_validation_reference,R/069-validation-program-0-9.R,man/freeze_validation_reference.Rd,"(x, path = NULL, digits = 8L)",3,False,False,tests/testthat/test-0-9-validation.R,vignettes/empirical-validation-programme.Rmd,unclassified,False,src/eyeprocesspy/governance_09.py,tests/test_governance_09.py,yes,implemented,implemented,implemented_initial,not_started,python_reference_differs,not_applicable,article_or_example_initial,
gaze_data_quality_profile,gaze_data_quality_profile,R/076-calibration-quality-uncertainty-0-9.R,man/gaze_data_quality_profile.Rd,"(data, x = ""gaze_x"", y = ""gaze_y"", time = ""timestamp_ms"",
                                      target_x = NULL, target_y = NULL, valid = NULL, by = NULL,
                                      time_unit = c(""ms"", ""s"", ""us""))",9,False,False,tests/testthat/test-0-9-calibration-quality.R,vignettes/calibration-uncertainty-and-data-quality.Rmd,unclassified,False,src/eyeprocesspy/process_quality_09.py,tests/test_process_quality_09.py,yes,implemented,implemented,implemented_initial,not_started,source_ported,not_applicable,docstring_initial,
gaze_precision_rms_s2s,gaze_precision_rms_s2s,R/076-calibration-quality-uncertainty-0-9.R,man/gaze_precision_rms_s2s.Rd,"(data, x = ""gaze_x"", y = ""gaze_y"", time = NULL, by = NULL)",5,False,False,,,unclassified,False,src/eyeprocesspy/process_quality_09.py,tests/test_process_quality_09.py,yes,implemented,implemented,implemented_initial,not_started,source_ported,not_applicable,docstring_initial,
gaze_uncertainty_ellipse,gaze_uncertainty_ellipse,R/076-calibration-quality-uncertainty-0-9.R,man/gaze_uncertainty_ellipse.Rd,"(model, level = .95, center = NULL)",3,False,False,tests/testthat/test-0-9-calibration-quality.R,vignettes/calibration-uncertainty-and-data-quality.Rmd,unclassified,False,src/eyeprocesspy/process_quality_09.py,tests/test_process_quality_09.py,yes,implemented,implemented,implemented_initial,not_started,source_ported,not_applicable,docstring_initial,
inject_aoi_label_noise,inject_aoi_label_noise,R/075-benchmark-stress-0-9.R,man/inject_aoi_label_noise.Rd,"(data, aoi = ""aoi"", proportion, seed = 1L)",4,False,False,,,unclassified,False,,,yes,not_started,not_started,not_started,not_started,not_started,not_applicable,not_started,
inject_calibration_offset,inject_calibration_offset,R/075-benchmark-stress-0-9.R,man/inject_calibration_offset.Rd,"(data, x = ""gaze_x"", y = ""gaze_y"", offset_x = 0, offset_y = 0)",5,False,False,,,unclassified,False,,,yes,not_started,not_started,not_started,not_started,not_started,not_applicable,not_started,
inject_device_shift,inject_device_shift,R/075-benchmark-stress-0-9.R,man/inject_device_shift.Rd,"(data, column, shift, rows = NULL)",4,False,False,,,unclassified,False,,,yes,not_started,not_started,not_started,not_started,not_started,not_applicable,not_started,
inject_eye_missingness,inject_eye_missingness,R/075-benchmark-stress-0-9.R,man/inject_eye_missingness.Rd,"(data, columns, proportion, seed = 1L)",4,False,False,,,unclassified,False,,,yes,not_started,not_started,not_started,not_started,not_started,not_applicable,not_started,
inject_pupil_dropout,inject_pupil_dropout,R/075-benchmark-stress-0-9.R,man/inject_pupil_dropout.Rd,"(data, pupil = ""pupil"", proportion, seed = 1L)",4,False,False,,,unclassified,False,,,yes,not_started,not_started,not_started,not_started,not_started,not_applicable,not_started,
inject_sampling_jitter,inject_sampling_jitter,R/075-benchmark-stress-0-9.R,man/inject_sampling_jitter.Rd,"(data, time = ""timestamp_ms"", sd, seed = 1L)",4,False,False,,,unclassified,False,,,yes,not_started,not_started,not_started,not_started,not_started,not_applicable,not_started,
inject_trial_imbalance,inject_trial_imbalance,R/075-benchmark-stress-0-9.R,man/inject_trial_imbalance.Rd,"(data, proportion, seed = 1L)",3,False,False,,,unclassified,False,,,yes,not_started,not_started,not_started,not_started,not_started,not_applicable,not_started,
lock_decision_manifest,lock_decision_manifest,R/073-decision-manifests-0-9.R,man/lock_decision_manifest.Rd,"(x, label = ""analysis_decisions"")",2,False,False,tests/testthat/test-0-9-manifests.R,,unclassified,False,src/eyeprocesspy/governance_09.py,tests/test_governance_09.py,yes,implemented,implemented,implemented_initial,not_started,source_ported,not_applicable,article_or_example_initial,
measurement_error_budget,measurement_error_budget,R/081-validation-extras-0-9.R,man/measurement_error_budget.Rd,"(accuracy = NA_real_, precision = NA_real_, data_loss = NA_real_,
                                     effective_hz = NA_real_, calibration_drift = NA_real_, units = NULL)",6,False,False,tests/testthat/test-0-9-validation-extras.R,,unclassified,False,,,yes,not_started,not_started,not_started,not_started,not_started,not_applicable,not_started,
negative_control_concordance,negative_control_concordance,R/077-negative-controls-leakage-0-9.R,man/negative_control_concordance.Rd,"(x, effect = ""effect"", tolerance = 0.05)",3,False,False,,,unclassified,False,,,yes,not_started,not_started,not_started,not_started,not_started,not_applicable,not_started,
object_hash,object_hash,R/078-reproducibility-provenance-0-9.R,man/object_hash.Rd,(x),1,False,False,tests/testthat/test-0-9-plots.R|tests/testthat/test-0-9-sensitivity.R,,unclassified,False,,,yes,not_started,not_started,not_started,not_started,not_started,not_applicable,not_started,
outcome_blind_feature_audit,outcome_blind_feature_audit,R/077-negative-controls-leakage-0-9.R,man/outcome_blind_feature_audit.Rd,"(data, outcome, feature_fun)",3,False,False,,,unclassified,False,,,yes,not_started,not_started,not_started,not_started,not_started,not_applicable,not_started,
outcome_blind_snapshot,outcome_blind_snapshot,R/073-decision-manifests-0-9.R,man/outcome_blind_snapshot.Rd,"(data, outcome, id = NULL)",3,False,False,tests/testthat/test-0-9-manifests.R,,unclassified,False,src/eyeprocesspy/governance_09.py,tests/test_governance_09.py,yes,implemented,implemented,implemented_initial,not_started,source_ported,not_applicable,article_or_example_initial,
paper_reproducibility_manifest,paper_reproducibility_manifest,R/079-software-paper-evidence-0-9.R,man/paper_reproducibility_manifest.Rd,"(evidence, manuscript = NULL, figures = NULL, tables = NULL)",4,False,False,,,unclassified,False,,,yes,not_started,not_started,not_started,not_started,not_started,not_applicable,not_started,
pipeline_failures,pipeline_failures,R/070-governed-pipelines-0-9.R,man/pipeline_failures.Rd,(x),1,False,False,,,unclassified,False,src/eyeprocesspy/governance_09.py,tests/test_governance_09.py,yes,implemented,implemented,implemented_initial,not_started,source_ported,not_applicable,article_or_example_initial,
pipeline_result,pipeline_result,R/070-governed-pipelines-0-9.R,man/pipeline_result.Rd,"(x, step)",2,False,False,tests/testthat/test-0-9-pipelines.R,,unclassified,False,src/eyeprocesspy/governance_09.py,tests/test_governance_09.py,yes,implemented,implemented,implemented_initial,not_started,source_ported,not_applicable,article_or_example_initial,
pipeline_step_status,pipeline_step_status,R/070-governed-pipelines-0-9.R,man/pipeline_step_status.Rd,(x),1,False,False,,,unclassified,False,src/eyeprocesspy/governance_09.py,tests/test_governance_09.py,yes,implemented,implemented,implemented_initial,not_started,source_ported,not_applicable,article_or_example_initial,
placebo_window_audit,placebo_window_audit,R/077-negative-controls-leakage-0-9.R,man/placebo_window_audit.Rd,"(data, time, value, window, expected = 0, by = NULL)",6,False,False,,,unclassified,False,,,yes,not_started,not_started,not_started,not_started,not_started,not_applicable,not_started,
probabilistic_aoi_assignment,probabilistic_aoi_assignment,R/076-calibration-quality-uncertainty-0-9.R,man/probabilistic_aoi_assignment.Rd,"(data, aois, model, x = ""gaze_x"", y = ""gaze_y"",
                                         draws = 500L, seed = 1L, min_probability = .5)",8,False,False,,vignettes/calibration-uncertainty-and-data-quality.Rmd,unclassified,False,src/eyeprocesspy/process_quality_09.py,tests/test_process_quality_09.py,yes,implemented,implemented,implemented_initial,not_started,source_ported,not_applicable,docstring_initial,
process_bland_altman,process_bland_altman,R/074-process-registry-reliability-0-9.R,man/process_bland_altman.Rd,"(data, person, session, measure, sessions = NULL)",5,False,False,tests/testthat/test-0-9-registry-reliability.R,,review-gated,False,src/eyeprocesspy/process_quality_09.py,tests/test_process_quality_09.py,yes,implemented,implemented,implemented_initial,not_started,source_ported,not_applicable,docstring_initial,
process_feature_time_provenance,process_feature_time_provenance,R/077-negative-controls-leakage-0-9.R,man/process_feature_time_provenance.Rd,"(feature, available_at, outcome_at,
                                            source = NA_character_, transformation = NA_character_,
                                            unit = ""ms"")",6,False,False,tests/testthat/test-0-9-negative-controls.R|tests/testthat/test-0-9-plots.R,vignettes/negative-controls-and-temporal-leakage.Rmd,unclassified,False,,,yes,not_started,not_started,not_started,not_started,not_started,not_applicable,not_started,
process_icc,process_icc,R/074-process-registry-reliability-0-9.R,man/process_icc.Rd,"(data, person, session, measure)",4,False,False,tests/testthat/test-0-9-registry-reliability.R,vignettes/process-measure-registry-and-reliability.Rmd,review-gated,False,src/eyeprocesspy/process_quality_09.py,tests/test_process_quality_09.py,yes,implemented,implemented,implemented_initial,not_started,source_ported,not_applicable,docstring_initial,
process_measure_card,process_measure_card,R/074-process-registry-reliability-0-9.R,man/process_measure_card.Rd,"(name, registry = process_measure_registry())",2,False,False,tests/testthat/test-0-9-registry-reliability.R,vignettes/process-measure-registry-and-reliability.Rmd,review-gated,False,src/eyeprocesspy/process_quality_09.py,tests/test_process_quality_09.py,yes,implemented,implemented,implemented_initial,not_started,source_ported,not_applicable,docstring_initial,
process_measure_coverage,process_measure_coverage,R/074-process-registry-reliability-0-9.R,man/process_measure_coverage.Rd,"(data, registry = process_measure_registry())",2,False,False,,,review-gated,False,src/eyeprocesspy/process_quality_09.py,tests/test_process_quality_09.py,yes,implemented,implemented,implemented_initial,not_started,source_ported,not_applicable,docstring_initial,
process_measure_guardrails,process_measure_guardrails,R/074-process-registry-reliability-0-9.R,man/process_measure_guardrails.Rd,(registry = process_measure_registry()),1,False,False,,vignettes/process-measure-registry-and-reliability.Rmd,review-gated,False,src/eyeprocesspy/process_quality_09.py,tests/test_process_quality_09.py,yes,implemented,implemented,implemented_initial,not_started,source_ported,not_applicable,docstring_initial,
process_measure_lineage,process_measure_lineage,R/074-process-registry-reliability-0-9.R,man/process_measure_lineage.Rd,"(measure, inputs, transformations = character(), output_level = NA_character_)",4,False,False,,,review-gated,False,src/eyeprocesspy/process_quality_09.py,tests/test_process_quality_09.py,yes,implemented,implemented,implemented_initial,not_started,source_ported,not_applicable,docstring_initial,
process_measure_registry,process_measure_registry,R/074-process-registry-reliability-0-9.R,man/process_measure_registry.Rd,(include_experimental = TRUE),1,False,False,tests/testthat/test-0-9-api-lifecycle.R|tests/testthat/test-0-9-registry-reliability.R,vignettes/process-measure-registry-and-reliability.Rmd,review-gated,False,src/eyeprocesspy/process_quality_09.py,tests/test_process_quality_09.py,yes,implemented,implemented,implemented_initial,not_started,source_ported,not_applicable,docstring_initial,
process_measure_units,process_measure_units,R/074-process-registry-reliability-0-9.R,man/process_measure_units.Rd,(registry = process_measure_registry()),1,False,False,,,review-gated,False,src/eyeprocesspy/process_quality_09.py,tests/test_process_quality_09.py,yes,implemented,implemented,implemented_initial,not_started,source_ported,not_applicable,docstring_initial,
process_negative_control_permute,process_negative_control_permute,R/077-negative-controls-leakage-0-9.R,man/process_negative_control_permute.Rd,"(data, outcome, seed = 1L, within = NULL)",4,False,False,tests/testthat/test-0-9-negative-controls.R,,unclassified,False,,,yes,not_started,not_started,not_started,not_started,not_started,not_applicable,not_started,
process_negative_control_shift,process_negative_control_shift,R/077-negative-controls-leakage-0-9.R,man/process_negative_control_shift.Rd,"(data, column, lag = 1L, by = NULL)",4,False,False,tests/testthat/test-0-9-negative-controls.R,,unclassified,False,,,yes,not_started,not_started,not_started,not_started,not_started,not_applicable,not_started,
process_null_benchmark,process_null_benchmark,R/077-negative-controls-leakage-0-9.R,man/process_null_benchmark.Rd,"(observed, controls, effect = ""effect"")",3,False,False,tests/testthat/test-0-9-negative-controls.R,vignettes/negative-controls-and-temporal-leakage.Rmd,unclassified,False,,,yes,not_started,not_started,not_started,not_started,not_started,not_applicable,not_started,
process_reliability_profile,process_reliability_profile,R/074-process-registry-reliability-0-9.R,man/process_reliability_profile.Rd,"(data, person, session, measure)",4,False,False,,vignettes/process-measure-registry-and-reliability.Rmd,review-gated,False,src/eyeprocesspy/process_quality_09.py,tests/test_process_quality_09.py,yes,implemented,implemented,implemented_initial,not_started,source_ported,not_applicable,docstring_initial,
process_sensitivity_grid,process_sensitivity_grid,R/072-sensitivity-multiverse-0-9.R,man/process_sensitivity_grid.Rd,"(..., label = ""process_sensitivity"", max_specifications = 100000L)",3,True,False,tests/testthat/test-0-9-plots.R|tests/testthat/test-0-9-sensitivity.R,vignettes/multiverse-sensitivity-and-decision-stability.Rmd,unclassified,False,src/eyeprocesspy/governance_09.py,tests/test_governance_09.py,yes,implemented,implemented,implemented_initial,not_started,source_ported,not_applicable,article_or_example_initial,
process_temporal_stability,process_temporal_stability,R/074-process-registry-reliability-0-9.R,man/process_temporal_stability.Rd,"(data, person, session, measure,
                                       method = c(""pearson"", ""spearman""))",5,False,False,,,review-gated,False,src/eyeprocesspy/process_quality_09.py,tests/test_process_quality_09.py,yes,implemented,implemented,implemented_initial,not_started,source_ported,not_applicable,docstring_initial,
process_validation_design,process_validation_design,R/069-validation-program-0-9.R,man/process_validation_design.Rd,"(
    n_persons = c(50L, 150L, 500L),
    n_trials = c(10L, 30L, 80L),
    missingness = c(0, .05, .15, .30),
    sampling_rate_hz = c(60, 120, 300, 1000),
    aoi_error = c(""low"", ""moderate"", ""severe""),
    calibration_error = c(0, .5, 1),
    pupil_dropout = c(0, .10, .30),
    heterogeneity = c(""low"", ""moderate""),
    model_misspecification = c(FALSE, TRUE),
    replications = 100L,
    seed = 1L,
    label = ""process_validation"")",12,False,False,tests/testthat/test-0-9-plots.R|tests/testthat/test-0-9-validation.R,vignettes/empirical-validation-programme.Rmd,unclassified,False,src/eyeprocesspy/governance_09.py,tests/test_governance_09.py,yes,implemented,implemented,implemented_initial,not_started,source_ported,not_applicable,article_or_example_initial,
propagate_calibration_uncertainty,propagate_calibration_uncertainty,R/076-calibration-quality-uncertainty-0-9.R,man/propagate_calibration_uncertainty.Rd,"(data, model, x = ""gaze_x"", y = ""gaze_y"",
                                              draws = 500L, seed = 1L)",6,False,False,,vignettes/calibration-uncertainty-and-data-quality.Rmd,unclassified,False,src/eyeprocesspy/process_quality_09.py,tests/test_process_quality_09.py,yes,implemented,implemented,implemented_initial,not_started,source_ported,not_applicable,docstring_initial,
provenance_edge_table,provenance_edge_table,R/078-reproducibility-provenance-0-9.R,man/provenance_edge_table.Rd,"(from, to, relation = ""wasDerivedFrom"")",3,False,False,tests/testthat/test-0-9-reproducibility-paper.R,,unclassified,False,,,yes,not_started,not_started,not_started,not_started,not_started,not_applicable,not_started,
provenance_lineage_table,provenance_lineage_table,R/078-reproducibility-provenance-0-9.R,man/provenance_lineage_table.Rd,"(id, type = ""entity"", label = id, value = NA_character_)",4,False,False,tests/testthat/test-0-9-reproducibility-paper.R,,unclassified,False,,,yes,not_started,not_started,not_started,not_started,not_started,not_applicable,not_started,
pupil_baseline_sensitivity,pupil_baseline_sensitivity,R/081-validation-extras-0-9.R,man/pupil_baseline_sensitivity.Rd,"(data, time = ""time_ms"", pupil = ""pupil"", windows,
                                       by = NULL, correction = c(""subtractive"", ""divisive""))",6,False,False,tests/testthat/test-0-9-validation-extras.R,vignettes/simulation-calibration-and-resolution-guards.Rmd,unclassified,False,,,yes,not_started,not_started,not_started,not_started,not_started,not_applicable,not_started,
read_api_lifecycle_registry,read_api_lifecycle_registry,R/071-api-lifecycle-0-9.R,man/read_api_lifecycle_registry.Rd,(path),1,False,False,,,deprecated,False,src/eyeprocesspy/governance_09.py,tests/test_governance_09.py,yes,implemented,implemented,implemented_initial,not_started,source_ported,not_applicable,article_or_example_initial,
read_decision_manifest,read_decision_manifest,R/073-decision-manifests-0-9.R,man/read_decision_manifest.Rd,"(path, format = NULL)",2,False,False,,,unclassified,False,src/eyeprocesspy/governance_09.py,tests/test_governance_09.py,yes,implemented,implemented,implemented_initial,not_started,python_reference_differs,not_applicable,article_or_example_initial,
read_reproducibility_fingerprint,read_reproducibility_fingerprint,R/078-reproducibility-provenance-0-9.R,man/read_reproducibility_fingerprint.Rd,"(path, format = NULL)",2,False,False,,,unclassified,False,,,yes,not_started,not_started,not_started,not_started,not_started,not_applicable,not_started,
register_eye_api_status,register_eye_api_status,R/071-api-lifecycle-0-9.R,man/register_eye_api_status.Rd,"(registry = eye_api_lifecycle(), name, status,
                                    canonical = NA_character_, replacement = NA_character_,
                                    since = ""0.9.0.9000"", notes = NA_character_)",7,False,False,tests/testthat/test-0-9-api-lifecycle.R,vignettes/api-lifecycle-and-canonical-interfaces.Rmd,deprecated,False,src/eyeprocesspy/governance_09.py,tests/test_governance_09.py,yes,implemented,implemented,implemented_initial,not_started,source_ported,not_applicable,article_or_example_initial,
register_process_measure,register_process_measure,R/074-process-registry-reliability-0-9.R,man/register_process_measure.Rd,"(registry = process_measure_registry(), name, channel, unit, level,
                                     interpretation, guardrail, status = ""user_defined"")",8,False,False,tests/testthat/test-0-9-registry-reliability.R,,review-gated,False,src/eyeprocesspy/process_quality_09.py,tests/test_process_quality_09.py,yes,implemented,implemented,implemented_initial,not_started,source_ported,not_applicable,docstring_initial,
resume_eye_pipeline,resume_eye_pipeline,R/070-governed-pipelines-0-9.R,man/resume_eye_pipeline.Rd,"(x, previous, context = list(), stop_on_error = TRUE)",4,False,False,tests/testthat/test-0-9-pipelines.R,,unclassified,False,src/eyeprocesspy/governance_09.py,tests/test_governance_09.py,yes,implemented,implemented,implemented_initial,not_started,source_ported,not_applicable,article_or_example_initial,
run_eye_benchmark,run_eye_benchmark,R/075-benchmark-stress-0-9.R,man/run_eye_benchmark.Rd,"(design = eye_benchmark_design(),
                              generator = .ep09_default_benchmark_generator,
                              operation = .ep09_default_benchmark_operation,
                              gc_before = TRUE, progress = interactive())",5,False,False,,,unclassified,False,,,yes,not_started,not_started,not_started,not_started,not_started,not_applicable,not_started,
run_eye_pipeline,run_eye_pipeline,R/070-governed-pipelines-0-9.R,man/run_eye_pipeline.Rd,"(x, context = list(), stop_on_error = TRUE, previous = NULL)",4,False,False,tests/testthat/test-0-9-pipelines.R,vignettes/governed-end-to-end-pipelines.Rmd,unclassified,False,src/eyeprocesspy/governance_09.py,tests/test_governance_09.py,yes,implemented,implemented,implemented_initial,not_started,source_ported,not_applicable,article_or_example_initial,
run_process_negative_controls,run_process_negative_controls,R/077-negative-controls-leakage-0-9.R,man/run_process_negative_controls.Rd,"(data, outcome, analysis_fun,
                                          controls = c(""permutation"", ""shift""),
                                          replications = 100L, seed = 1L,
                                          extract_fun = .ep09_default_control_extract,
                                          shift_lags = c(-3L, -2L, -1L, 1L, 2L, 3L), within = NULL)",9,False,False,tests/testthat/test-0-9-negative-controls.R,vignettes/negative-controls-and-temporal-leakage.Rmd,unclassified,False,,,yes,not_started,not_started,not_started,not_started,not_started,not_applicable,not_started,
run_process_sensitivity,run_process_sensitivity,R/072-sensitivity-multiverse-0-9.R,man/run_process_sensitivity.Rd,"(data, grid, analysis_fun, extract_fun = .ep09_default_sensitivity_extract,
                                    progress = interactive())",5,False,False,,vignettes/multiverse-sensitivity-and-decision-stability.Rmd,unclassified,False,src/eyeprocesspy/governance_09.py,tests/test_governance_09.py,yes,implemented,implemented,implemented_initial,not_started,source_ported,not_applicable,article_or_example_initial,
run_process_validation,run_process_validation,R/069-validation-program-0-9.R,man/run_process_validation.Rd,"(
    design,
    simulate_fun = simulate_process_validation_data,
    fit_fun = .ep09_default_validation_fit,
    extract_fun = .ep09_default_validation_extract,
    max_conditions = Inf,
    progress = interactive())",6,False,False,tests/testthat/test-0-9-validation.R,vignettes/empirical-validation-programme.Rmd,unclassified,False,src/eyeprocesspy/governance_09.py,tests/test_governance_09.py,yes,implemented,implemented,implemented_initial,not_started,source_ported,not_applicable,article_or_example_initial,
sbc_ecdf_deviation,sbc_ecdf_deviation,R/081-validation-extras-0-9.R,man/sbc_ecdf_deviation.Rd,"(x, n_draws = NULL)",2,False,False,tests/testthat/test-0-9-validation-extras.R,vignettes/simulation-calibration-and-resolution-guards.Rmd,unclassified,False,,,yes,not_started,not_started,not_started,not_started,not_started,not_applicable,not_started,
sbc_rank_diagnostics,sbc_rank_diagnostics,R/081-validation-extras-0-9.R,man/sbc_rank_diagnostics.Rd,"(ranks, n_draws, bins = NULL)",3,False,False,tests/testthat/test-0-9-validation-extras.R,vignettes/simulation-calibration-and-resolution-guards.Rmd,unclassified,False,,,yes,not_started,not_started,not_started,not_started,not_started,not_applicable,not_started,
sensitivity_branch_fingerprint,sensitivity_branch_fingerprint,R/072-sensitivity-multiverse-0-9.R,man/sensitivity_branch_fingerprint.Rd,(specification),1,False,False,,,unclassified,False,src/eyeprocesspy/governance_09.py,tests/test_governance_09.py,yes,implemented,implemented,implemented_initial,not_started,source_ported,not_applicable,article_or_example_initial,
sensitivity_decision_leverage,sensitivity_decision_leverage,R/072-sensitivity-multiverse-0-9.R,man/sensitivity_decision_leverage.Rd,"(x, effect = ""effect"")",2,False,False,,vignettes/multiverse-sensitivity-and-decision-stability.Rmd,unclassified,False,src/eyeprocesspy/governance_09.py,tests/test_governance_09.py,yes,implemented,implemented,implemented_initial,not_started,source_ported,not_applicable,article_or_example_initial,
sensitivity_fragility_index,sensitivity_fragility_index,R/072-sensitivity-multiverse-0-9.R,man/sensitivity_fragility_index.Rd,"(x, effect = ""effect"", threshold = 0)",3,False,False,,,unclassified,False,src/eyeprocesspy/governance_09.py,tests/test_governance_09.py,yes,implemented,implemented,implemented_initial,not_started,source_ported,not_applicable,article_or_example_initial,
sensitivity_multiverse_manifest,sensitivity_multiverse_manifest,R/072-sensitivity-multiverse-0-9.R,man/sensitivity_multiverse_manifest.Rd,(x),1,False,False,,,unclassified,False,src/eyeprocesspy/governance_09.py,tests/test_governance_09.py,yes,implemented,implemented,implemented_initial,not_started,source_ported,not_applicable,article_or_example_initial,
sensitivity_rank_stability,sensitivity_rank_stability,R/072-sensitivity-multiverse-0-9.R,man/sensitivity_rank_stability.Rd,"(x, id = NULL, rank = NULL, specification = NULL)",4,False,False,tests/testthat/test-0-9-sensitivity.R,,unclassified,False,src/eyeprocesspy/governance_09.py,tests/test_governance_09.py,yes,implemented,implemented,implemented_initial,not_started,source_ported,not_applicable,article_or_example_initial,
sensitivity_sign_stability,sensitivity_sign_stability,R/072-sensitivity-multiverse-0-9.R,man/sensitivity_sign_stability.Rd,"(x, effect = ""effect"")",2,False,False,tests/testthat/test-0-9-sensitivity.R,,unclassified,False,src/eyeprocesspy/governance_09.py,tests/test_governance_09.py,yes,implemented,implemented,implemented_initial,not_started,source_ported,not_applicable,article_or_example_initial,
sensitivity_significance_stability,sensitivity_significance_stability,R/072-sensitivity-multiverse-0-9.R,man/sensitivity_significance_stability.Rd,"(x, p_value = ""p_value"", alpha = .05)",3,False,False,,,unclassified,False,src/eyeprocesspy/governance_09.py,tests/test_governance_09.py,yes,implemented,implemented,implemented_initial,not_started,source_ported,not_applicable,article_or_example_initial,
sensitivity_threshold_stability,sensitivity_threshold_stability,R/072-sensitivity-multiverse-0-9.R,man/sensitivity_threshold_stability.Rd,"(x, effect = ""effect"", threshold = 0,
                                            direction = c(""above"", ""below"", ""absolute""))",4,False,False,,,unclassified,False,src/eyeprocesspy/governance_09.py,tests/test_governance_09.py,yes,implemented,implemented,implemented_initial,not_started,source_ported,not_applicable,article_or_example_initial,
simulate_process_validation_data,simulate_process_validation_data,R/069-validation-program-0-9.R,man/simulate_process_validation_data.Rd,"(condition, replication = 1L, seed = NULL, beta = .35)",4,False,False,tests/testthat/test-0-9-validation.R,,unclassified,False,src/eyeprocesspy/governance_09.py,tests/test_governance_09.py,yes,implemented,implemented,implemented_initial,not_started,source_ported,not_applicable,article_or_example_initial,
simulation_rank_statistic,simulation_rank_statistic,R/081-validation-extras-0-9.R,man/simulation_rank_statistic.Rd,"(truth, draws, seed = NULL)",3,False,False,tests/testthat/test-0-9-validation-extras.R,,unclassified,False,,,yes,not_started,not_started,not_started,not_started,not_started,not_applicable,not_started,
software_paper_claim_matrix,software_paper_claim_matrix,R/079-software-paper-evidence-0-9.R,man/software_paper_claim_matrix.Rd,"(claim, evidence_id = NA_character_, evidence_type = NA_character_,
                                        status = ""pending"", scope = NA_character_, source = NA_character_)",6,False,False,tests/testthat/test-0-9-plots.R|tests/testthat/test-0-9-reproducibility-paper.R,vignettes/software-paper-evidence-bundle.Rmd,unclassified,False,,,yes,not_started,not_started,not_started,not_started,not_started,not_applicable,not_started,
software_paper_coverage,software_paper_coverage,R/079-software-paper-evidence-0-9.R,man/software_paper_coverage.Rd,"(x, supported = c(""supported"", ""qualified""))",2,False,False,,,unclassified,False,,,yes,not_started,not_started,not_started,not_started,not_started,not_applicable,not_started,
software_paper_evidence_bundle,software_paper_evidence_bundle,R/079-software-paper-evidence-0-9.R,man/software_paper_evidence_bundle.Rd,"(claims = NULL, validation = NULL, examples = NULL, articles = NULL,
                                           benchmarks = NULL, reproducibility = NULL, metadata = list())",7,False,False,tests/testthat/test-0-9-plots.R|tests/testthat/test-0-9-reproducibility-paper.R,vignettes/software-paper-evidence-bundle.Rmd,unclassified,False,,,yes,not_started,not_started,not_started,not_started,not_started,not_applicable,not_started,
software_paper_gap_analysis,software_paper_gap_analysis,R/079-software-paper-evidence-0-9.R,man/software_paper_gap_analysis.Rd,(x),1,False,False,,vignettes/software-paper-evidence-bundle.Rmd,unclassified,False,,,yes,not_started,not_started,not_started,not_started,not_started,not_applicable,not_started,
software_paper_readiness,software_paper_readiness,R/079-software-paper-evidence-0-9.R,man/software_paper_readiness.Rd,"(x, required_statuses = c(""supported"", ""qualified""), require_validation = TRUE,
                                     require_reproducibility = TRUE, require_examples = TRUE, require_articles = TRUE)",6,False,False,tests/testthat/test-0-9-reproducibility-paper.R,vignettes/software-paper-evidence-bundle.Rmd,unclassified,False,,,yes,not_started,not_started,not_started,not_started,not_started,not_applicable,not_started,
software_paper_validation_table,software_paper_validation_table,R/079-software-paper-evidence-0-9.R,man/software_paper_validation_table.Rd,(x),1,False,False,tests/testthat/test-0-9-reproducibility-paper.R,,unclassified,False,,,yes,not_started,not_started,not_started,not_started,not_started,not_applicable,not_started,
specification_coverage,specification_coverage,R/072-sensitivity-multiverse-0-9.R,man/specification_coverage.Rd,(x),1,False,False,,,unclassified,False,src/eyeprocesspy/governance_09.py,tests/test_governance_09.py,yes,implemented,implemented,implemented_initial,not_started,source_ported,not_applicable,article_or_example_initial,
specification_curve_data,specification_curve_data,R/072-sensitivity-multiverse-0-9.R,man/specification_curve_data.Rd,"(x, effect = ""effect"", lower = NULL, upper = NULL)",4,False,False,,,unclassified,False,src/eyeprocesspy/governance_09.py,tests/test_governance_09.py,yes,implemented,implemented,implemented_initial,not_started,source_ported,not_applicable,article_or_example_initial,
split_half_process_reliability,split_half_process_reliability,R/074-process-registry-reliability-0-9.R,man/split_half_process_reliability.Rd,"(data, person, trial, measure,
                                           split = c(""odd_even"", ""random""), repetitions = 100L,
                                           seed = 1L, aggregate_fun = mean)",8,False,False,,,review-gated,False,src/eyeprocesspy/process_quality_09.py,tests/test_process_quality_09.py,yes,implemented,implemented,implemented_initial,not_started,source_ported,not_applicable,docstring_initial,
stress_test_process_pipeline,stress_test_process_pipeline,R/075-benchmark-stress-0-9.R,man/stress_test_process_pipeline.Rd,"(data, plans, analysis_fun,
                                         metric_fun = .ep09_default_sensitivity_extract, ...)",5,True,False,,vignettes/benchmarking-and-stress-testing.Rmd,unclassified,False,,,yes,not_started,not_started,not_started,not_started,not_started,not_applicable,not_started,
stress_test_summary,stress_test_summary,R/075-benchmark-stress-0-9.R,man/stress_test_summary.Rd,"(x, metric = ""effect"")",2,False,False,,vignettes/benchmarking-and-stress-testing.Rmd,unclassified,False,,,yes,not_started,not_started,not_started,not_started,not_started,not_applicable,not_started,
stress_tolerance_frontier,stress_tolerance_frontier,R/075-benchmark-stress-0-9.R,man/stress_tolerance_frontier.Rd,"(x, severity, metric, acceptable)",4,False,False,,,unclassified,False,,,yes,not_started,not_started,not_started,not_started,not_started,not_applicable,not_started,
summarise_eye_benchmark,summarise_eye_benchmark,R/075-benchmark-stress-0-9.R,man/summarise_eye_benchmark.Rd,(x),1,False,False,,,unclassified,False,,,yes,not_started,not_started,not_started,not_started,not_started,not_applicable,not_started,
summarise_process_negative_controls,summarise_process_negative_controls,R/077-negative-controls-leakage-0-9.R,man/summarise_process_negative_controls.Rd,"(x, effect = ""effect"", threshold = 0)",3,False,False,,vignettes/negative-controls-and-temporal-leakage.Rmd,unclassified,False,,,yes,not_started,not_started,not_started,not_started,not_started,not_applicable,not_started,
summarise_process_sensitivity,summarise_process_sensitivity,R/072-sensitivity-multiverse-0-9.R,man/summarise_process_sensitivity.Rd,"(x, effect = ""effect"", p_value = NULL,
                                          threshold = 0, alpha = .05)",5,False,False,tests/testthat/test-0-9-sensitivity.R,vignettes/multiverse-sensitivity-and-decision-stability.Rmd,unclassified,False,src/eyeprocesspy/governance_09.py,tests/test_governance_09.py,yes,implemented,implemented,implemented_initial,not_started,source_ported,not_applicable,article_or_example_initial,
summarise_process_validation,summarise_process_validation,R/069-validation-program-0-9.R,man/summarise_process_validation.Rd,"(x, by = NULL)",2,False,False,tests/testthat/test-0-9-validation.R,,unclassified,False,src/eyeprocesspy/governance_09.py,tests/test_governance_09.py,yes,implemented,implemented,implemented_initial,not_started,source_ported,not_applicable,article_or_example_initial,
synthetic_corruption_plan,synthetic_corruption_plan,R/075-benchmark-stress-0-9.R,man/synthetic_corruption_plan.Rd,"(missingness = 0, pupil_dropout = 0,
                                      gaze_offset_x = 0, gaze_offset_y = 0,
                                      sampling_jitter_sd = 0, aoi_label_noise = 0,
                                      device_shift = 0, trial_drop = 0, seed = 1L)",9,False,False,tests/testthat/test-0-9-benchmark-stress.R,vignettes/benchmarking-and-stress-testing.Rmd,unclassified,False,,,yes,not_started,not_started,not_started,not_started,not_started,not_applicable,not_started,
validate_against_reference,validate_against_reference,R/069-validation-program-0-9.R,man/validate_against_reference.Rd,"(x, reference, tolerance = 1e-6)",3,False,False,tests/testthat/test-0-9-validation.R,,unclassified,False,src/eyeprocesspy/governance_09.py,tests/test_governance_09.py,yes,implemented,implemented,implemented_initial,not_started,source_ported,not_applicable,article_or_example_initial,
validate_decision_manifest,validate_decision_manifest,R/073-decision-manifests-0-9.R,man/validate_decision_manifest.Rd,"(
    x,
    required_domains = c(""sampling"", ""validity"", ""fixation"", ""pupil"", ""aoi"", ""model"", ""sensitivity"", ""exclusions""),
    require_nonempty = FALSE)",3,False,False,,,unclassified,False,src/eyeprocesspy/governance_09.py,tests/test_governance_09.py,yes,implemented,implemented,implemented_initial,not_started,source_ported,not_applicable,article_or_example_initial,
validate_eye_pipeline,validate_eye_pipeline,R/070-governed-pipelines-0-9.R,man/validate_eye_pipeline.Rd,(x),1,False,False,tests/testthat/test-0-9-pipelines.R,vignettes/governed-end-to-end-pipelines.Rmd,unclassified,False,src/eyeprocesspy/governance_09.py,tests/test_governance_09.py,yes,implemented,implemented,implemented_initial,not_started,source_ported,not_applicable,article_or_example_initial,
validate_eye_prov_graph,validate_eye_prov_graph,R/078-reproducibility-provenance-0-9.R,man/validate_eye_prov_graph.Rd,(x),1,False,False,,,unclassified,False,,,yes,not_started,not_started,not_started,not_started,not_started,not_applicable,not_started,
validate_feature_availability,validate_feature_availability,R/077-negative-controls-leakage-0-9.R,man/validate_feature_availability.Rd,"(provenance, cutoff)",2,False,False,,,unclassified,False,,,yes,not_started,not_started,not_started,not_started,not_started,not_applicable,not_started,
validate_process_measure_registry,validate_process_measure_registry,R/074-process-registry-reliability-0-9.R,man/validate_process_measure_registry.Rd,(registry),1,False,False,tests/testthat/test-0-9-api-lifecycle.R|tests/testthat/test-0-9-registry-reliability.R,,review-gated,False,src/eyeprocesspy/process_quality_09.py,tests/test_process_quality_09.py,yes,implemented,implemented,implemented_initial,not_started,source_ported,not_applicable,docstring_initial,
validate_process_validation_design,validate_process_validation_design,R/069-validation-program-0-9.R,man/validate_process_validation_design.Rd,(x),1,False,False,,,unclassified,False,src/eyeprocesspy/governance_09.py,tests/test_governance_09.py,yes,implemented,implemented,implemented_initial,not_started,source_ported,not_applicable,article_or_example_initial,
validation_condition_id,validation_condition_id,R/069-validation-program-0-9.R,man/validation_condition_id.Rd,(x),1,False,False,,,unclassified,False,src/eyeprocesspy/governance_09.py,tests/test_governance_09.py,yes,implemented,implemented,implemented_initial,not_started,source_ported,not_applicable,article_or_example_initial,
validation_condition_ranking,validation_condition_ranking,R/069-validation-program-0-9.R,man/validation_condition_ranking.Rd,"(
    x,
    weights = c(rmse = 1, abs_bias = 1, coverage_error = 1, failure_rate = 1))",2,False,False,,,unclassified,False,src/eyeprocesspy/governance_09.py,tests/test_governance_09.py,yes,implemented,implemented,implemented_initial,not_started,source_ported,not_applicable,article_or_example_initial,
validation_coverage_table,validation_coverage_table,R/069-validation-program-0-9.R,man/validation_coverage_table.Rd,"(x, nominal = .95, by = NULL)",3,False,False,,vignettes/empirical-validation-programme.Rmd,unclassified,False,src/eyeprocesspy/governance_09.py,tests/test_governance_09.py,yes,implemented,implemented,implemented_initial,not_started,source_ported,not_applicable,article_or_example_initial,
validation_evidence_matrix,validation_evidence_matrix,R/069-validation-program-0-9.R,man/validation_evidence_matrix.Rd,(...),1,True,False,,,unclassified,False,src/eyeprocesspy/governance_09.py,tests/test_governance_09.py,yes,implemented,implemented,implemented_initial,not_started,source_ported,not_applicable,article_or_example_initial,
validation_failure_profile,validation_failure_profile,R/069-validation-program-0-9.R,man/validation_failure_profile.Rd,(x),1,False,False,,vignettes/empirical-validation-programme.Rmd,unclassified,False,src/eyeprocesspy/governance_09.py,tests/test_governance_09.py,yes,implemented,implemented,implemented_initial,not_started,source_ported,not_applicable,article_or_example_initial,
validation_summary_mcse,validation_summary_mcse,R/069-validation-program-0-9.R,man/validation_summary_mcse.Rd,"(x, by = NULL)",2,False,False,,,unclassified,False,src/eyeprocesspy/governance_09.py,tests/test_governance_09.py,yes,implemented,implemented,implemented_initial,not_started,source_ported,not_applicable,article_or_example_initial,
validation_recovery_table,validation_recovery_table,R/069-validation-program-0-9.R,man/validation_recovery_table.Rd,"(x, by = NULL)",2,False,False,,vignettes/empirical-validation-programme.Rmd,unclassified,False,src/eyeprocesspy/governance_09.py,tests/test_governance_09.py,yes,implemented,implemented,implemented_initial,not_started,source_ported,not_applicable,article_or_example_initial,
validation_robustness_score,validation_robustness_score,R/069-validation-program-0-9.R,man/validation_robustness_score.Rd,(x),1,False,False,,,unclassified,False,src/eyeprocesspy/governance_09.py,tests/test_governance_09.py,yes,implemented,implemented,implemented_initial,not_started,source_ported,not_applicable,article_or_example_initial,
verify_decision_manifest_lock,verify_decision_manifest_lock,R/073-decision-manifests-0-9.R,man/verify_decision_manifest_lock.Rd,(x),1,False,False,tests/testthat/test-0-9-manifests.R,,unclassified,False,src/eyeprocesspy/governance_09.py,tests/test_governance_09.py,yes,implemented,implemented,implemented_initial,not_started,source_ported,not_applicable,article_or_example_initial,
verify_outcome_blind_snapshot,verify_outcome_blind_snapshot,R/073-decision-manifests-0-9.R,man/verify_outcome_blind_snapshot.Rd,(x),1,False,False,tests/testthat/test-0-9-manifests.R,,unclassified,False,src/eyeprocesspy/governance_09.py,tests/test_governance_09.py,yes,implemented,implemented,implemented_initial,not_started,source_ported,not_applicable,article_or_example_initial,
verify_reproducibility_fingerprint,verify_reproducibility_fingerprint,R/078-reproducibility-provenance-0-9.R,man/verify_reproducibility_fingerprint.Rd,(x),1,False,False,tests/testthat/test-0-9-reproducibility-paper.R,vignettes/reproducibility-prov-and-ro-crate.Rmd,unclassified,False,,,yes,not_started,not_started,not_started,not_started,not_started,not_applicable,not_started,
write_api_lifecycle_registry,write_api_lifecycle_registry,R/071-api-lifecycle-0-9.R,man/write_api_lifecycle_registry.Rd,"(registry, path)",2,False,False,,,deprecated,False,src/eyeprocesspy/governance_09.py,tests/test_governance_09.py,yes,implemented,implemented,implemented_initial,not_started,source_ported,not_applicable,article_or_example_initial,
write_decision_manifest,write_decision_manifest,R/073-decision-manifests-0-9.R,man/write_decision_manifest.Rd,"(x, path, format = c(""rds"", ""dput"", ""json""))",3,False,False,,,unclassified,False,src/eyeprocesspy/governance_09.py,tests/test_governance_09.py,yes,implemented,implemented,implemented_initial,not_started,python_reference_differs,not_applicable,article_or_example_initial,
write_eye_pipeline_report,write_eye_pipeline_report,R/070-governed-pipelines-0-9.R,man/write_eye_pipeline_report.Rd,"(x, path)",2,False,False,,,unclassified,False,src/eyeprocesspy/governance_09.py,tests/test_governance_09.py,yes,implemented,implemented,implemented_initial,not_started,source_ported,not_applicable,article_or_example_initial,
write_eye_targets_template,write_eye_targets_template,R/070-governed-pipelines-0-9.R,man/write_eye_targets_template.Rd,"(x, path = ""_targets.R"")",2,False,False,,vignettes/governed-end-to-end-pipelines.Rmd|vignettes/targets-interoperability.Rmd,unclassified,False,src/eyeprocesspy/governance_09.py,tests/test_governance_09.py,yes,implemented,implemented,implemented_initial,not_started,source_ported,not_applicable,article_or_example_initial,
write_prov_dot,write_prov_dot,R/078-reproducibility-provenance-0-9.R,man/write_prov_dot.Rd,(x),1,False,False,,,unclassified,False,,,yes,not_started,not_started,not_started,not_started,not_started,not_applicable,not_started,
write_reproducibility_fingerprint,write_reproducibility_fingerprint,R/078-reproducibility-provenance-0-9.R,man/write_reproducibility_fingerprint.Rd,"(x, path, format = c(""rds"", ""dput"", ""json""))",3,False,False,,vignettes/reproducibility-prov-and-ro-crate.Rmd,unclassified,False,,,yes,not_started,not_started,not_started,not_started,not_started,not_applicable,not_started,
write_software_paper_evidence,write_software_paper_evidence,R/079-software-paper-evidence-0-9.R,man/write_software_paper_evidence.Rd,"(x, path)",2,False,False,,,unclassified,False,,,yes,not_started,not_started,not_started,not_started,not_started,not_applicable,not_started,
evaluate_validation_acceptance,evaluate_validation_acceptance,R/082-validation-evidence-programs-0-9.R,man/evaluate_validation_acceptance.Rd,"(value, rule)",2,False,False,,,unclassified,False,,,yes,not_started,not_started,not_started,not_started,not_started,not_applicable,not_started,
expand_eyeprocess_stress_evidence_plan,expand_eyeprocess_stress_evidence_plan,R/091-validation-stress-freeze-0-9.R,man/expand_eyeprocess_stress_evidence_plan.Rd,(plan),1,False,False,tests/testthat/test-0-9-m2-stress-freeze.R,vignettes/measurement-stress-negative-controls.Rmd,unclassified,False,,,yes,not_started,not_started,not_started,not_started,not_started,not_applicable,not_started,
expand_eyeprocess_validation_plan,expand_eyeprocess_validation_plan,R/082-validation-evidence-programs-0-9.R,man/expand_eyeprocess_validation_plan.Rd,(x),1,False,False,tests/testthat/test-0-9-m2-validation-plan.R,vignettes/frozen-validation-evidence-programme.Rmd,unclassified,False,,,yes,not_started,not_started,not_started,not_started,not_started,not_applicable,not_started,
eyeprocess_cdm_attribute_profiles,eyeprocess_cdm_attribute_profiles,R/090-irt-multidimensional-cdm-0-9.R,man/eyeprocess_cdm_attribute_profiles.Rd,"(n_attributes, attribute_names = paste0(""A"", seq_len(n_attributes)))",2,False,False,tests/testthat/test-0-9-m2-multidim-cdm.R,vignettes/cognitive-diagnosis-qmatrix-governance.Rmd,unclassified,False,src/eyeprocesspy/irt.py,tests/test_irt_parity.py,yes,implemented,implemented,implemented_initial,not_started,source_ported,not_applicable,docstring_initial,R-oracle numerical validation pending
eyeprocess_cdm_classification_uncertainty,eyeprocess_cdm_classification_uncertainty,R/090-irt-multidimensional-cdm-0-9.R,man/eyeprocess_cdm_classification_uncertainty.Rd,(profile_probabilities),1,False,False,tests/testthat/test-0-9-m2-multidim-cdm.R,,unclassified,False,src/eyeprocesspy/irt.py,tests/test_irt_parity.py,yes,implemented,implemented,implemented_initial,not_started,source_ported,not_applicable,docstring_initial,R-oracle numerical validation pending
eyeprocess_cdm_dina_ideal_response,eyeprocess_cdm_dina_ideal_response,R/090-irt-multidimensional-cdm-0-9.R,man/eyeprocess_cdm_dina_ideal_response.Rd,"(Q, profiles)",2,False,False,tests/testthat/test-0-9-m2-multidim-cdm.R,vignettes/cognitive-diagnosis-qmatrix-governance.Rmd,unclassified,False,src/eyeprocesspy/irt.py,tests/test_irt_parity.py,yes,implemented,implemented,implemented_initial,not_started,source_ported,not_applicable,docstring_initial,R-oracle numerical validation pending
eyeprocess_cdm_dina_probability,eyeprocess_cdm_dina_probability,R/090-irt-multidimensional-cdm-0-9.R,man/eyeprocess_cdm_dina_probability.Rd,"(ideal_response, slip = 0.1, guess = 0.2)",3,False,False,tests/testthat/test-0-9-m2-multidim-cdm.R,vignettes/cognitive-diagnosis-qmatrix-governance.Rmd,unclassified,False,src/eyeprocesspy/irt.py,tests/test_irt_parity.py,yes,implemented,implemented,implemented_initial,not_started,source_ported,not_applicable,docstring_initial,R-oracle numerical validation pending
eyeprocess_cdm_qmatrix_audit,eyeprocess_cdm_qmatrix_audit,R/090-irt-multidimensional-cdm-0-9.R,man/eyeprocess_cdm_qmatrix_audit.Rd,"(Q, item_ids = rownames(Q), attribute_names = colnames(Q))",3,False,False,tests/testthat/test-0-9-m2-multidim-cdm.R,vignettes/cognitive-diagnosis-qmatrix-governance.Rmd,unclassified,False,src/eyeprocesspy/irt.py,tests/test_irt_parity.py,yes,implemented,implemented,implemented_initial,not_started,source_ported,not_applicable,docstring_initial,R-oracle numerical validation pending
eyeprocess_irt_2pl_probability,eyeprocess_irt_2pl_probability,R/083-irt-foundations-information-0-9.R,man/eyeprocess_irt_2pl_probability.Rd,"(theta, a = 1, b = 0, D = 1)",4,False,False,tests/testthat/test-0-9-m2-irt-foundations.R,,experimental,False,src/eyeprocesspy/irt.py,tests/test_irt_parity.py,yes,implemented,implemented,implemented_initial,not_started,source_ported,not_applicable,docstring_initial,R-oracle numerical validation pending
eyeprocess_irt_3pl_probability,eyeprocess_irt_3pl_probability,R/083-irt-foundations-information-0-9.R,man/eyeprocess_irt_3pl_probability.Rd,"(theta, a = 1, b = 0, c = 0.2, D = 1)",5,False,False,,,experimental,False,src/eyeprocesspy/irt.py,tests/test_irt_parity.py,yes,implemented,implemented,implemented_initial,not_started,source_ported,not_applicable,docstring_initial,R-oracle numerical validation pending
eyeprocess_irt_4pl_probability,eyeprocess_irt_4pl_probability,R/083-irt-foundations-information-0-9.R,man/eyeprocess_irt_4pl_probability.Rd,"(theta, a = 1, b = 0, c = 0, d = 1, D = 1)",6,False,False,,,experimental,False,src/eyeprocesspy/irt.py,tests/test_irt_parity.py,yes,implemented,implemented,implemented_initial,not_started,source_ported,not_applicable,docstring_initial,R-oracle numerical validation pending
eyeprocess_irt_adaptive_trace,eyeprocess_irt_adaptive_trace,R/085-irt-scoring-adaptive-0-9.R,man/eyeprocess_irt_adaptive_trace.Rd,"(item_id, theta_before, theta_after, se_after, information, response = NA_real_)",6,False,False,tests/testthat/test-0-9-m2-irt-scoring-adaptive.R,,unclassified,False,src/eyeprocesspy/irt.py,tests/test_irt_parity.py,yes,implemented,implemented,implemented_initial,not_started,source_ported,not_applicable,docstring_initial,R-oracle numerical validation pending
eyeprocess_irt_anchor_audit,eyeprocess_irt_anchor_audit,R/086-irt-linking-invariance-0-9.R,man/eyeprocess_irt_anchor_audit.Rd,"(items, dif = NULL, max_abs_effect = 0.10, min_information = NULL)",4,False,False,,,unclassified,False,src/eyeprocesspy/irt.py,tests/test_irt_parity.py,yes,implemented,implemented,implemented_initial,not_started,source_ported,not_applicable,docstring_initial,R-oracle numerical validation pending
eyeprocess_irt_anchor_purification,eyeprocess_irt_anchor_purification,R/086-irt-linking-invariance-0-9.R,man/eyeprocess_irt_anchor_purification.Rd,"(items, effect_fun, initial = items$item_id, threshold = 0.10, max_iter = 10L)",5,False,False,,,unclassified,False,src/eyeprocesspy/irt.py,tests/test_irt_parity.py,yes,implemented,implemented,implemented_initial,not_started,source_ported,not_applicable,docstring_initial,R-oracle numerical validation pending
eyeprocess_irt_apply_link,eyeprocess_irt_apply_link,R/086-irt-linking-invariance-0-9.R,man/eyeprocess_irt_apply_link.Rd,"(items, link)",2,False,False,tests/testthat/test-0-9-m2-irt-linking.R,vignettes/irt-linking-dif-invariance.Rmd,unclassified,False,src/eyeprocesspy/irt.py,tests/test_irt_parity.py,yes,implemented,implemented,implemented_initial,not_started,source_ported,not_applicable,docstring_initial,R-oracle numerical validation pending
eyeprocess_irt_bank_coverage,eyeprocess_irt_bank_coverage,R/093-irt-advanced-diagnostics-governance-0-9.R,man/eyeprocess_irt_bank_coverage.Rd,"(items, theta = seq(-4, 4, length.out = 161), target_information = 5, target = c(-2, 2))",4,False,False,tests/testthat/test-0-9-m2-atlas-plots.R|tests/testthat/test-0-9-m2-governance.R,,unclassified,False,src/eyeprocesspy/irt.py,tests/test_irt_parity.py,yes,implemented,implemented,implemented_initial,not_started,source_ported,not_applicable,docstring_initial,R-oracle numerical validation pending
eyeprocess_irt_category_function_audit,eyeprocess_irt_category_function_audit,R/084-irt-diagnostics-0-9.R,man/eyeprocess_irt_category_function_audit.Rd,"(probabilities, tolerance = 1e-8)",2,False,False,,,unclassified,False,src/eyeprocesspy/irt.py,tests/test_irt_parity.py,yes,implemented,implemented,implemented_initial,not_started,source_ported,not_applicable,docstring_initial,R-oracle numerical validation pending
eyeprocess_irt_classification_precision,eyeprocess_irt_classification_precision,R/093-irt-advanced-diagnostics-governance-0-9.R,man/eyeprocess_irt_classification_precision.Rd,"(theta_estimate, standard_error, cut_score = 0, confidence = 0.95)",4,False,False,tests/testthat/test-0-9-m2-governance.R,,unclassified,False,src/eyeprocesspy/irt.py,tests/test_irt_parity.py,yes,implemented,implemented,implemented_initial,not_started,source_ported,not_applicable,docstring_initial,R-oracle numerical validation pending
eyeprocess_irt_conditional_sem,eyeprocess_irt_conditional_sem,R/083-irt-foundations-information-0-9.R,man/eyeprocess_irt_conditional_sem.Rd,(information),1,False,False,,,experimental,False,src/eyeprocesspy/irt.py,tests/test_irt_parity.py,yes,implemented,implemented,implemented_initial,not_started,source_ported,not_applicable,docstring_initial,R-oracle numerical validation pending
eyeprocess_irt_content_balance_audit,eyeprocess_irt_content_balance_audit,R/085-irt-scoring-adaptive-0-9.R,man/eyeprocess_irt_content_balance_audit.Rd,"(administered, item_bank, target = NULL)",3,False,False,tests/testthat/test-0-9-m2-irt-scoring-adaptive.R,,unclassified,False,src/eyeprocesspy/irt.py,tests/test_irt_parity.py,yes,implemented,implemented,implemented_initial,not_started,source_ported,not_applicable,docstring_initial,R-oracle numerical validation pending
eyeprocess_irt_device_drift,eyeprocess_irt_device_drift,R/086-irt-linking-invariance-0-9.R,man/eyeprocess_irt_device_drift.Rd,"(parameters, item_id = ""item_id"", device = ""device"", parameter = ""b"")",4,False,False,,,unclassified,False,src/eyeprocesspy/irt.py,tests/test_irt_parity.py,yes,implemented,implemented,implemented_initial,not_started,source_ported,not_applicable,docstring_initial,R-oracle numerical validation pending
eyeprocess_irt_dif_effect_curve,eyeprocess_irt_dif_effect_curve,R/086-irt-linking-invariance-0-9.R,man/eyeprocess_irt_dif_effect_curve.Rd,"(reference_item, focal_item, theta = seq(-4, 4, length.out = 81))",3,False,False,tests/testthat/test-0-9-m2-irt-linking.R,,unclassified,False,src/eyeprocesspy/irt.py,tests/test_irt_parity.py,yes,implemented,implemented,implemented_initial,not_started,source_ported,not_applicable,docstring_initial,R-oracle numerical validation pending
eyeprocess_irt_dtf_curve,eyeprocess_irt_dtf_curve,R/086-irt-linking-invariance-0-9.R,man/eyeprocess_irt_dtf_curve.Rd,"(reference, focal, theta = seq(-4, 4, length.out = 81))",3,False,False,,,unclassified,False,src/eyeprocesspy/irt.py,tests/test_irt_parity.py,yes,implemented,implemented,implemented_initial,not_started,source_ported,not_applicable,docstring_initial,R-oracle numerical validation pending
eyeprocess_irt_eap_score,eyeprocess_irt_eap_score,R/085-irt-scoring-adaptive-0-9.R,man/eyeprocess_irt_eap_score.Rd,"(response, items, theta_grid = seq(-4, 4, length.out = 81), prior_mean = 0, prior_sd = 1, D = 1)",6,False,False,tests/testthat/test-0-9-m2-irt-scoring-adaptive.R,,unclassified,False,src/eyeprocesspy/irt.py,tests/test_irt_parity.py,yes,implemented,implemented,implemented_initial,not_started,source_ported,not_applicable,docstring_initial,R-oracle numerical validation pending
eyeprocess_irt_engine_evidence_table,eyeprocess_irt_engine_evidence_table,R/094-validation-paper-tables-atlas-0-9.R,man/eyeprocess_irt_engine_evidence_table.Rd,(),0,False,False,,,unclassified,False,,,yes,not_started,not_started,not_started,not_started,not_started,not_applicable,not_started,
eyeprocess_irt_engine_registry,eyeprocess_irt_engine_registry,R/088-irt-engine-adapters-0-9.R,man/eyeprocess_irt_engine_registry.Rd,(),0,False,False,tests/testthat/test-0-9-m2-engines.R,vignettes/irt-engines-and-gating.Rmd,unclassified,False,src/eyeprocesspy/irt.py,tests/test_irt_parity.py,yes,implemented,implemented,implemented_initial,not_started,source_ported,not_applicable,docstring_initial,R-oracle numerical validation pending
eyeprocess_irt_engine_status,eyeprocess_irt_engine_status,R/088-irt-engine-adapters-0-9.R,man/eyeprocess_irt_engine_status.Rd,(engine),1,False,False,,,unclassified,False,src/eyeprocesspy/irt.py,tests/test_irt_parity.py,yes,implemented,implemented,implemented_initial,not_started,source_ported,not_applicable,docstring_initial,R-oracle numerical validation pending
eyeprocess_irt_expected_score,eyeprocess_irt_expected_score,R/083-irt-foundations-information-0-9.R,man/eyeprocess_irt_expected_score.Rd,"(theta, family = c(""2pl"", ""3pl"", ""4pl"", ""grm"", ""gpcm"", ""nominal""), ...)",3,True,False,,,experimental,False,src/eyeprocesspy/irt.py,tests/test_irt_parity.py,yes,implemented,implemented,implemented_initial,not_started,source_ported,not_applicable,docstring_initial,R-oracle numerical validation pending
eyeprocess_irt_exposure_summary,eyeprocess_irt_exposure_summary,R/085-irt-scoring-adaptive-0-9.R,man/eyeprocess_irt_exposure_summary.Rd,"(administered, item_bank_ids = unique(administered))",2,False,False,,,unclassified,False,src/eyeprocesspy/irt.py,tests/test_irt_parity.py,yes,implemented,implemented,implemented_initial,not_started,source_ported,not_applicable,docstring_initial,R-oracle numerical validation pending
eyeprocess_irt_extreme_score_audit,eyeprocess_irt_extreme_score_audit,R/084-irt-diagnostics-0-9.R,man/eyeprocess_irt_extreme_score_audit.Rd,"(responses, lower_fraction = 0.02, upper_fraction = 0.98)",3,False,False,,,unclassified,False,src/eyeprocesspy/irt.py,tests/test_irt_parity.py,yes,implemented,implemented,implemented_initial,not_started,source_ported,not_applicable,docstring_initial,R-oracle numerical validation pending
eyeprocess_irt_fit_dashboard,eyeprocess_irt_fit_dashboard,R/084-irt-diagnostics-0-9.R,man/eyeprocess_irt_fit_dashboard.Rd,"(item_fit = NULL, person_fit = NULL, q3 = NULL, parameter_audit = NULL, identification = NULL)",5,False,False,,,unclassified,False,src/eyeprocesspy/irt.py,tests/test_irt_parity.py,yes,implemented,implemented,implemented_initial,not_started,source_ported,not_applicable,docstring_initial,R-oracle numerical validation pending
eyeprocess_irt_functioning_effect_summary,eyeprocess_irt_functioning_effect_summary,R/086-irt-linking-invariance-0-9.R,man/eyeprocess_irt_functioning_effect_summary.Rd,(curve),1,False,False,tests/testthat/test-0-9-m2-irt-linking.R,,unclassified,False,src/eyeprocesspy/irt.py,tests/test_irt_parity.py,yes,implemented,implemented,implemented_initial,not_started,source_ported,not_applicable,docstring_initial,R-oracle numerical validation pending
eyeprocess_irt_gpcm_probability,eyeprocess_irt_gpcm_probability,R/083-irt-foundations-information-0-9.R,man/eyeprocess_irt_gpcm_probability.Rd,"(theta, a = 1, steps, D = 1)",4,False,False,tests/testthat/test-0-9-m2-irt-foundations.R,,experimental,False,src/eyeprocesspy/irt.py,tests/test_irt_parity.py,yes,implemented,implemented,implemented_initial,not_started,source_ported,not_applicable,docstring_initial,R-oracle numerical validation pending
eyeprocess_irt_grm_probability,eyeprocess_irt_grm_probability,R/083-irt-foundations-information-0-9.R,man/eyeprocess_irt_grm_probability.Rd,"(theta, a = 1, thresholds, D = 1)",4,False,False,tests/testthat/test-0-9-m2-irt-foundations.R,,experimental,False,src/eyeprocesspy/irt.py,tests/test_irt_parity.py,yes,implemented,implemented,implemented_initial,not_started,source_ported,not_applicable,docstring_initial,R-oracle numerical validation pending
eyeprocess_irt_haebara_link,eyeprocess_irt_haebara_link,R/086-irt-linking-invariance-0-9.R,man/eyeprocess_irt_haebara_link.Rd,"(reference, focal, anchors = NULL, theta = seq(-4, 4, length.out = 81), weights = NULL, start = c(A = 1, B = 0))",6,False,False,tests/testthat/test-0-9-m2-irt-linking.R,,unclassified,False,src/eyeprocesspy/irt.py,tests/test_irt_parity.py,yes,implemented,implemented,implemented_initial,not_started,source_ported,not_applicable,docstring_initial,R-oracle numerical validation pending
eyeprocess_irt_identification_audit,eyeprocess_irt_identification_audit,R/083-irt-foundations-information-0-9.R,man/eyeprocess_irt_identification_audit.Rd,"(spec, constraints = list(), n_items = NULL, n_persons = NULL)",4,False,False,tests/testthat/test-0-9-m2-governance.R|tests/testthat/test-0-9-m2-irt-foundations.R,vignettes/irt-information-scoring-diagnostics.Rmd,experimental,False,src/eyeprocesspy/irt.py,tests/test_irt_parity.py,yes,implemented,implemented,implemented_initial,not_started,source_ported,not_applicable,docstring_initial,R-oracle numerical validation pending
eyeprocess_irt_infit_outfit,eyeprocess_irt_infit_outfit,R/093-irt-advanced-diagnostics-governance-0-9.R,man/eyeprocess_irt_infit_outfit.Rd,"(observed, expected, by = c(""item"", ""person""), min_variance = 1e-8)",4,False,False,tests/testthat/test-0-9-m2-governance.R|tests/testthat/test-0-9-m2-irt-diagnostics.R,,unclassified,False,src/eyeprocesspy/irt.py,tests/test_irt_parity.py,yes,implemented,implemented,implemented_initial,not_started,source_ported,not_applicable,docstring_initial,R-oracle numerical validation pending
eyeprocess_irt_information_area,eyeprocess_irt_information_area,R/083-irt-foundations-information-0-9.R,man/eyeprocess_irt_information_area.Rd,"(theta, information)",2,False,False,,,experimental,False,src/eyeprocesspy/irt.py,tests/test_irt_parity.py,yes,implemented,implemented,implemented_initial,not_started,source_ported,not_applicable,docstring_initial,R-oracle numerical validation pending
eyeprocess_irt_information_gain,eyeprocess_irt_information_gain,R/085-irt-scoring-adaptive-0-9.R,man/eyeprocess_irt_information_gain.Rd,"(se_before, se_after)",2,False,False,,,unclassified,False,src/eyeprocesspy/irt.py,tests/test_irt_parity.py,yes,implemented,implemented,implemented_initial,not_started,source_ported,not_applicable,docstring_initial,R-oracle numerical validation pending
eyeprocess_irt_information_targeting,eyeprocess_irt_information_targeting,R/085-irt-scoring-adaptive-0-9.R,man/eyeprocess_irt_information_targeting.Rd,"(items, theta, weights = NULL, D = 1)",4,False,False,,,unclassified,False,src/eyeprocesspy/irt.py,tests/test_irt_parity.py,yes,implemented,implemented,implemented_initial,not_started,source_ported,not_applicable,docstring_initial,R-oracle numerical validation pending
eyeprocess_irt_invariance_evidence,eyeprocess_irt_invariance_evidence,R/086-irt-linking-invariance-0-9.R,man/eyeprocess_irt_invariance_evidence.Rd,"(anchor_audit = NULL, dif = NULL, dtf = NULL, linking = NULL, process_concordance = NULL)",5,False,False,,,unclassified,False,src/eyeprocesspy/irt.py,tests/test_irt_parity.py,yes,implemented,implemented,implemented_initial,not_started,source_ported,not_applicable,docstring_initial,R-oracle numerical validation pending
eyeprocess_irt_item_bank,eyeprocess_irt_item_bank,R/085-irt-scoring-adaptive-0-9.R,man/eyeprocess_irt_item_bank.Rd,"(items, content = NULL, exposure_limit = 1)",3,False,False,tests/testthat/test-0-9-m2-irt-scoring-adaptive.R,vignettes/adaptive-testing-governance.Rmd,unclassified,False,src/eyeprocesspy/irt.py,tests/test_irt_parity.py,yes,implemented,implemented,implemented_initial,not_started,source_ported,not_applicable,docstring_initial,R-oracle numerical validation pending
eyeprocess_irt_item_fit_residuals,eyeprocess_irt_item_fit_residuals,R/084-irt-diagnostics-0-9.R,man/eyeprocess_irt_item_fit_residuals.Rd,"(responses, probabilities, item_ids = colnames(responses))",3,False,False,tests/testthat/test-0-9-m2-irt-diagnostics.R,,unclassified,False,src/eyeprocesspy/irt.py,tests/test_irt_parity.py,yes,implemented,implemented,implemented_initial,not_started,source_ported,not_applicable,docstring_initial,R-oracle numerical validation pending
eyeprocess_irt_item_information,eyeprocess_irt_item_information,R/083-irt-foundations-information-0-9.R,man/eyeprocess_irt_item_information.Rd,"(theta, family = c(""2pl"", ""3pl"", ""4pl"", ""grm"", ""gpcm"", ""nominal""), ..., D = 1)",4,True,False,tests/testthat/test-0-9-m2-irt-foundations.R,,experimental,False,src/eyeprocesspy/irt.py,tests/test_irt_parity.py,yes,implemented,implemented,implemented_initial,not_started,source_ported,not_applicable,docstring_initial,R-oracle numerical validation pending
eyeprocess_irt_item_selection,eyeprocess_irt_item_selection,R/085-irt-scoring-adaptive-0-9.R,man/eyeprocess_irt_item_selection.Rd,"(bank, theta, administered = character(), exposure = NULL, content_required = NULL, D = 1)",6,False,False,tests/testthat/test-0-9-m2-irt-scoring-adaptive.R,vignettes/adaptive-testing-governance.Rmd,unclassified,False,src/eyeprocesspy/irt.py,tests/test_irt_parity.py,yes,implemented,implemented,implemented_initial,not_started,source_ported,not_applicable,docstring_initial,R-oracle numerical validation pending
eyeprocess_irt_latent_regression_design,eyeprocess_irt_latent_regression_design,R/090-irt-multidimensional-cdm-0-9.R,man/eyeprocess_irt_latent_regression_design.Rd,"(data, formula, center_numeric = TRUE)",3,False,False,,,unclassified,False,src/eyeprocesspy/irt.py,tests/test_irt_parity.py,yes,implemented,implemented,implemented_initial,not_started,source_ported,not_applicable,docstring_initial,R-oracle numerical validation pending
eyeprocess_irt_link_stability,eyeprocess_irt_link_stability,R/086-irt-linking-invariance-0-9.R,man/eyeprocess_irt_link_stability.Rd,"(reference, focal, anchor_sets, method = c(""mean-sigma"", ""mean-mean"", ""Stocking-Lord"", ""Haebara""))",4,False,False,,,unclassified,False,src/eyeprocesspy/irt.py,tests/test_irt_parity.py,yes,implemented,implemented,implemented_initial,not_started,source_ported,not_applicable,docstring_initial,R-oracle numerical validation pending
eyeprocess_irt_local_dependence_pairs,eyeprocess_irt_local_dependence_pairs,R/084-irt-diagnostics-0-9.R,man/eyeprocess_irt_local_dependence_pairs.Rd,"(q3, threshold = 0.20, absolute = TRUE)",3,False,False,tests/testthat/test-0-9-m2-irt-diagnostics.R,,unclassified,False,src/eyeprocesspy/irt.py,tests/test_irt_parity.py,yes,implemented,implemented,implemented_initial,not_started,source_ported,not_applicable,docstring_initial,R-oracle numerical validation pending
eyeprocess_irt_map_score,eyeprocess_irt_map_score,R/085-irt-scoring-adaptive-0-9.R,man/eyeprocess_irt_map_score.Rd,"(response, items, bounds = c(-6, 6), prior_mean = 0, prior_sd = 1, D = 1)",6,False,False,tests/testthat/test-0-9-m2-irt-scoring-adaptive.R,,unclassified,False,src/eyeprocesspy/irt.py,tests/test_irt_parity.py,yes,implemented,implemented,implemented_initial,not_started,source_ported,not_applicable,docstring_initial,R-oracle numerical validation pending
eyeprocess_irt_marginal_reliability,eyeprocess_irt_marginal_reliability,R/085-irt-scoring-adaptive-0-9.R,man/eyeprocess_irt_marginal_reliability.Rd,"(theta_estimate, se)",2,False,False,,,unclassified,False,src/eyeprocesspy/irt.py,tests/test_irt_parity.py,yes,implemented,implemented,implemented_initial,not_started,source_ported,not_applicable,docstring_initial,R-oracle numerical validation pending
eyeprocess_irt_mean_mean_link,eyeprocess_irt_mean_mean_link,R/086-irt-linking-invariance-0-9.R,man/eyeprocess_irt_mean_mean_link.Rd,"(reference, focal, anchors = NULL)",3,False,False,,,unclassified,False,src/eyeprocesspy/irt.py,tests/test_irt_parity.py,yes,implemented,implemented,implemented_initial,not_started,source_ported,not_applicable,docstring_initial,R-oracle numerical validation pending
eyeprocess_irt_mean_sigma_link,eyeprocess_irt_mean_sigma_link,R/086-irt-linking-invariance-0-9.R,man/eyeprocess_irt_mean_sigma_link.Rd,"(reference, focal, anchors = NULL)",3,False,False,tests/testthat/test-0-9-m2-irt-linking.R,vignettes/irt-linking-dif-invariance.Rmd,unclassified,False,src/eyeprocesspy/irt.py,tests/test_irt_parity.py,yes,implemented,implemented,implemented_initial,not_started,source_ported,not_applicable,docstring_initial,R-oracle numerical validation pending
eyeprocess_irt_measurement_precision_profile,eyeprocess_irt_measurement_precision_profile,R/083-irt-foundations-information-0-9.R,man/eyeprocess_irt_measurement_precision_profile.Rd,"(theta, items, target = c(-2, 2), D = 1)",4,False,False,tests/testthat/test-0-9-m2-irt-foundations.R,vignettes/irt-information-scoring-diagnostics.Rmd,experimental,False,src/eyeprocesspy/irt.py,tests/test_irt_parity.py,yes,implemented,implemented,implemented_initial,not_started,source_ported,not_applicable,docstring_initial,R-oracle numerical validation pending
eyeprocess_irt_missing_by_design_audit,eyeprocess_irt_missing_by_design_audit,R/093-irt-advanced-diagnostics-governance-0-9.R,man/eyeprocess_irt_missing_by_design_audit.Rd,"(responses, design = NULL, min_administered = 1L)",3,False,False,tests/testthat/test-0-9-m2-governance.R,,unclassified,False,src/eyeprocesspy/irt.py,tests/test_irt_parity.py,yes,implemented,implemented,implemented_initial,not_started,source_ported,not_applicable,docstring_initial,R-oracle numerical validation pending
eyeprocess_irt_misspecification_metrics,eyeprocess_irt_misspecification_metrics,R/089-irt-validation-evidence-0-9.R,man/eyeprocess_irt_misspecification_metrics.Rd,"(reference_summary, misspecified_summary)",2,False,False,,,unclassified,False,src/eyeprocesspy/irt.py,tests/test_irt_parity.py,yes,implemented,implemented,implemented_initial,not_started,source_ported,not_applicable,docstring_initial,R-oracle numerical validation pending
eyeprocess_irt_misspecification_suite,eyeprocess_irt_misspecification_suite,R/089-irt-validation-evidence-0-9.R,man/eyeprocess_irt_misspecification_suite.Rd,(),0,False,False,,vignettes/irt-recovery-sbc-misspecification.Rmd,unclassified,False,src/eyeprocesspy/irt.py,tests/test_irt_parity.py,yes,implemented,implemented,implemented_initial,not_started,source_ported,not_applicable,docstring_initial,R-oracle numerical validation pending
eyeprocess_irt_mle_score,eyeprocess_irt_mle_score,R/085-irt-scoring-adaptive-0-9.R,man/eyeprocess_irt_mle_score.Rd,"(response, items, bounds = c(-6, 6), D = 1)",4,False,False,tests/testthat/test-0-9-m2-irt-scoring-adaptive.R,,unclassified,False,src/eyeprocesspy/irt.py,tests/test_irt_parity.py,yes,implemented,implemented,implemented_initial,not_started,source_ported,not_applicable,docstring_initial,R-oracle numerical validation pending
eyeprocess_irt_model_card,eyeprocess_irt_model_card,R/093-irt-advanced-diagnostics-governance-0-9.R,man/eyeprocess_irt_model_card.Rd,"(spec, engine_status = NULL, identification = NULL,
                                      fit_evidence = NULL, invariance = NULL, validation = NULL,
                                      intended_use = NULL, excluded_interpretations = c(""diagnosis"", ""cheating inference"", ""mental-state inference""))",8,False,False,tests/testthat/test-0-9-m2-governance.R,,unclassified,False,src/eyeprocesspy/irt.py,tests/test_irt_parity.py,yes,implemented,implemented,implemented_initial,not_started,source_ported,not_applicable,docstring_initial,R-oracle numerical validation pending
eyeprocess_irt_model_card_audit,eyeprocess_irt_model_card_audit,R/093-irt-advanced-diagnostics-governance-0-9.R,man/eyeprocess_irt_model_card_audit.Rd,(card),1,False,False,tests/testthat/test-0-9-m2-governance.R,,unclassified,False,src/eyeprocesspy/irt.py,tests/test_irt_parity.py,yes,implemented,implemented,implemented_initial,not_started,source_ported,not_applicable,docstring_initial,R-oracle numerical validation pending
eyeprocess_irt_model_spec,eyeprocess_irt_model_spec,R/083-irt-foundations-information-0-9.R,man/eyeprocess_irt_model_spec.Rd,"(
    family = c(""rasch"", ""2pl"", ""3pl"", ""4pl"", ""grm"", ""gpcm"", ""nominal"", ""multidimensional"", ""testlet"", ""latent_regression"", ""cdm"", ""joint_rt""),
    dimensions = 1L,
    identification = c(""theta_standard"", ""item_sum_zero"", ""anchor""),
    engine = c(""native_math"", ""mirt"", ""TAM"", ""GDINA"", ""LNIRT"", ""eRm"", ""custom""),
    process_channels = character(),
    status = c(""reference"", ""experimental"", ""gated""),
    notes = NULL)",7,False,False,tests/testthat/test-0-9-m2-governance.R|tests/testthat/test-0-9-m2-irt-foundations.R,,experimental,False,src/eyeprocesspy/irt.py,tests/test_irt_parity.py,yes,implemented,implemented,implemented_initial,not_started,source_ported,not_applicable,docstring_initial,R-oracle numerical validation pending
eyeprocess_irt_monotonicity_audit,eyeprocess_irt_monotonicity_audit,R/084-irt-diagnostics-0-9.R,man/eyeprocess_irt_monotonicity_audit.Rd,"(theta, probability, tolerance = 1e-8)",3,False,False,,,unclassified,False,src/eyeprocesspy/irt.py,tests/test_irt_parity.py,yes,implemented,implemented,implemented_initial,not_started,source_ported,not_applicable,docstring_initial,R-oracle numerical validation pending
eyeprocess_irt_nominal_probability,eyeprocess_irt_nominal_probability,R/083-irt-foundations-information-0-9.R,man/eyeprocess_irt_nominal_probability.Rd,"(theta, slopes, intercepts)",3,False,False,tests/testthat/test-0-9-m2-irt-foundations.R,,experimental,False,src/eyeprocesspy/irt.py,tests/test_irt_parity.py,yes,implemented,implemented,implemented_initial,not_started,source_ported,not_applicable,docstring_initial,R-oracle numerical validation pending
eyeprocess_irt_parameter_plausibility_audit,eyeprocess_irt_parameter_plausibility_audit,R/084-irt-diagnostics-0-9.R,man/eyeprocess_irt_parameter_plausibility_audit.Rd,"(items, discrimination = c(0.2, 4), difficulty = c(-6, 6), lower_asymptote = c(0, 0.5), upper_asymptote = c(0.5, 1))",5,False,False,,,unclassified,False,src/eyeprocesspy/irt.py,tests/test_irt_parity.py,yes,implemented,implemented,implemented_initial,not_started,source_ported,not_applicable,docstring_initial,R-oracle numerical validation pending
eyeprocess_irt_person_fit_lz,eyeprocess_irt_person_fit_lz,R/093-irt-advanced-diagnostics-governance-0-9.R,man/eyeprocess_irt_person_fit_lz.Rd,"(observed, expected, min_probability = 1e-8)",3,False,False,tests/testthat/test-0-9-m2-governance.R|tests/testthat/test-0-9-m2-irt-diagnostics.R,,unclassified,False,src/eyeprocesspy/irt.py,tests/test_irt_parity.py,yes,implemented,implemented,implemented_initial,not_started,source_ported,not_applicable,docstring_initial,R-oracle numerical validation pending
eyeprocess_irt_person_fit_residuals,eyeprocess_irt_person_fit_residuals,R/084-irt-diagnostics-0-9.R,man/eyeprocess_irt_person_fit_residuals.Rd,"(responses, probabilities, person_ids = rownames(responses))",3,False,False,tests/testthat/test-0-9-m2-irt-diagnostics.R,,unclassified,False,src/eyeprocesspy/irt.py,tests/test_irt_parity.py,yes,implemented,implemented,implemented_initial,not_started,source_ported,not_applicable,docstring_initial,R-oracle numerical validation pending
eyeprocess_irt_plausible_values,eyeprocess_irt_plausible_values,R/085-irt-scoring-adaptive-0-9.R,man/eyeprocess_irt_plausible_values.Rd,"(score, n = 5L, seed = 1L)",3,False,False,tests/testthat/test-0-9-m2-irt-scoring-adaptive.R,,unclassified,False,src/eyeprocesspy/irt.py,tests/test_irt_parity.py,yes,implemented,implemented,implemented_initial,not_started,source_ported,not_applicable,docstring_initial,R-oracle numerical validation pending
eyeprocess_irt_ppc_discrepancy,eyeprocess_irt_ppc_discrepancy,R/084-irt-diagnostics-0-9.R,man/eyeprocess_irt_ppc_discrepancy.Rd,"(observed, replicated, statistic = c(""mean_score"", ""score_sd"", ""item_means"", ""max_item_residual""))",3,False,False,,,unclassified,False,src/eyeprocesspy/irt.py,tests/test_irt_parity.py,yes,implemented,implemented,implemented_initial,not_started,source_ported,not_applicable,docstring_initial,R-oracle numerical validation pending
eyeprocess_irt_precision_evidence_table,eyeprocess_irt_precision_evidence_table,R/094-validation-paper-tables-atlas-0-9.R,man/eyeprocess_irt_precision_evidence_table.Rd,"(items, theta = seq(-3, 3, by = 0.5), digits = 4L)",3,False,False,,,unclassified,False,,,yes,not_started,not_started,not_started,not_started,not_started,not_applicable,not_started,
eyeprocess_irt_prior_sensitivity_grid,eyeprocess_irt_prior_sensitivity_grid,R/093-irt-advanced-diagnostics-governance-0-9.R,man/eyeprocess_irt_prior_sensitivity_grid.Rd,"(discrimination_scale = c(0.5, 1, 1.5),
                                                  difficulty_scale = c(1, 2),
                                                  guessing_mean = c(0.10, 0.20))",3,False,False,tests/testthat/test-0-9-m2-governance.R,,unclassified,False,src/eyeprocesspy/irt.py,tests/test_irt_parity.py,yes,implemented,implemented,implemented_initial,not_started,source_ported,not_applicable,docstring_initial,R-oracle numerical validation pending
eyeprocess_irt_prior_sensitivity_summary,eyeprocess_irt_prior_sensitivity_summary,R/093-irt-advanced-diagnostics-governance-0-9.R,man/eyeprocess_irt_prior_sensitivity_summary.Rd,"(results, prior_id = ""prior_id"", estimate = ""estimate"")",3,False,False,,,unclassified,False,src/eyeprocesspy/irt.py,tests/test_irt_parity.py,yes,implemented,implemented,implemented_initial,not_started,source_ported,not_applicable,docstring_initial,R-oracle numerical validation pending
eyeprocess_irt_prior_spec,eyeprocess_irt_prior_spec,R/093-irt-advanced-diagnostics-governance-0-9.R,man/eyeprocess_irt_prior_spec.Rd,"(discrimination = c(""lognormal"", ""normal""), difficulty = ""normal"",
                                      guessing = c(""beta"", ""logit-normal""), location = 0, scale = 1,
                                      guessing_shape = c(5, 17), label = ""default"")",7,False,False,,,unclassified,False,src/eyeprocesspy/irt.py,tests/test_irt_parity.py,yes,implemented,implemented,implemented_initial,not_started,source_ported,not_applicable,docstring_initial,R-oracle numerical validation pending
eyeprocess_irt_process_alignment,eyeprocess_irt_process_alignment,R/087-irt-process-joint-0-9.R,man/eyeprocess_irt_process_alignment.Rd,"(item_parameters, process_profile, process_columns = NULL)",3,False,False,,,experimental,False,src/eyeprocesspy/irt.py,tests/test_irt_parity.py,yes,implemented,implemented,implemented_initial,not_started,source_ported,not_applicable,docstring_initial,R-oracle numerical validation pending
eyeprocess_irt_process_aware_selection_penalty,eyeprocess_irt_process_aware_selection_penalty,R/085-irt-scoring-adaptive-0-9.R,man/eyeprocess_irt_process_aware_selection_penalty.Rd,"(information, burden, burden_weight = 0, quality_risk = 0, quality_weight = 0)",5,False,False,tests/testthat/test-0-9-m2-irt-scoring-adaptive.R,,unclassified,False,src/eyeprocesspy/irt.py,tests/test_irt_parity.py,yes,implemented,implemented,implemented_initial,not_started,source_ported,not_applicable,docstring_initial,R-oracle numerical validation pending
eyeprocess_irt_process_dif_concordance,eyeprocess_irt_process_dif_concordance,R/086-irt-linking-invariance-0-9.R,man/eyeprocess_irt_process_dif_concordance.Rd,"(dif, process, item_id = ""item_id"", dif_effect = ""effect"", process_effect = ""effect"")",5,False,False,,,unclassified,False,src/eyeprocesspy/irt.py,tests/test_irt_parity.py,yes,implemented,implemented,implemented_initial,not_started,source_ported,not_applicable,docstring_initial,R-oracle numerical validation pending
eyeprocess_irt_q3,eyeprocess_irt_q3,R/084-irt-diagnostics-0-9.R,man/eyeprocess_irt_q3.Rd,"(responses, probabilities, use = ""pairwise.complete.obs"")",3,False,False,tests/testthat/test-0-9-m2-irt-diagnostics.R,vignettes/irt-information-scoring-diagnostics.Rmd,unclassified,False,src/eyeprocesspy/irt.py,tests/test_irt_parity.py,yes,implemented,implemented,implemented_initial,not_started,source_ported,not_applicable,docstring_initial,R-oracle numerical validation pending
eyeprocess_irt_recovery_design,eyeprocess_irt_recovery_design,R/089-irt-validation-evidence-0-9.R,man/eyeprocess_irt_recovery_design.Rd,"(sample_size = c(250L, 750L), n_items = c(12L, 24L), missing_rate = c(0, .15), testlet_sd = c(0, .35), replications = 10L, seed = 20260811L)",6,False,False,tests/testthat/test-0-9-m2-recovery-sbc.R,vignettes/irt-recovery-sbc-misspecification.Rmd,unclassified,False,src/eyeprocesspy/irt.py,tests/test_irt_parity.py,yes,implemented,implemented,implemented_initial,not_started,source_ported,not_applicable,docstring_initial,R-oracle numerical validation pending
eyeprocess_irt_recovery_failures,eyeprocess_irt_recovery_failures,R/089-irt-validation-evidence-0-9.R,man/eyeprocess_irt_recovery_failures.Rd,(x),1,False,False,,,unclassified,False,src/eyeprocesspy/irt.py,tests/test_irt_parity.py,yes,implemented,implemented,implemented_initial,not_started,source_ported,not_applicable,docstring_initial,R-oracle numerical validation pending
eyeprocess_irt_recovery_summary,eyeprocess_irt_recovery_summary,R/089-irt-validation-evidence-0-9.R,man/eyeprocess_irt_recovery_summary.Rd,(x),1,False,False,,,unclassified,False,src/eyeprocesspy/irt.py,tests/test_irt_parity.py,yes,implemented,implemented,implemented_initial,not_started,source_ported,not_applicable,docstring_initial,R-oracle numerical validation pending
eyeprocess_irt_sbc_ranks,eyeprocess_irt_sbc_ranks,R/089-irt-validation-evidence-0-9.R,man/eyeprocess_irt_sbc_ranks.Rd,"(truth, draws, randomize_ties = TRUE, seed = 1L)",4,False,False,tests/testthat/test-0-9-m2-recovery-sbc.R,,unclassified,False,src/eyeprocesspy/irt.py,tests/test_irt_parity.py,yes,implemented,implemented,implemented_initial,not_started,source_ported,not_applicable,docstring_initial,R-oracle numerical validation pending
eyeprocess_irt_sbc_summary,eyeprocess_irt_sbc_summary,R/089-irt-validation-evidence-0-9.R,man/eyeprocess_irt_sbc_summary.Rd,"(ranks, n_draws, bins = NULL)",3,False,False,tests/testthat/test-0-9-m2-recovery-sbc.R,,unclassified,False,src/eyeprocesspy/irt.py,tests/test_irt_parity.py,yes,implemented,implemented,implemented_initial,not_started,source_ported,not_applicable,docstring_initial,R-oracle numerical validation pending
eyeprocess_irt_score_table,eyeprocess_irt_score_table,R/085-irt-scoring-adaptive-0-9.R,man/eyeprocess_irt_score_table.Rd,"(responses, items, method = c(""EAP"", ""MAP"", ""ML""), person_ids = rownames(responses), ...)",5,True,False,,,unclassified,False,src/eyeprocesspy/irt.py,tests/test_irt_parity.py,yes,implemented,implemented,implemented_initial,not_started,source_ported,not_applicable,docstring_initial,R-oracle numerical validation pending
eyeprocess_irt_score_uncertainty,eyeprocess_irt_score_uncertainty,R/085-irt-scoring-adaptive-0-9.R,man/eyeprocess_irt_score_uncertainty.Rd,(scores),1,False,False,,,unclassified,False,src/eyeprocesspy/irt.py,tests/test_irt_parity.py,yes,implemented,implemented,implemented_initial,not_started,source_ported,not_applicable,docstring_initial,R-oracle numerical validation pending
eyeprocess_irt_session_drift,eyeprocess_irt_session_drift,R/086-irt-linking-invariance-0-9.R,man/eyeprocess_irt_session_drift.Rd,"(parameters, item_id = ""item_id"", session = ""session"", parameter = ""b"")",4,False,False,tests/testthat/test-0-9-m2-irt-linking.R,,unclassified,False,src/eyeprocesspy/irt.py,tests/test_irt_parity.py,yes,implemented,implemented,implemented_initial,not_started,source_ported,not_applicable,docstring_initial,R-oracle numerical validation pending
eyeprocess_irt_sparse_design_audit,eyeprocess_irt_sparse_design_audit,R/083-irt-foundations-information-0-9.R,man/eyeprocess_irt_sparse_design_audit.Rd,"(data, person, item, response = NULL, min_person_items = 3L, min_item_persons = 10L)",6,False,False,tests/testthat/test-0-9-m2-irt-foundations.R,vignettes/irt-information-scoring-diagnostics.Rmd,experimental,False,src/eyeprocesspy/irt.py,tests/test_irt_parity.py,yes,implemented,implemented,implemented_initial,not_started,source_ported,not_applicable,docstring_initial,R-oracle numerical validation pending
eyeprocess_irt_stocking_lord_link,eyeprocess_irt_stocking_lord_link,R/086-irt-linking-invariance-0-9.R,man/eyeprocess_irt_stocking_lord_link.Rd,"(reference, focal, anchors = NULL, theta = seq(-4, 4, length.out = 81), weights = NULL, start = c(A = 1, B = 0))",6,False,False,tests/testthat/test-0-9-m2-irt-linking.R,,unclassified,False,src/eyeprocesspy/irt.py,tests/test_irt_parity.py,yes,implemented,implemented,implemented_initial,not_started,source_ported,not_applicable,docstring_initial,R-oracle numerical validation pending
eyeprocess_irt_stopping_rule,eyeprocess_irt_stopping_rule,R/085-irt-scoring-adaptive-0-9.R,man/eyeprocess_irt_stopping_rule.Rd,"(n_administered, se = NA_real_, min_items = 5L, max_items = 30L, target_se = 0.30)",5,False,False,tests/testthat/test-0-9-m2-irt-scoring-adaptive.R,vignettes/adaptive-testing-governance.Rmd,unclassified,False,src/eyeprocesspy/irt.py,tests/test_irt_parity.py,yes,implemented,implemented,implemented_initial,not_started,source_ported,not_applicable,docstring_initial,R-oracle numerical validation pending
eyeprocess_irt_targeting_gap,eyeprocess_irt_targeting_gap,R/093-irt-advanced-diagnostics-governance-0-9.R,man/eyeprocess_irt_targeting_gap.Rd,"(theta, items, breaks = seq(-4, 4, by = 0.5))",3,False,False,tests/testthat/test-0-9-m2-atlas-plots.R|tests/testthat/test-0-9-m2-governance.R,,unclassified,False,src/eyeprocesspy/irt.py,tests/test_irt_parity.py,yes,implemented,implemented,implemented_initial,not_started,source_ported,not_applicable,docstring_initial,R-oracle numerical validation pending
eyeprocess_irt_test_characteristic_curve,eyeprocess_irt_test_characteristic_curve,R/083-irt-foundations-information-0-9.R,man/eyeprocess_irt_test_characteristic_curve.Rd,"(theta, items, D = 1)",3,False,False,,,experimental,False,src/eyeprocesspy/irt.py,tests/test_irt_parity.py,yes,implemented,implemented,implemented_initial,not_started,source_ported,not_applicable,docstring_initial,R-oracle numerical validation pending
eyeprocess_irt_test_information,eyeprocess_irt_test_information,R/083-irt-foundations-information-0-9.R,man/eyeprocess_irt_test_information.Rd,"(theta, items, D = 1)",3,False,False,tests/testthat/test-0-9-m2-irt-foundations.R,vignettes/irt-information-scoring-diagnostics.Rmd,experimental,False,src/eyeprocesspy/irt.py,tests/test_irt_parity.py,yes,implemented,implemented,implemented_initial,not_started,source_ported,not_applicable,docstring_initial,R-oracle numerical validation pending
eyeprocess_irt_testlet_audit,eyeprocess_irt_testlet_audit,R/090-irt-multidimensional-cdm-0-9.R,man/eyeprocess_irt_testlet_audit.Rd,"(spec, min_items = 2L)",2,False,False,,,unclassified,False,src/eyeprocesspy/irt.py,tests/test_irt_parity.py,yes,implemented,implemented,implemented_initial,not_started,source_ported,not_applicable,docstring_initial,R-oracle numerical validation pending
eyeprocess_irt_testlet_spec,eyeprocess_irt_testlet_spec,R/090-irt-multidimensional-cdm-0-9.R,man/eyeprocess_irt_testlet_spec.Rd,"(item_id, testlet, general_dimension = ""general"")",3,False,False,,,unclassified,False,src/eyeprocesspy/irt.py,tests/test_irt_parity.py,yes,implemented,implemented,implemented_initial,not_started,source_ported,not_applicable,docstring_initial,R-oracle numerical validation pending
eyeprocess_irt_threshold_order_audit,eyeprocess_irt_threshold_order_audit,R/084-irt-diagnostics-0-9.R,man/eyeprocess_irt_threshold_order_audit.Rd,"(item_id, thresholds)",2,False,False,,,unclassified,False,src/eyeprocesspy/irt.py,tests/test_irt_parity.py,yes,implemented,implemented,implemented_initial,not_started,source_ported,not_applicable,docstring_initial,R-oracle numerical validation pending
eyeprocess_joint_process_irt_spec,eyeprocess_joint_process_irt_spec,R/087-irt-process-joint-0-9.R,man/eyeprocess_joint_process_irt_spec.Rd,"(
    response_family = c(""2pl"", ""rasch"", ""grm"", ""gpcm""),
    time_model = c(""none"", ""lognormal"", ""custom""),
    process_channels = c(""dwell"", ""pupil"", ""transitions""),
    person_covariates = character(),
    item_covariates = character(),
    missingness = c(""ignorable"", ""modeled"", ""gated""),
    status = c(""experimental"", ""reference"", ""gated""))",7,False,False,tests/testthat/test-0-9-m2-process-joint.R,vignettes/process-response-time-irt.Rmd,experimental,False,src/eyeprocesspy/irt.py,tests/test_irt_parity.py,yes,implemented,implemented,implemented_initial,not_started,source_ported,not_applicable,docstring_initial,R-oracle numerical validation pending
eyeprocess_mirt_directional_information,eyeprocess_mirt_directional_information,R/090-irt-multidimensional-cdm-0-9.R,man/eyeprocess_mirt_directional_information.Rd,"(theta, discrimination, difficulty = 0, direction = NULL, D = 1)",5,False,False,,,unclassified,False,src/eyeprocesspy/irt.py,tests/test_irt_parity.py,yes,implemented,implemented,implemented_initial,not_started,source_ported,not_applicable,docstring_initial,R-oracle numerical validation pending
eyeprocess_mirt_information_matrix,eyeprocess_mirt_information_matrix,R/090-irt-multidimensional-cdm-0-9.R,man/eyeprocess_mirt_information_matrix.Rd,"(theta, discrimination, difficulty = 0, D = 1)",4,False,False,tests/testthat/test-0-9-m2-multidim-cdm.R,vignettes/multidimensional-testlet-latent-regression-irt.Rmd,unclassified,False,src/eyeprocesspy/irt.py,tests/test_irt_parity.py,yes,implemented,implemented,implemented_initial,not_started,source_ported,not_applicable,docstring_initial,R-oracle numerical validation pending
eyeprocess_mirt_loading_audit,eyeprocess_mirt_loading_audit,R/090-irt-multidimensional-cdm-0-9.R,man/eyeprocess_mirt_loading_audit.Rd,"(spec, min_items_per_dimension = 3L)",2,False,False,tests/testthat/test-0-9-m2-multidim-cdm.R,vignettes/multidimensional-testlet-latent-regression-irt.Rmd,unclassified,False,src/eyeprocesspy/irt.py,tests/test_irt_parity.py,yes,implemented,implemented,implemented_initial,not_started,source_ported,not_applicable,docstring_initial,R-oracle numerical validation pending
eyeprocess_mirt_loading_spec,eyeprocess_mirt_loading_spec,R/090-irt-multidimensional-cdm-0-9.R,man/eyeprocess_mirt_loading_spec.Rd,"(items, loadings, dimension_names = colnames(loadings), simple_structure = FALSE)",4,False,False,tests/testthat/test-0-9-m2-multidim-cdm.R,vignettes/multidimensional-testlet-latent-regression-irt.Rmd,unclassified,False,src/eyeprocesspy/irt.py,tests/test_irt_parity.py,yes,implemented,implemented,implemented_initial,not_started,source_ported,not_applicable,docstring_initial,R-oracle numerical validation pending
eyeprocess_multichannel_measurement_map,eyeprocess_multichannel_measurement_map,R/087-irt-process-joint-0-9.R,man/eyeprocess_multichannel_measurement_map.Rd,"(response = ""accuracy"", channels = c(""response_time"", ""dwell"", ""pupil"", ""transitions""), role = NULL)",3,False,False,tests/testthat/test-0-9-m2-process-joint.R,,experimental,False,src/eyeprocesspy/irt.py,tests/test_irt_parity.py,yes,implemented,implemented,implemented_initial,not_started,source_ported,not_applicable,docstring_initial,R-oracle numerical validation pending
eyeprocess_negative_control_evidence_plan,eyeprocess_negative_control_evidence_plan,R/091-validation-stress-freeze-0-9.R,man/eyeprocess_negative_control_evidence_plan.Rd,"(controls = c(""permutation"", ""temporal_shift"", ""placebo_window"", ""known_leakage""), replications = 100L, seed = 20260811L)",3,False,False,tests/testthat/test-0-9-m2-stress-freeze.R,vignettes/measurement-stress-negative-controls.Rmd,unclassified,False,,,yes,not_started,not_started,not_started,not_started,not_started,not_applicable,not_started,
eyeprocess_negative_control_evidence_table,eyeprocess_negative_control_evidence_table,R/094-validation-paper-tables-atlas-0-9.R,man/eyeprocess_negative_control_evidence_table.Rd,"(x, digits = 4L)",2,False,False,,,unclassified,False,,,yes,not_started,not_started,not_started,not_started,not_started,not_applicable,not_started,
eyeprocess_process_irt_data_bundle,eyeprocess_process_irt_data_bundle,R/087-irt-process-joint-0-9.R,man/eyeprocess_process_irt_data_bundle.Rd,"(data, person, item, response, response_time = NULL, process = character(), covariates = character())",7,False,False,,vignettes/process-response-time-irt.Rmd,experimental,False,src/eyeprocesspy/irt.py,tests/test_irt_parity.py,yes,implemented,implemented,implemented_initial,not_started,source_ported,not_applicable,docstring_initial,R-oracle numerical validation pending
eyeprocess_process_item_profile,eyeprocess_process_item_profile,R/087-irt-process-joint-0-9.R,man/eyeprocess_process_item_profile.Rd,"(data, item, channels)",3,False,False,,,experimental,False,src/eyeprocesspy/irt.py,tests/test_irt_parity.py,yes,implemented,implemented,implemented_initial,not_started,source_ported,not_applicable,docstring_initial,R-oracle numerical validation pending
eyeprocess_process_missingness_pattern,eyeprocess_process_missingness_pattern,R/087-irt-process-joint-0-9.R,man/eyeprocess_process_missingness_pattern.Rd,"(data, response, channels)",3,False,False,,,experimental,False,src/eyeprocesspy/irt.py,tests/test_irt_parity.py,yes,implemented,implemented,implemented_initial,not_started,source_ported,not_applicable,docstring_initial,R-oracle numerical validation pending
eyeprocess_process_person_profile,eyeprocess_process_person_profile,R/087-irt-process-joint-0-9.R,man/eyeprocess_process_person_profile.Rd,"(data, person, channels)",3,False,False,,,experimental,False,src/eyeprocesspy/irt.py,tests/test_irt_parity.py,yes,implemented,implemented,implemented_initial,not_started,source_ported,not_applicable,docstring_initial,R-oracle numerical validation pending
eyeprocess_recovery_evidence_table,eyeprocess_recovery_evidence_table,R/094-validation-paper-tables-atlas-0-9.R,man/eyeprocess_recovery_evidence_table.Rd,"(x, digits = 4L)",2,False,False,,,unclassified,False,,,yes,not_started,not_started,not_started,not_started,not_started,not_applicable,not_started,
eyeprocess_reliability_evidence_plan,eyeprocess_reliability_evidence_plan,R/091-validation-stress-freeze-0-9.R,man/eyeprocess_reliability_evidence_plan.Rd,"(metrics = c(""split_half"", ""icc"", ""temporal_stability"", ""bland_altman""), bootstrap = 200L, seed = 20260811L)",3,False,False,tests/testthat/test-0-9-m2-stress-freeze.R,vignettes/measurement-stress-negative-controls.Rmd,unclassified,False,,,yes,not_started,not_started,not_started,not_started,not_started,not_applicable,not_started,
eyeprocess_reliability_evidence_table,eyeprocess_reliability_evidence_table,R/094-validation-paper-tables-atlas-0-9.R,man/eyeprocess_reliability_evidence_table.Rd,"(x, digits = 4L)",2,False,False,,,unclassified,False,,,yes,not_started,not_started,not_started,not_started,not_started,not_applicable,not_started,
eyeprocess_response_time_profile,eyeprocess_response_time_profile,R/087-irt-process-joint-0-9.R,man/eyeprocess_response_time_profile.Rd,"(data, person, item, response_time)",4,False,False,,,experimental,False,src/eyeprocesspy/irt.py,tests/test_irt_parity.py,yes,implemented,implemented,implemented_initial,not_started,source_ported,not_applicable,docstring_initial,R-oracle numerical validation pending
eyeprocess_sbc_evidence_table,eyeprocess_sbc_evidence_table,R/094-validation-paper-tables-atlas-0-9.R,man/eyeprocess_sbc_evidence_table.Rd,"(x, digits = 4L)",2,False,False,,,unclassified,False,,,yes,not_started,not_started,not_started,not_started,not_started,not_applicable,not_started,
eyeprocess_speed_accuracy_profile,eyeprocess_speed_accuracy_profile,R/087-irt-process-joint-0-9.R,man/eyeprocess_speed_accuracy_profile.Rd,"(data, person, response, response_time)",4,False,False,,,experimental,False,src/eyeprocesspy/irt.py,tests/test_irt_parity.py,yes,implemented,implemented,implemented_initial,not_started,source_ported,not_applicable,docstring_initial,R-oracle numerical validation pending
eyeprocess_stress_evidence_plan,eyeprocess_stress_evidence_plan,R/091-validation-stress-freeze-0-9.R,man/eyeprocess_stress_evidence_plan.Rd,"(
    missing_gaze = c(0, .05, .15, .30),
    pupil_dropout = c(0, .05, .15),
    calibration_offset = c(0, .01, .03, .06),
    sampling_jitter = c(0, .05, .15),
    aoi_label_noise = c(0, .02, .10),
    device_shift = c(0, .02, .05),
    trial_imbalance = c(0, .10, .25),
    seed = 20260811L)",8,False,False,tests/testthat/test-0-9-m2-stress-freeze.R,vignettes/measurement-stress-negative-controls.Rmd,unclassified,False,,,yes,not_started,not_started,not_started,not_started,not_started,not_applicable,not_started,
eyeprocess_stress_evidence_table,eyeprocess_stress_evidence_table,R/094-validation-paper-tables-atlas-0-9.R,man/eyeprocess_stress_evidence_table.Rd,"(x, digits = 4L)",2,False,False,,,unclassified,False,,,yes,not_started,not_started,not_started,not_started,not_started,not_applicable,not_started,
eyeprocess_validation_atlas_gaps,eyeprocess_validation_atlas_gaps,R/094-validation-paper-tables-atlas-0-9.R,man/eyeprocess_validation_atlas_gaps.Rd,(atlas),1,False,False,tests/testthat/test-0-9-m2-atlas-plots.R,,unclassified,False,,,yes,not_started,not_started,not_started,not_started,not_started,not_applicable,not_started,
eyeprocess_validation_claim_matrix,eyeprocess_validation_claim_matrix,R/091-validation-stress-freeze-0-9.R,man/eyeprocess_validation_claim_matrix.Rd,"(claim_id, claim, evidence_id, evidence_type, status = ""qualified"", boundary = NA_character_)",6,False,False,tests/testthat/test-0-9-m2-atlas-plots.R|tests/testthat/test-0-9-m2-stress-freeze.R,vignettes/frozen-validation-evidence-programme.Rmd|vignettes/validation-evidence-atlas-software-paper.Rmd,unclassified,False,,,yes,not_started,not_started,not_started,not_started,not_started,not_applicable,not_started,
eyeprocess_validation_evidence_atlas,eyeprocess_validation_evidence_atlas,R/094-validation-paper-tables-atlas-0-9.R,man/eyeprocess_validation_evidence_atlas.Rd,"(claims, recovery = NULL, sbc = NULL, stress = NULL,
                                                 reliability = NULL, negative_controls = NULL,
                                                 irt = NULL, provenance = NULL, artifacts = NULL)",9,False,False,tests/testthat/test-0-9-m2-atlas-plots.R,vignettes/validation-evidence-atlas-software-paper.Rmd,unclassified,False,,,yes,not_started,not_started,not_started,not_started,not_started,not_applicable,not_started,
eyeprocess_validation_evidence_grade,eyeprocess_validation_evidence_grade,R/082-validation-evidence-programs-0-9.R,man/eyeprocess_validation_evidence_grade.Rd,"(components, required = c(""design"", ""execution"", ""summary"", ""provenance"", ""hash""))",2,False,False,,,unclassified,False,,,yes,not_started,not_started,not_started,not_started,not_started,not_applicable,not_started,
eyeprocess_validation_evidence_index,eyeprocess_validation_evidence_index,R/094-validation-paper-tables-atlas-0-9.R,man/eyeprocess_validation_evidence_index.Rd,"(root, recursive = TRUE)",2,False,False,,,unclassified,False,,,yes,not_started,not_started,not_started,not_started,not_started,not_applicable,not_started,
eyeprocess_validation_evidence_manifest,eyeprocess_validation_evidence_manifest,R/091-validation-stress-freeze-0-9.R,man/eyeprocess_validation_evidence_manifest.Rd,"(files = character(), objects = list(), source_commit = NA_character_, label = ""eyeprocess-0.9-m2"")",4,False,False,,,unclassified,False,,,yes,not_started,not_started,not_started,not_started,not_started,not_applicable,not_started,
eyeprocess_validation_plan,eyeprocess_validation_plan,R/082-validation-evidence-programs-0-9.R,man/eyeprocess_validation_plan.Rd,"(
    families = c(""recovery"", ""sbc"", ""stress"", ""reliability"", ""negative_control""),
    sample_size = c(250L, 750L),
    n_items = c(12L, 24L),
    missing_rate = c(0, 0.15),
    noise_level = c(""reference"", ""elevated""),
    specification = c(""correct"", ""misspecified""),
    replications = 20L,
    seed = 20260811L,
    label = ""eyeprocess-0.9-m2"")",9,False,False,tests/testthat/test-0-9-m2-validation-plan.R,vignettes/frozen-validation-evidence-programme.Rmd,unclassified,False,,,yes,not_started,not_started,not_started,not_started,not_started,not_applicable,not_started,
eyeprocess_validation_readiness,eyeprocess_validation_readiness,R/091-validation-stress-freeze-0-9.R,man/eyeprocess_validation_readiness.Rd,"(x, required = c(""design"", ""recovery"", ""stress"", ""reliability"", ""negative_controls"", ""claims"", ""provenance""))",2,False,False,,,unclassified,False,,,yes,not_started,not_started,not_started,not_started,not_started,not_applicable,not_started,
eyeprocess_validation_release_gate,eyeprocess_validation_release_gate,R/091-validation-stress-freeze-0-9.R,man/eyeprocess_validation_release_gate.Rd,"(readiness, acceptance = NULL, require_hash = TRUE)",3,False,False,,,unclassified,False,,,yes,not_started,not_started,not_started,not_started,not_started,not_applicable,not_started,
eyeprocess_validation_seed,eyeprocess_validation_seed,R/082-validation-evidence-programs-0-9.R,man/eyeprocess_validation_seed.Rd,"(master_seed, index, stream = 0L)",3,False,False,,,unclassified,False,,,yes,not_started,not_started,not_started,not_started,not_started,not_applicable,not_started,
fit_eyeprocess_erm,fit_eyeprocess_erm,R/088-irt-engine-adapters-0-9.R,man/fit_eyeprocess_erm.Rd,"(data, model = c(""RM"", ""PCM""), ..., engine = ""eRm"")",4,True,False,,,unclassified,False,src/eyeprocesspy/irt.py,tests/test_irt_parity.py,yes,implemented,implemented,implemented_initial,not_started,source_ported,not_applicable,docstring_initial,R-oracle numerical validation pending
fit_eyeprocess_gdina,fit_eyeprocess_gdina,R/088-irt-engine-adapters-0-9.R,man/fit_eyeprocess_gdina.Rd,"(dat, Q, model = ""GDINA"", ..., engine = ""GDINA"")",5,True,False,tests/testthat/test-0-9-m2-engines.R,vignettes/cognitive-diagnosis-qmatrix-governance.Rmd,unclassified,False,src/eyeprocesspy/irt.py,tests/test_irt_parity.py,yes,implemented,implemented,implemented_initial,not_started,source_ported,not_applicable,docstring_initial,R-oracle numerical validation pending
fit_eyeprocess_lnirt,fit_eyeprocess_lnirt,R/088-irt-engine-adapters-0-9.R,man/fit_eyeprocess_lnirt.Rd,"(Y, RT, quadratic = FALSE, ..., engine = ""LNIRT"")",5,True,False,,vignettes/process-response-time-irt.Rmd,unclassified,False,src/eyeprocesspy/irt.py,tests/test_irt_parity.py,yes,implemented,implemented,implemented_initial,not_started,source_ported,not_applicable,docstring_initial,R-oracle numerical validation pending
fit_eyeprocess_mirt,fit_eyeprocess_mirt,R/088-irt-engine-adapters-0-9.R,man/fit_eyeprocess_mirt.Rd,"(data, model = 1, itemtype = ""2PL"", ..., engine = ""mirt"")",5,True,False,tests/testthat/test-0-9-m2-engines.R,vignettes/irt-engines-and-gating.Rmd,unclassified,False,src/eyeprocesspy/irt.py,tests/test_irt_parity.py,yes,implemented,implemented,implemented_initial,not_started,source_ported,not_applicable,docstring_initial,R-oracle numerical validation pending
fit_eyeprocess_tam,fit_eyeprocess_tam,R/088-irt-engine-adapters-0-9.R,man/fit_eyeprocess_tam.Rd,"(resp, model = c(""rasch"", ""2pl"", ""gpcm""), ..., engine = ""TAM"")",4,True,False,,,unclassified,False,src/eyeprocesspy/irt.py,tests/test_irt_parity.py,yes,implemented,implemented,implemented_initial,not_started,source_ported,not_applicable,docstring_initial,R-oracle numerical validation pending
freeze_eyeprocess_irt_reference,freeze_eyeprocess_irt_reference,R/089-irt-validation-evidence-0-9.R,man/freeze_eyeprocess_irt_reference.Rd,"(recovery_summary = NULL, sbc = NULL, failures = NULL, metadata = list())",4,False,False,,,unclassified,False,src/eyeprocesspy/irt.py,tests/test_irt_parity.py,yes,implemented,implemented,implemented_initial,not_started,source_ported,not_applicable,docstring_initial,R-oracle numerical validation pending
freeze_eyeprocess_validation_atlas,freeze_eyeprocess_validation_atlas,R/094-validation-paper-tables-atlas-0-9.R,man/freeze_eyeprocess_validation_atlas.Rd,"(atlas, metadata = list())",2,False,False,tests/testthat/test-0-9-m2-atlas-plots.R,vignettes/validation-evidence-atlas-software-paper.Rmd,unclassified,False,,,yes,not_started,not_started,not_started,not_started,not_started,not_applicable,not_started,
freeze_eyeprocess_validation_evidence,freeze_eyeprocess_validation_evidence,R/091-validation-stress-freeze-0-9.R,man/freeze_eyeprocess_validation_evidence.Rd,"(design, recovery = NULL, sbc = NULL, stress = NULL, reliability = NULL, negative_controls = NULL, irt = NULL, claims = NULL, provenance = NULL, source_commit = NA_character_)",10,False,False,tests/testthat/test-0-9-m2-stress-freeze.R,vignettes/frozen-validation-evidence-programme.Rmd,unclassified,False,,,yes,not_started,not_started,not_started,not_started,not_started,not_applicable,not_started,
read_eyeprocess_validation_evidence,read_eyeprocess_validation_evidence,R/091-validation-stress-freeze-0-9.R,man/read_eyeprocess_validation_evidence.Rd,"(path, verify = TRUE)",2,False,False,,,unclassified,False,,,yes,not_started,not_started,not_started,not_started,not_started,not_applicable,not_started,
read_validation_scenario_manifest,read_validation_scenario_manifest,R/082-validation-evidence-programs-0-9.R,man/read_validation_scenario_manifest.Rd,(path),1,False,False,,,unclassified,False,,,yes,not_started,not_started,not_started,not_started,not_started,not_applicable,not_started,
run_eyeprocess_equateirt,run_eyeprocess_equateirt,R/088-irt-engine-adapters-0-9.R,man/run_eyeprocess_equateirt.Rd,"(function_name, ..., engine = ""equateIRT"")",3,True,False,tests/testthat/test-0-9-m2-engines.R,,unclassified,False,src/eyeprocesspy/irt.py,tests/test_irt_parity.py,yes,implemented,implemented,implemented_initial,not_started,source_ported,not_applicable,docstring_initial,R-oracle numerical validation pending
run_eyeprocess_irt_recovery,run_eyeprocess_irt_recovery,R/089-irt-validation-evidence-0-9.R,man/run_eyeprocess_irt_recovery.Rd,"(design, engine = ""mirt"", verbose = TRUE)",3,False,False,tests/testthat/test-0-9-m2-recovery-sbc.R,,unclassified,False,src/eyeprocesspy/irt.py,tests/test_irt_parity.py,yes,implemented,implemented,implemented_initial,not_started,source_ported,not_applicable,docstring_initial,R-oracle numerical validation pending
run_eyeprocess_irt_ability_sbc,run_eyeprocess_irt_ability_sbc,R/089-irt-validation-evidence-0-9.R,man/run_eyeprocess_irt_ability_sbc.Rd,"(items, replications = 200L, posterior_draws = 99L,
                                           theta_grid = seq(-5, 5, length.out = 401),
                                           prior_mean = 0, prior_sd = 1,
                                           interval = 0.95, seed = 20260811L, D = 1)",9,False,False,tests/testthat/test-0-9-m2-recovery-sbc.R,vignettes/irt-recovery-sbc-misspecification.Rmd,unclassified,False,src/eyeprocesspy/irt.py,tests/test_irt_parity.py,yes,implemented,implemented,implemented_initial,not_started,source_ported,not_applicable,docstring_initial,R-oracle numerical validation pending
run_eyeprocess_mirtcat,run_eyeprocess_mirtcat,R/088-irt-engine-adapters-0-9.R,man/run_eyeprocess_mirtcat.Rd,"(..., engine = ""mirtCAT"")",2,True,False,,,unclassified,False,src/eyeprocesspy/irt.py,tests/test_irt_parity.py,yes,implemented,implemented,implemented_initial,not_started,source_ported,not_applicable,docstring_initial,R-oracle numerical validation pending
simulate_eyeprocess_catr,simulate_eyeprocess_catr,R/088-irt-engine-adapters-0-9.R,man/simulate_eyeprocess_catr.Rd,"(itemBank, trueTheta = 0, ..., engine = ""catR"")",4,True,False,,,unclassified,False,src/eyeprocesspy/irt.py,tests/test_irt_parity.py,yes,implemented,implemented,implemented_initial,not_started,source_ported,not_applicable,docstring_initial,R-oracle numerical validation pending
simulate_eyeprocess_irt_binary,simulate_eyeprocess_irt_binary,R/089-irt-validation-evidence-0-9.R,man/simulate_eyeprocess_irt_binary.Rd,"(n_persons = 500L, items, theta = NULL, missing_rate = 0, testlet_sd = 0, seed = 1L, D = 1)",7,False,False,tests/testthat/test-0-9-m2-recovery-sbc.R,vignettes/irt-information-scoring-diagnostics.Rmd,unclassified,False,src/eyeprocesspy/irt.py,tests/test_irt_parity.py,yes,implemented,implemented,implemented_initial,not_started,source_ported,not_applicable,docstring_initial,R-oracle numerical validation pending
summarise_validation_acceptance,summarise_validation_acceptance,R/082-validation-evidence-programs-0-9.R,man/summarise_validation_acceptance.Rd,"(x, by = character())",2,False,False,,,unclassified,False,,,yes,not_started,not_started,not_started,not_started,not_started,not_applicable,not_started,
validate_eyeprocess_external_irt_fit,validate_eyeprocess_external_irt_fit,R/088-irt-engine-adapters-0-9.R,man/validate_eyeprocess_external_irt_fit.Rd,"(x, engine = NULL)",2,False,False,,vignettes/irt-engines-and-gating.Rmd,unclassified,False,src/eyeprocesspy/irt.py,tests/test_irt_parity.py,yes,implemented,implemented,implemented_initial,not_started,source_ported,not_applicable,docstring_initial,R-oracle numerical validation pending
validate_eyeprocess_irt_item_bank,validate_eyeprocess_irt_item_bank,R/085-irt-scoring-adaptive-0-9.R,man/validate_eyeprocess_irt_item_bank.Rd,(x),1,False,False,,,unclassified,False,src/eyeprocesspy/irt.py,tests/test_irt_parity.py,yes,implemented,implemented,implemented_initial,not_started,source_ported,not_applicable,docstring_initial,R-oracle numerical validation pending
validate_eyeprocess_irt_model_spec,validate_eyeprocess_irt_model_spec,R/083-irt-foundations-information-0-9.R,man/validate_eyeprocess_irt_model_spec.Rd,(x),1,False,False,,,experimental,False,src/eyeprocesspy/irt.py,tests/test_irt_parity.py,yes,implemented,implemented,implemented_initial,not_started,source_ported,not_applicable,docstring_initial,R-oracle numerical validation pending
validate_eyeprocess_joint_process_irt_spec,validate_eyeprocess_joint_process_irt_spec,R/087-irt-process-joint-0-9.R,man/validate_eyeprocess_joint_process_irt_spec.Rd,(x),1,False,False,tests/testthat/test-0-9-m2-process-joint.R,,experimental,False,src/eyeprocesspy/irt.py,tests/test_irt_parity.py,yes,implemented,implemented,implemented_initial,not_started,source_ported,not_applicable,docstring_initial,R-oracle numerical validation pending
validate_eyeprocess_validation_plan,validate_eyeprocess_validation_plan,R/082-validation-evidence-programs-0-9.R,man/validate_eyeprocess_validation_plan.Rd,(x),1,False,False,,,unclassified,False,,,yes,not_started,not_started,not_started,not_started,not_started,not_applicable,not_started,
validation_acceptance_matrix,validation_acceptance_matrix,R/082-validation-evidence-programs-0-9.R,man/validation_acceptance_matrix.Rd,"(summary, rules, id_cols = character())",3,False,False,tests/testthat/test-0-9-m2-validation-plan.R,,unclassified,False,,,yes,not_started,not_started,not_started,not_started,not_started,not_applicable,not_started,
validation_acceptance_rule,validation_acceptance_rule,R/082-validation-evidence-programs-0-9.R,man/validation_acceptance_rule.Rd,"(metric, direction = c(""max"", ""min"", ""between"", ""equals""), threshold, upper = NULL, tolerance = 0)",5,False,False,tests/testthat/test-0-9-m2-validation-plan.R,vignettes/frozen-validation-evidence-programme.Rmd,unclassified,False,,,yes,not_started,not_started,not_started,not_started,not_started,not_applicable,not_started,
validation_mcse_profile,validation_mcse_profile,R/082-validation-evidence-programs-0-9.R,man/validation_mcse_profile.Rd,"(x, metric, by = character())",3,False,False,tests/testthat/test-0-9-m2-validation-plan.R,,unclassified,False,,,yes,not_started,not_started,not_started,not_started,not_started,not_applicable,not_started,
validation_replication_budget,validation_replication_budget,R/082-validation-evidence-programs-0-9.R,man/validation_replication_budget.Rd,"(pilot_sd, target_mcse, minimum = 20L, maximum = 10000L)",4,False,False,,,unclassified,False,,,yes,not_started,not_started,not_started,not_started,not_started,not_applicable,not_started,
validation_scenario_manifest,validation_scenario_manifest,R/082-validation-evidence-programs-0-9.R,man/validation_scenario_manifest.Rd,"(plan, source_commit = NA_character_, generated_at = Sys.time())",3,False,False,,,unclassified,False,,,yes,not_started,not_started,not_started,not_started,not_started,not_applicable,not_started,
verify_eyeprocess_validation_atlas,verify_eyeprocess_validation_atlas,R/094-validation-paper-tables-atlas-0-9.R,man/verify_eyeprocess_validation_atlas.Rd,(x),1,False,False,tests/testthat/test-0-9-m2-atlas-plots.R,vignettes/validation-evidence-atlas-software-paper.Rmd,unclassified,False,,,yes,not_started,not_started,not_started,not_started,not_started,not_applicable,not_started,
verify_eyeprocess_validation_evidence,verify_eyeprocess_validation_evidence,R/091-validation-stress-freeze-0-9.R,man/verify_eyeprocess_validation_evidence.Rd,(x),1,False,False,tests/testthat/test-0-9-m2-stress-freeze.R,vignettes/frozen-validation-evidence-programme.Rmd,unclassified,False,,,yes,not_started,not_started,not_started,not_started,not_started,not_applicable,not_started,
write_eyeprocess_validation_evidence,write_eyeprocess_validation_evidence,R/091-validation-stress-freeze-0-9.R,man/write_eyeprocess_validation_evidence.Rd,"(x, path)",2,False,False,,,unclassified,False,,,yes,not_started,not_started,not_started,not_started,not_started,not_applicable,not_started,
write_eyeprocess_validation_report,write_eyeprocess_validation_report,R/094-validation-paper-tables-atlas-0-9.R,man/write_eyeprocess_validation_report.Rd,"(atlas, path, title = ""eyeprocess validation evidence report"")",3,False,False,,vignettes/validation-evidence-atlas-software-paper.Rmd,unclassified,False,,,yes,not_started,not_started,not_started,not_started,not_started,not_applicable,not_started,
write_validation_scenario_manifest,write_validation_scenario_manifest,R/082-validation-evidence-programs-0-9.R,man/write_validation_scenario_manifest.Rd,"(x, path)",2,False,False,,,unclassified,False,,,yes,not_started,not_started,not_started,not_started,not_started,not_applicable,not_started,
run_eyeprocess_stress_evidence,run_eyeprocess_stress_evidence,R/091-validation-stress-freeze-0-9.R,man/run_eyeprocess_stress_evidence.Rd,"(data, plan, corruptors, metric_fun)",4,False,False,tests/testthat/test-0-9-m2-stress-freeze.R,,unclassified,False,,,yes,not_started,not_started,not_started,not_started,not_started,not_applicable,not_started,
summarise_eyeprocess_stress_evidence,summarise_eyeprocess_stress_evidence,R/091-validation-stress-freeze-0-9.R,man/summarise_eyeprocess_stress_evidence.Rd,(x),1,False,False,tests/testthat/test-0-9-m2-stress-freeze.R,,unclassified,False,,,yes,not_started,not_started,not_started,not_started,not_started,not_applicable,not_started,
ablate_multimodal_channels,ablate_multimodal_channels,R/097-process-information-0-10.R,man/ablate_multimodal_channels.Rd,"(
    x,
    include = c(""response"",""rt"",""gaze"",""pupil""),
    include_response = TRUE
)",3,False,False,tests/testthat/test-0-10-process-information.R,vignettes/process-information-and-ablation-0-10.Rmd,unclassified,False,src/eyeprocesspy/multimodal_staged.py,tests/test_multimodal_staged.py,yes,implemented,implemented,implemented_initial,not_started,source_ported,not_applicable,docstring_initial,R oracle numerical parity pending; canonical CmdStan fitters additionally require CmdStanPy/CmdStan where applicable.
audit_multimodal_identifiability,audit_multimodal_identifiability,R/099-multimodal-validation-0-10.R,man/audit_multimodal_identifiability.Rd,"(x, min_person=30L, min_item=5L)",3,False,False,tests/testthat/test-0-10-multimodal-contract.R,,experimental,False,src/eyeprocesspy/multimodal_staged.py,tests/test_multimodal_staged.py,yes,implemented,implemented,implemented_initial,not_started,source_ported,not_applicable,docstring_initial,R oracle numerical parity pending; canonical CmdStan fitters additionally require CmdStanPy/CmdStan where applicable.
audit_multimodal_measurement,audit_multimodal_measurement,R/095-multimodal-measurement-contract-0-10.R,man/audit_multimodal_measurement.Rd,(x),1,False,False,tests/testthat/test-0-10-multimodal-contract.R,vignettes/unified-multimodal-process-irt-0-10.Rmd,experimental,False,src/eyeprocesspy/multimodal_staged.py,tests/test_multimodal_staged.py,yes,implemented,implemented,implemented_initial,not_started,source_ported,not_applicable,docstring_initial,R oracle numerical parity pending; canonical CmdStan fitters additionally require CmdStanPy/CmdStan where applicable.
multimodal_backend_status,multimodal_backend_status,R/098-multimodal-fit-contract-0-10.R,man/multimodal_backend_status.Rd,(),0,False,False,tests/testthat/test-0-10-backend-gating.R,vignettes/manual-multimodal-backends-0-10.Rmd,experimental,False,src/eyeprocesspy/multimodal_staged.py,tests/test_multimodal_staged.py,yes,implemented,implemented,implemented_initial,not_started,source_ported,not_applicable,docstring_initial,R oracle numerical parity pending; canonical CmdStan fitters additionally require CmdStanPy/CmdStan where applicable.
multimodal_irt_spec,multimodal_irt_spec,R/095-multimodal-measurement-contract-0-10.R,man/multimodal_irt_spec.Rd,"(
    response = NULL,
    rt = NULL,
    gaze = NULL,
    pupil = NULL,
    model = c(""M0"", ""M1"", ""M2"", ""M3""),
    backend = c(""cmdstanr"", ""existing""),
    identification = list(),
    priors = list()
)",8,False,False,tests/testthat/test-0-10-backend-gating.R|tests/testthat/test-0-10-spec-architecture.R,,experimental,False,src/eyeprocesspy/multimodal_staged.py,tests/test_multimodal_staged.py,yes,implemented,implemented,implemented_initial,not_started,source_ported,not_applicable,docstring_initial,R oracle numerical parity pending; canonical CmdStan fitters additionally require CmdStanPy/CmdStan where applicable.
multimodal_ppc,multimodal_ppc,R/098-multimodal-fit-contract-0-10.R,man/multimodal_ppc.Rd,"(object, variables = NULL)",2,False,False,,,experimental,False,src/eyeprocesspy/multimodal_staged.py,tests/test_multimodal_staged.py,yes,implemented,implemented,implemented_initial,not_started,source_ported,not_applicable,docstring_initial,R oracle numerical parity pending; canonical CmdStan fitters additionally require CmdStanPy/CmdStan where applicable.
prepare_multimodal_irt_data,prepare_multimodal_irt_data,R/095-multimodal-measurement-contract-0-10.R,man/prepare_multimodal_irt_data.Rd,"(
    data,
    person,
    item,
    trial = NULL,
    response = NULL,
    rt = NULL,
    gaze = NULL,
    pupil = NULL,
    quality = character(),
    device = NULL,
    payloads = list(),
    provenance = list()
)",12,False,False,tests/testthat/test-0-10-multimodal-contract.R,,experimental,False,src/eyeprocesspy/multimodal_staged.py,tests/test_multimodal_staged.py,yes,implemented,implemented,implemented_initial,not_started,source_ported,not_applicable,docstring_initial,R oracle numerical parity pending; canonical CmdStan fitters additionally require CmdStanPy/CmdStan where applicable.
process_information,process_information,R/097-process-information-0-10.R,man/process_information.Rd,"(
    baseline,
    augmented,
    metric = c(""variance_reduction"",""precision_gain"",""entropy_reduction"")
)",3,False,False,tests/testthat/test-0-10-multimodal-plots.R|tests/testthat/test-0-10-process-information.R,vignettes/process-information-and-ablation-0-10.Rmd,unclassified,False,src/eyeprocesspy/multimodal_staged.py,tests/test_multimodal_staged.py,yes,implemented,implemented,implemented_initial,not_started,source_ported,not_applicable,docstring_initial,R oracle numerical parity pending; canonical CmdStan fitters additionally require CmdStanPy/CmdStan where applicable.
simulate_multimodal_irt,simulate_multimodal_irt,R/096-multimodal-simulation-0-10.R,man/simulate_multimodal_irt.Rd,"(
    n_person = 120L,
    n_item = 20L,
    seed = 42L,
    latent_cor = diag(4L),
    rt_sd = 0.30,
    gaze_size = 8,
    pupil_sd = 0.20,
    pupil_luminance = -0.20,
    gaze_x_effect = 0.08,
    gaze_y_effect = -0.05,
    missing_fraction = 0
)",11,False,False,tests/testthat/test-0-10-backend-gating.R|tests/testthat/test-0-10-multimodal-contract.R|tests/testthat/test-0-10-multimodal-plots.R|tests/testthat/test-0-10-multimodal-simulation.R|tests/testthat/test-0-10-process-information.R,vignettes/process-information-and-ablation-0-10.Rmd|vignettes/pupil-measurement-boundaries-0-10.Rmd|vignettes/unified-multimodal-process-irt-0-10.Rmd,unclassified,False,src/eyeprocesspy/multimodal_staged.py,tests/test_multimodal_staged.py,yes,implemented,implemented,implemented_initial,not_started,source_ported,not_applicable,docstring_initial,R oracle numerical parity pending; canonical CmdStan fitters additionally require CmdStanPy/CmdStan where applicable.
validate_multimodal_irt,validate_multimodal_irt,R/099-multimodal-validation-0-10.R,man/validate_multimodal_irt.Rd,(x),1,False,False,tests/testthat/test-0-10-multimodal-plots.R|tests/testthat/test-0-10-multimodal-simulation.R,,experimental,False,src/eyeprocesspy/multimodal_staged.py,tests/test_multimodal_staged.py,yes,implemented,implemented,implemented_initial,not_started,source_ported,not_applicable,docstring_initial,R oracle numerical parity pending; canonical CmdStan fitters additionally require CmdStanPy/CmdStan where applicable.
audit_multimodal_m2_identifiability,audit_multimodal_m2_identifiability,R/102-multimodal-m2-evidence-0-10.R,man/audit_multimodal_m2_identifiability.Rd,"(
    x,
    person = ""person_id"",
    item = ""item_id"",
    response = ""response"",
    rt = ""rt"",
    gaze = ""gaze"",
    model = c(""M2"", ""M1"", ""M0""),
    min_persons = 20L,
    min_items = 5L
)",9,False,False,tests/testthat/test-0-10-m2-identifiability.R,vignettes/m2-recovery-identifiability-0-10.Rmd|vignettes/m2-three-way-reference-model-0-10.Rmd,unclassified,False,src/eyeprocesspy/multimodal_staged.py,tests/test_multimodal_staged.py,yes,implemented,implemented,implemented_initial,not_started,source_ported,not_applicable,docstring_initial,R oracle numerical parity pending; canonical CmdStan fitters additionally require CmdStanPy/CmdStan where applicable.
fit_multimodal_m2,fit_multimodal_m2,R/101-multimodal-m2-reference-0-10.R,man/fit_multimodal_m2.Rd,"(
    x,
    person = ""person_id"",
    item = ""item_id"",
    response = ""response"",
    rt = ""rt"",
    gaze = ""gaze"",
    prior_profile = c(""regularized"", ""paper_centered""),
    chains = 4L,
    parallel_chains = chains,
    iter_warmup = 1000L,
    iter_sampling = 1000L,
    seed = 20260814L,
    adapt_delta = 0.95,
    max_treedepth = 12L,
    refresh = 100L,
    quiet_compile = TRUE
)",16,False,False,,vignettes/m2-ppc-negative-controls-0-10.Rmd|vignettes/m2-three-way-reference-model-0-10.Rmd,experimental,False,src/eyeprocesspy/multimodal_staged.py,tests/test_multimodal_staged.py,yes,implemented,implemented,implemented_initial,not_started,source_ported,not_applicable,docstring_initial,R oracle numerical parity pending; canonical CmdStan fitters additionally require CmdStanPy/CmdStan where applicable.
multimodal_m2_ablation,multimodal_m2_ablation,R/102-multimodal-m2-evidence-0-10.R,man/multimodal_m2_ablation.Rd,"(x, ...)",2,True,False,,vignettes/m2-process-information-ablation-0-10.Rmd,unclassified,False,src/eyeprocesspy/multimodal_staged.py,tests/test_multimodal_staged.py,yes,implemented,implemented,implemented_initial,not_started,source_ported,not_applicable,docstring_initial,R oracle numerical parity pending; canonical CmdStan fitters additionally require CmdStanPy/CmdStan where applicable.
multimodal_m2_negative_controls,multimodal_m2_negative_controls,R/102-multimodal-m2-evidence-0-10.R,man/multimodal_m2_negative_controls.Rd,"(
    x,
    seed = 20260814L
)",2,False,False,tests/testthat/test-0-10-m2-negative-controls.R|tests/testthat/test-0-10-m2-plots.R,vignettes/m2-ppc-negative-controls-0-10.Rmd,unclassified,False,src/eyeprocesspy/multimodal_staged.py,tests/test_multimodal_staged.py,yes,implemented,implemented,implemented_initial,not_started,source_ported,not_applicable,docstring_initial,R oracle numerical parity pending; canonical CmdStan fitters additionally require CmdStanPy/CmdStan where applicable.
multimodal_m2_ppc,multimodal_m2_ppc,R/102-multimodal-m2-evidence-0-10.R,man/multimodal_m2_ppc.Rd,(x),1,False,False,,vignettes/m2-ppc-negative-controls-0-10.Rmd,unclassified,False,src/eyeprocesspy/multimodal_staged.py,tests/test_multimodal_staged.py,yes,implemented,implemented,implemented_initial,not_started,source_ported,not_applicable,docstring_initial,R oracle numerical parity pending; canonical CmdStan fitters additionally require CmdStanPy/CmdStan where applicable.
multimodal_m2_process_information,multimodal_m2_process_information,R/102-multimodal-m2-evidence-0-10.R,man/multimodal_m2_process_information.Rd,(x),1,False,False,,vignettes/m2-process-information-ablation-0-10.Rmd,unclassified,False,src/eyeprocesspy/multimodal_staged.py,tests/test_multimodal_staged.py,yes,implemented,implemented,implemented_initial,not_started,source_ported,not_applicable,docstring_initial,R oracle numerical parity pending; canonical CmdStan fitters additionally require CmdStanPy/CmdStan where applicable.
multimodal_m2_recovery,multimodal_m2_recovery,R/103-multimodal-m2-recovery-0-10.R,man/multimodal_m2_recovery.Rd,"(
    n_rep = 10L,
    n_person = 100L,
    n_item = 10L,
    dropout = c(
        response = 0,
        rt = 0,
        gaze = 0
    ),
    base_seed = 20260814L,
    chains = 4L,
    parallel_chains = chains,
    iter_warmup = 1000L,
    iter_sampling = 1000L,
    prior_profile = c(
        ""regularized"",
        ""paper_centered""
    ),
    adapt_delta = 0.95,
    max_treedepth = 12L,
    refresh = 0L
)",13,False,False,,vignettes/m2-recovery-identifiability-0-10.Rmd,unclassified,False,src/eyeprocesspy/multimodal_staged.py,tests/test_multimodal_staged.py,yes,implemented,implemented,implemented_initial,not_started,source_ported,not_applicable,docstring_initial,R oracle numerical parity pending; canonical CmdStan fitters additionally require CmdStanPy/CmdStan where applicable.
multimodal_m2_spec,multimodal_m2_spec,R/101-multimodal-m2-reference-0-10.R,man/multimodal_m2_spec.Rd,"(
    backend = ""cmdstanr"",
    prior_profile = c(""regularized"", ""paper_centered""),
    missingness = ""ignorable""
)",3,False,False,tests/testthat/test-0-10-m2-spec.R,vignettes/m2-three-way-reference-model-0-10.Rmd,experimental,False,src/eyeprocesspy/multimodal_staged.py,tests/test_multimodal_staged.py,yes,implemented,implemented,implemented_initial,not_started,source_ported,not_applicable,docstring_initial,R oracle numerical parity pending; canonical CmdStan fitters additionally require CmdStanPy/CmdStan where applicable.
simulate_multimodal_m2,simulate_multimodal_m2,R/103-multimodal-m2-recovery-0-10.R,man/simulate_multimodal_m2.Rd,"(
    n_person = 100L,
    n_item = 10L,
    mu_item = c(
        difficulty = 0,
        time_intensity = 4,
        gaze_intensity = 3.5
    ),
    sd_person = c(
        ability = 1,
        speed = 0.5,
        gaze_process = 0.5
    ),
    cor_person = matrix(
        c(
            1.00,  0.30, -0.30,
            0.30,  1.00, -0.25,
           -0.30, -0.25,  1.00
        ),
        3L,
        3L,
        byrow = TRUE
    ),
    sd_item = c(
        difficulty = 0.75,
        time_intensity = 0.35,
        gaze_intensity = 0.60
    ),
    cor_item = matrix(
        c(
            1.00, 0.25, 0.20,
            0.25, 1.00, 0.30,
            0.20, 0.30, 1.00
        ),
        3L,
        3L,
        byrow = TRUE
    ),
    nu_range = c(0.5, 0.8),
    gaze_shape = c(shape = 2, scale = 6),
    dropout = c(
        response = 0,
        rt = 0,
        gaze = 0
    ),
    seed = 20260814L
)",11,False,False,tests/testthat/test-0-10-m2-identifiability.R|tests/testthat/test-0-10-m2-negative-controls.R|tests/testthat/test-0-10-m2-plots.R|tests/testthat/test-0-10-m2-simulation.R,vignettes/m2-ppc-negative-controls-0-10.Rmd|vignettes/m2-process-information-ablation-0-10.Rmd|vignettes/m2-recovery-identifiability-0-10.Rmd|vignettes/m2-three-way-reference-model-0-10.Rmd,unclassified,False,src/eyeprocesspy/multimodal_staged.py,tests/test_multimodal_staged.py,yes,implemented,implemented,implemented_initial,not_started,source_ported,not_applicable,docstring_initial,R oracle numerical parity pending; canonical CmdStan fitters additionally require CmdStanPy/CmdStan where applicable.
validate_multimodal_m2,validate_multimodal_m2,R/102-multimodal-m2-evidence-0-10.R,man/validate_multimodal_m2.Rd,"(
    x,
    include_ppc = TRUE,
    rhat_max = 1.01,
    ess_min = 200
)",4,False,False,tests/testthat/test-0-10-m2-plots.R,,unclassified,False,src/eyeprocesspy/multimodal_staged.py,tests/test_multimodal_staged.py,yes,implemented,implemented,implemented_initial,not_started,source_ported,not_applicable,docstring_initial,R oracle numerical parity pending; canonical CmdStan fitters additionally require CmdStanPy/CmdStan where applicable.
audit_multimodal_m3_identifiability,audit_multimodal_m3_identifiability,R/106-multimodal-m3-evidence-0-10.R,man/audit_multimodal_m3_identifiability.Rd,"(
    x,
    pupil_scale = c(""z"", ""raw""),
    min_persons = 20L,
    min_items = 5L,
    max_pupil_missing = 0.50,
    max_blink_rate = 0.30,
    max_interpolation_rate = 0.30
)",7,False,False,tests/testthat/test-0-10-m3-identifiability.R|tests/testthat/test-0-10-m3-plots.R,vignettes/m3-device-transport-sensor-value-0-10.Rmd|vignettes/m3-four-channel-reference-model-0-10.Rmd|vignettes/m3-pupil-confounds-measurement-0-10.Rmd|vignettes/m3-recovery-missingness-identifiability-0-10.Rmd,unclassified,False,src/eyeprocesspy/multimodal_staged.py,tests/test_multimodal_staged.py,yes,implemented,implemented,implemented_initial,not_started,source_ported,not_applicable,docstring_initial,R oracle numerical parity pending; canonical CmdStan fitters additionally require CmdStanPy/CmdStan where applicable.
fit_multimodal_m3,fit_multimodal_m3,R/105-multimodal-m3-reference-0-10.R,man/fit_multimodal_m3.Rd,"(
    x,
    person = ""person_id"",
    item = ""item_id"",
    response = ""response"",
    rt = ""rt"",
    gaze = ""gaze"",
    pupil = ""pupil"",
    baseline = ""pupil_baseline"",
    luminance = ""luminance"",
    gaze_x = ""gaze_x"",
    gaze_y = ""gaze_y"",
    quality = ""pupil_quality"",
    time_on_task = ""time_on_task"",
    blink = ""pupil_blink"",
    interpolated = ""pupil_interpolated"",
    device = ""device"",
    session = ""session"",
    sampling_rate = ""sampling_rate_hz"",
    pupil_scale = c(""z"", ""raw""),
    prior_profile = c(""regularized"", ""paper_centered""),
    nuisance = stats::setNames(rep(TRUE, 8L), .ep10_m3_nuisance_names),
    chains = 4L,
    parallel_chains = chains,
    iter_warmup = 1000L,
    iter_sampling = 1000L,
    seed = 20260815L,
    adapt_delta = 0.95,
    max_treedepth = 12L,
    refresh = 100L,
    quiet_compile = TRUE,
    init = 0
)",31,False,False,,vignettes/m3-four-channel-reference-model-0-10.Rmd,experimental,False,src/eyeprocesspy/multimodal_staged.py,tests/test_multimodal_staged.py,yes,implemented,implemented,implemented_initial,not_started,source_ported,not_applicable,docstring_initial,R oracle numerical parity pending; canonical CmdStan fitters additionally require CmdStanPy/CmdStan where applicable.
multimodal_m3_ablation,multimodal_m3_ablation,R/106-multimodal-m3-evidence-0-10.R,man/multimodal_m3_ablation.Rd,"(
    x, models = NULL,
    nuisance = stats::setNames(rep(TRUE, 8L), .ep10_m3_nuisance_names),
    ...
)",4,True,False,,vignettes/m3-device-transport-sensor-value-0-10.Rmd|vignettes/m3-four-channel-reference-model-0-10.Rmd|vignettes/m3-process-information-ablation-0-10.Rmd,unclassified,False,src/eyeprocesspy/multimodal_staged.py,tests/test_multimodal_staged.py,yes,implemented,implemented,implemented_initial,not_started,source_ported,not_applicable,docstring_initial,R oracle numerical parity pending; canonical CmdStan fitters additionally require CmdStanPy/CmdStan where applicable.
multimodal_m3_functional_bridge,multimodal_m3_functional_bridge,R/106-multimodal-m3-evidence-0-10.R,man/multimodal_m3_functional_bridge.Rd,"(data, score, pupil = ""pupil"", provenance = NULL)",4,False,False,tests/testthat/test-0-10-m3-functional-bridge.R,vignettes/m3-functional-pupil-bridge-0-10.Rmd,unclassified,False,src/eyeprocesspy/multimodal_staged.py,tests/test_multimodal_staged.py,yes,implemented,implemented,implemented_initial,not_started,source_ported,not_applicable,docstring_initial,R oracle numerical parity pending; canonical CmdStan fitters additionally require CmdStanPy/CmdStan where applicable.
multimodal_m3_negative_controls,multimodal_m3_negative_controls,R/106-multimodal-m3-evidence-0-10.R,man/multimodal_m3_negative_controls.Rd,"(x, seed = 20260815L)",2,False,False,tests/testthat/test-0-10-m3-negative-controls.R,vignettes/m3-device-transport-sensor-value-0-10.Rmd,unclassified,False,src/eyeprocesspy/multimodal_staged.py,tests/test_multimodal_staged.py,yes,implemented,implemented,implemented_initial,not_started,source_ported,not_applicable,docstring_initial,R oracle numerical parity pending; canonical CmdStan fitters additionally require CmdStanPy/CmdStan where applicable.
multimodal_m3_ppc,multimodal_m3_ppc,R/106-multimodal-m3-evidence-0-10.R,man/multimodal_m3_ppc.Rd,(x),1,False,False,,,unclassified,False,src/eyeprocesspy/multimodal_staged.py,tests/test_multimodal_staged.py,yes,implemented,implemented,implemented_initial,not_started,source_ported,not_applicable,docstring_initial,R oracle numerical parity pending; canonical CmdStan fitters additionally require CmdStanPy/CmdStan where applicable.
multimodal_m3_process_information,multimodal_m3_process_information,R/106-multimodal-m3-evidence-0-10.R,man/multimodal_m3_process_information.Rd,"(x, pupil_cost = 1, decisive_z = 2)",3,False,False,,vignettes/m3-device-transport-sensor-value-0-10.Rmd|vignettes/m3-functional-pupil-bridge-0-10.Rmd|vignettes/m3-process-information-ablation-0-10.Rmd,unclassified,False,src/eyeprocesspy/multimodal_staged.py,tests/test_multimodal_staged.py,yes,implemented,implemented,implemented_initial,not_started,source_ported,not_applicable,docstring_initial,R oracle numerical parity pending; canonical CmdStan fitters additionally require CmdStanPy/CmdStan where applicable.
multimodal_m3_recovery,multimodal_m3_recovery,R/107-multimodal-m3-recovery-0-10.R,man/multimodal_m3_recovery.Rd,"(
    reps = 3L,
    pupil_signal = c(""informative"", ""weak"", ""null"", ""redundant"", ""confounded""),
    pupil_missingness = c(""mcar"", ""quality"", ""device""),
    n_person = 80L,
    n_item = 10L,
    seed = 20260815L,
    fit_args = list(chains = 2L, parallel_chains = 2L, iter_warmup = 500L, iter_sampling = 300L, refresh = 0L, init = 0)
)",7,False,False,,vignettes/m3-four-channel-reference-model-0-10.Rmd|vignettes/m3-recovery-missingness-identifiability-0-10.Rmd,unclassified,False,src/eyeprocesspy/multimodal_staged.py,tests/test_multimodal_staged.py,yes,implemented,implemented,implemented_initial,not_started,source_ported,not_applicable,docstring_initial,R oracle numerical parity pending; canonical CmdStan fitters additionally require CmdStanPy/CmdStan where applicable.
multimodal_m3_spec,multimodal_m3_spec,R/105-multimodal-m3-reference-0-10.R,man/multimodal_m3_spec.Rd,"(
    backend = ""cmdstanr"",
    prior_profile = c(""regularized"", ""paper_centered""),
    missingness = ""ignorable"",
    pupil_representation = c(""summary"", ""functional_score""),
    nuisance = stats::setNames(rep(TRUE, 8L), .ep10_m3_nuisance_names)
)",5,False,False,tests/testthat/test-0-10-m3-spec.R,vignettes/m3-functional-pupil-bridge-0-10.Rmd,experimental,False,src/eyeprocesspy/multimodal_staged.py,tests/test_multimodal_staged.py,yes,implemented,implemented,implemented_initial,not_started,source_ported,not_applicable,docstring_initial,R oracle numerical parity pending; canonical CmdStan fitters additionally require CmdStanPy/CmdStan where applicable.
simulate_multimodal_m3,simulate_multimodal_m3,R/107-multimodal-m3-recovery-0-10.R,man/simulate_multimodal_m3.Rd,"(
    n_person = 120L,
    n_item = 12L,
    pupil_signal = c(""informative"", ""weak"", ""null"", ""redundant"", ""confounded""),
    pupil_missingness = c(""mcar"", ""quality"", ""gaze"", ""ability"", ""device"", ""none""),
    mu_item = c(difficulty = 0, time_intensity = 4, gaze_intensity = 3.5, pupil_intensity = 0),
    sd_person = c(ability = 1, speed = .5, gaze_process = .5, pupil_responsivity = .55),
    cor_person = matrix(c(
        1, .30, -.30, .20,
        .30, 1, -.25, -.15,
        -.30, -.25, 1, .25,
        .20, -.15, .25, 1
    ), 4L, 4L, byrow = TRUE),
    sd_item = c(difficulty = .75, time_intensity = .35, gaze_intensity = .60, pupil_intensity = .40),
    cor_item = matrix(c(
        1, .25, .20, .10,
        .25, 1, .30, .15,
        .20, .30, 1, .20,
        .10, .15, .20, 1
    ), 4L, 4L, byrow = TRUE),
    nu_range = c(.5, .8),
    gaze_shape = c(shape = 2, scale = 6),
    pupil_noise = .65,
    confound_strength = c(
        baseline = .25, luminance = -.35, gaze_x = .12, gaze_y = -.10,
        quality = .20, blink = -.18, interpolated = -.12, time_on_task = .15
    ),
    dropout = c(response = 0, rt = 0, gaze = .05, pupil = .12),
    device_effect = 0,
    session_effect = 0,
    seed = 20260815L
)",17,False,False,tests/testthat/test-0-10-m3-ablation-plan.R|tests/testthat/test-0-10-m3-functional-bridge.R|tests/testthat/test-0-10-m3-identifiability.R|tests/testthat/test-0-10-m3-negative-controls.R|tests/testthat/test-0-10-m3-plots.R|tests/testthat/test-0-10-m3-simulation.R,vignettes/m3-device-transport-sensor-value-0-10.Rmd|vignettes/m3-four-channel-reference-model-0-10.Rmd|vignettes/m3-functional-pupil-bridge-0-10.Rmd|vignettes/m3-process-information-ablation-0-10.Rmd|vignettes/m3-pupil-confounds-measurement-0-10.Rmd|vignettes/m3-recovery-missingness-identifiability-0-10.Rmd,unclassified,False,src/eyeprocesspy/multimodal_staged.py,tests/test_multimodal_staged.py,yes,implemented,implemented,implemented_initial,not_started,source_ported,not_applicable,docstring_initial,R oracle numerical parity pending; canonical CmdStan fitters additionally require CmdStanPy/CmdStan where applicable.
validate_multimodal_m3,validate_multimodal_m3,R/106-multimodal-m3-evidence-0-10.R,man/validate_multimodal_m3.Rd,"(x, include_ppc = TRUE, rhat_max = 1.05, ess_min = 50, ebfmi_min = 0.30)",5,False,False,,vignettes/m3-four-channel-reference-model-0-10.Rmd,unclassified,False,src/eyeprocesspy/multimodal_staged.py,tests/test_multimodal_staged.py,yes,implemented,implemented,implemented_initial,not_started,source_ported,not_applicable,docstring_initial,R oracle numerical parity pending; canonical CmdStan fitters additionally require CmdStanPy/CmdStan where applicable.
audit_multimodal_m4_identifiability,audit_multimodal_m4_identifiability,R/110-multimodal-m4-evidence-0-11.R,man/audit_multimodal_m4_identifiability.Rd,"(
    x,
    spec = NULL,
    include_posterior = TRUE,
    rhat_max = 1.05,
    ess_min = 100,
    ebfmi_min = 0.30,
    occupancy_min = 0.03,
    entropy_fraction_review = 0.80
)",8,False,False,tests/testthat/test-0-11-m4-identifiability.R|tests/testthat/test-0-11-m4-plots.R|tests/testthat/test-0-11-m4-sequences.R|tests/testthat/test-0-11-m4-trait-conditioned-markov-gate.R,vignettes/m4-identifiability-state-uncertainty-0-11.Rmd|vignettes/m4-reference-model-fitting-0-11.Rmd,review-gated,False,src/eyeprocesspy/multimodal_staged.py,tests/test_multimodal_staged.py,yes,implemented,implemented,implemented_initial,not_started,source_ported,not_applicable,docstring_initial,R oracle numerical parity pending; canonical CmdStan fitters additionally require CmdStanPy/CmdStan where applicable.
fit_multimodal_m4,fit_multimodal_m4,R/109-multimodal-m4-reference-0-11.R,man/fit_multimodal_m4.Rd,"(
    x,
    spec = NULL,
    person = ""person_id"",
    item = ""item_id"",
    response = ""response"",
    rt = ""rt"",
    gaze = ""gaze"",
    pupil = ""pupil"",
    sequence = ""sequence_id"",
    order = ""trial_index"",
    baseline = ""pupil_baseline"",
    luminance = ""luminance"",
    gaze_x = ""gaze_x"",
    gaze_y = ""gaze_y"",
    quality = ""pupil_quality"",
    time_on_task = ""time_on_task"",
    blink = ""pupil_blink"",
    interpolated = ""pupil_interpolated"",
    device = ""device"",
    session = ""session"",
    sampling_rate = ""sampling_rate_hz"",
    pupil_scale = c(""z"", ""raw""),
    n_states = 2L,
    state_channels = c(""rt"", ""gaze"", ""pupil""),
    transition_structure = c(""markov"", ""iid""),
    trait_conditioning = c(""theta"", ""tau""),
    initial_trait_conditioning = TRUE,
    min_sequence_length = 2L,
    prior_profile = c(""regularized"", ""paper_centered""),
    nuisance = stats::setNames(rep(TRUE, 8L), .ep10_m3_nuisance_names),
    chains = 4L,
    parallel_chains = chains,
    iter_warmup = 1000L,
    iter_sampling = 1000L,
    seed = 20260820L,
    adapt_delta = 0.97,
    max_treedepth = 13L,
    refresh = 100L,
    quiet_compile = TRUE,
    init = 0
)",40,False,False,,vignettes/m4-reference-model-fitting-0-11.Rmd,experimental,False,src/eyeprocesspy/multimodal_staged.py,tests/test_multimodal_staged.py,yes,implemented,implemented,implemented_initial,not_started,source_ported,not_applicable,docstring_initial,R oracle numerical parity pending; canonical CmdStan fitters additionally require CmdStanPy/CmdStan where applicable.
multimodal_m4_ablation,multimodal_m4_ablation,R/110-multimodal-m4-evidence-0-11.R,man/multimodal_m4_ablation.Rd,"(x, run = FALSE, include_channel_ablations = FALSE, m3_fit = NULL, m4_fit = NULL, fit_args = list())",6,False,False,tests/testthat/test-0-11-m4-evidence.R,vignettes/m4-process-information-ablation-0-11.Rmd,review-gated,False,src/eyeprocesspy/multimodal_staged.py,tests/test_multimodal_staged.py,yes,implemented,implemented,implemented_initial,not_started,source_ported,not_applicable,docstring_initial,R oracle numerical parity pending; canonical CmdStan fitters additionally require CmdStanPy/CmdStan where applicable.
multimodal_m4_negative_controls,multimodal_m4_negative_controls,R/110-multimodal-m4-evidence-0-11.R,man/multimodal_m4_negative_controls.Rd,"(
    x,
    controls = c(""order_shuffle"", ""process_shuffle"", ""state_independent"", ""nuisance_pseudostate"", ""device_session_pseudostate"", ""overfit_state_count""),
    seed = 20260820L,
    run = FALSE,
    fit_args = list()
)",5,False,False,tests/testthat/test-0-11-m4-negative-controls.R,vignettes/m4-negative-controls-state-count-0-11.Rmd,review-gated,False,src/eyeprocesspy/multimodal_staged.py,tests/test_multimodal_staged.py,yes,implemented,implemented,implemented_initial,not_started,source_ported,not_applicable,docstring_initial,R oracle numerical parity pending; canonical CmdStan fitters additionally require CmdStanPy/CmdStan where applicable.
multimodal_m4_ppc,multimodal_m4_ppc,R/110-multimodal-m4-evidence-0-11.R,man/multimodal_m4_ppc.Rd,(x),1,False,False,,,review-gated,False,src/eyeprocesspy/multimodal_staged.py,tests/test_multimodal_staged.py,yes,implemented,implemented,implemented_initial,not_started,source_ported,not_applicable,docstring_initial,R oracle numerical parity pending; canonical CmdStan fitters additionally require CmdStanPy/CmdStan where applicable.
multimodal_m4_process_information,multimodal_m4_process_information,R/110-multimodal-m4-evidence-0-11.R,man/multimodal_m4_process_information.Rd,"(x, decisive_z = 2)",2,False,False,,vignettes/m4-process-information-ablation-0-11.Rmd,review-gated,False,src/eyeprocesspy/multimodal_staged.py,tests/test_multimodal_staged.py,yes,implemented,implemented,implemented_initial,not_started,source_ported,not_applicable,docstring_initial,R oracle numerical parity pending; canonical CmdStan fitters additionally require CmdStanPy/CmdStan where applicable.
multimodal_m4_recovery,multimodal_m4_recovery,R/111-multimodal-m4-recovery-0-11.R,man/multimodal_m4_recovery.Rd,"(
    simulation = NULL,
    fit = NULL,
    scenarios = c(""clear"", ""weak"", ""null"", ""trait_conditioned"", ""nuisance_confounded""),
    run = FALSE,
    simulation_args = list(n_person = 60L, n_item = 10L),
    fit_args = list()
)",6,False,False,tests/testthat/test-0-11-m4-recovery.R,vignettes/m4-recovery-validation-0-11.Rmd,unclassified,False,src/eyeprocesspy/multimodal_staged.py,tests/test_multimodal_staged.py,yes,implemented,implemented,implemented_initial,not_started,source_ported,not_applicable,docstring_initial,R oracle numerical parity pending; canonical CmdStan fitters additionally require CmdStanPy/CmdStan where applicable.
multimodal_m4_sensitivity,multimodal_m4_sensitivity,R/110-multimodal-m4-evidence-0-11.R,man/multimodal_m4_sensitivity.Rd,"(x, n_states = 1:4, run = FALSE, fit_args = list())",4,False,False,tests/testthat/test-0-11-m4-evidence.R,vignettes/m4-negative-controls-state-count-0-11.Rmd,review-gated,False,src/eyeprocesspy/multimodal_staged.py,tests/test_multimodal_staged.py,yes,implemented,implemented,implemented_initial,not_started,source_ported,not_applicable,docstring_initial,R oracle numerical parity pending; canonical CmdStan fitters additionally require CmdStanPy/CmdStan where applicable.
multimodal_m4_spec,multimodal_m4_spec,R/109-multimodal-m4-reference-0-11.R,man/multimodal_m4_spec.Rd,"(
    n_states = 2L,
    state_channels = c(""rt"", ""gaze"", ""pupil""),
    transition_structure = c(""markov"", ""iid""),
    trait_conditioning = c(""theta"", ""tau""),
    initial_trait_conditioning = TRUE,
    min_sequence_length = 2L,
    identification = c(""ordered_rt_effect""),
    prior_profile = c(""regularized"", ""paper_centered""),
    missingness = ""ignorable"",
    nuisance = stats::setNames(rep(TRUE, 8L), .ep10_m3_nuisance_names),
    backend = ""cmdstanr""
)",11,False,False,tests/testthat/test-0-11-m4-anchor-identification.R|tests/testthat/test-0-11-m4-spec.R|tests/testthat/test-0-11-m4-trait-conditioned-markov-gate.R,vignettes/m4-reference-model-fitting-0-11.Rmd|vignettes/m4-trait-conditioned-process-states-0-11.Rmd,experimental,False,src/eyeprocesspy/multimodal_staged.py,tests/test_multimodal_staged.py,yes,implemented,implemented,implemented_initial,not_started,source_ported,not_applicable,docstring_initial,R oracle numerical parity pending; canonical CmdStan fitters additionally require CmdStanPy/CmdStan where applicable.
multimodal_m4_state_diagnostics,multimodal_m4_state_diagnostics,R/110-multimodal-m4-evidence-0-11.R,man/multimodal_m4_state_diagnostics.Rd,(x),1,False,False,tests/testthat/test-0-11-m4-plots.R|tests/testthat/test-0-11-m4-state-inference.R,vignettes/m4-identifiability-state-uncertainty-0-11.Rmd,review-gated,False,src/eyeprocesspy/multimodal_staged.py,tests/test_multimodal_staged.py,yes,implemented,implemented,implemented_initial,not_started,source_ported,not_applicable,docstring_initial,R oracle numerical parity pending; canonical CmdStan fitters additionally require CmdStanPy/CmdStan where applicable.
simulate_multimodal_m4,simulate_multimodal_m4,R/111-multimodal-m4-recovery-0-11.R,man/simulate_multimodal_m4.Rd,"(
    n_person = 80L,
    n_item = 12L,
    n_session = 1L,
    n_states = 2L,
    scenario = c(
        ""clear"", ""weak"", ""null"", ""persistent"", ""rapid_switch"",
        ""trait_conditioned"", ""rt_redundant"", ""gaze_redundant"",
        ""pupil_redundant"", ""nuisance_confounded"", ""device_confounded""
    ),
    missingness = c(""none"", ""mcar"", ""quality"", ""gaze"", ""pupil_quality"", ""device"", ""state_dependent""),
    missing_rate = 0.08,
    seed = 20260820L
)",8,False,False,tests/testthat/test-0-11-m4-evidence.R|tests/testthat/test-0-11-m4-identifiability.R|tests/testthat/test-0-11-m4-negative-controls.R|tests/testthat/test-0-11-m4-plots.R|tests/testthat/test-0-11-m4-sequences.R|tests/testthat/test-0-11-m4-simulation.R|tests/testthat/test-0-11-m4-state-inference.R|tests/testthat/test-0-11-m4-trait-conditioned-markov-gate.R,vignettes/m4-identifiability-state-uncertainty-0-11.Rmd|vignettes/m4-negative-controls-state-count-0-11.Rmd|vignettes/m4-process-information-ablation-0-11.Rmd|vignettes/m4-reference-model-fitting-0-11.Rmd|vignettes/m4-trait-conditioned-process-states-0-11.Rmd,unclassified,False,src/eyeprocesspy/multimodal_staged.py,tests/test_multimodal_staged.py,yes,implemented,implemented,implemented_initial,not_started,source_ported,not_applicable,docstring_initial,R oracle numerical parity pending; canonical CmdStan fitters additionally require CmdStanPy/CmdStan where applicable.
validate_multimodal_m4,validate_multimodal_m4,R/110-multimodal-m4-evidence-0-11.R,man/validate_multimodal_m4.Rd,"(x, information = NULL, negative_controls = NULL, sensitivity = NULL, recovery = NULL, include_ppc = TRUE)",6,False,False,,,review-gated,False,src/eyeprocesspy/multimodal_staged.py,tests/test_multimodal_staged.py,yes,implemented,implemented,implemented_initial,not_started,source_ported,not_applicable,docstring_initial,R oracle numerical parity pending; canonical CmdStan fitters additionally require CmdStanPy/CmdStan where applicable.
